symbol,name,exchange,is_etf,cik,source
A,"Agilent Technologies, Inc. Common Stock",NYSE,0,,nasdaqtrader
AA,Alcoa Corporation Common Stock,NYSE,0,,nasdaqtrader
AAA,Alternative Access First Priority CLO Bond ETF,NYSE Arca,1,,nasdaqtrader
AAAA,Amplius Aggressive Asset Allocation ETF,Cboe BZX,1,,nasdaqtrader
AAAC,Columbia AAA CLO ETF,NYSE Arca,1,,nasdaqtrader
AAAD,PGIM AAA CLO Aggregate Duration ETF,NYSE Arca,1,,nasdaqtrader
AAAP,Pacer Barings CLO Market Flex ETF,Nasdaq,1,,nasdaqtrader
AAAU,Goldman Sachs Physical Gold ETF Shares,Cboe BZX,1,,nasdaqtrader
AAC,Ares Acquisition Corporation III Class A Ordinary Shares,NYSE,0,,nasdaqtrader
AAC.U,"Ares Acquisition Corporation III Units, each consisting of one Class A ordinary share and one-tenth of one redeemable warrant",NYSE,0,,nasdaqtrader
AAC.W,"Ares Acquisition Corporation III Redeemable warrants, each whole warrant exercisable for one Class A ordinary share at an exercise price of $11.50",NYSE,0,,nasdaqtrader
AACG,"ATA Creativity Global - American Depositary Shares, each representing two common shares",Nasdaq,0,,nasdaqtrader
AACI,Armada Acquisition Corp. III - Class A Ordinary Share,Nasdaq,0,,nasdaqtrader
AACIU,Armada Acquisition Corp. III - Units,Nasdaq,0,,nasdaqtrader
AACIW,Armada Acquisition Corp. III - Warrant,Nasdaq,0,,nasdaqtrader
AACO,Abony Acquisition Corp. I - Class A Ordinary Share,Nasdaq,0,,nasdaqtrader
AACOU,Abony Acquisition Corp. I - Units,Nasdaq,0,,nasdaqtrader
AACOW,Abony Acquisition Corp. I - Warrants,Nasdaq,0,,nasdaqtrader
AACP,Apogee Acquisition Corp - Class A Ordinary Shares,Nasdaq,0,,nasdaqtrader
AACPR,Apogee Acquisition Corp - Rights,Nasdaq,0,,nasdaqtrader
AACPU,Apogee Acquisition Corp - Units,Nasdaq,0,,nasdaqtrader
AACPW,Apogee Acquisition Corp - Warrant,Nasdaq,0,,nasdaqtrader
AADR,AdvisorShares Dorsey Wright ADR ETF,Nasdaq,1,,nasdaqtrader
AADX,"Applied Aerospace & Defense, Inc. Common Stock",NYSE,0,,nasdaqtrader
AAEQ,Alpha Architect US Equity 2 ETF,Nasdaq,1,,nasdaqtrader
AAL,"American Airlines Group, Inc. - Common Stock",Nasdaq,0,,nasdaqtrader
AALG,Leverage Shares 2X Long AAL Daily ETF,Nasdaq,1,,nasdaqtrader
AAME,Atlantic American Corporation - Common Stock,Nasdaq,0,,nasdaqtrader
AAMI,Acadian Asset Management Inc. Common Stock,NYSE,0,,nasdaqtrader
AAOG,Leverage Shares 2X Long AAOI Daily ETF,Cboe BZX,1,,nasdaqtrader
AAOI,"Applied Optoelectronics, Inc. - Common Stock",Nasdaq,0,,nasdaqtrader
AAON,"AAON, Inc. - Common Stock",Nasdaq,0,,nasdaqtrader
AAOX,Tradr 2X Long AAOI Daily ETF,Cboe BZX,1,,nasdaqtrader
AAOZ,Tradr 2X Short AAOI Daily ETF,Cboe BZX,1,,nasdaqtrader
AAP,Advance Auto Parts Inc.,NYSE,0,,nasdaqtrader
AAPB,GraniteShares 2x Long AAPL Daily ETF,Nasdaq,1,,nasdaqtrader
AAPD,Direxion Daily AAPL Bear 1X ETF,Nasdaq,1,,nasdaqtrader
AAPE,Leverage Shares 2X Long AAPL Daily ETF,Cboe BZX,1,,nasdaqtrader
AAPG,Ascentage Pharma Group International - American Depository Shares,Nasdaq,0,,nasdaqtrader
AAPL,Apple Inc. - Common Stock,Nasdaq,0,,nasdaqtrader
AAPR,Innovator Equity Defined Protection ETF - 2 Yr to April 2028,Cboe BZX,1,,nasdaqtrader
AAPU,Direxion Daily AAPL Bull 2X ETF,Nasdaq,1,,nasdaqtrader
AAPW,Roundhill AAPL WeeklyPay ETF,Cboe BZX,1,,nasdaqtrader
AAPX,T-Rex 2X Long Apple Daily Target ETF,Cboe BZX,1,,nasdaqtrader
AAPY,Kurv Yield Premium Strategy Apple (AAPL) ETF,Cboe BZX,1,,nasdaqtrader
AARD,"Aardvark Therapeutics, Inc. - Common Stock",Nasdaq,0,,nasdaqtrader
AAT,"American Assets Trust, Inc. Common Stock",NYSE,0,,nasdaqtrader
AAUA,Alpha Architect US Equity 3 ETF,Cboe BZX,1,,nasdaqtrader
AAUB,Alpha Architect US Equity 4 ETF,Nasdaq,1,,nasdaqtrader
AAUC,Allied Gold Corporation Common Shares,NYSE,0,,nasdaqtrader
AAUS,Alpha Architect US Equity ETF,Nasdaq,1,,nasdaqtrader
AAVM,Alpha Architect Global Factor Equity ETF,Nasdaq,1,,nasdaqtrader
AAXJ,iShares MSCI All Country Asia ex Japan ETF,Nasdaq,1,,nasdaqtrader
AB,AllianceBernstein Holding L.P.  Units,NYSE,0,,nasdaqtrader
ABAT,American Battery Technology Company - Common Stock,Nasdaq,0,,nasdaqtrader
ABBV,AbbVie Inc. Common Stock,NYSE,0,,nasdaqtrader
ABCB,Ameris Bancorp Common Stock,NYSE,0,,nasdaqtrader
ABCL,AbCellera Biologics Inc. - Common Shares,Nasdaq,0,,nasdaqtrader
ABCS,Alpha Blue Capital US Small-Mid Cap Dynamic ETF,Nasdaq,1,,nasdaqtrader
ABEO,Abeona Therapeutics Inc. - Common Stock,Nasdaq,0,,nasdaqtrader
ABEQ,Absolute Select Value ETF,NYSE Arca,1,,nasdaqtrader
ABEV,Ambev S.A. American Depositary Shares (Each representing 1 Common Share),NYSE,0,,nasdaqtrader
ABFL,Abacus FCF Leaders ETF,Cboe BZX,1,,nasdaqtrader
ABG,Asbury Automotive Group Inc Common Stock,NYSE,0,,nasdaqtrader
ABI,VictoryShares Pioneer Asset-Based Income ETF,Nasdaq,1,,nasdaqtrader
ABIG,Argent Large Cap ETF,Nasdaq,1,,nasdaqtrader
ABLD,Abacus FCF Real Assets Leaders ETF,Cboe BZX,1,,nasdaqtrader
ABLG,Abacus FCF International Leaders ETF,Cboe BZX,1,,nasdaqtrader
ABLS,Abacus FCF Small Cap Leaders ETF,Cboe BZX,1,,nasdaqtrader
ABLV,Able View Global Inc. - Class B Ordinary Shares,Nasdaq,0,,nasdaqtrader
ABLVW,Able View Global Inc. - Warrant,Nasdaq,0,,nasdaqtrader
ABM,ABM Industries Incorporated Common Stock,NYSE,0,,nasdaqtrader
ABNB,"Airbnb, Inc. - Class A Common Stock",Nasdaq,0,,nasdaqtrader
ABND,American Century Core Plus Income ETF,NYSE Arca,1,,nasdaqtrader
ABOS,"Acumen Pharmaceuticals, Inc. - Common Stock",Nasdaq,0,,nasdaqtrader
ABOT,Abacus FCF Innovation Leaders ETF,Cboe BZX,1,,nasdaqtrader
ABR,Arbor Realty Trust Common Stock,NYSE,0,,nasdaqtrader
ABSI,Absci Corporation - Common Stock,Nasdaq,0,,nasdaqtrader
ABT,Abbott Laboratories Common Stock,NYSE,0,,nasdaqtrader
ABTC,American Bitcoin Corp. - Class A Common Stock,Nasdaq,0,,nasdaqtrader
ABTS,Abits Group Inc - Ordinary Shares,Nasdaq,0,,nasdaqtrader
ABUF,Aptus Laddered Buffer ETF,Cboe BZX,1,,nasdaqtrader
ABUS,Arbutus Biopharma Corporation - Common Stock,Nasdaq,0,,nasdaqtrader
ABVC,"ABVC BioPharma, Inc. - Common Stock",Nasdaq,0,,nasdaqtrader
ABVX,Abivax SA - American Depositary Shares,Nasdaq,0,,nasdaqtrader
ABX,"Abacus Global Management, Inc. Class A Common Stock",NYSE,0,,nasdaqtrader
ABXB,Abacus Flexible Bond Leaders ETF,Cboe BZX,1,,nasdaqtrader
ABXL,"Abacus Global Management, Inc. 9.875% Fixed Rate Senior Notes due 2028",NYSE,0,,nasdaqtrader
ACA,"Arcosa, Inc. Common Stock",NYSE,0,,nasdaqtrader
ACAA,Averin Capital Acquisition Corp. - Class A Ordinary Shares,Nasdaq,0,,nasdaqtrader
ACAAU,Averin Capital Acquisition Corp. - Units,Nasdaq,0,,nasdaqtrader
ACAAW,Averin Capital Acquisition Corp. - Warrants,Nasdaq,0,,nasdaqtrader
ACAD,ACADIA Pharmaceuticals Inc. - Common Stock,Nasdaq,0,,nasdaqtrader
ACB,Aurora Cannabis Inc. - Common Shares,Nasdaq,0,,nasdaqtrader
ACBE,Pacer Metaurus Enhanced Core Income Autocallable ETF,Nasdaq,1,,nasdaqtrader
ACBH,Pacer Metaurus High Income Autocallable ETF,Nasdaq,1,,nasdaqtrader
ACCL,Acco Group Holdings Limited - Class A Ordinary Shares,Nasdaq,0,,nasdaqtrader
ACCO,Acco Brands Corporation Common Stock,NYSE,0,,nasdaqtrader
ACCS,ACCESS Newswire Inc. Common Stock,NYSE American,0,,nasdaqtrader
ACCV,Accelevation Holdings Corp. - Class A ordinary shares,Nasdaq,0,,nasdaqtrader
ACDC,ProFrac Holding Corp. - Class A Common Stock,Nasdaq,0,,nasdaqtrader
ACEI,Innovator Equity Autocallable Income Strategy ETF,NYSE Arca,1,,nasdaqtrader
ACEL,"Accel Entertainment, Inc.",NYSE,0,,nasdaqtrader
ACEP,ARS Core Equity Portfolio ETF,Nasdaq,1,,nasdaqtrader
ACES,ALPS Clean Energy ETF,NYSE Arca,1,,nasdaqtrader
ACET,"Adicet Bio, Inc. - Common Stock",Nasdaq,0,,nasdaqtrader
ACFN,"Acorn Energy, Inc. - Common Stock",Nasdaq,0,,nasdaqtrader
ACGC,ACP Holdings Acquisition Corp. - Class A Ordinary Shares,Nasdaq,0,,nasdaqtrader
ACGCU,ACP Holdings Acquisition Corp. - Units,Nasdaq,0,,nasdaqtrader
ACGCW,ACP Holdings Acquisition Corp. - Warrants,Nasdaq,0,,nasdaqtrader
ACGL,Arch Capital Group Ltd. - Common Stock,Nasdaq,0,,nasdaqtrader
ACGLN,"Arch Capital Group Ltd. - Depositary Shares, each Representing a 1/1,000th Interest in a 4.550% Non-Cumulative Preferred Share, Series G",Nasdaq,0,,nasdaqtrader
ACGLO,"Arch Capital Group Ltd. - Depositary Shares Each Representing 1/1,000th Interest in a Share of5.45% Non-Cumulative Preferred Shares, Series F",Nasdaq,0,,nasdaqtrader
ACGO,Hartford Alpha Capture Growth ETF,Cboe BZX,1,,nasdaqtrader
ACGR,American Century Large Cap Growth ETF,NYSE Arca,1,,nasdaqtrader
ACH,"Accendra Health, Inc. Common Stock",NYSE,0,,nasdaqtrader
ACHC,"Acadia Healthcare Company, Inc. - Common Stock",Nasdaq,0,,nasdaqtrader
ACHR,Archer Aviation Inc. Class A Common Stock,NYSE,0,,nasdaqtrader
ACHV,"Achieve Life Sciences, Inc.  - Common Shares",Nasdaq,0,,nasdaqtrader
ACHX,Corgi ACHR 2x Daily ETF,Cboe BZX,1,,nasdaqtrader
ACI,"Albertsons Companies, Inc. Class A Common Stock",NYSE,0,,nasdaqtrader
ACIC,American Coastal Insurance Corporation - Common Stock,Nasdaq,0,,nasdaqtrader
ACIG,Hartford Alpha Capture International Growth ETF,Cboe BZX,1,,nasdaqtrader
ACII,Innovator Index Autocallable Income Strategy ETF,NYSE Arca,1,,nasdaqtrader
ACIO,Aptus Collared Investment Opportunity ETF,Cboe BZX,1,,nasdaqtrader
ACIU,AC Immune SA - Common Stock,Nasdaq,0,,nasdaqtrader
ACIW,"ACI Worldwide, Inc. - Common Stock",Nasdaq,0,,nasdaqtrader
ACKY,VistaShares Target 15 ACKtivist Distribution ETF,NYSE Arca,1,,nasdaqtrader
ACLC,American Century Large Cap Equity ETF,NYSE Arca,1,,nasdaqtrader
ACLO,TCW AAA CLO ETF,NYSE,1,,nasdaqtrader
ACLS,"Axcelis Technologies, Inc. - Common Stock",Nasdaq,0,,nasdaqtrader
ACLZ,Corgi ACLS 2x Daily ETF,Cboe BZX,1,,nasdaqtrader
ACM,AECOM Common Stock,NYSE,0,,nasdaqtrader
ACMM,Corgi ACMR 2x Daily ETF,Cboe BZX,1,,nasdaqtrader
ACMR,"ACM Research, Inc. - Class A Common Stock",Nasdaq,0,,nasdaqtrader
ACN,Accenture plc Class A Ordinary Shares (Ireland),NYSE,0,,nasdaqtrader
ACNB,ACNB Corporation - Common Stock,Nasdaq,0,,nasdaqtrader
ACNT,Ascent Industries Co. - Common Stock,Nasdaq,0,,nasdaqtrader
ACOG,Alpha Cognition Inc. - Common Stock,Nasdaq,0,,nasdaqtrader
ACOM,Harbor Active Commodity ETF,NYSE Arca,1,,nasdaqtrader
ACON,"Aclarion, Inc. - Common Stock",Nasdaq,0,,nasdaqtrader
ACONW,"Aclarion, Inc. - Warrant",Nasdaq,0,,nasdaqtrader
ACP,abrdn Income Credit Strategies Fund Common Shares,NYSE,0,,nasdaqtrader
ACQQ,ProShares Nasdaq-100 Autocallable Income ETF,Nasdaq,1,,nasdaqtrader
ACR,ACRES Commercial Realty Corp. Common Stock,NYSE,0,,nasdaqtrader
ACRE,Ares Commercial Real Estate Corporation Common Stock,NYSE,0,,nasdaqtrader
ACRS,"Aclaris Therapeutics, Inc. - Common Stock",Nasdaq,0,,nasdaqtrader
ACRT,ProShares Russell 2000 Autocallable Income ETF,Nasdaq,1,,nasdaqtrader
ACRV,"Acrivon Therapeutics, Inc. - Common Stock",Nasdaq,0,,nasdaqtrader
ACSG,American Century Small Cap Growth Insights ETF,Cboe BZX,1,,nasdaqtrader
ACSI,American Customer Satisfaction ETF,Cboe BZX,1,,nasdaqtrader
ACSM,Hartford Alpha Capture SMID Cap ETF,Cboe BZX,1,,nasdaqtrader
ACSP,ProShares S&P 500 Autocallable Income ETF,Nasdaq,1,,nasdaqtrader
ACSV,American Century Small Cap Value Insights ETF,Cboe BZX,1,,nasdaqtrader
ACT,"Enact Holdings, Inc. - Common Stock",Nasdaq,0,,nasdaqtrader
ACTG,Acacia Research Corporation - Common Stock,Nasdaq,0,,nasdaqtrader
ACTS,FIS Tactical Equity ETF,NYSE Arca,1,,nasdaqtrader
ACTU,"Actuate Therapeutics, Inc. - Common stock",Nasdaq,0,,nasdaqtrader
ACU,Acme United Corporation. Common Stock,NYSE American,0,,nasdaqtrader
ACV,Virtus Diversified Income & Convertible Fund Common Shares of Beneficial Interest,NYSE,0,,nasdaqtrader
ACVA,ACV Auctions Inc. Class A Common Stock,NYSE,0,,nasdaqtrader
ACVF,American Conservative Values ETF,NYSE Arca,1,,nasdaqtrader
ACVT,Advent Convertible Bond ETF,NYSE Arca,1,,nasdaqtrader
ACVU,Hartford Alpha Capture Value ETF,Cboe BZX,1,,nasdaqtrader
ACWI,iShares MSCI ACWI ETF,Nasdaq,1,,nasdaqtrader
ACWV,iShares MSCI Global Min Vol Factor ETF,Cboe BZX,1,,nasdaqtrader
ACWX,iShares MSCI ACWI ex U.S. ETF,Nasdaq,1,,nasdaqtrader
ACXP,"Acurx Pharmaceuticals, Inc. - Common Stock",Nasdaq,0,,nasdaqtrader
ACYN,FT Vest Laddered Autocallable Barrier & Income ETF,NYSE Arca,1,,nasdaqtrader
ACYQ,FT Vest Autocallable Barrier & High Income ETF,NYSE Arca,1,,nasdaqtrader
ACYS,FT Vest Laddered Autocallable Barrier & Resilient Income ETF,NYSE Arca,1,,nasdaqtrader
AD,"Array Digital Infrastructure, Inc. Common Shares",NYSE,0,,nasdaqtrader
ADAC,American Drive Acquisition Company - Class A Ordinary Shares,Nasdaq,0,,nasdaqtrader
ADACU,American Drive Acquisition Company - Units,Nasdaq,0,,nasdaqtrader
ADACW,American Drive Acquisition Company - Warrant,Nasdaq,0,,nasdaqtrader
ADAG,"Adagene Inc. - ADS, each representing 1.25 ordinary shares",Nasdaq,0,,nasdaqtrader
ADAM,"Adamas Trust, Inc. - Common Stock",Nasdaq,0,,nasdaqtrader
ADAMG,"Adamas Trust, Inc. - 9.125% Senior Notes Due 2030",Nasdaq,0,,nasdaqtrader
ADAMH,"Adamas Trust, Inc. - 9.875% Senior Notes Due 2030",Nasdaq,0,,nasdaqtrader
ADAMI,"Adamas Trust, Inc. - 9.125% Senior Notes Due 2029",Nasdaq,0,,nasdaqtrader
ADAMK,"Adamas Trust, Inc. - 9.600% Senior Notes Due 2031",Nasdaq,0,,nasdaqtrader
ADAML,"Adamas Trust, Inc. - 6.875% Series F Fixed-to-Floating Rate Cumulative Redeemable Preferred Stock, $0.01 par value per share",Nasdaq,0,,nasdaqtrader
ADAMM,"Adamas Trust, Inc. - 7.875% Series E Fixed-to-Floating Rate Cumulative Redeemable Preferred Stock",Nasdaq,0,,nasdaqtrader
ADAMN,"Adamas Trust, Inc. - 8.00% Series D Fixed-to-Floating Rate Cumulative Redeemable Preferred Stock",Nasdaq,0,,nasdaqtrader
ADAMO,"Adamas Trust, Inc. - 9.250% Senior Notes Due 2031",Nasdaq,0,,nasdaqtrader
ADAMZ,"Adamas Trust, Inc. - 7.000% Series G Cumulative Redeemable Preferred Stock, $0.01 par value per share",Nasdaq,0,,nasdaqtrader
ADBE,Adobe Inc. - Common Stock,Nasdaq,0,,nasdaqtrader
ADBG,Leverage Shares 2X Long ADBE Daily ETF,Nasdaq,1,,nasdaqtrader
ADBT,"Advasa Holdings, Inc. - Common stock",Nasdaq,0,,nasdaqtrader
ADBU,Direxion Daily ADBE Bull 2X ETF,NYSE Arca,1,,nasdaqtrader
ADC,Agree Realty Corporation Common Stock,NYSE,0,,nasdaqtrader
ADCT,ADC Therapeutics SA Common Shares,NYSE,0,,nasdaqtrader
ADDS,Hedgeye Index Adds ETF,NYSE Arca,1,,nasdaqtrader
ADEA,Adeia Inc.  - Common Stock,Nasdaq,0,,nasdaqtrader
ADGM,"Adagio Medical Holdings, Inc - Common Stock",Nasdaq,0,,nasdaqtrader
ADI,"Analog Devices, Inc. - Common Stock",Nasdaq,0,,nasdaqtrader
ADIG,ADI Global Distribution Inc. Common Stock,NYSE,0,,nasdaqtrader
ADIL,"Adial Pharmaceuticals, Inc - Common Stock",Nasdaq,0,,nasdaqtrader
ADIU,Leverage Shares 2X Long ADI Daily ETF,Cboe BZX,1,,nasdaqtrader
ADIV,Guinness Atkinson Asia Pacific Dividend Builder ETF,NYSE Arca,1,,nasdaqtrader
ADM,Archer-Daniels-Midland Company Common Stock,NYSE,0,,nasdaqtrader
ADMA,ADMA Biologics Inc - Common Stock,Nasdaq,0,,nasdaqtrader
ADME,Aptus Drawdown Managed Equity ETF,Cboe BZX,1,,nasdaqtrader
ADNT,Adient plc Ordinary Shares,NYSE,0,,nasdaqtrader
ADP,"Automatic Data Processing, Inc. - Common Stock",Nasdaq,0,,nasdaqtrader
ADPT,Adaptive Biotechnologies Corporation - Common Stock,Nasdaq,0,,nasdaqtrader
ADPV,Adaptiv Select ETF,NYSE Arca,1,,nasdaqtrader
ADRX,"ADARx Pharmaceuticals, Inc. - Common stock",Nasdaq,0,,nasdaqtrader
ADSE,ADS-TEC ENERGY PLC - Ordinary Shares,Nasdaq,0,,nasdaqtrader
ADSEW,ADS-TEC ENERGY PLC - Warrant,Nasdaq,0,,nasdaqtrader
ADSK,"Autodesk, Inc. - Common Stock",Nasdaq,0,,nasdaqtrader
ADT,ADT Inc. Common Stock,NYSE,0,,nasdaqtrader
ADTN,"ADTRAN Holdings, Inc. - Common Stock",Nasdaq,0,,nasdaqtrader
ADUR,Aduro Clean Technologies Inc. - Common Stock,Nasdaq,0,,nasdaqtrader
ADUS,Addus HomeCare Corporation - Common Stock,Nasdaq,0,,nasdaqtrader
ADV,Advantage Solutions Inc.  - Class A Common Stock,Nasdaq,0,,nasdaqtrader
ADVB,Advanced Biomed Inc. - Common Stock,Nasdaq,0,,nasdaqtrader
ADVE,Matthews Asia Dividend Active ETF,NYSE Arca,1,,nasdaqtrader
ADX,Adams Diversified Equity Fund Inc.,NYSE,0,,nasdaqtrader
ADXN,Addex Therapeutics Ltd - American Depositary Shares,Nasdaq,0,,nasdaqtrader
AEAQ,Activate Energy Acquisition Corp. - Class A Ordinary Share,Nasdaq,0,,nasdaqtrader
AEAQU,Activate Energy Acquisition Corp. - Unit,Nasdaq,0,,nasdaqtrader
AEAQW,Activate Energy Acquisition Corp. - Warrant,Nasdaq,0,,nasdaqtrader
AEBI,Aebi Schmidt Holding AG - Common Stock,Nasdaq,0,,nasdaqtrader
AEC,Anfield Energy Inc. - Common Shares,Nasdaq,0,,nasdaqtrader
AEE,Ameren Corporation Common Stock,NYSE,0,,nasdaqtrader
AEF,"abrdn Emerging Markets ex-China Fund, Inc. Common Stock",NYSE American,0,,nasdaqtrader
AEFC,Aegon Funding Company LLC 5.10% Subordinated Notes due 2049,NYSE,0,,nasdaqtrader
AEG,Aegon Ltd. New York Registry Shares,NYSE,0,,nasdaqtrader
AEHG,Leverage Shares 2X Long AEHR Daily ETF,Cboe BZX,1,,nasdaqtrader
AEHL,Antelope Enterprise Holdings Limited - Class A Ordinary Shares,Nasdaq,0,,nasdaqtrader
AEHR,Aehr Test Systems - Common Stock,Nasdaq,0,,nasdaqtrader
AEI,Alset Inc. - Common Stock,Nasdaq,0,,nasdaqtrader
AEIS,"Advanced Energy Industries, Inc. - Common Stock",Nasdaq,0,,nasdaqtrader
AELV,Harbor AlphaEdge Large Cap Value ETF,NYSE Arca,1,,nasdaqtrader
AEM,Agnico Eagle Mines Limited Common Stock,NYSE,0,,nasdaqtrader
AEMC,Harbor AlphaEdge Mid Cap Core ETF,NYSE Arca,1,,nasdaqtrader
AEMD,"Aethlon Medical, Inc. - Common Stock",Nasdaq,0,,nasdaqtrader
AEMG,Harbor AlphaEdge Mid Cap Growth ETF,NYSE Arca,1,,nasdaqtrader
AEMV,Harbor AlphaEdge Mid Cap Value ETF,NYSE Arca,1,,nasdaqtrader
AENT,Alliance Entertainment Holding Corporation - common stock,Nasdaq,0,,nasdaqtrader
AENTW,Alliance Entertainment Holding Corporation - Warrants,Nasdaq,0,,nasdaqtrader
AEO,"American Eagle Outfitters, Inc. Common Stock",NYSE,0,,nasdaqtrader
AEON,"AEON Biopharma, Inc. Class A Common Stock",NYSE American,0,,nasdaqtrader
AEP,"American Electric Power Company, Inc. - Common Stock",Nasdaq,0,,nasdaqtrader
AER,AerCap Holdings N.V. Ordinary Shares,NYSE,0,,nasdaqtrader
AERO,"Grupo Aeromexico, S.A.B. de C.V. American Depositary Shares (each representing ten (10) Common Shares)",NYSE,0,,nasdaqtrader
AERT,"Aeries Technology, Inc. - Class A Ordinary Share",Nasdaq,0,,nasdaqtrader
AERTW,"Aeries Technology, Inc. - Warrant",Nasdaq,0,,nasdaqtrader
AES,The AES Corporation Common Stock,NYSE,0,,nasdaqtrader
AESB,Harbor AlphaEdge Small Cap Core ETF,NYSE Arca,1,,nasdaqtrader
AESG,Harbor AlphaEdge Small Cap Growth ETF,NYSE Arca,1,,nasdaqtrader
AESI,Atlas Energy Solutions Inc. Common Stock,NYSE,0,,nasdaqtrader
AESL,Harbor AlphaEdge Small Cap Value ETF,NYSE Arca,1,,nasdaqtrader
AESP,Aeon Acquisition I Corp. - Class A Ordinary Shares,Nasdaq,0,,nasdaqtrader
AESPR,Aeon Acquisition I Corp. - Rights,Nasdaq,0,,nasdaqtrader
AESPU,Aeon Acquisition I Corp. - Units,Nasdaq,0,,nasdaqtrader
AESPW,Aeon Acquisition I Corp. - Warrants,Nasdaq,0,,nasdaqtrader
AESR,Anfield U.S. Equity Sector Rotation ETF,Cboe BZX,1,,nasdaqtrader
AETH,Bitwise Trendwise Ether and Treasuries Rotation Strategy ETF,NYSE Arca,1,,nasdaqtrader
AEVA,"Aeva Technologies, Inc. - Common Stock",Nasdaq,0,,nasdaqtrader
AEXA,American Exceptionalism Acquisition Corp. A Class A Ordinary Shares,NYSE,0,,nasdaqtrader
AEYE,"AudioEye, Inc. - Common Stock",Nasdaq,0,,nasdaqtrader
AFB,AllianceBernstein National Municipal Income Fund Inc,NYSE,0,,nasdaqtrader
AFCG,Advanced Flower Capital Inc. - Common Stock,Nasdaq,0,,nasdaqtrader
AFDM,First Trust Active Factor International ETF,Nasdaq,1,,nasdaqtrader
AFEM,First Trust Active Factor Emerging Markets ETF,Nasdaq,1,,nasdaqtrader
AFG,"American Financial Group, Inc. Common Stock",NYSE,0,,nasdaqtrader
AFGB,"American Financial Group, Inc. 5.875% Subordinated Debentures due 2059",NYSE,0,,nasdaqtrader
AFGC,"American Financial Group, Inc. 5.125% Subordinated Debentures due 2059",NYSE,0,,nasdaqtrader
AFGD,"American Financial Group, Inc. 5.625% Subordinated Debentures due 2060",NYSE,0,,nasdaqtrader
AFGE,"American Financial Group, Inc. 4.500% Subordinated Debentures due 2060",NYSE,0,,nasdaqtrader
AFGR,First Trust Multi-Manager Large Growth ETF,NYSE Arca,1,,nasdaqtrader
AFIF,Anfield Universal Fixed Income ETF,Cboe BZX,1,,nasdaqtrader
AFIX,Allspring Broad Market Core Bond ETF,NYSE Arca,1,,nasdaqtrader
AFJK,"Aimei Health Technology Co., Ltd - Ordinary Share",Nasdaq,0,,nasdaqtrader
AFJKR,"Aimei Health Technology Co., Ltd - Right",Nasdaq,0,,nasdaqtrader
AFJKU,"Aimei Health Technology Co., Ltd - Unit",Nasdaq,0,,nasdaqtrader
AFK,VanEck Africa Index ETF,NYSE Arca,1,,nasdaqtrader
AFL,AFLAC Incorporated Common Stock,NYSE,0,,nasdaqtrader
AFLG,First Trust Active Factor Large Cap ETF,NYSE Arca,1,,nasdaqtrader
AFMC,First Trust Active Factor Mid Cap ETF,NYSE Arca,1,,nasdaqtrader
AFOS,ARS Focused Opportunity Strategy ETF,Nasdaq,1,,nasdaqtrader
AFRI,Forafric Global PLC - Ordinary Shares,Nasdaq,0,,nasdaqtrader
AFRIW,Forafric Global PLC - Warrants,Nasdaq,0,,nasdaqtrader
AFRM,"Affirm Holdings, Inc. - Class A Common Stock",Nasdaq,0,,nasdaqtrader
AFRU,T-REX 2X Long AFRM Daily Target ETF,Cboe BZX,1,,nasdaqtrader
AFSC,abrdn Focused U.S. Small Cap Active ETF,Nasdaq,1,,nasdaqtrader
AFSM,First Trust Active Factor Small Cap ETF,NYSE Arca,1,,nasdaqtrader
AFYA,Afya Limited - Class A Common Shares,Nasdaq,0,,nasdaqtrader
AG,First Majestic Silver Corp. Ordinary Shares (Canada),NYSE,0,,nasdaqtrader
AGBK,AGI Inc Class A Common Shares,NYSE,0,,nasdaqtrader
AGCC,Agencia Comercial Spirits Ltd - Class A Ordinary Share,Nasdaq,0,,nasdaqtrader
AGCO,AGCO Corporation Common Stock,NYSE,0,,nasdaqtrader
AGD,abrdn Global Dynamic Dividend Fund Common Shares of Beneficial Interest,NYSE,0,,nasdaqtrader
AGEM,abrdn Emerging Markets Dividend Active ETF,Nasdaq,1,,nasdaqtrader
AGEN,Agenus Inc. - Common Stock,Nasdaq,0,,nasdaqtrader
AGG,iShares Core U.S. Aggregate Bond ETF,NYSE Arca,1,,nasdaqtrader
AGGA,EA Astoria Beacon Dynamic Core US Fixed Income ETF,Nasdaq,1,,nasdaqtrader
AGGH,Simplify Aggregate Bond ETF,NYSE Arca,1,,nasdaqtrader
AGGM,iShares 1-10 Year U.S. Aggregate Bond ETF,NYSE Arca,1,,nasdaqtrader
AGGS,Harbor Disciplined Bond ETF,NYSE Arca,1,,nasdaqtrader
AGGY,WisdomTree Yield Enhanced U.S. Aggregate Bond Fund,NYSE Arca,1,,nasdaqtrader
AGI,Alamos Gold Inc. Class A Common Shares,NYSE,0,,nasdaqtrader
AGIG,Abundia Global Impact Group Inc. Common stock,NYSE American,0,,nasdaqtrader
AGIO,"Agios Pharmaceuticals, Inc. - Common Stock",Nasdaq,0,,nasdaqtrader
AGIQ,SoFi Agentic AI ETF,NYSE Arca,1,,nasdaqtrader
AGIX,KraneShares Public-Private AI & Technology ETF,Nasdaq,1,,nasdaqtrader
AGL,"agilon health, inc. Common Stock",NYSE,0,,nasdaqtrader
AGM,Federal Agricultural Mortgage Corporation Common Stock,NYSE,0,,nasdaqtrader
AGM.A,Federal Agricultural Mortgage Corporation Common Stock,NYSE,0,,nasdaqtrader
AGMB,AgomAb Therapeutics NV - ADRs representing one common share.,Nasdaq,0,,nasdaqtrader
AGMH,AGM Group Holdings Inc. - Class A Ordinary Shares,Nasdaq,0,,nasdaqtrader
AGMI,Themes Silver Miners ETF,Nasdaq,1,,nasdaqtrader
AGNC,AGNC Investment Corp. - Common Stock,Nasdaq,0,,nasdaqtrader
AGNCL,"AGNC Investment Corp. - Depositary Shares Each Representing a 1/1,000th Interest in a Share of 7.75% Series G Fixed-Rate Reset Cumulative Redeemable Preferred Stock",Nasdaq,0,,nasdaqtrader
AGNCM,AGNC Investment Corp. - Depositary Shares rep 6.875% Series D Fixed-to-Floating Cumulative Redeemable Preferred Stock,Nasdaq,0,,nasdaqtrader
AGNCN,"AGNC Investment Corp. - Depositary Shares Each Representing a 1/1,000th Interest in a Share of 7.00% Series C Fixed-To-Floating Rate Cumulative Redeemable Preferred Stock",Nasdaq,0,,nasdaqtrader
AGNCO,"AGNC Investment Corp. - Depositary Shares, each representing a 1/1,000th interest in a share of Series E Fixed-to-Floating Cumulative Redeemable Preferred Stock",Nasdaq,0,,nasdaqtrader
AGNCP,"AGNC Investment Corp. - Depositary Shares Each Representing a 1/1,000th Interest in a Share of 6.125% Series F Fixed-to-Floating Rate Cumulative Redeemable Preferred Stock",Nasdaq,0,,nasdaqtrader
AGNCZ,"AGNC Investment Corp. - Depositary Shares Each Representing a 1/1,000th Interest in a Share of 8.75% Series H Fixed-Rate Cumulative Redeemable Preferred Stock",Nasdaq,0,,nasdaqtrader
AGNG,Global X Aging Population ETF,Nasdaq,1,,nasdaqtrader
AGNT,"AGNT, Inc. - Common Stock",Nasdaq,0,,nasdaqtrader
AGO,Assured Guaranty Ltd. Common Stock,NYSE,0,,nasdaqtrader
AGOX,Adaptive Alpha Opportunities ETF,NYSE Arca,1,,nasdaqtrader
AGPU,Axe Compute Inc. - Common Stock,Nasdaq,0,,nasdaqtrader
AGQ,ProShares Ultra Silver,NYSE Arca,1,,nasdaqtrader
AGQI,First Trust Active Global Quality Income ETF,NYSE Arca,1,,nasdaqtrader
AGRO,Adecoagro S.A. Common Shares,NYSE,0,,nasdaqtrader
AGRW,Allspring LT Large Growth ETF,NYSE Arca,1,,nasdaqtrader
AGRZ,Agroz Inc. - Class A Ordinary Shares,Nasdaq,0,,nasdaqtrader
AGX,"Argan, Inc. Common Stock",NYSE,0,,nasdaqtrader
AGYS,"Agilysys, Inc. - Common Stock",Nasdaq,0,,nasdaqtrader
AGZ,iShares  Agency Bond ETF,NYSE Arca,1,,nasdaqtrader
AGZD,WisdomTree Interest Rate Hedged U.S. Aggregate Bond Fund,Nasdaq,1,,nasdaqtrader
AHBM,Amplify Top 10 Asia Memory ETF,NYSE Arca,1,,nasdaqtrader
AHCO,AdaptHealth Corp.  - Common Stock,Nasdaq,0,,nasdaqtrader
AHD,GraniteShares Autocallable HOOD ETF,Nasdaq,1,,nasdaqtrader
AHG,Akso Health Group - American Depositary Shares,Nasdaq,0,,nasdaqtrader
AHLT,AHL Trend ETF,NYSE Arca,1,,nasdaqtrader
AHMA,Ambitions Enterprise Management Co. L.L.C - Class A Ordinary Shares,Nasdaq,0,,nasdaqtrader
AHR,"American Healthcare REIT, Inc. Common Stock",NYSE,0,,nasdaqtrader
AHRT,"AH Realty Trust, Inc. Common Stock",NYSE,0,,nasdaqtrader
AHT,Ashford Hospitality Trust Inc Common Stock,NYSE,0,,nasdaqtrader
AHYB,American Century Select High Yield ETF,NYSE Arca,1,,nasdaqtrader
AI,"C3.ai, Inc. Class A Common Stock",NYSE,0,,nasdaqtrader
AIA,iShares Asia 50 ETF,Nasdaq,1,,nasdaqtrader
AIAI,AIAI Holdings Corporation - Class A common stock,Nasdaq,0,,nasdaqtrader
AIB,AIB Data Centers Inc. Common Stock,NYSE American,0,,nasdaqtrader
AIBD,Direxion Daily AI and Big Data Bear 2X ETF,NYSE Arca,1,,nasdaqtrader
AIBF,iShares Future AI Beneficiaries ETF,NYSE Arca,1,,nasdaqtrader
AIBU,Direxion Daily AI and Big Data Bull 2X ETF,NYSE Arca,1,,nasdaqtrader
AIBZ,Bitzero Holdings Inc. - Common Shares,Nasdaq,0,,nasdaqtrader
AICH,China AI ETF,Nasdaq,1,,nasdaqtrader
AIDX,"20/20 Biolabs, Inc. - Common Stock",Nasdaq,0,,nasdaqtrader
AIEQ,Amplify AI Powered Equity ETF,NYSE Arca,1,,nasdaqtrader
AIFA,"All In FutureTech Alliance, Inc. - Common Stock",Nasdaq,0,,nasdaqtrader
AIFC,AI Financial Corporation - Common Stock,Nasdaq,0,,nasdaqtrader
AIFD,TCW Artificial Intelligence ETF,Nasdaq,1,,nasdaqtrader
AIFF,"Firefly Neuroscience, Inc.  - Common Stock",Nasdaq,0,,nasdaqtrader
AIFR,Defiance Global Foundries ETF,Nasdaq,1,,nasdaqtrader
AIFU,AIFU Inc. - Class A Ordinary Share,Nasdaq,0,,nasdaqtrader
AIG,"American International Group, Inc. New Common Stock",NYSE,0,,nasdaqtrader
AIHY,Defiance AI Hyperscale Leaders ETF,NYSE Arca,1,,nasdaqtrader
AII,"American Integrity Insurance Group, Inc. Common Stock",NYSE,0,,nasdaqtrader
AIIA,AI Infrastructure Acquisition Corp. Class A Ordinary Shares,NYSE,0,,nasdaqtrader
AIIA.R,"AI Infrastructure Acquisition Corp. Rights, each entitling the holder to receive one-fifth (1/5) of one Class A Ordinary Share",NYSE,0,,nasdaqtrader
AIIA.U,"AI Infrastructure Acquisition Corp. Units, each consisting of one Class A Ordinary Share and one Right",NYSE,0,,nasdaqtrader
AIIO,Robo.ai Inc. - Class B Ordinary Shares,Nasdaq,0,,nasdaqtrader
AIIOW,Robo.ai Inc. - Warrant,Nasdaq,0,,nasdaqtrader
AIIR,Air Global PLC - Ordinary shares,Nasdaq,0,,nasdaqtrader
AIM,AIM ImmunoTech Inc. Common Stock,NYSE American,0,,nasdaqtrader
AIMD,"Ainos, Inc. - Common Stock",Nasdaq,0,,nasdaqtrader
AIMDW,"Ainos, Inc. - warrants",Nasdaq,0,,nasdaqtrader
AIMG,Defiance AI Magnificent 10 ETF,Nasdaq,1,,nasdaqtrader
AIMS,Acuitas Small Cap Active ETF,Nasdaq,1,,nasdaqtrader
AIN,Albany International Corporation Common Stock,NYSE,0,,nasdaqtrader
AINF,Defiance Inference AI Chip ETF,Nasdaq,1,,nasdaqtrader
AINP,Allspring Income Plus ETF,NYSE Arca,1,,nasdaqtrader
AINT,FINQ DOLLAR NEUTRAL U.S. Large Cap AI-Managed Equity ETF,NYSE Arca,1,,nasdaqtrader
AIO,Virtus Artificial Intelligence & Technology Opportunities Fund Common Shares of Beneficial Interest,NYSE,0,,nasdaqtrader
AIOO,AllianzIM U.S. Equity Buffer100 Protection ETF,Cboe BZX,1,,nasdaqtrader
AIOS,AIOS Tech Inc. - Class A Common Shares,Nasdaq,0,,nasdaqtrader
AIOT,"PowerFleet, Inc. - Common Stock",Nasdaq,0,,nasdaqtrader
AIP,"Arteris, Inc.  - Common Stock",Nasdaq,0,,nasdaqtrader
AIPI,REX AI Equity Premium Income ETF,Nasdaq,1,,nasdaqtrader
AIPO,Defiance AI & Power Infrastructure ETF,Nasdaq,1,,nasdaqtrader
AIQ,Global X Artificial Intelligence & Technology ETF,Nasdaq,1,,nasdaqtrader
AIQD,MicroSectors -3? Short Artificial Intelligence (AI) ETNs,NYSE Arca,1,,nasdaqtrader
AIQU,MicroSectors 3? Long Artificial Intelligence (AI) ETNs,NYSE Arca,1,,nasdaqtrader
AIR,AAR Corp. Common Stock,NYSE,0,,nasdaqtrader
AIRE,reAlpha Tech Corp. - Common Stock,Nasdaq,0,,nasdaqtrader
AIRG,"Airgain, Inc. - Common Stock",Nasdaq,0,,nasdaqtrader
AIRI,Air Industries Group Common Stock,NYSE American,0,,nasdaqtrader
AIRJ,AirJoule Technologies Corporation - Class A Common Stock,Nasdaq,0,,nasdaqtrader
AIRJW,AirJoule Technologies Corporation - Warrant,Nasdaq,0,,nasdaqtrader
AIRO,"AIRO Group Holdings, Inc. - Common Stock",Nasdaq,0,,nasdaqtrader
AIRR,First Trust RBA American Industrial Renaissance ETF,Nasdaq,1,,nasdaqtrader
AIRS,"AirSculpt Technologies, Inc. - Common Stock",Nasdaq,0,,nasdaqtrader
AIRT,"Air T, Inc. - Common Stock",Nasdaq,0,,nasdaqtrader
AIRTP,"Air T, Inc. - Trust Preferred Securities",Nasdaq,0,,nasdaqtrader
AIS,VistaShares Artificial Intelligence Supercycle ETF,NYSE Arca,1,,nasdaqtrader
AISP,"Airship AI Holdings, Inc - Class A Common Stock",Nasdaq,0,,nasdaqtrader
AISPW,"Airship AI Holdings, Inc - Warrants",Nasdaq,0,,nasdaqtrader
AIT,"Applied Industrial Technologies, Inc. Common Stock",NYSE,0,,nasdaqtrader
AIUP,FINQ FIRST U.S. Large Cap AI-Managed Equity ETF,NYSE Arca,1,,nasdaqtrader
AIV,Apartment Investment and Management Company Common Stock,NYSE,0,,nasdaqtrader
AIVC,Amplify Bloomberg AI Equal Weight ETF,NYSE Arca,1,,nasdaqtrader
AIVI,WisdomTree International AI Enhanced Value Fund,NYSE Arca,1,,nasdaqtrader
AIVL,WisdomTree U.S. AI Enhanced Value Fund,NYSE Arca,1,,nasdaqtrader
AIX,Defiance US 100 Tech AI Moat ETF,Nasdaq,1,,nasdaqtrader
AIXI,XIAO-I Corporation - American Depositary Shares,Nasdaq,0,,nasdaqtrader
AIYY,YieldMax AI Option Income Strategy ETF,NYSE Arca,1,,nasdaqtrader
AIZ,"Assurant, Inc. Common Stock",NYSE,0,,nasdaqtrader
AIZN,"Assurant, Inc. 5.25% Subordinated Notes due 2061",NYSE,0,,nasdaqtrader
AJAN,Innovator Equity Defined Protection ETF - 2 Yr to January 2028,Cboe BZX,1,,nasdaqtrader
AJG,Arthur J. Gallagher & Co. Common Stock,NYSE,0,,nasdaqtrader
AJUL,Innovator Equity Defined Protection ETF - 2 Yr to July 2026,Cboe BZX,1,,nasdaqtrader
AKA,a.k.a. Brands Holding Corp. Common Stock,NYSE,0,,nasdaqtrader
AKAF,The Frontier Economic Fund,NYSE,1,,nasdaqtrader
AKAL,T-REX 2X Long AKAM Daily Target ETF,Cboe BZX,1,,nasdaqtrader
AKAM,"Akamai Technologies, Inc. - Common Stock",Nasdaq,0,,nasdaqtrader
AKAN,Akanda Corp. - Common Shares,Nasdaq,0,,nasdaqtrader
AKBA,"Akebia Therapeutics, Inc. - Common Stock",Nasdaq,0,,nasdaqtrader
AKO.A,Embotelladora Andina S.A. Common Stock,NYSE,0,,nasdaqtrader
AKO.B,Embotelladora Andina S.A. Common Stock,NYSE,0,,nasdaqtrader
AKR,Acadia Realty Trust Common Stock,NYSE,0,,nasdaqtrader
AKRE,Akre Focus ETF,NYSE Arca,1,,nasdaqtrader
AKTS,"Aktis Oncology, Inc. - Common stock",Nasdaq,0,,nasdaqtrader
AKTX,Akari Therapeutics Plc - American Depositary Shares,Nasdaq,0,,nasdaqtrader
ALA,Corgi ALAB 2x Daily ETF,Cboe BZX,1,,nasdaqtrader
ALAB,"Astera Labs, Inc. - Common Stock",Nasdaq,0,,nasdaqtrader
ALAI,Alger AI Enablers & Adopters ETF,NYSE Arca,1,,nasdaqtrader
ALAR,Alarum Technologies Ltd. - American Depositary Shares,Nasdaq,0,,nasdaqtrader
ALB,Albemarle Corporation Common Stock,NYSE,0,,nasdaqtrader
ALBG,Leverage Shares 2X Long ALB Daily ETF,Nasdaq,1,,nasdaqtrader
ALC,Alcon Inc. Ordinary Shares,NYSE,0,,nasdaqtrader
ALCO,"Alico, Inc. - Common Stock",Nasdaq,0,,nasdaqtrader
ALDB,Aptus Laddered Deep Buffer ETF,Cboe BZX,1,,nasdaqtrader
ALDF,Aldel Financial II Inc. - Class A Ordinary Shares,Nasdaq,0,,nasdaqtrader
ALDFU,Aldel Financial II Inc. - Units,Nasdaq,0,,nasdaqtrader
ALDFW,Aldel Financial II Inc. - Warrants,Nasdaq,0,,nasdaqtrader
ALDX,"Aldeyra Therapeutics, Inc. - Common Stock",Nasdaq,0,,nasdaqtrader
ALEC,"Alector, Inc. - Common Stock",Nasdaq,0,,nasdaqtrader
ALF,Centurion Acquisition Corp. - Class A Ordinary Shares,Nasdaq,0,,nasdaqtrader
ALFUU,Centurion Acquisition Corp. - Unit,Nasdaq,0,,nasdaqtrader
ALFUW,Centurion Acquisition Corp. - Warrant,Nasdaq,0,,nasdaqtrader
ALG,"Alamo Group, Inc. Common Stock",NYSE,0,,nasdaqtrader
ALGM,"Allegro MicroSystems, Inc. - Common Stock",Nasdaq,0,,nasdaqtrader
ALGN,"Align Technology, Inc. - Common Stock",Nasdaq,0,,nasdaqtrader
ALGS,"Aligos Therapeutics, Inc. - Common stock",Nasdaq,0,,nasdaqtrader
ALGT,Allegiant Travel Company - Common Stock,Nasdaq,0,,nasdaqtrader
ALH,Alliance Laundry Holdings Inc. Common Stock,NYSE,0,,nasdaqtrader
ALHC,"Alignment Healthcare, Inc. - Common Stock",Nasdaq,0,,nasdaqtrader
ALIL,Argent Focused Small Cap ETF,Nasdaq,1,,nasdaqtrader
ALIS,Calisa Acquisition Corp - Ordinary shares,Nasdaq,0,,nasdaqtrader
ALISR,Calisa Acquisition Corp - Right,Nasdaq,0,,nasdaqtrader
ALISU,Calisa Acquisition Corp - Units,Nasdaq,0,,nasdaqtrader
ALIT,"Alight, Inc. Class A Common Stock",NYSE,0,,nasdaqtrader
ALK,"Alaska Air Group, Inc. Common Stock",NYSE,0,,nasdaqtrader
ALKS,Alkermes plc - Ordinary Shares,Nasdaq,0,,nasdaqtrader
ALKT,"Alkami Technology, Inc. - Common Stock",Nasdaq,0,,nasdaqtrader
ALL,Allstate Corporation (The) Common Stock,NYSE,0,,nasdaqtrader
ALLE,Allegion plc Ordinary Shares,NYSE,0,,nasdaqtrader
ALLO,"Allogene Therapeutics, Inc. - Common Stock",Nasdaq,0,,nasdaqtrader
ALLR,"Allarity Therapeutics, Inc. - Common stock",Nasdaq,0,,nasdaqtrader
ALLT,Allot Ltd. - Ordinary Shares,Nasdaq,0,,nasdaqtrader
ALLW,State Street Bridgewater All Weather ETF,Nasdaq,1,,nasdaqtrader
ALLY,Ally Financial Inc. Common Stock,NYSE,0,,nasdaqtrader
ALM,Almonty Industries Inc. - Common Shares,Nasdaq,0,,nasdaqtrader
ALMR,"Alamar Biosciences, Inc. - Class A common stock",Nasdaq,0,,nasdaqtrader
ALMS,Alumis Inc. - Common Stock,Nasdaq,0,,nasdaqtrader
ALMU,"Aeluma, Inc. - Common Stock",Nasdaq,0,,nasdaqtrader
ALNT,Allient Inc. - Common Stock,Nasdaq,0,,nasdaqtrader
ALNY,"Alnylam Pharmaceuticals, Inc. - Common Stock",Nasdaq,0,,nasdaqtrader
ALOV,"Aldabra 4 Liquidity Opportunity Vehicle, Inc. - Class A Ordinary Shares",Nasdaq,0,,nasdaqtrader
ALOVU,"Aldabra 4 Liquidity Opportunity Vehicle, Inc. - Units",Nasdaq,0,,nasdaqtrader
ALOVW,"Aldabra 4 Liquidity Opportunity Vehicle, Inc. - Warrants",Nasdaq,0,,nasdaqtrader
ALOY,REalloys Inc. - Common Stock,Nasdaq,0,,nasdaqtrader
ALP,Alpha Compute Corp  - Ordinary Shares,Nasdaq,0,,nasdaqtrader
ALPS,ALPS Group Inc - Ordinary Share,Nasdaq,0,,nasdaqtrader
ALPX,Alpex Acquisition Corporation - Class A Ordinary Shares,Nasdaq,0,,nasdaqtrader
ALPXR,Alpex Acquisition Corporation - Rights,Nasdaq,0,,nasdaqtrader
ALPXU,Alpex Acquisition Corporation - Units,Nasdaq,0,,nasdaqtrader
ALPXW,Alpex Acquisition Corporation - Warrants,Nasdaq,0,,nasdaqtrader
ALRG,Allspring LT Large Core ETF,NYSE Arca,1,,nasdaqtrader
ALRM,"Alarm.com Holdings, Inc. - Common Stock",Nasdaq,0,,nasdaqtrader
ALRS,Alerus Financial Corporation - Common Stock,Nasdaq,0,,nasdaqtrader
ALSN,"Allison Transmission Holdings, Inc. Common Stock",NYSE,0,,nasdaqtrader
ALT,"Altimmune, Inc. - Common Stock",Nasdaq,0,,nasdaqtrader
ALTG,Alta Equipment Group Inc. Class A Common Stock,NYSE,0,,nasdaqtrader
ALTI,"AlTi Global, Inc. - Class A Common Stock",Nasdaq,0,,nasdaqtrader
ALTL,Pacer Lunt Large Cap Alternator ETF,NYSE Arca,1,,nasdaqtrader
ALTO,"Alto Ingredients, Inc. - Common Stock",Nasdaq,0,,nasdaqtrader
ALTY,Global X Alternative Income ETF,Nasdaq,1,,nasdaqtrader
ALUB,Alussa Energy Acquisition Corp. II Class A Ordinary Shares,NYSE,0,,nasdaqtrader
ALUB.U,"Alussa Energy Acquisition Corp. II Units, each consisting of one Class A ordinary share and one-third of one redeemable warrant",NYSE,0,,nasdaqtrader
ALUB.W,"Alussa Energy Acquisition Corp. II Redeemable Warrants, each whole warrant exercisable for one Class A ordinary share at an exercise price of $11.50 per share",NYSE,0,,nasdaqtrader
ALV,"Autoliv, Inc. Common Stock",NYSE,0,,nasdaqtrader
ALVO,Alvotech - Ordinary Shares,Nasdaq,0,,nasdaqtrader
ALVOW,Alvotech - Warrant,Nasdaq,0,,nasdaqtrader
ALX,"Alexander's, Inc. Common Stock",NYSE,0,,nasdaqtrader
ALXO,ALX Oncology Holdings Inc. - Common Stock,Nasdaq,0,,nasdaqtrader
ALZN,"Alzamend Neuro, Inc. - Common Stock",Nasdaq,0,,nasdaqtrader
AM,Antero Midstream Corporation Common Stock,NYSE,0,,nasdaqtrader
AMA,Defiance Daily Target 2X Long AMAT ETF,Nasdaq,1,,nasdaqtrader
AMAA,Corgi AMZN 2x Daily ETF,Cboe BZX,1,,nasdaqtrader
AMAC,AMR Resources Acquisition Corp - Class A Ordinary Shares,Nasdaq,0,,nasdaqtrader
AMACU,AMR Resources Acquisition Corp - Units,Nasdaq,0,,nasdaqtrader
AMACW,AMR Resources Acquisition Corp - Warrants,Nasdaq,0,,nasdaqtrader
AMAL,Amalgamated Financial Corp. - Common Stock,Nasdaq,0,,nasdaqtrader
AMAN,Amanat Acquisition Corp - Class A Ordinary Shares,Nasdaq,0,,nasdaqtrader
AMAT,"Applied Materials, Inc. - Common Stock",Nasdaq,0,,nasdaqtrader
AMAU,Leverage Shares 2X Long AMAT Daily ETF,Cboe BZX,1,,nasdaqtrader
AMAX,Adaptive Hedged Multi-Asset Income ETF,NYSE Arca,1,,nasdaqtrader
AMBA,"Ambarella, Inc. - Ordinary Shares",Nasdaq,0,,nasdaqtrader
AMBO,Ambow Education Holding Ltd. American Depository Shares (each representing twenty (20) Class A Ordinary Shares),NYSE American,0,,nasdaqtrader
AMBP,Ardagh Metal Packaging S.A. Ordinary Shares,NYSE,0,,nasdaqtrader
AMBQ,"Ambiq Micro, Inc. Common Stock",NYSE,0,,nasdaqtrader
AMBR,Amber International Holding Limited - American Depositary Shares,Nasdaq,0,,nasdaqtrader
AMC,"AMC Entertainment Holdings, Inc. Class A Common Stock",NYSE,0,,nasdaqtrader
AMCI,AMC Robotics Corporation - Common Stock,Nasdaq,0,,nasdaqtrader
AMCR,Amcor plc Ordinary Shares,NYSE,0,,nasdaqtrader
AMCX,AMC Global Media Inc. - Class A Common Stock,Nasdaq,0,,nasdaqtrader
AMD,"Advanced Micro Devices, Inc. - Common Stock",Nasdaq,0,,nasdaqtrader
AMDC,Corgi AMD 2x Daily ETF,Cboe BZX,1,,nasdaqtrader
AMDD,Direxion Daily AMD Bear 1X ETF,Nasdaq,1,,nasdaqtrader
AMDG,Leverage Shares 2X Long AMD Daily ETF,Nasdaq,1,,nasdaqtrader
AMDL,GraniteShares 2x Long AMD Daily ETF,Nasdaq,1,,nasdaqtrader
AMDW,Roundhill AMD WeeklyPay ETF,Cboe BZX,1,,nasdaqtrader
AMDY,Yieldmax AMD Option Income Strategy ETF,NYSE Arca,1,,nasdaqtrader
AME,"AMETEK, Inc.",NYSE,0,,nasdaqtrader
AMEI,Amana Equity Income ETF,Nasdaq,1,,nasdaqtrader
AMEM,Amana Developing World ETF,Nasdaq,1,,nasdaqtrader
AMG,"Affiliated Managers Group, Inc. Common Stock",NYSE,0,,nasdaqtrader
AMGN,Amgen Inc. - Common Stock,Nasdaq,0,,nasdaqtrader
AMGR,Amana Growth ETF,Nasdaq,1,,nasdaqtrader
AMH,American Homes 4 Rent Common Shares of Beneficial Interest,NYSE,0,,nasdaqtrader
AMHI,American Beacon Aberdeen Municipal High Income ETF,NYSE Arca,1,,nasdaqtrader
AMID,Argent Mid Cap ETF,Nasdaq,1,,nasdaqtrader
AMIX,"Autonomix Medical, Inc. - Common Stock",Nasdaq,0,,nasdaqtrader
AMJB,Alerian MLP Index ETN,NYSE Arca,1,,nasdaqtrader
AMKL,Defiance Daily Target 2X Long AMKR ETF,Cboe BZX,1,,nasdaqtrader
AMKR,"Amkor Technology, Inc. - Common Stock",Nasdaq,0,,nasdaqtrader
AMKX,Corgi AMKR 2x Daily ETF,Cboe BZX,1,,nasdaqtrader
AMLP,Alerian MLP ETF,NYSE Arca,1,,nasdaqtrader
AMLX,"Amylyx Pharmaceuticals, Inc. - Common Stock",Nasdaq,0,,nasdaqtrader
AMMO,VistaShares Defense Supercycle ETF,NYSE Arca,1,,nasdaqtrader
AMN,AMN Healthcare Services Inc,NYSE,0,,nasdaqtrader
AMOD,"Alpha Modus Holdings, Inc. - Class A Common Stock",Nasdaq,0,,nasdaqtrader
AMODW,"Alpha Modus Holdings, Inc. - Warrant",Nasdaq,0,,nasdaqtrader
AMOM,QRAFT AI-Enhanced U.S. Large Cap Momentum ETF,NYSE Arca,1,,nasdaqtrader
AMP,"Ameriprise Financial, Inc. Common Stock",NYSE,0,,nasdaqtrader
AMPG,"Amplitech Group, Inc. - Common Stock",Nasdaq,0,,nasdaqtrader
AMPGZ,"Amplitech Group, Inc. - Series B Right",Nasdaq,0,,nasdaqtrader
AMPH,"Amphastar Pharmaceuticals, Inc. - Common Stock",Nasdaq,0,,nasdaqtrader
AMPL,"Amplitude, Inc. - Class A Common Stock",Nasdaq,0,,nasdaqtrader
AMPU,Defiance Daily Target 2X Long AMPX ETF,Cboe BZX,1,,nasdaqtrader
AMPX,"Amprius Technologies, Inc. Common Stock",NYSE,0,,nasdaqtrader
AMPX.W,"Amprius Technologies, Inc. Warrants to purchase one share of Common Stock at an exercise price of $11.50 per share",NYSE,0,,nasdaqtrader
AMPY,Amplify Energy Corp. Common Stock,NYSE,0,,nasdaqtrader
AMR,"Alpha Metallurgical Resources, Inc. Common Stock",NYSE,0,,nasdaqtrader
AMRC,"Ameresco, Inc. Class A Common Stock",NYSE,0,,nasdaqtrader
AMRN,Amarin Corporation plc - American Depositary Shares,Nasdaq,0,,nasdaqtrader
AMRX,"Amneal Pharmaceuticals, Inc. - Class A Common Stock",Nasdaq,0,,nasdaqtrader
AMRZ,Amrize Ltd Ordinary Shares,NYSE,0,,nasdaqtrader
AMS,American Shared Hospital Services Common Stock,NYSE American,0,,nasdaqtrader
AMSC,American Superconductor Corporation - Common Stock,Nasdaq,0,,nasdaqtrader
AMSF,"AMERISAFE, Inc. - Common Stock",Nasdaq,0,,nasdaqtrader
AMSS,AMASS Brands Inc. - Common Stock,Nasdaq,0,,nasdaqtrader
AMST,Amesite Inc. - Common Stock,Nasdaq,0,,nasdaqtrader
AMT,American Tower Corporation (REIT) Common Stock,NYSE,0,,nasdaqtrader
AMTB,Amerant Bancorp Inc. Class A Common Stock,NYSE,0,,nasdaqtrader
AMTD,"AMTD IDEA Group American Depositary Shares, each representing six (6) Class A Ordinary Shares",NYSE,0,,nasdaqtrader
AMTM,"Amentum Holdings, Inc. Common Stock",NYSE,0,,nasdaqtrader
AMTX,"Aemetis, Inc - Common Stock",Nasdaq,0,,nasdaqtrader
AMUB,"ETRACS Alerian MLP Index ETN Series B due July 18, 2042",NYSE Arca,0,,nasdaqtrader
AMUN,abrdn Ultra Short Municipal Income Active ETF,Nasdaq,1,,nasdaqtrader
AMUU,Direxion Daily AMD Bull 2X ETF,Nasdaq,1,,nasdaqtrader
AMWL,American Well Corporation Class A Common Stock,NYSE,0,,nasdaqtrader
AMX,"America Movil, S.A.B. de C.V. American Depositary Shares (each representing the right to receive twenty (20) Series B Shares",NYSE,0,,nasdaqtrader
AMYY,GraniteShares YieldBOOST AMD ETF,Nasdaq,1,,nasdaqtrader
AMZA,InfraCap MLP ETF,NYSE Arca,1,,nasdaqtrader
AMZD,Direxion Daily AMZN Bear 1X ETF,Nasdaq,1,,nasdaqtrader
AMZG,Leverage Shares 2X Long AMZN Daily ETF,Cboe BZX,1,,nasdaqtrader
AMZN,"Amazon.com, Inc. - Common Stock",Nasdaq,0,,nasdaqtrader
AMZO,Tradr 2X Short AMZN Daily ETF,Cboe BZX,1,,nasdaqtrader
AMZP,Kurv Yield Premium Strategy Amazon (AMZN) ETF,Cboe BZX,1,,nasdaqtrader
AMZU,Direxion Daily AMZN Bull 2X ETF,Nasdaq,1,,nasdaqtrader
AMZW,Roundhill AMZN WeeklyPay ETF,Cboe BZX,1,,nasdaqtrader
AMZY,YieldMax AMZN Option Income Strategy ETF,NYSE Arca,1,,nasdaqtrader
AMZZ,GraniteShares 2x Long AMZN Daily ETF,Nasdaq,1,,nasdaqtrader
AN,"AutoNation, Inc. Common Stock",NYSE,0,,nasdaqtrader
ANAB,"AnaptysBio, Inc. - Common Stock",Nasdaq,0,,nasdaqtrader
ANDE,"The Andersons, Inc. - Common Stock",Nasdaq,0,,nasdaqtrader
ANDG,Andersen Group Inc. Class A Common Stock,NYSE,0,,nasdaqtrader
ANEL,Defiance Daily Target 2x Long ANET ETF,Nasdaq,1,,nasdaqtrader
ANET,"Arista Networks, Inc. Common Stock",NYSE,0,,nasdaqtrader
ANEW,ProShares MSCI Transformational Changes ETF,NYSE Arca,1,,nasdaqtrader
ANF,Abercrombie & Fitch Company Common Stock,NYSE,0,,nasdaqtrader
ANGH,Anghami Inc. - Ordinary Shares,Nasdaq,0,,nasdaqtrader
ANGHW,Anghami Inc. - Warrants,Nasdaq,0,,nasdaqtrader
ANGI,Angi Inc. - Class A Common Stock,Nasdaq,0,,nasdaqtrader
ANGL,VanEck Fallen Angel High Yield Bond ETF,Nasdaq,1,,nasdaqtrader
ANGO,"AngioDynamics, Inc. - Common Stock",Nasdaq,0,,nasdaqtrader
ANGU,SEI Ang Research Enhanced U.S. Large Cap ETF,Nasdaq,1,,nasdaqtrader
ANGX,"Angel Studios, Inc. Class A Common Stock",NYSE,0,,nasdaqtrader
ANIK,Anika Therapeutics Inc. - Common Stock,Nasdaq,0,,nasdaqtrader
ANIP,"ANI Pharmaceuticals, Inc. - Common Stock",Nasdaq,0,,nasdaqtrader
ANIX,"Anixa Biosciences, Inc. - Common Stock",Nasdaq,0,,nasdaqtrader
ANL,Adlai Nortye Group Ltd. - American Depositary Shares,Nasdaq,0,,nasdaqtrader
ANNA,"AleAnna, Inc. - Class A Common Stock",Nasdaq,0,,nasdaqtrader
ANNAW,"AleAnna, Inc. - Warrant",Nasdaq,0,,nasdaqtrader
ANNX,"Annexon, Inc. - common stock",Nasdaq,0,,nasdaqtrader
ANPA,Rich Sparkle Holdings Limited - Ordinary Shares,Nasdaq,0,,nasdaqtrader
ANRO,"Alto Neuroscience, Inc. Common Stock",NYSE,0,,nasdaqtrader
ANTA,Antalpha Platform Holding Company - Class A Ordinary Shares,Nasdaq,0,,nasdaqtrader
ANTW,Anthropic AI Lab Ecosystem ETF,NYSE Arca,1,,nasdaqtrader
ANTX,"AN2 Therapeutics, Inc. - Common Stock",Nasdaq,0,,nasdaqtrader
ANV,GraniteShares Autocallable NVDA ETF,Nasdaq,1,,nasdaqtrader
ANVS,"Annovis Bio, Inc. Common Stock",NYSE,0,,nasdaqtrader
AOA,iShares Core 80/20 Aggressive Allocation ETF,NYSE Arca,1,,nasdaqtrader
AOCT,Innovator Equity Defined Protection ETF - 2 Yr to October 2026,Cboe BZX,1,,nasdaqtrader
AOD,abrdn Total Dynamic Dividend Fund Common Shares of Beneficial Interest,NYSE,0,,nasdaqtrader
AOHY,Angel Oak High Yield Opportunities ETF,Nasdaq,1,,nasdaqtrader
AOK,iShares Core 30/70 Conservative Allocation ETF,NYSE Arca,1,,nasdaqtrader
AOM,iShares Core 40/60 Moderate Allocation ETF,NYSE Arca,1,,nasdaqtrader
AOMD,"Angel Oak Mortgage REIT, Inc. 9.750% Senior Notes due 2030",NYSE,0,,nasdaqtrader
AOMN,"Angel Oak Mortgage REIT, Inc. 9.500% Senior Notes due 2029",NYSE,0,,nasdaqtrader
AOMR,"Angel Oak Mortgage REIT, Inc. Common Stock",NYSE,0,,nasdaqtrader
AON,Aon plc Class A Ordinary Shares (Ireland),NYSE,0,,nasdaqtrader
AOR,iShares Core 60/40 Balanced Allocation ETF,NYSE Arca,1,,nasdaqtrader
AORT,"Artivion, Inc. Common Stock",NYSE,0,,nasdaqtrader
AOS,A.O. Smith Corporation Common Stock,NYSE,0,,nasdaqtrader
AOSL,Alpha and Omega Semiconductor Limited - Common Shares,Nasdaq,0,,nasdaqtrader
AOTG,AOT Growth and Innovation ETF,Nasdaq,1,,nasdaqtrader
AOUT,"American Outdoor Brands, Inc. - Common Stock",Nasdaq,0,,nasdaqtrader
AP,Ampco-Pittsburgh Corporation Common Stock,NYSE,0,,nasdaqtrader
APA,APA Corporation - Common Stock,Nasdaq,0,,nasdaqtrader
APAC,StoneBridge Acquisition II Corporation - Class A Ordinary Shares,Nasdaq,0,,nasdaqtrader
APACR,StoneBridge Acquisition II Corporation - Rights,Nasdaq,0,,nasdaqtrader
APACU,StoneBridge Acquisition II Corporation - Units,Nasdaq,0,,nasdaqtrader
APAM,Artisan Partners Asset Management Inc. Class A Common Stock,NYSE,0,,nasdaqtrader
APC,ARKO Petroleum Corp. - Class A Common Stock,Nasdaq,0,,nasdaqtrader
APCB,ActivePassive Core Bond ETF,NYSE Arca,1,,nasdaqtrader
APD,"Air Products and Chemicals, Inc. Common Stock",NYSE,0,,nasdaqtrader
APDB,Aptus April Deep Buffer ETF,Cboe BZX,1,,nasdaqtrader
APEI,"American Public Education, Inc. - Common Stock",Nasdaq,0,,nasdaqtrader
APG,APi Group Corporation Common Stock,NYSE,0,,nasdaqtrader
APH,Amphenol Corporation Common Stock,NYSE,0,,nasdaqtrader
APHG,Leverage Shares 2X Long APH Daily ETF,Cboe BZX,1,,nasdaqtrader
APHU,T-REX 2X Long APH Daily Target ETF,Cboe BZX,1,,nasdaqtrader
API,"Agora, Inc. - ADS",Nasdaq,0,,nasdaqtrader
APIE,ActivePassive International Equity ETF,NYSE Arca,1,,nasdaqtrader
APLD,Applied Digital Corporation - Common Stock,Nasdaq,0,,nasdaqtrader
APLE,"Apple Hospitality REIT, Inc. Common Shares",NYSE,0,,nasdaqtrader
APLM,Apollomics Inc. - Class A Ordinary Shares,Nasdaq,0,,nasdaqtrader
APLMW,Apollomics Inc. - Warrant,Nasdaq,0,,nasdaqtrader
APLU,Allspring Core Plus ETF,NYSE Arca,1,,nasdaqtrader
APLX,Tradr 2X Long APLD Daily ETF,Cboe BZX,1,,nasdaqtrader
APLY,YieldMax AAPL Option Income Strategy ETF,NYSE Arca,1,,nasdaqtrader
APLZ,Tradr 2X Short APLD Daily ETF,Cboe BZX,1,,nasdaqtrader
APMC,AmperCap Acquisition Company - Ordinary Shares,Nasdaq,0,,nasdaqtrader
APMCR,AmperCap Acquisition Company - Right,Nasdaq,0,,nasdaqtrader
APMCU,AmperCap Acquisition Company - Unit,Nasdaq,0,,nasdaqtrader
APMD,"Apnimed, Inc. - Common Stock",Nasdaq,0,,nasdaqtrader
APMI,Corgi AMAT 2x Daily ETF,Cboe BZX,1,,nasdaqtrader
APMU,ActivePassive Intermediate Municipal Bond ETF,NYSE Arca,1,,nasdaqtrader
APO,"Apollo Global Management, Inc. (New) Common Stock",NYSE,0,,nasdaqtrader
APOC,Innovator Equity Defined Protection ETF - 6mo Apr/Oct,Cboe BZX,1,,nasdaqtrader
APOG,"Apogee Enterprises, Inc. - Common Stock",Nasdaq,0,,nasdaqtrader
APOS,"Apollo Global Management, Inc. 7.625% Fixed-Rate Resettable Junior Subordinated Notes due 2053",NYSE,0,,nasdaqtrader
APP,Applovin Corporation - Class A Common Stock,Nasdaq,0,,nasdaqtrader
APPC,Corgi APP 2x Daily ETF,Cboe BZX,1,,nasdaqtrader
APPF,"AppFolio, Inc. - Class A Common Stock",Nasdaq,0,,nasdaqtrader
APPN,Appian Corporation - Class A Common Stock,Nasdaq,0,,nasdaqtrader
APPS,"Digital Turbine, Inc. - Common Stock",Nasdaq,0,,nasdaqtrader
APPX,Tradr 2X Long APP Daily ETF,Nasdaq,1,,nasdaqtrader
APRB,Aptus April Buffer ETF,Cboe BZX,1,,nasdaqtrader
APRE,"Aprea Therapeutics, Inc. - Common Stock",Nasdaq,0,,nasdaqtrader
APRH,Innovator Premium Income 20 Barrier ETF - April,Cboe BZX,1,,nasdaqtrader
APRJ,Innovator Premium Income 30 Barrier ETF - April,Cboe BZX,1,,nasdaqtrader
APRP,PGIM S&P 500 Buffer 12 ETF - April,Cboe BZX,1,,nasdaqtrader
APRT,AllianzIM U.S. Large Cap Buffer10 Apr ETF,Cboe BZX,1,,nasdaqtrader
APRW,AllianzIM U.S. Large Cap Buffer20 Apr ETF,Cboe BZX,1,,nasdaqtrader
APRZ,TrueShares Structured Outcome (April) ETF,Cboe BZX,1,,nasdaqtrader
APT,"Alpha Pro Tech, Ltd. Common Stock",NYSE American,0,,nasdaqtrader
APTV,Aptiv PLC Ordinary Shares,NYSE,0,,nasdaqtrader
APUE,ActivePassive U.S. Equity ETF,NYSE Arca,1,,nasdaqtrader
APUR,Aperture AC - Class A Ordinary Shares,Nasdaq,0,,nasdaqtrader
APURR,Aperture AC - Rights,Nasdaq,0,,nasdaqtrader
APUS,"Apimeds Pharmaceuticals US, Inc. Common Stock",NYSE American,0,,nasdaqtrader
APVO,Aptevo Therapeutics Inc. - Common Stock,Nasdaq,0,,nasdaqtrader
APWC,"Asia Pacific Wire & Cable Corporation Limited  - Common shares, Par value .01 per share",Nasdaq,0,,nasdaqtrader
APXM,FT Vest U.S. Equity Max Buffer ETF - April,Cboe BZX,1,,nasdaqtrader
APXT,Apex Treasury Corporation - Class A Ordinary Share,Nasdaq,0,,nasdaqtrader
APXTU,Apex Treasury Corporation - Units,Nasdaq,0,,nasdaqtrader
APXTW,Apex Treasury Corporation - Warrants,Nasdaq,0,,nasdaqtrader
APYX,Apyx Medical Corporation - Common Stock,Nasdaq,0,,nasdaqtrader
AQB,"AquaBounty Technologies, Inc. - Common Stock",Nasdaq,0,,nasdaqtrader
AQEC,AQE Core ETF,Cboe BZX,1,,nasdaqtrader
AQLG,HCM Large Cap Growth ETF,Nasdaq,1,,nasdaqtrader
AQLT,iShares MSCI Global Quality Factor ETF,Cboe BZX,1,,nasdaqtrader
AQMS,"Aqua Metals, Inc. - Common Stock",Nasdaq,0,,nasdaqtrader
AQN,Algonquin Power & Utilities Corp. Common Shares,NYSE,0,,nasdaqtrader
AQNB,"Algonquin Power & Utilities Corp. 6.20% Fixed-to-Floating Subordinated Notes Series 2019-A due July 1, 2079",NYSE,0,,nasdaqtrader
AQST,"Aquestive Therapeutics, Inc. - Common Stock",Nasdaq,0,,nasdaqtrader
AQWA,Global X Clean Water ETF,Nasdaq,1,,nasdaqtrader
AR,Antero Resources Corporation Common Stock,NYSE,0,,nasdaqtrader
ARAI,Arrive AI Inc. - Common Stock,Nasdaq,0,,nasdaqtrader
ARAY,Accuray Incorporated - Common Stock,Nasdaq,0,,nasdaqtrader
ARB,AltShares Merger Arbitrage ETF,NYSE Arca,1,,nasdaqtrader
ARBB,ARB IOT Group Limited - Ordinary Shares,Nasdaq,0,,nasdaqtrader
ARBE,Arbe Robotics Ltd. - Ordinary Shares,Nasdaq,0,,nasdaqtrader
ARBEW,Arbe Robotics Ltd. - Warrant,Nasdaq,0,,nasdaqtrader
ARBK,Argo Blockchain plc - American Depositary Shares,Nasdaq,0,,nasdaqtrader
ARCB,ArcBest Corporation - Common Stock,Nasdaq,0,,nasdaqtrader
ARCC,Ares Capital Corporation - Closed End Fund,Nasdaq,0,,nasdaqtrader
ARCI,Archimedes Tech SPAC Partners III Co. - Ordinary Share,Nasdaq,0,,nasdaqtrader
ARCIU,Archimedes Tech SPAC Partners III Co. - Unit,Nasdaq,0,,nasdaqtrader
ARCIW,Archimedes Tech SPAC Partners III Co. - Warrant,Nasdaq,0,,nasdaqtrader
ARCL,ARC Group Acquisition I Corp - Class A Ordinary Shares,Nasdaq,0,,nasdaqtrader
ARCLR,ARC Group Acquisition I Corp - Right,Nasdaq,0,,nasdaqtrader
ARCLU,ARC Group Acquisition I Corp - Unit,Nasdaq,0,,nasdaqtrader
ARCLW,ARC Group Acquisition I Corp - Warrants,Nasdaq,0,,nasdaqtrader
ARCM,Arrow Reserve Capital Management ETF,Cboe BZX,1,,nasdaqtrader
ARCO,Arcos Dorados Holdings Inc. Class A Shares,NYSE,0,,nasdaqtrader
ARCP,Aristotle Core Plus Income ETF,NYSE Arca,1,,nasdaqtrader
ARCT,Arcturus Therapeutics Holdings Inc. - Common Stock,Nasdaq,0,,nasdaqtrader
ARCX,Tradr 2X Long ACHR Daily ETF,Cboe BZX,1,,nasdaqtrader
ARDC,"Ares Dynamic Credit Allocation Fund, Inc. Common Shares",NYSE,0,,nasdaqtrader
ARDT,"Ardent Health, Inc. Common Stock",NYSE,0,,nasdaqtrader
ARDX,"Ardelyx, Inc. - Common Stock",Nasdaq,0,,nasdaqtrader
ARE,"Alexandria Real Estate Equities, Inc. Common Stock",NYSE,0,,nasdaqtrader
AREC,American Resources Corporation - Class A Common Stock,Nasdaq,0,,nasdaqtrader
ARES,Ares Management Corporation Class A Common Stock,NYSE,0,,nasdaqtrader
ARGT,Global X MSCI Argentina ETF,NYSE Arca,1,,nasdaqtrader
ARGX,argenx SE - American Depositary Shares,Nasdaq,0,,nasdaqtrader
ARHS,"Arhaus, Inc. - Class A Common Stock",Nasdaq,0,,nasdaqtrader
ARI,"Apollo Commercial Real Estate Finance, Inc",NYSE,0,,nasdaqtrader
ARIA,ARIA Opportunities ETF,NYSE Arca,1,,nasdaqtrader
ARIS,Aris Mining Corporation Common Shares,NYSE,0,,nasdaqtrader
ARKB,ARK 21Shares Bitcoin ETF,Cboe BZX,1,,nasdaqtrader
ARKD,ARK DIET Q1 Buffer ETF,Cboe BZX,1,,nasdaqtrader
ARKE,ARK DIET Q3 Buffer ETF,Cboe BZX,1,,nasdaqtrader
ARKF,ARK Blockchain & Fintech Innovation ETF,Cboe BZX,1,,nasdaqtrader
ARKG,ARK Genomic Revolution ETF,Cboe BZX,1,,nasdaqtrader
ARKI,ARK DIET Q2 Buffer ETF,Cboe BZX,1,,nasdaqtrader
ARKK,ARK Innovation ETF,Cboe BZX,1,,nasdaqtrader
ARKO,ARKO Corp. - Common Stock,Nasdaq,0,,nasdaqtrader
ARKQ,ARK Autonomous Technology & Robotics ETF,Cboe BZX,1,,nasdaqtrader
ARKR,Ark Restaurants Corp. - Common Stock,Nasdaq,0,,nasdaqtrader
ARKT,ARK DIET Q4 Buffer ETF,Cboe BZX,1,,nasdaqtrader
ARKW,ARK Next Generation Internet ETF,Cboe BZX,1,,nasdaqtrader
ARKX,ARK Space & Defense Innovation ETF,Cboe BZX,1,,nasdaqtrader
ARKY,ARK Active Autocallable Income ETF,Cboe BZX,1,,nasdaqtrader
ARL,"American Realty Investors, Inc. Common Stock",NYSE,0,,nasdaqtrader
ARLI,AllianzIM International Equity Buffer15 Uncapped Apr ETF,Cboe BZX,1,,nasdaqtrader
ARLO,"Arlo Technologies, Inc. Common Stock",NYSE,0,,nasdaqtrader
ARLP,"Alliance Resource Partners, L.P. - Common Units Representing Limited Partnership Interests",Nasdaq,0,,nasdaqtrader
ARLU,AllianzIM U.S. Equity Buffer15 Uncapped Apr ETF,Cboe BZX,1,,nasdaqtrader
ARM,Arm Holdings plc - American Depositary Shares,Nasdaq,0,,nasdaqtrader
ARMA,Corgi ARM 2x Daily ETF,Cboe BZX,1,,nasdaqtrader
ARMG,Leverage Shares 2X Long ARM Daily ETF,Nasdaq,1,,nasdaqtrader
ARMH,Arm Holdings PLC ADRhedged,NYSE Arca,1,,nasdaqtrader
ARMK,Aramark Common Stock,NYSE,0,,nasdaqtrader
ARMP,"Armata Pharmaceuticals, Inc. Common Stock",NYSE American,0,,nasdaqtrader
ARMS,Aristotle Multi-Sector Income ETF,NYSE Arca,1,,nasdaqtrader
ARMW,Roundhill ARM WeeklyPay ETF,Cboe BZX,1,,nasdaqtrader
ARMY,Tema International Defense ETF,Nasdaq,1,,nasdaqtrader
AROC,"Archrock, Inc. Common Stock",NYSE,0,,nasdaqtrader
AROW,Arrow Financial Corporation - Common Stock,Nasdaq,0,,nasdaqtrader
ARP,PMV Adaptive Risk Parity ETF,NYSE Arca,1,,nasdaqtrader
ARQ,"Arq, Inc. - Common Stock",Nasdaq,0,,nasdaqtrader
ARQQ,Arqit Quantum Inc. - Ordinary Shares,Nasdaq,0,,nasdaqtrader
ARQT,"Arcutis Biotherapeutics, Inc. - Common stock",Nasdaq,0,,nasdaqtrader
ARR,"ARMOUR Residential REIT, Inc.",NYSE,0,,nasdaqtrader
ARRY,"Array Technologies, Inc. - Common Stock",Nasdaq,0,,nasdaqtrader
ARTC,Art Technology Acquisition Corp. - Class A Ordinary Shares,Nasdaq,0,,nasdaqtrader
ARTCU,Art Technology Acquisition Corp. - Units,Nasdaq,0,,nasdaqtrader
ARTCW,Art Technology Acquisition Corp. - Warrants,Nasdaq,0,,nasdaqtrader
ARTL,"Artelo Biosciences, Inc. - Common Stock",Nasdaq,0,,nasdaqtrader
ARTNA,Artesian Resources Corporation - Class A Non-Voting Common Stock,Nasdaq,0,,nasdaqtrader
ARTV,"Artiva Biotherapeutics, Inc. - Common Stock",Nasdaq,0,,nasdaqtrader
ARTW,"Art's-Way Manufacturing Co., Inc. - Common Stock",Nasdaq,0,,nasdaqtrader
ARTY,iShares Future AI & Tech ETF,NYSE Arca,1,,nasdaqtrader
ARVN,"Arvinas, Inc. - Common Stock",Nasdaq,0,,nasdaqtrader
ARVR,First Trust Indxx Metaverse ETF,Nasdaq,1,,nasdaqtrader
ARW,"Arrow Electronics, Inc. Common Stock",NYSE,0,,nasdaqtrader
ARWG,Archer Growth ETF,Cboe BZX,1,,nasdaqtrader
ARWR,"Arrowhead Pharmaceuticals, Inc. - Common Stock",Nasdaq,0,,nasdaqtrader
ARX,Accelerant Holdings Class A Common Shares,NYSE,0,,nasdaqtrader
ARXS,"Arxis, Inc. - Class A Common Stock",Nasdaq,0,,nasdaqtrader
AS,"Amer Sports, Inc. Ordinary Shares",NYSE,0,,nasdaqtrader
ASA,ASA  Gold and Precious Metals Limited,NYSE,0,,nasdaqtrader
ASAN,"Asana, Inc. Class A Common Stock",NYSE,0,,nasdaqtrader
ASB,Associated Banc-Corp Common Stock,NYSE,0,,nasdaqtrader
ASBA,Associated Banc-Corp 6.625% Fixed-Rate Reset Subordinated Notes due 2033,NYSE,0,,nasdaqtrader
ASBH,"American Savings Bank, N.A. Common Stock",NYSE,0,,nasdaqtrader
ASBP,"Aspire-Lakewood Holdings, Inc. - Common Stock",Nasdaq,0,,nasdaqtrader
ASBPW,"Aspire-Lakewood Holdings, Inc. - Warrant",Nasdaq,0,,nasdaqtrader
ASC,Ardmore Shipping Corporation Common Stock,NYSE,0,,nasdaqtrader
ASCE,Allspring SMID Core ETF,NYSE Arca,1,,nasdaqtrader
ASCI,abrdn International Small Cap Active ETF,Nasdaq,1,,nasdaqtrader
ASD,Defiance Autism Impact ETF,Nasdaq,1,,nasdaqtrader
ASEA,Global X FTSE Southeast Asia ETF,NYSE Arca,1,,nasdaqtrader
ASEC,American Century Securitized Credit ETF,Nasdaq,1,,nasdaqtrader
ASG,"Liberty All-Star Growth Fund, Inc.",NYSE,0,,nasdaqtrader
ASGI,abrdn Global Infrastructure Income Fund Common Shares of Beneficial Interest,NYSE,0,,nasdaqtrader
ASGI.R,"abrdn Global Infrastructure Income Fund Rights (expiring October 15, 2026) Rights",NYSE,0,,nasdaqtrader
ASGM,Virtus AlphaSimplex Global Macro ETF,NYSE Arca,1,,nasdaqtrader
ASH,Ashland Inc. Common Stock,NYSE,0,,nasdaqtrader
ASHR,Xtrackers Harvest CSI 300 China A-Shares ETF,NYSE Arca,1,,nasdaqtrader
ASHS,Xtrackers Harvest CSI 500 China A-Shares Small Cap ETF,NYSE Arca,1,,nasdaqtrader
ASIA,Matthews Pacific Tiger Active ETF,NYSE Arca,1,,nasdaqtrader
ASIC,Ategrity Specialty Insurance Company Holdings Common Stock,NYSE,0,,nasdaqtrader
ASIX,AdvanSix Inc. Common Stock,NYSE,0,,nasdaqtrader
ASLE,AerSale Corporation - Common Stock,Nasdaq,0,,nasdaqtrader
ASLV,Allspring Special Large Value ETF,NYSE Arca,1,,nasdaqtrader
ASM,Avino Silver & Gold Mines Ltd. Common Shares (Canada),NYSE American,0,,nasdaqtrader
ASMB,"Assembly Biosciences, Inc. - Common Stock",Nasdaq,0,,nasdaqtrader
ASMF,Virtus AlphaSimplex Managed Futures ETF,NYSE Arca,1,,nasdaqtrader
ASMG,Leverage Shares 2X Long ASML Daily ETF,Nasdaq,1,,nasdaqtrader
ASMH,ASML Holding NV ADRhedged,NYSE Arca,1,,nasdaqtrader
ASML,ASML Holding N.V. - New York Registry Shares,Nasdaq,0,,nasdaqtrader
ASMU,Direxion Daily ASML Bull 2X ETF,Nasdaq,1,,nasdaqtrader
ASMZ,Corgi ASML 2x Daily ETF,Cboe BZX,1,,nasdaqtrader
ASND,Ascendis Pharma A/S - Ordinary Share,Nasdaq,0,,nasdaqtrader
ASO,"Academy Sports and Outdoors, Inc. - Common Stock",Nasdaq,0,,nasdaqtrader
ASPC,A SPAC III Acquisition Corp. - Class A Ordinary Shares,Nasdaq,0,,nasdaqtrader
ASPCR,A SPAC III Acquisition Corp. - Right,Nasdaq,0,,nasdaqtrader
ASPCU,A SPAC III Acquisition Corp. - Unit,Nasdaq,0,,nasdaqtrader
ASPI,ASP Isotopes Inc. - Common Stock,Nasdaq,0,,nasdaqtrader
ASPN,"Aspen Aerogels, Inc. Common Stock",NYSE,0,,nasdaqtrader
ASPS,Altisource Portfolio Solutions S.A. - Common Stock,Nasdaq,0,,nasdaqtrader
ASPSW,Altisource Portfolio Solutions S.A. - Net Settle Stakeholder Warrants,Nasdaq,0,,nasdaqtrader
ASPSZ,Altisource Portfolio Solutions S.A. - Cash Exercise Stakeholder Warrants,Nasdaq,0,,nasdaqtrader
ASR,"Grupo Aeroportuario del Sureste, S.A. de C.V. Common Stock",NYSE,0,,nasdaqtrader
ASRV,AmeriServ Financial Inc. - Common Stock,Nasdaq,0,,nasdaqtrader
ASST,"Strive, Inc. - Class A Common Stock",Nasdaq,0,,nasdaqtrader
ASSX,T-REX 2X Long ASST Daily Target ETF,Cboe BZX,1,,nasdaqtrader
ASTC,Astrotech Corporation - Common Stock,Nasdaq,0,,nasdaqtrader
ASTE,"Astec Industries, Inc. - Common Stock",Nasdaq,0,,nasdaqtrader
ASTG,Leverage Shares 2X Long ASTS Daily ETF,Cboe BZX,1,,nasdaqtrader
ASTH,Astrana Health Inc. - Common Stock,Nasdaq,0,,nasdaqtrader
ASTI,"Ascent Solar Technologies, Inc - Common Stock",Nasdaq,0,,nasdaqtrader
ASTL,Algoma Steel Group Inc. - Common Shares,Nasdaq,0,,nasdaqtrader
ASTLW,Algoma Steel Group Inc. - Warrant,Nasdaq,0,,nasdaqtrader
ASTN,Defiance Daily Target 2X Short ASTS ETF,Cboe BZX,1,,nasdaqtrader
ASTS,"AST SpaceMobile, Inc. - Class A Common Stock",Nasdaq,0,,nasdaqtrader
ASTT,Corgi ASTS 2x Daily ETF,Cboe BZX,1,,nasdaqtrader
ASTX,Tradr 2X Long ASTS Daily ETF,Cboe BZX,1,,nasdaqtrader
ASTY,Defiance Daily Target 2X Long ASTS ETF,Cboe BZX,1,,nasdaqtrader
ASUP,T-REX 2X Long ASTS Daily Target ETF,Cboe BZX,1,,nasdaqtrader
ASUR,Asure Software Inc - Common Stock,Nasdaq,0,,nasdaqtrader
ASX,"ASE Technology Holding Co., Ltd. American Depositary Shares (each representing Two Common Shares)",NYSE,0,,nasdaqtrader
ASYS,"Amtech Systems, Inc. - Common Stock",Nasdaq,0,,nasdaqtrader
AT,Defiance Robotics Actuators ETF,Cboe BZX,1,,nasdaqtrader
ATAT,Atour Lifestyle Holdings Limited - American Depositary Shares,Nasdaq,0,,nasdaqtrader
ATC,GraniteShares Autocallable COIN ETF,Nasdaq,1,,nasdaqtrader
ATCH,"AtlasClear Holdings, Inc. Common Stock",NYSE American,0,,nasdaqtrader
ATCL,REX Autocallable Income ETF,NYSE Arca,1,,nasdaqtrader
ATCX,Atlas Critical Minerals Corporation - Common Stock,Nasdaq,0,,nasdaqtrader
ATEC,"Alphatec Holdings, Inc. - Common Stock",Nasdaq,0,,nasdaqtrader
ATEN,"A10 Networks, Inc. Common Stock",NYSE,0,,nasdaqtrader
ATER,"Aterian, Inc. - Common Stock",Nasdaq,0,,nasdaqtrader
ATEX,Anterix Inc. - Common Stock,Nasdaq,0,,nasdaqtrader
ATFV,Alger 35 ETF,NYSE Arca,1,,nasdaqtrader
ATGL,Alpha Technology Group Limited - Class A Ordinary Shares,Nasdaq,0,,nasdaqtrader
ATHE,Alterity Therapeutics Limited - American Depositary Shares,Nasdaq,0,,nasdaqtrader
ATHM,"Autohome Inc. American Depositary Shares, each representing four class A ordinary shares.",NYSE,0,,nasdaqtrader
ATHR,"Aether Holdings, Inc. - Common Stock",Nasdaq,0,,nasdaqtrader
ATHS,Athene Holding Ltd. 7.250% Fixed-Rate Reset Junior Subordinated Debentures due 2064,NYSE,0,,nasdaqtrader
ATI,ATI Inc. Common Stock,NYSE,0,,nasdaqtrader
ATII,Archimedes Tech SPAC Partners II Co. - Ordinary Shares,Nasdaq,0,,nasdaqtrader
ATIIU,Archimedes Tech SPAC Partners II Co. - Unit,Nasdaq,0,,nasdaqtrader
ATIIW,Archimedes Tech SPAC Partners II Co. - Warrant,Nasdaq,0,,nasdaqtrader
ATKR,Atkore Inc. Common Stock,NYSE,0,,nasdaqtrader
ATLC,Atlanticus Holdings Corporation - Common Stock,Nasdaq,0,,nasdaqtrader
ATLCL,Atlanticus Holdings Corporation - 6.125% Senior Notes due 2026,Nasdaq,0,,nasdaqtrader
ATLCP,"Atlanticus Holdings Corporation - 7.625% Series B Cumulative Perpetual Preferred Stock, no par value per share",Nasdaq,0,,nasdaqtrader
ATLCZ,Atlanticus Holdings Corporation - 9.25% Senior Notes due 2029,Nasdaq,0,,nasdaqtrader
ATLO,Ames National Corporation - Common Stock,Nasdaq,0,,nasdaqtrader
ATLQ,JAB Acquisition Corp I - Class A Ordinary Shares,Nasdaq,0,,nasdaqtrader
ATLQR,JAB Acquisition Corp I - Rights,Nasdaq,0,,nasdaqtrader
ATLQU,JAB Acquisition Corp I - Units,Nasdaq,0,,nasdaqtrader
ATLQW,JAB Acquisition Corp I - Warrants,Nasdaq,0,,nasdaqtrader
ATLX,Atlas Lithium Corporation - Common Stock,Nasdaq,0,,nasdaqtrader
ATMP,iPath Select MLP ETN,Cboe BZX,0,,nasdaqtrader
ATMU,Atmus Filtration Technologies Inc. Common Stock,NYSE,0,,nasdaqtrader
ATNI,"ATN International, Inc. - Common Stock",Nasdaq,0,,nasdaqtrader
ATNM,"Actinium Pharmaceuticals, Inc. (Delaware) Common Stock",NYSE American,0,,nasdaqtrader
ATO,Atmos Energy Corporation Common Stock,NYSE,0,,nasdaqtrader
ATOM,Atomera Incorporated - Common Stock,Nasdaq,0,,nasdaqtrader
ATOS,"Atossa Therapeutics, Inc. - Common Stock",Nasdaq,0,,nasdaqtrader
ATPC,Agape ATP Corporation - Common Stock,Nasdaq,0,,nasdaqtrader
ATR,"AptarGroup, Inc. Common Stock",NYSE,0,,nasdaqtrader
ATRA,"Atara Biotherapeutics, Inc. - Common Stock",Nasdaq,0,,nasdaqtrader
ATRC,"AtriCure, Inc. - Common Stock",Nasdaq,0,,nasdaqtrader
ATRO,Astronics Corporation - Common Stock,Nasdaq,0,,nasdaqtrader
ATS,ATS Corporation Common Shares,NYSE,0,,nasdaqtrader
ATTO,"Attovia Therapeutics, Inc. - Common Stock",Nasdaq,0,,nasdaqtrader
ATTR,Arin Tactical Tail Risk ETF,Cboe BZX,1,,nasdaqtrader
ATTT,Atlas Trinity Tech Limited - Ordinary Shares,Nasdaq,0,,nasdaqtrader
ATXG,Addentax Group Corp. - Common Stock,Nasdaq,0,,nasdaqtrader
ATYR,"aTyr Pharma, Inc. - Common Stock",Nasdaq,0,,nasdaqtrader
AU,AngloGold Ashanti PLC Ordinary Shares,NYSE,0,,nasdaqtrader
AUAU,Global X Gold Miners ETF,NYSE Arca,1,,nasdaqtrader
AUB,Atlantic Union Bankshares Corporation Common Stock,NYSE,0,,nasdaqtrader
AUBN,"Auburn National Bancorporation, Inc. - Common Stock",Nasdaq,0,,nasdaqtrader
AUC,ATIF Holdings Limited - Ordinary Shares,Nasdaq,0,,nasdaqtrader
AUDC,AudioCodes Ltd. - Ordinary Shares,Nasdaq,0,,nasdaqtrader
AUGC,Corgi U.S. Equities 10% Structured Buffer ETF - August Series,Cboe BZX,1,,nasdaqtrader
AUGM,FT Vest U.S. Equity Max Buffer ETF - August,Cboe BZX,1,,nasdaqtrader
AUGO,Aura Minerals Inc. - Common Shares,Nasdaq,0,,nasdaqtrader
AUGP,PGIM S&P 500 Buffer 12 ETF - August,Cboe BZX,1,,nasdaqtrader
AUGT,AllianzIM U.S. Large Cap Buffer10 Aug ETF,Cboe BZX,1,,nasdaqtrader
AUGU,AllianzIM U.S. Equity Buffer15 Uncapped Aug ETF,Cboe BZX,1,,nasdaqtrader
AUGW,AllianzIM U.S. Large Cap Buffer20 Aug ETF,Cboe BZX,1,,nasdaqtrader
AUGZ,TrueShares Structured Outcome (August) ETF,Cboe BZX,1,,nasdaqtrader
AUID,authID Inc. - Common Stock,Nasdaq,0,,nasdaqtrader
AUMI,Themes Gold Miners ETF,Nasdaq,1,,nasdaqtrader
AUNA,Auna SA Class A Ordinary Shares,NYSE,0,,nasdaqtrader
AUPH,Aurinia Pharmaceuticals Inc - Common Shares,Nasdaq,0,,nasdaqtrader
AUR,"Aurora Innovation, Inc.  - Class A Common Stock",Nasdaq,0,,nasdaqtrader
AURA,"Aura Biosciences, Inc. - Common Stock",Nasdaq,0,,nasdaqtrader
AURE,Aurelion Inc.  - Class A Ordinary Shares,Nasdaq,0,,nasdaqtrader
AUROW,"Aurora Innovation, Inc.  - Warrant",Nasdaq,0,,nasdaqtrader
AUSF,Global X Adaptive U.S. Factor ETF,NYSE Arca,1,,nasdaqtrader
AUSM,Allspring Ultra Short Municipal ETF,NYSE Arca,1,,nasdaqtrader
AUST,Austin Gold Corp. Common Shares,NYSE American,0,,nasdaqtrader
AUTL,Autolus Therapeutics plc - American Depositary Shares,Nasdaq,0,,nasdaqtrader
AUUD,Auddia Inc. - Common Stock,Nasdaq,0,,nasdaqtrader
AUXX,Gold X2 Mining Inc. Common Shares,NYSE American,0,,nasdaqtrader
AV,Corgi Aerospace & Commercial Aviation ETF,Cboe BZX,1,,nasdaqtrader
AVA,Avista Corporation Common Stock,NYSE,0,,nasdaqtrader
AVAH,Aveanna Healthcare Holdings Inc. - Common Stock,Nasdaq,0,,nasdaqtrader
AVAL,Grupo Aval Acciones y Valores S.A. ADR (Each representing 20 preferred shares),NYSE,0,,nasdaqtrader
AVAT,Avalanche Treasury Corporation - Class A Common Stock,Nasdaq,0,,nasdaqtrader
AVAV,"AeroVironment, Inc. - Common Stock",Nasdaq,0,,nasdaqtrader
AVAZ,2x Avalanche ETF,Cboe BZX,1,,nasdaqtrader
AVBC,"Avidia Bancorp, Inc. Common Stock",NYSE,0,,nasdaqtrader
AVBH,"Avidbank Holdings, Inc. - Common Stock",Nasdaq,0,,nasdaqtrader
AVBP,"ArriVent BioPharma, Inc. - Common Stock",Nasdaq,0,,nasdaqtrader
AVD,American Vanguard Corporation Common Stock ($0.10 Par Value),NYSE,0,,nasdaqtrader
AVDE,Avantis International Equity ETF,NYSE Arca,1,,nasdaqtrader
AVDS,Avantis International Small Cap Equity ETF,NYSE Arca,1,,nasdaqtrader
AVDV,Avantis International Small Cap Value ETF,NYSE Arca,1,,nasdaqtrader
AVEE,Avantis Emerging Markets Small Cap Equity ETF,NYSE Arca,1,,nasdaqtrader
AVEM,Avantis Emerging Markets Equity ETF,NYSE Arca,1,,nasdaqtrader
AVES,Avantis Emerging Markets Value ETF,NYSE Arca,1,,nasdaqtrader
AVEX,AEVEX Corp. Class A Common Stock,NYSE,0,,nasdaqtrader
AVGB,Avantis Credit ETF,Nasdaq,1,,nasdaqtrader
AVGC,Corgi AVGO 2x Daily ETF,Cboe BZX,1,,nasdaqtrader
AVGE,Avantis All Equity Markets ETF,NYSE Arca,1,,nasdaqtrader
AVGG,Leverage Shares 2X Long AVGO Daily ETF,Nasdaq,1,,nasdaqtrader
AVGO,Broadcom Inc. - Common Stock,Nasdaq,0,,nasdaqtrader
AVGU,GraniteShares 2x Long AVGO Daily ETF,Nasdaq,1,,nasdaqtrader
AVGV,Avantis All Equity Markets Value ETF,NYSE Arca,1,,nasdaqtrader
AVGW,Roundhill AVGO WeeklyPay ETF,Cboe BZX,1,,nasdaqtrader
AVGX,Defiance Daily Target 2X Long AVGO ETF,Nasdaq,1,,nasdaqtrader
AVIE,Avantis Inflation Focused Equity ETF,NYSE Arca,1,,nasdaqtrader
AVIG,Avantis Core Fixed Income ETF,NYSE Arca,1,,nasdaqtrader
AVIR,"Atea Pharmaceuticals, Inc. - common stock",Nasdaq,0,,nasdaqtrader
AVIV,Avantis International Large Cap Value ETF,NYSE Arca,1,,nasdaqtrader
AVK,Advent Convertible and Income Fund,NYSE,0,,nasdaqtrader
AVL,Direxion Daily AVGO Bull 2X ETF,Nasdaq,1,,nasdaqtrader
AVLC,Avantis U.S. Large Cap Equity ETF,NYSE Arca,1,,nasdaqtrader
AVLN,Avalyn Pharma Inc. - common stock,Nasdaq,0,,nasdaqtrader
AVLV,Avantis U.S. Large Cap Value ETF,NYSE Arca,1,,nasdaqtrader
AVMA,Avantis Moderate Allocation ETF,NYSE Arca,1,,nasdaqtrader
AVMC,Avantis U.S. Mid Cap Equity ETF,NYSE Arca,1,,nasdaqtrader
AVMU,Avantis Core Municipal Fixed Income ETF,NYSE Arca,1,,nasdaqtrader
AVMV,Avantis U.S. Mid Cap Value ETF,NYSE Arca,1,,nasdaqtrader
AVNC,Avantis All International Core Equity ETF,NYSE Arca,1,,nasdaqtrader
AVNM,Avantis All International Markets Equity ETF,NYSE Arca,1,,nasdaqtrader
AVNT,Avient Corporation Common Stock,NYSE,0,,nasdaqtrader
AVNV,Avantis All International Markets Value ETF,NYSE Arca,1,,nasdaqtrader
AVNW,"Aviat Networks, Inc. - Common Stock",Nasdaq,0,,nasdaqtrader
AVO,"Mission Produce, Inc. - Common Stock",Nasdaq,0,,nasdaqtrader
AVOS,Avos Global Equities ETF,Nasdaq,1,,nasdaqtrader
AVPT,"AvePoint, Inc. - Class A Common Stock",Nasdaq,0,,nasdaqtrader
AVR,Anteris Technologies Global Corp. - Common Stock,Nasdaq,0,,nasdaqtrader
AVRE,Avantis Real Estate ETF,NYSE Arca,1,,nasdaqtrader
AVRY,Avory Foundational ETF,Cboe BZX,1,,nasdaqtrader
AVS,Direxion Daily AVGO Bear 1X ETF,Nasdaq,1,,nasdaqtrader
AVSC,Avantis U.S Small Cap Equity ETF,NYSE Arca,1,,nasdaqtrader
AVSD,Avantis Responsible International Equity ETF,NYSE Arca,1,,nasdaqtrader
AVSE,Avantis Responsible Emerging Markets Equity ETF,NYSE Arca,1,,nasdaqtrader
AVSF,Avantis Short-Term Fixed Income ETF,NYSE Arca,1,,nasdaqtrader
AVSU,Avantis Responsible U.S. Equity ETF,NYSE Arca,1,,nasdaqtrader
AVT,"Avnet, Inc. - Common Stock",Nasdaq,0,,nasdaqtrader
AVTM,Avantis Total Equity Markets ETF,NYSE Arca,1,,nasdaqtrader
AVTR,"Avantor, Inc. Common Stock",NYSE,0,,nasdaqtrader
AVTX,"Avalo Therapeutics, Inc. - Common Stock",Nasdaq,0,,nasdaqtrader
AVUQ,Avantis U.S. Quality ETF,Nasdaq,1,,nasdaqtrader
AVUS,Avantis U.S. Equity ETF,NYSE Arca,1,,nasdaqtrader
AVUV,Avantis U.S. Small Cap Value ETF,NYSE Arca,1,,nasdaqtrader
AVX,Avax One Technology Ltd. - Common Shares,Nasdaq,0,,nasdaqtrader
AVXC,Avantis Emerging Markets ex-China Equity ETF,Nasdaq,1,,nasdaqtrader
AVXL,Anavex Life Sciences Corp. - Common Stock,Nasdaq,0,,nasdaqtrader
AVXX,Defiance Daily Target 2x Long AVAV ETF,Nasdaq,1,,nasdaqtrader
AVY,Avery Dennison Corporation Common Stock,NYSE,0,,nasdaqtrader
AWAY,Amplify Travel Tech ETF,NYSE Arca,1,,nasdaqtrader
AWF,Alliancebernstein Global High Income Fund,NYSE,0,,nasdaqtrader
AWI,Armstrong World Industries Inc Common Stock,NYSE,0,,nasdaqtrader
AWK,"American Water Works Company, Inc. Common Stock",NYSE,0,,nasdaqtrader
AWP,abrdn Global Premier Properties Fund Common Shares of Beneficial Interest,NYSE,0,,nasdaqtrader
AWR,American States Water Company Common Stock,NYSE,0,,nasdaqtrader
AWRE,"Aware, Inc. - Common Stock",Nasdaq,0,,nasdaqtrader
AWX,Avalon Holdings Corporation Common Stock,NYSE American,0,,nasdaqtrader
AX,"Axos Financial, Inc. Common Stock",NYSE,0,,nasdaqtrader
AXG,Solowin Holdings - Class A Ordinary Share,Nasdaq,0,,nasdaqtrader
AXGN,"Axogen, Inc. - Common Stock",Nasdaq,0,,nasdaqtrader
AXIL,"AXIL Brands, Inc. Common Stock",NYSE American,0,,nasdaqtrader
AXIN,Axiom Intelligence Acquisition Corp 1 - Class A Ordinary Shares,Nasdaq,0,,nasdaqtrader
AXINR,Axiom Intelligence Acquisition Corp 1 - Right,Nasdaq,0,,nasdaqtrader
AXINU,Axiom Intelligence Acquisition Corp 1 - Units,Nasdaq,0,,nasdaqtrader
AXON,"Axon Enterprise, Inc. - Common Stock",Nasdaq,0,,nasdaqtrader
AXP,American Express Company Common Stock,NYSE,0,,nasdaqtrader
AXR,AMREP Corporation Common Stock,NYSE,0,,nasdaqtrader
AXS,Axis Capital Holdings Limited Common Stock,NYSE,0,,nasdaqtrader
AXSM,"Axsome Therapeutics, Inc. - Common Stock",Nasdaq,0,,nasdaqtrader
AXTA,Axalta Coating Systems Ltd. Common Shares,NYSE,0,,nasdaqtrader
AXTC,Corgi AXTI 2x Daily ETF,Cboe BZX,1,,nasdaqtrader
AXTI,AXT Inc - Common Stock,Nasdaq,0,,nasdaqtrader
AXTL,Leverage Shares 2X Long AXTI Daily ETF,Cboe BZX,1,,nasdaqtrader
AXTQ,Tradr 2X Short AXTI Daily ETF,Cboe BZX,1,,nasdaqtrader
AXTU,T-REX 2X Long AXTI Daily Target ETF,Cboe BZX,1,,nasdaqtrader
AXTX,Tradr 2X Long AXTI Daily ETF,Cboe BZX,1,,nasdaqtrader
AYA,Aya Gold & Silver Inc. - Common Shares,Nasdaq,0,,nasdaqtrader
AYI,Acuity Inc. Common Stock,NYSE,0,,nasdaqtrader
AYTU,"Aytu BioPharma, Inc.  - Common Stock",Nasdaq,0,,nasdaqtrader
AZ,A2Z Cust2Mate Solutions Corp. - Common Shares,Nasdaq,0,,nasdaqtrader
AZI,Autozi Internet Technology (Global) Ltd. - Class A Ordinary Shares,Nasdaq,0,,nasdaqtrader
AZIO,"Azio AI Holdings, Inc. - Common stock",Nasdaq,0,,nasdaqtrader
AZN,AstraZeneca PLC Ordinary Shares,NYSE,0,,nasdaqtrader
AZO,"AutoZone, Inc. Common Stock",NYSE,0,,nasdaqtrader
AZTA,"Azenta, Inc. - Common Stock",Nasdaq,0,,nasdaqtrader
AZTD,Aztlan Global Stock Selection DM SMID ETF,NYSE Arca,1,,nasdaqtrader
AZTR,Azitra Inc Common Stock,NYSE American,0,,nasdaqtrader
AZUL,"Azul S.A. American Depositary Shares, each representing two (2) Common Shares",NYSE,0,,nasdaqtrader
AZYY,GraniteShares YieldBoost AMZN ETF,Nasdaq,1,,nasdaqtrader
AZZ,AZZ Inc.,NYSE,0,,nasdaqtrader
B,Barrick Mining Corporation Common Shares,NYSE,0,,nasdaqtrader
BA,Boeing Company (The) Common Stock,NYSE,0,,nasdaqtrader
BAB,Invesco Taxable Municipal Bond ETF,NYSE Arca,1,,nasdaqtrader
BABA,Alibaba Group Holding Limited American Depositary Shares each representing eight Ordinary share,NYSE,0,,nasdaqtrader
BABC,Corgi BABA 2x Daily ETF,Cboe BZX,1,,nasdaqtrader
BABO,YieldMax BABA Option Income Strategy ETF,NYSE Arca,1,,nasdaqtrader
BABU,Direxion Daily BABA Bull 2X ETF,Nasdaq,1,,nasdaqtrader
BABW,Roundhill BABA WeeklyPay ETF,Cboe BZX,1,,nasdaqtrader
BABX,GraniteShares 2x Long BABA Daily ETF,Nasdaq,1,,nasdaqtrader
BAC,Bank of America Corporation Common Stock,NYSE,0,,nasdaqtrader
BACC,Blue Acquisition Corp. - Class A Ordinary Shares,Nasdaq,0,,nasdaqtrader
BACCR,Blue Acquisition Corp. - Right,Nasdaq,0,,nasdaqtrader
BACCU,Blue Acquisition Corp. - Unit,Nasdaq,0,,nasdaqtrader
BAER,"Bridger Aerospace Group Holdings, Inc. - Common Stock",Nasdaq,0,,nasdaqtrader
BAERW,"Bridger Aerospace Group Holdings, Inc. - Warrant",Nasdaq,0,,nasdaqtrader
BAFE,Brown Advisory Flexible Equity ETF,Nasdaq,1,,nasdaqtrader
BAFN,BayFirst Financial Corp. - Common Stock,Nasdaq,0,,nasdaqtrader
BAGX,EA Bridgeway Aggressive Investors ETF,Cboe BZX,1,,nasdaqtrader
BAGY,Amplify Bitcoin Max Income Covered Call ETF,Cboe BZX,1,,nasdaqtrader
BAH,Booz Allen Hamilton Holding Corporation Common Stock,NYSE,0,,nasdaqtrader
BAI,iShares A.I. Innovation and Tech Active ETF,NYSE Arca,1,,nasdaqtrader
BAIG,Leverage Shares 2X Long BBAI Daily ETF,Nasdaq,1,,nasdaqtrader
BAIV,Brown Advisory International Value Select ETF,Nasdaq,1,,nasdaqtrader
BAK,Braskem SA ADR,NYSE,0,,nasdaqtrader
BALI,iShares U.S. Large Cap Premium Income Active ETF,Cboe BZX,1,,nasdaqtrader
BALL,Ball Corporation Common Stock,NYSE,0,,nasdaqtrader
BALQ,iShares Nasdaq Premium Income Active ETF,Nasdaq,1,,nasdaqtrader
BALT,Innovator Defined Wealth Shield ETF,Cboe BZX,1,,nasdaqtrader
BALY,Bally's Corporation Common Stock,NYSE,0,,nasdaqtrader
BAM,Brookfield Asset Management Inc Class A Limited Voting Shares,NYSE,0,,nasdaqtrader
BAMA,Brookstone Active ETF,Cboe BZX,1,,nasdaqtrader
BAMB,Brookstone Intermediate Bond ETF,Cboe BZX,1,,nasdaqtrader
BAMD,Brookstone Dividend Stock ETF,Cboe BZX,1,,nasdaqtrader
BAMG,Brookstone Growth Stock ETF,Cboe BZX,1,,nasdaqtrader
BAMO,Brookstone Opportunities ETF,Cboe BZX,1,,nasdaqtrader
BAMU,Brookstone Ultra-Short Bond ETF,Cboe BZX,1,,nasdaqtrader
BAMV,Brookstone Value Stock ETF,Cboe BZX,1,,nasdaqtrader
BAMY,Brookstone Yield ETF,Cboe BZX,1,,nasdaqtrader
BANC,"Banc of California, Inc. Common Stock",NYSE,0,,nasdaqtrader
BAND,Bandwidth Inc. - Class A Common Stock,Nasdaq,0,,nasdaqtrader
BANF,BancFirst Corporation - Common Stock,Nasdaq,0,,nasdaqtrader
BANFP,BancFirst Corporation - 7.2% Cumulative Trust Preferred Securities,Nasdaq,0,,nasdaqtrader
BANL,CBL International Limited - Class B Ordinary Shares,Nasdaq,0,,nasdaqtrader
BANR,Banner Corporation - Common Stock,Nasdaq,0,,nasdaqtrader
BANX,ArrowMark Financial Corp. - Closed End Fund,Nasdaq,0,,nasdaqtrader
BAOS,Baosheng Media Group Holdings Limited - Ordinary shares,Nasdaq,0,,nasdaqtrader
BAP,Credicorp Ltd. Common Stock,NYSE,0,,nasdaqtrader
BAPR,Innovator U.S. Equity Buffer ETF - April,Cboe BZX,1,,nasdaqtrader
BAR,GraniteShares Gold Trust Shares of Beneficial Interest,NYSE Arca,0,,nasdaqtrader
BARK,"BARK, Inc. Class A Common Stock",NYSE,0,,nasdaqtrader
BASG,Brown Advisory Sustainable Growth ETF,Nasdaq,1,,nasdaqtrader
BASV,Brown Advisory Sustainable Value ETF,Nasdaq,1,,nasdaqtrader
BATL,Battalion Oil Corporation Common Stock,NYSE American,0,,nasdaqtrader
BATRA,"Atlanta Braves Holdings, Inc. - Series A Common Stock",Nasdaq,0,,nasdaqtrader
BATRK,"Atlanta Braves Holdings, Inc. - Series C Common Stock",Nasdaq,0,,nasdaqtrader
BATT,Amplify Lithium & Battery Technology ETF,NYSE Arca,1,,nasdaqtrader
BAUG,Innovator U.S. Equity Buffer ETF - August,Cboe BZX,1,,nasdaqtrader
BAVA,Common Shares of Beneficial Interest of Bitwise Avalanche ETF,NYSE Arca,1,,nasdaqtrader
BAX,Baxter International Inc. Common Stock,NYSE,0,,nasdaqtrader
BAY,Corgi Bay Area Based ETF,Cboe BZX,1,,nasdaqtrader
BB,BlackBerry Limited Common Stock,NYSE,0,,nasdaqtrader
BBAG,JPMorgan BetaBuilders U.S. Aggregate Bond ETF,Cboe BZX,1,,nasdaqtrader
BBAI,"BigBear.ai, Inc. Common Stock",NYSE,0,,nasdaqtrader
BBAI.W,"BigBear.ai, Inc. Redeemable Warrants, each exercisable for one share of Common Stock at an exercise price of $11.50 per share",NYSE,0,,nasdaqtrader
BBAR,Banco BBVA Argentina S.A. ADS,NYSE,0,,nasdaqtrader
BBAX,JPMorgan BetaBuilders Developed Asia Pacific-ex Japan ETF,Cboe BZX,1,,nasdaqtrader
BBB,CYBER HORNET S&P 500 and Bitcoin 75/25 Strategy ETF,Nasdaq,1,,nasdaqtrader
BBBI,BondBloxx BBB Rated 5-10 Year Corporate Bond ETF,NYSE Arca,1,,nasdaqtrader
BBBL,BondBloxx BBB Rated 10+ Year Corporate Bond ETF,NYSE Arca,1,,nasdaqtrader
BBBS,BondBloxx BBB Rated 1-5 Year Corporate Bond ETF,NYSE Arca,1,,nasdaqtrader
BBBYW,"Neighborhood Intelligence, Inc.  - Warrant",Nasdaq,0,,nasdaqtrader
BBC,Virtus Biotech Clinical Trials ETF,NYSE Arca,1,,nasdaqtrader
BBCA,JPMorgan BetaBuilders Canada ETF,Cboe BZX,1,,nasdaqtrader
BBCB,JPMorgan BetaBuilders USD Investment Grade Corporate Bond ETF,Cboe BZX,1,,nasdaqtrader
BBCP,"Concrete Pumping Holdings, Inc.  - Common Stock",Nasdaq,0,,nasdaqtrader
BBD,Banco Bradesco Sa American Depositary Shares,NYSE,0,,nasdaqtrader
BBDC,"Barings BDC, Inc. Common Stock",NYSE,0,,nasdaqtrader
BBDO,Banco Bradesco Sa American Depositary Shares (each representing one Common Share),NYSE,0,,nasdaqtrader
BBEM,JPMorgan BetaBuilders Emerging Markets Equity ETF,Cboe BZX,1,,nasdaqtrader
BBEU,JPMorgan BetaBuilders Europe ETF,Cboe BZX,1,,nasdaqtrader
BBGI,"Beasley Broadcast Group, Inc. - Class A Common Stock",Nasdaq,0,,nasdaqtrader
BBH,VanEck Biotech ETF,Nasdaq,1,,nasdaqtrader
BBHL,BBH Select Large Cap ETF,NYSE Arca,1,,nasdaqtrader
BBHM,BBH Select Mid Cap ETF,NYSE Arca,1,,nasdaqtrader
BBHY,JPMorgan BetaBuilders USD High Yield Corporate Bond ETF,Cboe BZX,1,,nasdaqtrader
BBIB,JPMorgan BetaBuilders U.S. Treasury Bond 3-10 Year ETF,Cboe BZX,1,,nasdaqtrader
BBIN,JPMorgan BetaBuilders International Equity ETF,Cboe BZX,1,,nasdaqtrader
BBIO,"BridgeBio Pharma, Inc. - Common Stock",Nasdaq,0,,nasdaqtrader
BBJP,JPMorgan BetaBuilders Japan ETF,Cboe BZX,1,,nasdaqtrader
BBLB,JPMorgan BetaBuilders U.S. Treasury Bond 20+ Year ETF,Cboe BZX,1,,nasdaqtrader
BBLG,Bone Biologics Corp - Common Stock,Nasdaq,0,,nasdaqtrader
BBLGW,Bone Biologics Corp - warrants,Nasdaq,0,,nasdaqtrader
BBLS,Munificent Seven ETF,NYSE Arca,1,,nasdaqtrader
BBLU,EA Bridgeway Blue Chip ETF,NYSE Arca,1,,nasdaqtrader
BBMC,JPMorgan BetaBuilders U.S. Mid Cap Equity ETF,Cboe BZX,1,,nasdaqtrader
BBN,BlackRock Taxable Municipal Bond Trust Common Shares of Beneficial Interest,NYSE,0,,nasdaqtrader
BBNX,"Beta Bionics, Inc. - Common Stock",Nasdaq,0,,nasdaqtrader
BBOT,"BridgeBio Oncology Therapeutics, Inc. - Common Stock",Nasdaq,0,,nasdaqtrader
BBP,Virtus Biotech ETF,NYSE Arca,1,,nasdaqtrader
BBRE,JPMorgan BetaBuilders MSCI U.S. REIT ETF,Cboe BZX,1,,nasdaqtrader
BBSB,JPMorgan BetaBuilders U.S. Treasury Bond 1-3 Year ETF,Cboe BZX,1,,nasdaqtrader
BBSC,JPMorgan BetaBuilders U.S. Small Cap Equity ETF,Cboe BZX,1,,nasdaqtrader
BBSI,"Barrett Business Services, Inc. - Common Stock",Nasdaq,0,,nasdaqtrader
BBT,Beacon Financial Corporation Common stock,NYSE,0,,nasdaqtrader
BBUC,Brookfield Business Corporation Class A Subordinate Voting Shares,NYSE,0,,nasdaqtrader
BBUL,GraniteShares 2x Long BB Daily ETF,Nasdaq,1,,nasdaqtrader
BBUS,JPMorgan BetaBuilders U.S. Equity ETF,Cboe BZX,1,,nasdaqtrader
BBVA,Banco Bilbao Vizcaya Argentaria S.A. Common Stock,NYSE,0,,nasdaqtrader
BBW,"Build-A-Bear Workshop, Inc. Common Stock",NYSE,0,,nasdaqtrader
BBWI,"Bath & Body Works, Inc.",NYSE,0,,nasdaqtrader
BBY,"Best Buy Co., Inc. Common Stock",NYSE,0,,nasdaqtrader
BBYY,GraniteShares YieldBOOST BABA ETF,Nasdaq,1,,nasdaqtrader
BC,Brunswick Corporation Common Stock,NYSE,0,,nasdaqtrader
BCAL,California BanCorp - Common Stock,Nasdaq,0,,nasdaqtrader
BCAT,BlackRock Capital Allocation Term Trust Common Shares of Beneficial Interest,NYSE,0,,nasdaqtrader
BCAT.V,"BlackRock Capital Allocation Term Trust Rights (expiring October 21, 2026) Rights when issued",NYSE,0,,nasdaqtrader
BCAX,Bicara Therapeutics Inc. - Common Stock,Nasdaq,0,,nasdaqtrader
BCBP,"BCB Bancorp, Inc. (NJ) - Common Stock",Nasdaq,0,,nasdaqtrader
BCC,"Boise Cascade, L.L.C. Common Stock",NYSE,0,,nasdaqtrader
BCCC,Global X Bitcoin Covered Call ETF,Cboe BZX,1,,nasdaqtrader
BCCQ,Bleichroeder Acquisition Corp. III - Class A Ordinary Shares,Nasdaq,0,,nasdaqtrader
BCCQU,Bleichroeder Acquisition Corp. III - Units,Nasdaq,0,,nasdaqtrader
BCCQW,Bleichroeder Acquisition Corp. III - Warrant,Nasdaq,0,,nasdaqtrader
BCD,abrdn Bloomberg All Commodity Longer Dated Strategy K-1 Free ETF,NYSE Arca,1,,nasdaqtrader
BCDA,"BioCardia, Inc. - Common Stock",Nasdaq,0,,nasdaqtrader
BCDF,Horizon Kinetics Blockchain Development ETF,NYSE Arca,1,,nasdaqtrader
BCE,"BCE, Inc. Common Stock",NYSE,0,,nasdaqtrader
BCEM,Baron Emerging Markets Select ETF,NYSE,1,,nasdaqtrader
BCFN,Baron Financials ETF,Nasdaq,1,,nasdaqtrader
BCG,"Binah Capital Group, Inc. - Common Stock",Nasdaq,0,,nasdaqtrader
BCGD,Baron Global Durable Advantage ETF,NYSE,1,,nasdaqtrader
BCGS,Bancreek Global Select ETF,NYSE Arca,1,,nasdaqtrader
BCGWW,"Binah Capital Group, Inc. - Warrants",Nasdaq,0,,nasdaqtrader
BCH,Banco De Chile ADS,NYSE,0,,nasdaqtrader
BCHP,Principal Focused Blue Chip ETF,Cboe BZX,1,,nasdaqtrader
BCHT,Birchtech Corp. Common Stock,NYSE American,0,,nasdaqtrader
BCI,abrdn Bloomberg All Commodity Strategy K-1 Free ETF,NYSE Arca,1,,nasdaqtrader
BCIC,BCP Investment Corporation - Closed End Fund,Nasdaq,0,,nasdaqtrader
BCIL,Bancreek International Large Cap ETF,NYSE Arca,1,,nasdaqtrader
BCKT,LifeX 2030 Income Bucket ETF,Cboe BZX,1,,nasdaqtrader
BCLO,iShares BBB-B CLO Active ETF,Nasdaq,1,,nasdaqtrader
BCML,BayCom Corp - Common Stock,Nasdaq,0,,nasdaqtrader
BCO,Brinks Company (The) Common Stock,NYSE,0,,nasdaqtrader
BCOM,Rareview Bloomberg Commodity Index ETF,Cboe BZX,1,,nasdaqtrader
BCOR,Grayscale Bitcoin Adopters ETF,NYSE Arca,1,,nasdaqtrader
BCPC,Balchem Corporation - Common Stock,Nasdaq,0,,nasdaqtrader
BCPL,BNY Mellon Core Plus ETF,NYSE Arca,1,,nasdaqtrader
BCRX,"BioCryst Pharmaceuticals, Inc. - Common Stock",Nasdaq,0,,nasdaqtrader
BCS,Barclays PLC Common Stock,NYSE,0,,nasdaqtrader
BCSF,"Bain Capital Specialty Finance, Inc. Common Stock",NYSE,0,,nasdaqtrader
BCSM,Baron SMID Cap ETF,NYSE,1,,nasdaqtrader
BCSS,Bain Capital GSS Investment Corp. Class A Ordinary Shares,NYSE,0,,nasdaqtrader
BCSS.U,"Bain Capital GSS Investment Corp. Units, each consisting of one Class A Ordinary Share and one-fifth of one redeemable warrant",NYSE,0,,nasdaqtrader
BCSS.W,"Bain Capital GSS Investment Corp. Redeemable warrants, each whole warrant exercisable for one Class A ordinary share at an exercise price of $11.50",NYSE,0,,nasdaqtrader
BCTK,Baron Technology ETF,Nasdaq,1,,nasdaqtrader
BCTX,BriaCell Therapeutics Corp. - Common Shares,Nasdaq,0,,nasdaqtrader
BCTXL,BriaCell Therapeutics Corp. - Warrants,Nasdaq,0,,nasdaqtrader
BCTXZ,BriaCell Therapeutics Corp. - Warrant,Nasdaq,0,,nasdaqtrader
BCUS,Bancreek U.S. Large Cap ETF,NYSE Arca,1,,nasdaqtrader
BCV,"Bancroft Fund, Ltd.",NYSE American,0,,nasdaqtrader
BCX,BlackRock Resources Common Shares of Beneficial Interest,NYSE,0,,nasdaqtrader
BCYC,Bicycle Therapeutics plc - American Depositary Shares,Nasdaq,0,,nasdaqtrader
BD,Russell Investments Core Plus Bond ETF,NYSE Arca,1,,nasdaqtrader
BDBT,Bluemonte Core Bond ETF,NYSE Arca,1,,nasdaqtrader
BDC,Belden Inc Common Stock,NYSE,0,,nasdaqtrader
BDCI,BTC Development Corp. - Class A Ordinary Shares,Nasdaq,0,,nasdaqtrader
BDCIU,BTC Development Corp. - Unit,Nasdaq,0,,nasdaqtrader
BDCIW,BTC Development Corp. - Warrant,Nasdaq,0,,nasdaqtrader
BDCX,"ETRACS Quarterly Pay 1.5x Leveraged MarketVector BDC Liquid Index ETN due June 10, 2050",NYSE Arca,1,,nasdaqtrader
BDCZ,"ETRACS MarketVector Business Development Companies Liquid Index ETN due April 26, 2041",NYSE Arca,0,,nasdaqtrader
BDEC,Innovator U.S. Equity Buffer ETF - December,Cboe BZX,1,,nasdaqtrader
BDGS,Bridges Capital Tactical ETF,Nasdaq,1,,nasdaqtrader
BDIV,AAM Brentview Dividend Growth ETF,NYSE Arca,1,,nasdaqtrader
BDJ,Blackrock Enhanced Equity Dividend Trust,NYSE,0,,nasdaqtrader
BDL,"Flanigan's Enterprises, Inc. Common Stock",NYSE American,0,,nasdaqtrader
BDMD,Baird Medical Investment Holdings Ltd - Ordinary Share,Nasdaq,0,,nasdaqtrader
BDMDW,Baird Medical Investment Holdings Ltd - Warrant,Nasdaq,0,,nasdaqtrader
BDN,Brandywine Realty Trust Common Stock,NYSE,0,,nasdaqtrader
BDRX,Biodexa Pharmaceuticals plc - American Depositary Shares,Nasdaq,0,,nasdaqtrader
BDRY,Breakwave Dry Bulk Shipping ETF,NYSE Arca,1,,nasdaqtrader
BDSX,"Biodesix, Inc. - Common Stock",Nasdaq,0,,nasdaqtrader
BDTX,"Black Diamond Therapeutics, Inc. - Common Stock",Nasdaq,0,,nasdaqtrader
BDVG,IMGP Berkshire Dividend Growth ETF,NYSE Arca,1,,nasdaqtrader
BDVL,iShares Disciplined Volatility Equity Active ETF,Nasdaq,1,,nasdaqtrader
BDX,"Becton, Dickinson and Company Common Stock",NYSE,0,,nasdaqtrader
BDYN,iShares Dynamic Equity Active ETF,Nasdaq,1,,nasdaqtrader
BE,Bloom Energy Corporation Class A Common Stock,NYSE,0,,nasdaqtrader
BEAG,Bold Eagle Acquisition Corp. - Class A Ordinary Shares,Nasdaq,0,,nasdaqtrader
BEAGR,Bold Eagle Acquisition Corp. - Right,Nasdaq,0,,nasdaqtrader
BEAGU,Bold Eagle Acquisition Corp. - Units,Nasdaq,0,,nasdaqtrader
BEAM,Beam Therapeutics Inc. - Common Stock,Nasdaq,0,,nasdaqtrader
BEAT,"Heartbeam, Inc. - Common Stock",Nasdaq,0,,nasdaqtrader
BEATW,"Heartbeam, Inc. - Warrant",Nasdaq,0,,nasdaqtrader
BEBE,TGE Value Creative Solutions Corp Class A Ordinary Shares,NYSE,0,,nasdaqtrader
BEBE.U,"TGE Value Creative Solutions Corp Units, each consisting of one Class A ordinary share and one-half of one redeemable warrant",NYSE,0,,nasdaqtrader
BEBE.W,"TGE Value Creative Solutions Corp Redeemable warrants, each whole warrant exercisable for one Class A ordinary share at an exercise price of $11.50 per share",NYSE,0,,nasdaqtrader
BEC,Corgi BE 2x Daily ETF,Cboe BZX,1,,nasdaqtrader
BEDY,BNY Mellon Enhanced Dividend and Income ETF,Nasdaq,1,,nasdaqtrader
BEEM,Beam Global - Common Stock,Nasdaq,0,,nasdaqtrader
BEEP,Mobile Infrastructure Corporation - Common Stock,Nasdaq,0,,nasdaqtrader
BEEX,The Beehive ETF,Nasdaq,1,,nasdaqtrader
BEEZ,Honeytree U.S. Equity ETF,Nasdaq,1,,nasdaqtrader
BEG,Leverage Shares 2x Long BE Daily ETF,Nasdaq,1,,nasdaqtrader
BEGS,Rareview 2x Bull Cryptocurrency & Precious Metals ETF,Cboe BZX,1,,nasdaqtrader
BEKE,KE Holdings Inc American Depositary Shares (each representing three Class A Ordinary Shares),NYSE,0,,nasdaqtrader
BELFA,Bel Fuse Inc. - Class A Common Stock,Nasdaq,0,,nasdaqtrader
BELFB,Bel Fuse Inc. - Class B Common Stock,Nasdaq,0,,nasdaqtrader
BEMB,iShares J.P. Morgan Broad USD Emerging Markets Bond ETF,Cboe BZX,1,,nasdaqtrader
BEMD,BNY Mellon Emerging Markets Debt ETF,Cboe BZX,1,,nasdaqtrader
BEN,"Franklin Templeton, Inc. Common Stock",NYSE,0,,nasdaqtrader
BENF,Beneficient - Class A Common Stock,Nasdaq,0,,nasdaqtrader
BENFW,Beneficient - Warrant,Nasdaq,0,,nasdaqtrader
BENJ,Horizon Landmark ETF,NYSE Arca,1,,nasdaqtrader
BEP,Brookfield Renewable Partners L.P. Limited Partnership Units,NYSE,0,,nasdaqtrader
BEPC,Brookfield Renewable Corporation Brookfield Renewable Corporation Class A Subordinate Voting Shares,NYSE,0,,nasdaqtrader
BEPH,Brookfield BRP Holdings (Canada) Inc. 4.625% Perpetual Subordinated Notes,NYSE,0,,nasdaqtrader
BEPI,Brookfield BRP Holdings (Canada) Inc. 4.875% Perpetual Subordinated Notes,NYSE,0,,nasdaqtrader
BEPJ,Brookfield BRP Holdings (Canada) Inc. 7.250% Perpetual Subordinated Notes,NYSE,0,,nasdaqtrader
BERZ,MicroSectors FANG & Innovation -3x Inverse Leveraged ETN,NYSE Arca,1,,nasdaqtrader
BESF,Bastion Energy ETF,Cboe BZX,1,,nasdaqtrader
BESO,GSR Crypto Core3 ETF,Nasdaq,1,,nasdaqtrader
BESS,Bimergen Energy Corporation Common Stock,NYSE American,0,,nasdaqtrader
BESS.W,"Bimergen Energy Corporation Warrants, each share exercisable to purchase one share of Common Stock",NYSE American,0,,nasdaqtrader
BETA,"Beta Technologies, Inc. Class A Common Stock",NYSE,0,,nasdaqtrader
BETE,ProShares Bitcoin & Ether Equal Weight ETF,NYSE Arca,1,,nasdaqtrader
BETH,ProShares Bitcoin & Ether Market Cap Weight ETF,NYSE Arca,1,,nasdaqtrader
BETR,Better Home & Finance Holding Company - Class A Common Stock,Nasdaq,0,,nasdaqtrader
BETRW,Better Home & Finance Holding Company - Warrant,Nasdaq,0,,nasdaqtrader
BETZ,Roundhill Sports Betting & iGaming ETF,NYSE Arca,1,,nasdaqtrader
BEX,Tradr 2X Long BE Daily ETF,Cboe BZX,1,,nasdaqtrader
BEZ,Tradr 2X Short BE Daily ETF,Cboe BZX,1,,nasdaqtrader
BF.A,Brown Forman Inc Class A Common Stock,NYSE,0,,nasdaqtrader
BF.B,Brown Forman Inc Class B Common Stock,NYSE,0,,nasdaqtrader
BFAM,Bright Horizons Family Solutions Inc. Common Stock,NYSE,0,,nasdaqtrader
BFAP,FT Vest Bitcoin Strategy Floor15 ETF April,NYSE Arca,1,,nasdaqtrader
BFC,Bank First Corporation - Common Stock,Nasdaq,0,,nasdaqtrader
BFEB,Innovator U.S. Equity Buffer ETF - February,Cboe BZX,1,,nasdaqtrader
BFEW,FT Vest Laddered U.S. Equity Equal Weight Buffer ETF,Cboe BZX,1,,nasdaqtrader
BFH,"Bread Financial Holdings, Inc. Common Stock",NYSE,0,,nasdaqtrader
BFIX,Build Bond Innovation ETF,NYSE Arca,1,,nasdaqtrader
BFJA,FT Vest Bitcoin Strategy Floor15 ETF - January,NYSE Arca,1,,nasdaqtrader
BFJL,FT Vest Bitcoin Strategy Floor15 ETF July,NYSE Arca,1,,nasdaqtrader
BFLB,BufferLABS US Equity Dynamic Buffer ETF,Cboe BZX,1,,nasdaqtrader
BFLX,iShares Flexible Equity Active ETF,Nasdaq,1,,nasdaqtrader
BFLY,"Butterfly Network, Inc. Class A Common Stock",NYSE,0,,nasdaqtrader
BFOC,FT Vest Bitcoin Strategy Floor15 ETF - October,NYSE Arca,1,,nasdaqtrader
BFOR,Barron's 400 ETF,NYSE Arca,1,,nasdaqtrader
BFRG,"Bullfrog AI Holdings, Inc. - Common Stock",Nasdaq,0,,nasdaqtrader
BFRGW,"Bullfrog AI Holdings, Inc. - Warrants",Nasdaq,0,,nasdaqtrader
BFRI,Biofrontera Inc. - Common Stock,Nasdaq,0,,nasdaqtrader
BFRIW,Biofrontera Inc. - Warrants,Nasdaq,0,,nasdaqtrader
BFRZ,Innovator Equity Managed 100 Buffer ETF,NYSE Arca,1,,nasdaqtrader
BFS,"Saul Centers, Inc. Common Stock",NYSE,0,,nasdaqtrader
BFST,"Business First Bancshares, Inc. - Common Stock",Nasdaq,0,,nasdaqtrader
BFXU,FT Vest Laddered U.S. Equity Uncapped Accelerator ETF,Cboe BZX,1,,nasdaqtrader
BG,Bunge Limited Common Shares,NYSE,0,,nasdaqtrader
BGB,Blackstone Strategic Credit 2027 Term Fund Common Shares of Beneficial Interest,NYSE,0,,nasdaqtrader
BGC,"BGC Group, Inc. - Class A Common Stock",Nasdaq,0,,nasdaqtrader
BGCG,Baillie Gifford International Concentrated Growth ETF,Nasdaq,1,,nasdaqtrader
BGDE,"Big Digital Energy, Inc. - Common Stock",Nasdaq,0,,nasdaqtrader
BGDV,Bahl & Gaynor Dividend ETF,NYSE Arca,1,,nasdaqtrader
BGEG,Baillie Gifford Emerging Markets ETF,Nasdaq,1,,nasdaqtrader
BGFI,BNY Mellon Global Fixed Income ETF,Cboe BZX,1,,nasdaqtrader
BGGG,Baillie Gifford Long Term Global Growth ETF,Nasdaq,1,,nasdaqtrader
BGH,Barings Global Short Duration High Yield Fund Common Shares of Beneficial Interests,NYSE,0,,nasdaqtrader
BGIA,Baillie Gifford International Alpha ETF,Nasdaq,1,,nasdaqtrader
BGIG,Bahl & Gaynor Income Growth ETF,NYSE Arca,1,,nasdaqtrader
BGIN,Bgin Blockchain Limited - Class A Ordinary Shares,Nasdaq,0,,nasdaqtrader
BGL,Blue Gold Limited - Class A ordinary shares,Nasdaq,0,,nasdaqtrader
BGLC,BioNexus Gene Lab Corp - Common stock,Nasdaq,0,,nasdaqtrader
BGLD,FT Vest Gold Strategy Quarterly Buffer ETF,Cboe BZX,1,,nasdaqtrader
BGLWW,Blue Gold Limited - Warrant,Nasdaq,0,,nasdaqtrader
BGM,BGM Group Ltd. - Class A Ordinary Shares,Nasdaq,0,,nasdaqtrader
BGMS,"Bio Green Med Solution, Inc. - Common Stock",Nasdaq,0,,nasdaqtrader
BGR,BlackRock Energy and Resources Trust,NYSE,0,,nasdaqtrader
BGRN,iShares USD Green Bond ETF,Nasdaq,1,,nasdaqtrader
BGRO,iShares Large Cap Growth Active ETF,Nasdaq,1,,nasdaqtrader
BGS,"B&G Foods, Inc. Common Stock",NYSE,0,,nasdaqtrader
BGSF,"BGSF, Inc. Common Stock",NYSE,0,,nasdaqtrader
BGSI,Boyd Group Services Inc. Common Shares,NYSE,0,,nasdaqtrader
BGT,BlackRock Floating Rate Income Trust,NYSE,0,,nasdaqtrader
BGUS,Baillie Gifford U.S. Equity Growth ETF,Nasdaq,1,,nasdaqtrader
BGX,Blackstone Long Short Credit Income Fund Common Shares,NYSE,0,,nasdaqtrader
BGY,Blackrock Enhanced International Dividend Trust,NYSE,0,,nasdaqtrader
BH,Biglari Holdings Inc. Class B Common Stock,NYSE,0,,nasdaqtrader
BH.A,Biglari Holdings Inc. Class A Common Stock,NYSE,0,,nasdaqtrader
BHAV,BHAV Acquisition Corp - Class A Ordinary Shares,Nasdaq,0,,nasdaqtrader
BHAVR,BHAV Acquisition Corp - Rights,Nasdaq,0,,nasdaqtrader
BHAVU,BHAV Acquisition Corp - Units,Nasdaq,0,,nasdaqtrader
BHB,"Bar Harbor Bankshares, Inc. Common Stock",NYSE American,0,,nasdaqtrader
BHC,Bausch Health Companies Inc. Common Stock,NYSE,0,,nasdaqtrader
BHDG,Nicholas Bitcoin Tail ETF,Nasdaq,1,,nasdaqtrader
BHE,"Benchmark Electronics, Inc. Common Stock",NYSE,0,,nasdaqtrader
BHF,"Brighthouse Financial, Inc. - Common Stock",Nasdaq,0,,nasdaqtrader
BHFAL,"Brighthouse Financial, Inc. - Junior Subordinated Debentures due 2058",Nasdaq,0,,nasdaqtrader
BHFAM,"Brighthouse Financial, Inc. - Depositary shares each representing a 1/1,000th Interest in a Share of 4.625% Non-Cumulative Preferred Stock, Series D",Nasdaq,0,,nasdaqtrader
BHFAN,"Brighthouse Financial, Inc. - depositary shares, each representing a 1/1,000th interest in a share of 5.375% Non-Cumulative Preferred Stock, Series C",Nasdaq,0,,nasdaqtrader
BHFAO,"Brighthouse Financial, Inc. - Depositary Shares, each representing a 1/1,000th interest in a share of 6.750% Non-Cumulative Preferred Stock, Series B",Nasdaq,0,,nasdaqtrader
BHFAP,"Brighthouse Financial, Inc. - Depositary Shares 6.6% Non-Cumulative Preferred Stock, Series A",Nasdaq,0,,nasdaqtrader
BHK,Blackrock Core Bond Trust,NYSE,0,,nasdaqtrader
BHM,"Bluerock Homes Trust, Inc. Class A Common Stock",NYSE American,0,,nasdaqtrader
BHP,BHP Group Limited American Depositary Shares (Each representing two Ordinary Shares),NYSE,0,,nasdaqtrader
BHR,Braemar Hotels & Resorts Inc. Common Stock,NYSE,0,,nasdaqtrader
BHRB,Burke & Herbert Financial Services Corp. - Common Stock,Nasdaq,0,,nasdaqtrader
BHST,BioHarvest Sciences Inc. - Common Stock,Nasdaq,0,,nasdaqtrader
BHV,BlackRock Virginia Municipal Bond Trust,NYSE,0,,nasdaqtrader
BHVN,Biohaven Ltd. Common Shares,NYSE,0,,nasdaqtrader
BHYB,Xtrackers USD High Yield BB-B ex Financials ETF,Cboe BZX,1,,nasdaqtrader
BHYP,Common Shares of Beneficial Interest of Bitwise Hyperliquid ETF,NYSE Arca,1,,nasdaqtrader
BIAF,"bioAffinity Technologies, Inc. - Common Stock",Nasdaq,0,,nasdaqtrader
BIAFW,"bioAffinity Technologies, Inc. - Warrant",Nasdaq,0,,nasdaqtrader
BIB,ProShares Ultra Nasdaq Biotechnology,Nasdaq,1,,nasdaqtrader
BIBL,Inspire 100 ETF,NYSE Arca,1,,nasdaqtrader
BID,Tribeca Strategic Acquisition Corp. - Class A Ordinary Shares,Nasdaq,0,,nasdaqtrader
BIDD,iShares International Dividend Active ETF,NYSE Arca,1,,nasdaqtrader
BIDG,Leverage Shares 2X Long BIDU Daily ETF,Nasdaq,1,,nasdaqtrader
BIDU,"Baidu, Inc. - American Depositary Shares, each representing 8 ordinary share",Nasdaq,0,,nasdaqtrader
BIDWR,Tribeca Strategic Acquisition Corp. - Rights,Nasdaq,0,,nasdaqtrader
BIDWU,Tribeca Strategic Acquisition Corp. - Unit,Nasdaq,0,,nasdaqtrader
BIGY,YieldMax Target 12 Big 50 Option Income ETF,NYSE Arca,1,,nasdaqtrader
BIIB,Biogen Inc. - Common Stock,Nasdaq,0,,nasdaqtrader
BIII,Black Spade Acquisition III Co Class A Ordinary Shares,NYSE,0,,nasdaqtrader
BIII.U,"Black Spade Acquisition III Co Units, each consisting of one Class A ordinary share and one-third of one redeemable warrant",NYSE,0,,nasdaqtrader
BIII.W,"Black Spade Acquisition III Co Redeemable warrants, each whole warrant exercisable for one Class A ordinary share at an exercise price of $11.50",NYSE,0,,nasdaqtrader
BIL,State Street SPDR Bloomberg 1-3 Month T-Bill ETF,NYSE Arca,1,,nasdaqtrader
BILD,Nomura Global Listed Infrastructure ETF,NYSE Arca,1,,nasdaqtrader
BILI,Bilibili Inc. - American Depositary Shares,Nasdaq,0,,nasdaqtrader
BILL,"BILL Holdings, Inc. Common Stock",NYSE,0,,nasdaqtrader
BILS,State Street SPDR Bloomberg 3-12 Month T-Bill ETF,NYSE Arca,1,,nasdaqtrader
BILT,iShares Infrastructure Active ETF,Cboe BZX,1,,nasdaqtrader
BILZ,PIMCO Ultra Short Government Active Exchange-Traded Fund,NYSE Arca,1,,nasdaqtrader
BINC,iShares Flexible Income Active ETF,NYSE Arca,1,,nasdaqtrader
BINT,Bluemonte Global Equity ETF,NYSE Arca,1,,nasdaqtrader
BINV,Brandes International ETF,Cboe BZX,1,,nasdaqtrader
BIO,"Bio-Rad Laboratories, Inc. Class A Common Stock",NYSE,0,,nasdaqtrader
BIO.B,"Bio-Rad Laboratories, Inc. Class B  Common Stock",NYSE,0,,nasdaqtrader
BIOA,"BioAge Labs, Inc. - Common Stock",Nasdaq,0,,nasdaqtrader
BIOT,Instinct Bio Technical Company Holdings Inc. - Common stock,Nasdaq,0,,nasdaqtrader
BIOTW,Instinct Bio Technical Company Holdings Inc. - Warrants,Nasdaq,0,,nasdaqtrader
BIOX,Bioceres Crop Solutions Corp. - Ordinary Shares,Nasdaq,0,,nasdaqtrader
BIOY,GraniteShares YieldBOOST Biotech ETF,Nasdaq,1,,nasdaqtrader
BIP,Brookfield Infrastructure Partners LP Limited Partnership Units,NYSE,0,,nasdaqtrader
BIPC,Brookfield Infrastructure Corporation Brookfield Infrastructure Corporation,NYSE,0,,nasdaqtrader
BIPH,Brookfield Infrastructure Corporation 5.000% Subordinated Notes due 2081,NYSE,0,,nasdaqtrader
BIPI,BIP Bermuda Holdings I Limited 5.125% Perpetual Subordinated Notes,NYSE,0,,nasdaqtrader
BIPJ,Brookfield Infrastructure Corporation 7.250% Subordinated Notes due 2084,NYSE,0,,nasdaqtrader
BIRD,"Smartbird, Inc. - Class A Common Stock",Nasdaq,0,,nasdaqtrader
BIRK,Birkenstock Holding plc Ordinary Shares,NYSE,0,,nasdaqtrader
BIS,ProShares UltraShort Nasdaq Biotechnology,Nasdaq,1,,nasdaqtrader
BIT,BlackRock Multi-Sector Income Trust Common Shares of Beneficial Interest,NYSE,0,,nasdaqtrader
BITA,iShares Bitcoin Premium Income ETF,Nasdaq,1,,nasdaqtrader
BITB,Bitwise Bitcoin ETF,NYSE Arca,1,,nasdaqtrader
BITC,Bitwise Trendwise Bitcoin and Treasuries Rotation Strategy ETF,NYSE Arca,1,,nasdaqtrader
BITI,ProShares Short Bitcoin ETF,NYSE Arca,1,,nasdaqtrader
BITO,ProShares Bitcoin ETF,NYSE Arca,1,,nasdaqtrader
BITQ,Bitwise Crypto Industry Innovators ETF,NYSE Arca,1,,nasdaqtrader
BITS,Global X Blockchain & Bitcoin Strategy ETF,Nasdaq,1,,nasdaqtrader
BITU,ProShares Ultra Bitcoin ETF,NYSE Arca,1,,nasdaqtrader
BITW,Common Shares of Beneficial Interest,NYSE Arca,1,,nasdaqtrader
BITX,2x Bitcoin ETF,Cboe BZX,1,,nasdaqtrader
BITY,Amplify Bitcoin 2% Monthly Option Income ETF,Cboe BZX,1,,nasdaqtrader
BIV,Vanguard Intermediate-Term Bond ETF,NYSE Arca,1,,nasdaqtrader
BIVI,BioVie Inc. - Common stock,Nasdaq,0,,nasdaqtrader
BIVIW,BioVie Inc. - Warrant,Nasdaq,0,,nasdaqtrader
BIXI,Bitcoin Infrastructure Acquisition Corp Ltd. - Class A Ordinary Shares,Nasdaq,0,,nasdaqtrader
BIXIU,Bitcoin Infrastructure Acquisition Corp Ltd. - Units,Nasdaq,0,,nasdaqtrader
BIXIW,Bitcoin Infrastructure Acquisition Corp Ltd. - Warrants,Nasdaq,0,,nasdaqtrader
BIYA,Baiya International Group Inc.  - Ordinary Shares,Nasdaq,0,,nasdaqtrader
BIZD,VanEck BDC Income ETF,NYSE Arca,1,,nasdaqtrader
BJ,"BJ's Wholesale Club Holdings, Inc. Common Stock",NYSE,0,,nasdaqtrader
BJAN,Innovator U.S. Equity Buffer ETF - January,Cboe BZX,1,,nasdaqtrader
BJDX,"Bluejay Diagnostics, Inc. - Common Stock",Nasdaq,0,,nasdaqtrader
BJRI,"BJ's Restaurants, Inc. - Common Stock",Nasdaq,0,,nasdaqtrader
BJUL,Innovator U.S. Equity Buffer ETF - July,Cboe BZX,1,,nasdaqtrader
BJUN,Innovator U.S. Equity Buffer ETF - June,Cboe BZX,1,,nasdaqtrader
BKAG,BNY Mellon Core Bond ETF,NYSE Arca,1,,nasdaqtrader
BKCG,BNY Mellon Concentrated Growth ETF,NYSE Arca,1,,nasdaqtrader
BKCH,Global X Blockchain ETF,Nasdaq,1,,nasdaqtrader
BKCI,BNY Mellon Concentrated International ETF,NYSE Arca,1,,nasdaqtrader
BKD,Brookdale Senior Living Inc. Common Stock,NYSE,0,,nasdaqtrader
BKDV,BNY Mellon Dynamic Value ETF,NYSE Arca,1,,nasdaqtrader
BKE,"Buckle, Inc. (The) Common Stock",NYSE,0,,nasdaqtrader
BKEM,BNY Mellon Emerging Markets Equity ETF,NYSE Arca,1,,nasdaqtrader
BKF,iShares MSCI BIC ETF,NYSE Arca,1,,nasdaqtrader
BKFI,BNY Mellon Active Core Bond ETF,NYSE Arca,1,,nasdaqtrader
BKGI,BNY Mellon Global Infrastructure Income ETF,Cboe BZX,1,,nasdaqtrader
BKH,Black Hills Corporation Common Stock,NYSE,0,,nasdaqtrader
BKHA,Black Hawk Acquisition Corporation - Class A Ordinary Shares,Nasdaq,0,,nasdaqtrader
BKHAR,Black Hawk Acquisition Corporation - Rights,Nasdaq,0,,nasdaqtrader
BKHAU,Black Hawk Acquisition Corporation - Units,Nasdaq,0,,nasdaqtrader
BKHY,BNY Mellon High Yield ETF,NYSE Arca,1,,nasdaqtrader
BKIE,BNY Mellon International Equity ETF,NYSE Arca,1,,nasdaqtrader
BKKT,"Bakkt, Inc. Class A Common Stock",NYSE,0,,nasdaqtrader
BKKT.W,"Bakkt, Inc. Warrants to purchase Class A Common Stock, each Warrant entitles a holder to purchase 1/25th of a share of Class A common stock at an exercise price of $287.50 for one share",NYSE,0,,nasdaqtrader
BKLC,BNY Mellon US Large Cap Core Equity ETF,NYSE Arca,1,,nasdaqtrader
BKLG,BNY Mellon US Large Cap Equity Growth ETF,NYSE Arca,1,,nasdaqtrader
BKLN,Invesco Senior Loan ETF,NYSE Arca,1,,nasdaqtrader
BKMC,BNY Mellon US Mid Cap Core Equity ETF,NYSE Arca,1,,nasdaqtrader
BKMI,BNY Mellon Municipal Intermediate ETF,Nasdaq,1,,nasdaqtrader
BKMS,BNY Mellon Municipal Short Duration ETF,Nasdaq,1,,nasdaqtrader
BKNG,Booking Holdings Inc. - Common Stock,Nasdaq,0,,nasdaqtrader
BKR,Baker Hughes Company - Common Stock,Nasdaq,0,,nasdaqtrader
BKSE,BNY Mellon US Small Cap Core Equity ETF,NYSE Arca,1,,nasdaqtrader
BKSY,BlackSky Technology Inc. Class A Common Stock,NYSE,0,,nasdaqtrader
BKT,BlackRock Income Trust Inc. (The),NYSE,0,,nasdaqtrader
BKTI,BK Technologies Corporation Common Stock,NYSE American,0,,nasdaqtrader
BKU,"BankUnited, Inc. Common Stock",NYSE,0,,nasdaqtrader
BKUI,BNY Mellon Ultra Short Income ETF,NYSE Arca,1,,nasdaqtrader
BKV,BKV Corporation Common Stock,NYSE,0,,nasdaqtrader
BKYI,"BIO-key International, Inc. - Common Stock",Nasdaq,0,,nasdaqtrader
BL,"BlackLine, Inc. - Common Stock",Nasdaq,0,,nasdaqtrader
BLBD,Blue Bird Corporation - Common Stock,Nasdaq,0,,nasdaqtrader
BLCK,Corgi Crypto Infrastructure ETF,Cboe BZX,1,,nasdaqtrader
BLCO,Bausch + Lomb Corporation Common Shares,NYSE,0,,nasdaqtrader
BLCR,iShares Large Cap Core Active ETF,Nasdaq,1,,nasdaqtrader
BLCV,iShares Large Cap Value Active ETF,NYSE Arca,1,,nasdaqtrader
BLDG,Cambria Global Real Estate ETF,Cboe BZX,1,,nasdaqtrader
BLDP,"Ballard Power Systems, Inc. - Common Shares",Nasdaq,0,,nasdaqtrader
BLDR,"Builders FirstSource, Inc. Common Stock",NYSE,0,,nasdaqtrader
BLDX,Impax Global Sustainable Infrastructure ETF,NYSE Arca,1,,nasdaqtrader
BLES,Inspire Global Hope ETF,NYSE Arca,1,,nasdaqtrader
BLFS,"BioLife Solutions, Inc. - Common Stock",Nasdaq,0,,nasdaqtrader
BLGR,Bluemonte Large Cap Growth ETF,NYSE Arca,1,,nasdaqtrader
BLIN,"Bridgeline Digital, Inc. - Common Stock",Nasdaq,0,,nasdaqtrader
BLIV,BeLive Holdings - ordinary shares,Nasdaq,0,,nasdaqtrader
BLK,"BlackRock, Inc. Common Stock",NYSE,0,,nasdaqtrader
BLKB,"Blackbaud, Inc. - Common Stock",Nasdaq,0,,nasdaqtrader
BLLN,"BillionToOne, Inc. - Class A common stock",Nasdaq,0,,nasdaqtrader
BLMN,"Bloomin' Brands, Inc. - Common Stock",Nasdaq,0,,nasdaqtrader
BLND,"Blend Labs, Inc. Class A Common Stock",NYSE,0,,nasdaqtrader
BLNE,"Beeline Holdings, Inc. - Common Stock",Nasdaq,0,,nasdaqtrader
BLNK,Blink Charging Co. - Common Stock,Nasdaq,0,,nasdaqtrader
BLOK,Amplify Blockchain Technology ETF,NYSE Arca,1,,nasdaqtrader
BLOX,Nicholas Crypto Income ETF,NYSE Arca,1,,nasdaqtrader
BLRK,Bluerock Acquisition Corp. - Class A Ordinary Shares,Nasdaq,0,,nasdaqtrader
BLRKU,Bluerock Acquisition Corp. - Units,Nasdaq,0,,nasdaqtrader
BLRKW,Bluerock Acquisition Corp. - Warrants,Nasdaq,0,,nasdaqtrader
BLRX,BioLineRx Ltd. - American Depositary Shares,Nasdaq,0,,nasdaqtrader
BLSG,Leverage Shares 2X Long BLSH Daily ETF,Nasdaq,1,,nasdaqtrader
BLSH,Bullish Ordinary Shares,NYSE,0,,nasdaqtrader
BLSM,"BlossomHill Therapeutics, Inc. - Common Stock",Nasdaq,0,,nasdaqtrader
BLST,Bluemonte Short Term Bond ETF,NYSE Arca,1,,nasdaqtrader
BLTD,Bluemonte Long Term Bond ETF,NYSE Arca,1,,nasdaqtrader
BLTE,"Belite Bio, Inc - American Depositary Shares",Nasdaq,0,,nasdaqtrader
BLUC,Bluemonte Large Cap Core ETF,NYSE Arca,1,,nasdaqtrader
BLUI,Bluemonte Diversified Income ETF,NYSE Arca,1,,nasdaqtrader
BLUW,Blue Water Acquisition Corp. III - Class A Ordinary Shares,Nasdaq,0,,nasdaqtrader
BLUWU,Blue Water Acquisition Corp. III - Unit.,Nasdaq,0,,nasdaqtrader
BLUWW,Blue Water Acquisition Corp. III - Warrant.,Nasdaq,0,,nasdaqtrader
BLUX,Bluemonte Dynamic Total Market ETF,NYSE Arca,1,,nasdaqtrader
BLV,Vanguard Long-Term Bond ETF,NYSE Arca,1,,nasdaqtrader
BLW,Blackrock Limited Duration Income Trust,NYSE,0,,nasdaqtrader
BLX,"Bladex, Inc. Class E Common Stock",NYSE,0,,nasdaqtrader
BLZE,"Backblaze, Inc. - Common Stock",Nasdaq,0,,nasdaqtrader
BLZR,Trailblazer Acquisition Corp. - Class A Ordinary Shares,Nasdaq,0,,nasdaqtrader
BLZRU,Trailblazer Acquisition Corp. - Unit,Nasdaq,0,,nasdaqtrader
BLZRW,Trailblazer Acquisition Corp. - Warrant,Nasdaq,0,,nasdaqtrader
BMA,Banco Macro S.A.  ADR (representing Ten Class B Common Shares),NYSE,0,,nasdaqtrader
BMAR,Innovator U.S. Equity Buffer ETF - March,Cboe BZX,1,,nasdaqtrader
BMAY,Innovator U.S. Equity Buffer ETF - May,Cboe BZX,1,,nasdaqtrader
BMBL,Bumble Inc. - common stock,Nasdaq,0,,nasdaqtrader
BME,Blackrock Health Sciences Trust,NYSE,0,,nasdaqtrader
BMEA,"Biomea Fusion, Inc. - Common Stock",Nasdaq,0,,nasdaqtrader
BMED,iShares Health Innovation Active ETF,NYSE Arca,1,,nasdaqtrader
BMEZ,BlackRock Health Sciences Term Trust Common Shares of Beneficial Interest,NYSE,0,,nasdaqtrader
BMGL,Basel Medical Group Ltd - ordinary shares,Nasdaq,0,,nasdaqtrader
BMHL,Bluemount Holdings Limited - Class B Ordinary Shares,Nasdaq,0,,nasdaqtrader
BMI,"Badger Meter, Inc. Common Stock",NYSE,0,,nasdaqtrader
BMM,Blue Moon Metals Inc. - Common Shares,Nasdaq,0,,nasdaqtrader
BMN,BlackRock 2037 Municipal Target Term Trust Common Shares of Beneficial Interest,NYSE,0,,nasdaqtrader
BMNG,Leverage Shares 2X Long BMNR Daily ETF,Nasdaq,1,,nasdaqtrader
BMNP,"BitMine Immersion Technologies, Inc. 9.5% Series A Perpetual Preferred Stock",NYSE,0,,nasdaqtrader
BMNR,"BitMine Immersion Technologies, Inc. Common Stock",NYSE,0,,nasdaqtrader
BMNU,T-REX 2X Long BMNR Daily Target ETF,Cboe BZX,1,,nasdaqtrader
BMNZ,Defiance Daily Target 2X Short BMNR ETF,NYSE Arca,1,,nasdaqtrader
BMO,Bank Of Montreal Common Stock,NYSE,0,,nasdaqtrader
BMOP,BNY Mellon Municipal Opportunities ETF,Nasdaq,1,,nasdaqtrader
BMR,Beamr Imaging Ltd. - Ordinary Share,Nasdaq,0,,nasdaqtrader
BMRA,"Biomerica, Inc. - Common Stock",Nasdaq,0,,nasdaqtrader
BMRC,Bank of Marin Bancorp - Common Stock,Nasdaq,0,,nasdaqtrader
BMRN,BioMarin Pharmaceutical Inc. - Common Stock,Nasdaq,0,,nasdaqtrader
BMSI,BNY Mellon Muti-Sector Income ETF,Cboe BZX,1,,nasdaqtrader
BMVP,Invesco Bloomberg MVP Multi-factor ETF,NYSE Arca,1,,nasdaqtrader
BMY,Bristol-Myers Squibb Company Common Stock,NYSE,0,,nasdaqtrader
BN,Brookfield Corporation Class A Limited Voting Shares,NYSE,0,,nasdaqtrader
BNAI,Brand Engagement Network Inc. - Common Stock,Nasdaq,0,,nasdaqtrader
BNAIW,Brand Engagement Network Inc. - Warrant,Nasdaq,0,,nasdaqtrader
BNAV,Amplify Fairlead Tactical Bitcoin ETF,Cboe BZX,1,,nasdaqtrader
BNC,BNB Standard Corporation - Common Stock,Nasdaq,0,,nasdaqtrader
BNCWW,BNB Standard Corporation - Warrant,Nasdaq,0,,nasdaqtrader
BNCWZ,BNB Standard Corporation - Warrants,Nasdaq,0,,nasdaqtrader
BND,Vanguard Total Bond Market ETF,Nasdaq,1,,nasdaqtrader
BNDC,Northern Trust Core Bond ETF,NYSE Arca,1,,nasdaqtrader
BNDD,Quadratic Deflation ETF,NYSE Arca,1,,nasdaqtrader
BNDI,NEOS Enhanced Income Aggregate Bond ETF,NYSE Arca,1,,nasdaqtrader
BNDP,Vanguard Core-Plus Bond Index ETF,Nasdaq,1,,nasdaqtrader
BNDS,Infrastructure Capital Bond Income ETF,NYSE Arca,1,,nasdaqtrader
BNDW,Vanguard Total World Bond ETF,Nasdaq,1,,nasdaqtrader
BNDX,Vanguard Total International Bond ETF,Nasdaq,1,,nasdaqtrader
BNDY,Horizon Core Bond ETF,Cboe BZX,1,,nasdaqtrader
BNED,"Barnes & Noble Education, Inc Common Stock",NYSE,0,,nasdaqtrader
BNGE,First Trust S-Network Streaming and Gaming ETF,NYSE Arca,1,,nasdaqtrader
BNGO,"Bionano Genomics, Inc. - Common Stock",Nasdaq,0,,nasdaqtrader
BNH,"Brookfield Finance Inc. 4.625% Subordinated Notes due October 16, 2080",NYSE,0,,nasdaqtrader
BNJ,Brookfield Finance Inc. 4.50% Perpetual Subordinated Notes,NYSE,0,,nasdaqtrader
BNKD,"MicroSectors U.S. Big Banks -3 Inverse Leveraged ETNs due February 17, 2045",NYSE Arca,1,,nasdaqtrader
BNKK,"Bonk, Inc. - Common Stock",Nasdaq,0,,nasdaqtrader
BNKU,"MicroSectors U.S. Big Banks 3 Leveraged ETNs due February 17, 2045",NYSE Arca,1,,nasdaqtrader
BNL,"Broadstone Net Lease, Inc. Common Stock",NYSE,0,,nasdaqtrader
BNMC,Corgi BMNR 2x Daily ETF,Cboe BZX,1,,nasdaqtrader
BNO,"United States Brent Oil Fund, LP ETV",NYSE Arca,1,,nasdaqtrader
BNOV,Innovator U.S. Equity Buffer ETF - November,Cboe BZX,1,,nasdaqtrader
BNR,Burning Rock Biotech Limited - American Depositary Shares,Nasdaq,0,,nasdaqtrader
BNS,Bank Nova Scotia Halifax Pfd 3 Ordinary Shares,NYSE,0,,nasdaqtrader
BNT,Brookfield Wealth Solutions Ltd. Class A Exchangeable Limited Voting Shares,NYSE,0,,nasdaqtrader
BNTC,Benitec Biopharma Inc. - Common Stock,Nasdaq,0,,nasdaqtrader
BNTX,BioNTech SE - American Depositary Shares,Nasdaq,0,,nasdaqtrader
BNY,The Bank of New York Mellon Corporation Common Stock,NYSE,0,,nasdaqtrader
BOAT,SonicShares Global Shipping ETF,NYSE Arca,1,,nasdaqtrader
BOBP,CORE16 Best of Breed Premier Index ETF,NYSE Arca,1,,nasdaqtrader
BOBS,"Bob's Discount Furniture, Inc. Common Stock",NYSE,0,,nasdaqtrader
BOC,Boston Omaha Corporation Class A Common Stock,NYSE,0,,nasdaqtrader
BOCT,Innovator U.S. Equity Buffer ETF - October,Cboe BZX,1,,nasdaqtrader
BODI,"The Beachbody Company, Inc. - Class A Common Stock",Nasdaq,0,,nasdaqtrader
BOE,Blackrock Enhanced Global Dividend Trust Common Shares of Beneficial Interest,NYSE,0,,nasdaqtrader
BOEG,Leverage Shares 2X Long BA Daily ETF,Nasdaq,1,,nasdaqtrader
BOEU,Direxion Daily BA Bull 2X ETF,Nasdaq,1,,nasdaqtrader
BOF,BranchOut Food Inc. - Common Stock,Nasdaq,0,,nasdaqtrader
BOH,Bank of Hawaii Corporation Common Stock,NYSE,0,,nasdaqtrader
BOIL,ProShares Ultra Bloomberg Natural Gas,NYSE Arca,1,,nasdaqtrader
BOKF,BOK Financial Corporation - Common Stock,Nasdaq,0,,nasdaqtrader
BOLD,"Boundless Bio, Inc. - Common Stock",Nasdaq,0,,nasdaqtrader
BOLT,"Bolt Biotherapeutics, Inc. - Common Stock",Nasdaq,0,,nasdaqtrader
BON,Bon Natural Life Limited - Class A Ordinary Shares,Nasdaq,0,,nasdaqtrader
BOND,PIMCO Active Bond Exchange-Traded Fund Exchange-Traded Fund,NYSE,1,,nasdaqtrader
BOOM,DMC Global Inc. - Common Stock,Nasdaq,0,,nasdaqtrader
BOOT,"Boot Barn Holdings, Inc. Common Stock",NYSE,0,,nasdaqtrader
BORR,Borr Drilling Limited Common Shares,NYSE,0,,nasdaqtrader
BOSC,B.O.S. Better Online Solutions - Ordinary Shares,Nasdaq,0,,nasdaqtrader
BOT,"RoboStrategy, Inc. - Common Stock",Nasdaq,0,,nasdaqtrader
BOTJ,"Bank of the James Financial Group, Inc. - Common Stock",Nasdaq,0,,nasdaqtrader
BOTT,Themes Humanoid Robotics ETF,Nasdaq,1,,nasdaqtrader
BOTZ,Global X Robotics & Artificial Intelligence ETF,Nasdaq,1,,nasdaqtrader
BOUT,CapForce IBD Breakout Opportunities ETF,NYSE Arca,1,,nasdaqtrader
BOW,Bowhead Specialty Holdings Inc. Common Stock,NYSE,0,,nasdaqtrader
BOX,"Box, Inc. Class A Common Stock",NYSE,0,,nasdaqtrader
BOXA,Alpha Architect Aggregate Bond ETF,Cboe BZX,1,,nasdaqtrader
BOXL,Boxlight Corporation - Class A Common Stock,Nasdaq,0,,nasdaqtrader
BOXX,Alpha Architect 1-3 Month Box ETF,Cboe BZX,1,,nasdaqtrader
BP,BP p.l.c. Common Stock,NYSE,0,,nasdaqtrader
BPAC,Blueport Acquisition Ltd - Class A Ordinary Shares,Nasdaq,0,,nasdaqtrader
BPACR,Blueport Acquisition Ltd - Rights,Nasdaq,0,,nasdaqtrader
BPACU,Blueport Acquisition Ltd - Units,Nasdaq,0,,nasdaqtrader
BPAY,iShares FinTech Active ETF,NYSE Arca,1,,nasdaqtrader
BPH,BP plc ADRhedged,NYSE Arca,1,,nasdaqtrader
BPI,Grayscale Bitcoin Premium Income ETF,NYSE Arca,1,,nasdaqtrader
BPOP,"Popular, Inc. - Common Stock",Nasdaq,0,,nasdaqtrader
BPOPM,"Popular, Inc. - Popular Capital Trust II - 6.125% Cumulative Monthly Income Trust Preferred Securities",Nasdaq,0,,nasdaqtrader
BPRE,Bluerock Private Real Estate Fund Common Shares of Beneficial Interest,NYSE,0,,nasdaqtrader
BPRN,"Princeton Bancorp, Inc. - Common Stock",Nasdaq,0,,nasdaqtrader
BPRO,Bitwise Proficio Currency Debasement ETF,NYSE Arca,1,,nasdaqtrader
BPYPM,"Brookfield Property Partners L.P. - 6.25% Class A Cumulative Redeemable Preferred Units, Series 1",Nasdaq,0,,nasdaqtrader
BPYPN,"Brookfield Property Partners L.P. - 5.750% Class A Cumulative Redeemable Perpetual Preferred Units, Series 3",Nasdaq,0,,nasdaqtrader
BPYPO,"Brookfield Property Partners L.P. - 6.375% Class A Cumulative Redeemable Perpetual Preferred Units, Series 2",Nasdaq,0,,nasdaqtrader
BPYPP,Brookfield Property Partners L.P. - 6.50% Class A Cumulative Redeemable Perpetual Preferred Units,Nasdaq,0,,nasdaqtrader
BQ,Boqii Holding Limited Class A Ordinary Shares,NYSE American,0,,nasdaqtrader
BR,"Broadridge Financial Solutions, Inc. Common Stock",NYSE,0,,nasdaqtrader
BRAG,Bragg Gaming Group Inc. - Common Shares,Nasdaq,0,,nasdaqtrader
BRAI,Braiin Limited - Common Stock,Nasdaq,0,,nasdaqtrader
BRAZ,Global X Brazil Active ETF,NYSE Arca,1,,nasdaqtrader
BRBI,BRBI BR Partners S.A. - ADSs,Nasdaq,0,,nasdaqtrader
BRBR,"BellRing Brands, Inc. Common Stock",NYSE,0,,nasdaqtrader
BRBS,"Blue Ridge Bankshares, Inc. Common Stock",NYSE American,0,,nasdaqtrader
BRC,Brady Corporation Common Stock,NYSE,0,,nasdaqtrader
BRCB,"Black Rock Coffee Bar, Inc. - Class A Common Stock",Nasdaq,0,,nasdaqtrader
BRCC,BRC Inc. Class A Common Stock,NYSE,0,,nasdaqtrader
BRCE,MFS Blended Research Core Equity ETF,NYSE,1,,nasdaqtrader
BREE,MFS Blended Research Emerging Markets Equity ETF,NYSE,1,,nasdaqtrader
BREM,iShares Emerging Markets Bond Active ETF,Nasdaq,1,,nasdaqtrader
BRES,Burney U.S. Equity Select ETF,Nasdaq,1,,nasdaqtrader
BREW,Corgi Coffee & Energy Drinks ETF,Cboe BZX,1,,nasdaqtrader
BREZ,Breeze Acquisition Corp. II - Ordinary Shares,Nasdaq,0,,nasdaqtrader
BREZR,Breeze Acquisition Corp. II - Rights,Nasdaq,0,,nasdaqtrader
BRF,VanEck Brazil Small-Cap ETF,NYSE Arca,1,,nasdaqtrader
BRFH,Barfresh Food Group Inc. - Common Stock,Nasdaq,0,,nasdaqtrader
BRHY,iShares High Yield Active ETF,Nasdaq,1,,nasdaqtrader
BRIA,BrilliA Inc Class A Ordinary Shares,NYSE American,0,,nasdaqtrader
BRIB,FIS Bright Portfolios Core Bond ETF,NYSE Arca,1,,nasdaqtrader
BRID,Bridgford Foods Corporation - Common Stock,Nasdaq,0,,nasdaqtrader
BRIE,MFS Blended Research International Equity ETF,NYSE,1,,nasdaqtrader
BRIF,FIS Bright Portfolios Focused Equity ETF,NYSE Arca,1,,nasdaqtrader
BRK.A,Berkshire Hathaway Inc. Common Stock,NYSE,0,,nasdaqtrader
BRK.B,Berkshire Hathaway Inc. New Common Stock,NYSE,0,,nasdaqtrader
BRKC,YieldMax BRK.B Option Income Strategy ETF,NYSE Arca,1,,nasdaqtrader
BRKH,Burtech Acquisition Corp II - Class A Ordinary Shares,Nasdaq,0,,nasdaqtrader
BRKHU,Burtech Acquisition Corp II - Units,Nasdaq,0,,nasdaqtrader
BRKHW,Burtech Acquisition Corp II - Warrants,Nasdaq,0,,nasdaqtrader
BRKL,Corgi BRKB 2x Daily ETF,Cboe BZX,1,,nasdaqtrader
BRKR,Bruker Corporation - Common Stock,Nasdaq,0,,nasdaqtrader
BRKRP,"Bruker Corporation - 6.375% Mandatory Convertible Preferred Stock, Series A",Nasdaq,0,,nasdaqtrader
BRKU,Direxion Daily BRKB Bull 2X ETF,Nasdaq,1,,nasdaqtrader
BRKW,Roundhill BRKB WeeklyPay ETF,Cboe BZX,1,,nasdaqtrader
BRLN,iShares Floating Rate Loan Active ETF,Cboe BZX,1,,nasdaqtrader
BRLS,Borealis Foods Inc. - Class A Common Shares,Nasdaq,0,,nasdaqtrader
BRLSW,Borealis Foods Inc. - Warrant,Nasdaq,0,,nasdaqtrader
BRLT,"Brilliant Earth Group, Inc. - Class A Common Stock",Nasdaq,0,,nasdaqtrader
BRN,"Barnwell Industries, Inc. Common Stock",NYSE American,0,,nasdaqtrader
BRNX,BrenX Ltd. - Ordinary Shares,Nasdaq,0,,nasdaqtrader
BRNY,Burney U.S. Factor Rotation ETF,Nasdaq,1,,nasdaqtrader
BRO,"Brown & Brown, Inc. Common Stock",NYSE,0,,nasdaqtrader
BROL,Baron Risk Optimized Large Cap ETF,NYSE,1,,nasdaqtrader
BROS,Dutch Bros Inc. Class A Common Stock,NYSE,0,,nasdaqtrader
BRRKU,Bluerock Acquisition Corp. II - Units,Nasdaq,0,,nasdaqtrader
BRRR,Coinshares Bitcoin ETF,Nasdaq,1,,nasdaqtrader
BRSL,"Brightstar Lottery PLC Trading under the Legal Name to begin at the market open on July 21, 2025. Ordinary Shares",NYSE,0,,nasdaqtrader
BRSM,MFS Blended Research Small-Mid Cap ETF,NYSE Arca,1,,nasdaqtrader
BRSP,"BrightSpire Capital, Inc. Class A Common Stock",NYSE,0,,nasdaqtrader
BRSV,EA Bridgeway Select Small-Cap Value ETF,Cboe BZX,1,,nasdaqtrader
BRT,BRT Apartments Corp. (MD) Common Stock,NYSE,0,,nasdaqtrader
BRTM,B&R Technology Merger Corp. - Class A Ordinary Shares,Nasdaq,0,,nasdaqtrader
BRTMU,B&R Technology Merger Corp. - Units,Nasdaq,0,,nasdaqtrader
BRTMW,B&R Technology Merger Corp. - Warrants,Nasdaq,0,,nasdaqtrader
BRTR,iShares Total Return Active ETF,Nasdaq,1,,nasdaqtrader
BRTX,"BioRestorative Therapies, Inc. - Common Stock",Nasdaq,0,,nasdaqtrader
BRUN,Boost Run Inc. - Class A Common Stock,Nasdaq,0,,nasdaqtrader
BRVE,"Braveheart Bio, Inc. - Common Stock",Nasdaq,0,,nasdaqtrader
BRW,Saba Capital Income & Opportunities Fund SBI,NYSE,0,,nasdaqtrader
BRX,Brixmor Property Group Inc. Common Stock,NYSE,0,,nasdaqtrader
BRZD,MicroSectors -3x Short Brazil ETNs,Cboe BZX,1,,nasdaqtrader
BRZE,"Braze, Inc. - Class A Common Stock",Nasdaq,0,,nasdaqtrader
BRZL,MicroSectors 3x Long Brazil ETNs,Cboe BZX,1,,nasdaqtrader
BRZU,Direxion Daily Brazil Bull 2X ETF,NYSE Arca,1,,nasdaqtrader
BRZX,Corgi Brazil 2x Daily ETF,Cboe BZX,1,,nasdaqtrader
BSAA,BEST SPAC I Acquisition Corp. - Class A Ordinary Shares,Nasdaq,0,,nasdaqtrader
BSAAR,BEST SPAC I Acquisition Corp. - Rights,Nasdaq,0,,nasdaqtrader
BSAAU,BEST SPAC I Acquisition Corp. - Unit,Nasdaq,0,,nasdaqtrader
BSAC,Banco Santander - Chile ADS,NYSE,0,,nasdaqtrader
BSBK,Bogota Financial Corp. - Common Stock,Nasdaq,0,,nasdaqtrader
BSBR,"Banco Santander Brasil SA American Depositary Shares, each representing one unit",NYSE,0,,nasdaqtrader
BSCA,Invesco BulletShares 2036 Corporate Bond ETF,Nasdaq,1,,nasdaqtrader
BSCQ,Invesco BulletShares 2026 Corporate Bond ETF,Nasdaq,1,,nasdaqtrader
BSCR,Invesco BulletShares 2027 Corporate Bond ETF,Nasdaq,1,,nasdaqtrader
BSCS,Invesco BulletShares 2028 Corporate Bond ETF,Nasdaq,1,,nasdaqtrader
BSCT,Invesco BulletShares 2029 Corporate Bond ETF,Nasdaq,1,,nasdaqtrader
BSCU,Invesco BulletShares 2030 Corporate Bond ETF,Nasdaq,1,,nasdaqtrader
BSCV,Invesco BulletShares 2031 Corporate Bond ETF,Nasdaq,1,,nasdaqtrader
BSCW,Invesco BulletShares 2032 Corporate Bond ETF,Nasdaq,1,,nasdaqtrader
BSCX,Invesco BulletShares 2033 Corporate Bond ETF,Nasdaq,1,,nasdaqtrader
BSCY,Invesco BulletShares 2034 Corporate Bond ETF,Nasdaq,1,,nasdaqtrader
BSCZ,Invesco BulletShares 2035 Corporate Bond ETF,Nasdaq,1,,nasdaqtrader
BSEM,"BioStem Technologies, Inc. - Common Stock",Nasdaq,0,,nasdaqtrader
BSEP,Innovator U.S. Equity Buffer ETF - September,Cboe BZX,1,,nasdaqtrader
BSET,"Bassett Furniture Industries, Incorporated - Common Stock",Nasdaq,0,,nasdaqtrader
BSGR,Invesco BulletShares 2027 Treasury Bond ETF,Nasdaq,1,,nasdaqtrader
BSGT,Invesco BulletShares 2029 Treasury Bond ETF,Nasdaq,1,,nasdaqtrader
BSIN,Big Sky Industrial Inc. - Common Stock,Nasdaq,0,,nasdaqtrader
BSJQ,Invesco BulletShares 2026 High Yield Corporate Bond ETF,Nasdaq,1,,nasdaqtrader
BSJR,Invesco BulletShares 2027 High Yield Corporate Bond ETF,Nasdaq,1,,nasdaqtrader
BSJS,Invesco BulletShares 2028 High Yield Corporate Bond ETF,Nasdaq,1,,nasdaqtrader
BSJT,Invesco BulletShares 2029 High Yield Corporate Bond ETF,Nasdaq,1,,nasdaqtrader
BSJU,Invesco BulletShares 2030 High Yield Corporate Bond ETF,Nasdaq,1,,nasdaqtrader
BSJV,Invesco BulletShares 2031 High Yield Corporate Bond ETF,Nasdaq,1,,nasdaqtrader
BSJW,Invesco BulletShares 2032 High Yield Corporate Bond ETF,Nasdaq,1,,nasdaqtrader
BSJX,Invesco BulletShares 2033 High Yield Corporate Bond ETF,Nasdaq,1,,nasdaqtrader
BSJY,Invesco BulletShares 2034 High Yield Corporate Bond ETF,Nasdaq,1,,nasdaqtrader
BSL,Blackstone Senior Floating Rate 2027 Term Fund Common Shares of Beneficial Interest,NYSE,0,,nasdaqtrader
BSM,"Black Stone Minerals, L.P. Common units representing limited partner interests",NYSE,0,,nasdaqtrader
BSMA,Invesco BulletShares 2036 Municipal Bond ETF,Nasdaq,1,,nasdaqtrader
BSMC,Brandes U.S. Small-Mid Cap Value ETF,Cboe BZX,1,,nasdaqtrader
BSMQ,Invesco BulletShares 2026 Municipal Bond ETF,Nasdaq,1,,nasdaqtrader
BSMR,Invesco BulletShares 2027 Municipal Bond ETF,Nasdaq,1,,nasdaqtrader
BSMS,Invesco BulletShares 2028 Municipal Bond ETF,Nasdaq,1,,nasdaqtrader
BSMT,Invesco BulletShares 2029 Municipal Bond ETF,Nasdaq,1,,nasdaqtrader
BSMU,Invesco BulletShares 2030 Municipal Bond ETF,Nasdaq,1,,nasdaqtrader
BSMV,Invesco BulletShares 2031 Municipal Bond ETF,Nasdaq,1,,nasdaqtrader
BSMW,Invesco BulletShares 2032 Municipal Bond ETF,Nasdaq,1,,nasdaqtrader
BSMY,Invesco BulletShares 2034 Municipal Bond ETF,Nasdaq,1,,nasdaqtrader
BSMZ,Invesco BulletShares 2035 Municipal Bond ETF,Nasdaq,1,,nasdaqtrader
BSOL,Bitwise Solana Staking ETF,NYSE Arca,1,,nasdaqtrader
BSP,Bending Spoons S.p.A. - Ordinary Shares,Nasdaq,0,,nasdaqtrader
BSR,Beacon Unified Catalyst ETF,NYSE Arca,1,,nasdaqtrader
BSRR,Sierra Bancorp - Common Stock,Nasdaq,0,,nasdaqtrader
BSSX,Invesco BulletShares 2033 Municipal Bond ETF,Nasdaq,1,,nasdaqtrader
BST,BlackRock Science and Technology Trust Common Shares of Beneficial Interest,NYSE,0,,nasdaqtrader
BSTP,Innovator Buffer Step-Up Strategy ETF,NYSE Arca,1,,nasdaqtrader
BSTS,Invesco BulletShares 2028 Treasury Bond ETF,Nasdaq,1,,nasdaqtrader
BSTU,Invesco BulletShares 2030 Treasury Bond ETF,Nasdaq,1,,nasdaqtrader
BSTV,Invesco BulletShares 2031 Treasury Bond ETF,Nasdaq,1,,nasdaqtrader
BSTZ,BlackRock Science and Technology Term Trust Common Shares of Beneficial Interest,NYSE,0,,nasdaqtrader
BSV,Vanguard Short-Term Bond ETF,NYSE Arca,1,,nasdaqtrader
BSVN,Bank7 Corp. - Common stock,Nasdaq,0,,nasdaqtrader
BSVO,EA Bridgeway Omni Small-Cap Value ETF,Nasdaq,1,,nasdaqtrader
BSX,Boston Scientific Corporation Common Stock,NYSE,0,,nasdaqtrader
BSY,"Bentley Systems, Incorporated - Class B Common Stock",Nasdaq,0,,nasdaqtrader
BTA,Beacon Tactical Alternatives Risk ETF,NYSE Arca,1,,nasdaqtrader
BTAL,AGF U.S. Market Neutral Anti-Beta Fund,NYSE Arca,1,,nasdaqtrader
BTBD,"BT Brands, Inc. - Common Stock",Nasdaq,0,,nasdaqtrader
BTBDW,"BT Brands, Inc. - Warrant",Nasdaq,0,,nasdaqtrader
BTBT,"Bit Digital, Inc. - Ordinary Share",Nasdaq,0,,nasdaqtrader
BTC,Grayscale Bitcoin Mini Trust (BTC),NYSE Arca,1,,nasdaqtrader
BTCC,Grayscale Bitcoin High Income ETF,NYSE Arca,1,,nasdaqtrader
BTCI,NEOS Bitcoin High Income ETF,Cboe BZX,1,,nasdaqtrader
BTCK,7RCC Spot Bitcoin and Carbon Credit Futures ETF,NYSE Arca,1,,nasdaqtrader
BTCL,T-Rex 2X Long Bitcoin Daily Target ETF,Cboe BZX,1,,nasdaqtrader
BTCO,Invesco Galaxy Bitcoin ETF,Cboe BZX,1,,nasdaqtrader
BTCS,BTCS Inc. - Common Stock,Nasdaq,0,,nasdaqtrader
BTCT,BTC Digital Ltd. - Ordinary Shares,Nasdaq,0,,nasdaqtrader
BTCU,Direxion Daily Bitcoin Bull 2X ETF,NYSE Arca,1,,nasdaqtrader
BTCW,WisdomTree Bitcoin Fund,Cboe BZX,1,,nasdaqtrader
BTCZ,T-Rex 2X Inverse Bitcoin Daily Target ETF,Cboe BZX,1,,nasdaqtrader
BTDL,GraniteShares 2x Long BTDR Daily ETF,Nasdaq,1,,nasdaqtrader
BTDR,Bitdeer Technologies Group - Ordinary Shares,Nasdaq,0,,nasdaqtrader
BTE,Baytex Energy Corp Common Shares,NYSE,0,,nasdaqtrader
BTF,CoinShares Bitcoin and Ether ETF,Nasdaq,1,,nasdaqtrader
BTG,B2Gold Corp Common shares (Canada),NYSE American,0,,nasdaqtrader
BTGD,STKd 100% Bitcoin & 100% Gold ETF,Nasdaq,1,,nasdaqtrader
BTGO,"BitGo Holdings, Inc. Class A Common Stock",NYSE,0,,nasdaqtrader
BTI,"British American Tobacco  Industries, p.l.c. Common Stock ADR",NYSE,0,,nasdaqtrader
BTLN,"Brightline Interactive, Inc. - Common Stock",Nasdaq,0,,nasdaqtrader
BTMD,Biote Corp. - Class A common stock,Nasdaq,0,,nasdaqtrader
BTO,John Hancock Financial Opportunities Fund Common Stock,NYSE,0,,nasdaqtrader
BTOC,Armlogi Holding Corp. - common stock,Nasdaq,0,,nasdaqtrader
BTOT,iShares Total USD Fixed Income Market ETF,NYSE Arca,1,,nasdaqtrader
BTQ,BTQ Technologies Corp. - Common Stock,Nasdaq,0,,nasdaqtrader
BTRN,Global X Bitcoin Trend Strategy ETF,NYSE Arca,1,,nasdaqtrader
BTSG,"BrightSpring Health Services, Inc. - Common Stock",Nasdaq,0,,nasdaqtrader
BTSGU,"BrightSpring Health Services, Inc. - Tangible Equity Unit",Nasdaq,0,,nasdaqtrader
BTT,BlackRock Municipal 2030 Target Term Trust,NYSE,0,,nasdaqtrader
BTTC,Black Titan Corp - Ordinary Shares,Nasdaq,0,,nasdaqtrader
BTU,Peabody Energy Corporation Common Stock,NYSE,0,,nasdaqtrader
BTX,BlackRock Technology and Private Equity Term Trust Common Shares of Beneficial Interest,NYSE,0,,nasdaqtrader
BTZ,BlackRock Credit Allocation Income Trust,NYSE,0,,nasdaqtrader
BUCK,Simplify Treasury Option Income ETF,NYSE Arca,1,,nasdaqtrader
BUD,Anheuser-Busch Inbev SA Sponsored ADR (Belgium),NYSE,0,,nasdaqtrader
BUDA,"Buda Juice, Inc. Common Stock",NYSE American,0,,nasdaqtrader
BUFB,Innovator Laddered Allocation Buffer ETF,Cboe BZX,1,,nasdaqtrader
BUFC,AB Conservative Buffer ETF,Nasdaq,1,,nasdaqtrader
BUFD,FT Vest Laddered Deep Buffer ETF,Cboe BZX,1,,nasdaqtrader
BUFE,FT Vest Laddered Emerging Markets Buffer ETF,Cboe BZX,1,,nasdaqtrader
BUFF,Innovator Laddered Allocation Power Buffer ETF,Cboe BZX,1,,nasdaqtrader
BUFG,FT Vest Buffered Allocation Growth ETF,Cboe BZX,1,,nasdaqtrader
BUFH,FT Vest Laddered Max Buffer ETF,Cboe BZX,1,,nasdaqtrader
BUFI,AB International Buffer ETF,Nasdaq,1,,nasdaqtrader
BUFM,AB Moderate Buffer ETF,Nasdaq,1,,nasdaqtrader
BUFP,PGIM Laddered S&P 500 Buffer 12 ETF,Cboe BZX,1,,nasdaqtrader
BUFQ,FT Vest Laddered Nasdaq Buffer ETF,Cboe BZX,1,,nasdaqtrader
BUFR,FT Vest Laddered Buffer ETF,Cboe BZX,1,,nasdaqtrader
BUFS,FT Vest Laddered Small Cap Moderate Buffer ETF,Cboe BZX,1,,nasdaqtrader
BUFT,FT Vest Buffered Allocation Defensive ETF,Cboe BZX,1,,nasdaqtrader
BUFX,FT Vest Laddered Enhance & Moderate Buffer ETF,Cboe BZX,1,,nasdaqtrader
BUFY,FT Vest Laddered International Moderate Buffer ETF,Cboe BZX,1,,nasdaqtrader
BUFZ,FT Vest Laddered Moderate Buffer ETF,Cboe BZX,1,,nasdaqtrader
BUG,Global X Cybersecurity ETF,Nasdaq,1,,nasdaqtrader
BUI,"BlackRock Utility, Infrastructure & Power Opportunities Trust",NYSE,0,,nasdaqtrader
BUIL,Rebuild America ETF,Cboe BZX,1,,nasdaqtrader
BUL,Pacer US Cash Cows Growth ETF,NYSE Arca,1,,nasdaqtrader
BULD,Pacer BlueStar Engineering the Future ETF,Nasdaq,1,,nasdaqtrader
BULG,Leverage Shares 2X Long BULL Daily ETF,Nasdaq,1,,nasdaqtrader
BULL,Webull Corporation - Class A Ordinary Shares,Nasdaq,0,,nasdaqtrader
BULLW,Webull Corporation - Warrants,Nasdaq,0,,nasdaqtrader
BULZ,MicroSectors FANG & Innovation 3x Leveraged ETN,NYSE Arca,1,,nasdaqtrader
BUR,Burford Capital Limited Ordinary Shares,NYSE,0,,nasdaqtrader
BURL,"Burlington Stores, Inc. Common Stock",NYSE,0,,nasdaqtrader
BURU,"Nuburu, Inc. Common Stock",NYSE American,0,,nasdaqtrader
BUSA,Brandes U.S. Value ETF,Cboe BZX,1,,nasdaqtrader
BUSE,First Busey Corporation - Common Stock,Nasdaq,0,,nasdaqtrader
BUSEP,"First Busey Corporation - Depositary Shares, Each Representing a 1/40th Interest in a Share of 8.25% Fixed-Rate Series B Non-Cumulative Perpetual Preferred Stock, $0.001 par value",Nasdaq,0,,nasdaqtrader
BUSM,EA Bridgeway Ultra-Small Company Market ETF,Cboe BZX,1,,nasdaqtrader
BUUU,BUUU Group Limited - Class A Ordinary Share,Nasdaq,0,,nasdaqtrader
BUXX,Strive Enhanced Income Short Maturity ETF,NYSE,1,,nasdaqtrader
BUYB,ProShares S&P 500 Buyback Aristocrats ETF,NYSE Arca,1,,nasdaqtrader
BUYO,KraneShares Man Buyout Beta Index ETF,NYSE Arca,1,,nasdaqtrader
BUYW,Main BuyWrite ETF,Cboe BZX,1,,nasdaqtrader
BUYZ,Franklin Disruptive Commerce ETF,Cboe BZX,1,,nasdaqtrader
BUZZ,VanEck Social Sentiment ETF,NYSE Arca,1,,nasdaqtrader
BV,"BrightView Holdings, Inc. Common Stock",NYSE,0,,nasdaqtrader
BVAL,Bluemonte Large Cap Value ETF,NYSE Arca,1,,nasdaqtrader
BVC,BitVentures Limited - Ordinary Share,Nasdaq,0,,nasdaqtrader
BVFL,"BV Financial, Inc. - Common Stock",Nasdaq,0,,nasdaqtrader
BVN,Buenaventura Mining Company Inc.,NYSE,0,,nasdaqtrader
BVS,Bioventus Inc. - Class A Common Stock,Nasdaq,0,,nasdaqtrader
BW,"Babcock & Wilcox Enterprises, Inc. Common Stock",NYSE,0,,nasdaqtrader
BWA,BorgWarner Inc. Common Stock,NYSE,0,,nasdaqtrader
BWAY,BrainsWay Ltd. - American Depositary Shares,Nasdaq,0,,nasdaqtrader
BWB,"Bridgewater Bancshares, Inc. - Common Stock",Nasdaq,0,,nasdaqtrader
BWBBP,"Bridgewater Bancshares, Inc. - Depositary Shares, Each Representing a 1/100th Interest in a Share of 5.875% Non-Cumulative Perpetual Preferred Stock, Series A",Nasdaq,0,,nasdaqtrader
BWEN,"Broadwind, Inc. - Common Stock",Nasdaq,0,,nasdaqtrader
BWET,Breakwave Tanker Shipping ETF,NYSE Arca,1,,nasdaqtrader
BWFG,"Bankwell Financial Group, Inc. - Common Stock",Nasdaq,0,,nasdaqtrader
BWG,BrandywineGLOBAL Global Income Opportunities Fund Inc.,NYSE,0,,nasdaqtrader
BWIN,"The Baldwin Insurance Group, Inc. - Class A Common Stock",Nasdaq,0,,nasdaqtrader
BWIV,Blue Water Acquisition Corp. IV Class A Ordinary Shares,NYSE,0,,nasdaqtrader
BWIV.U,"Blue Water Acquisition Corp. IV Units, each consisting of one Class A ordinary share and one-half of one redeemable warrant",NYSE,0,,nasdaqtrader
BWIV.W,Blue Water Acquisition Corp. IV Warrants entitling the holder to purchase one Class A ordinary share at a price of $11.50 per share,NYSE,0,,nasdaqtrader
BWLP,BW LPG Limited Common Shares,NYSE,0,,nasdaqtrader
BWMN,Bowman Consulting Group Ltd. - Common Stock,Nasdaq,0,,nasdaqtrader
BWMX,"Betterware de Mexico, S.A.P.I. de C.V. Ordinary Shares",NYSE,0,,nasdaqtrader
BWOW,Bitwise Dogecoin ETF,NYSE Arca,1,,nasdaqtrader
BWQG,BWM Quality Growth ETF,Cboe BZX,1,,nasdaqtrader
BWTG,Brendan Wood TopGun Index ETF,Cboe BZX,1,,nasdaqtrader
BWX,State Street SPDR Bloomberg International Treasury Bond ETF,NYSE Arca,1,,nasdaqtrader
BWXT,"BWX Technologies, Inc. Common Stock",NYSE,0,,nasdaqtrader
BWZ,State Street SPDR Bloomberg Short Term International Treasury Bond ETF,NYSE Arca,1,,nasdaqtrader
BX,Blackstone Inc. Common Stock,NYSE,0,,nasdaqtrader
BXBL,"BOXABL, Inc.  - Common stock",Nasdaq,0,,nasdaqtrader
BXC,Bluelinx Holdings Inc. Common Stock,NYSE,0,,nasdaqtrader
BXDC,Blackstone Digital Infrastructure Trust Inc. Common Stock,NYSE,0,,nasdaqtrader
BXMT,"Blackstone Mortgage Trust, Inc. Common Stock",NYSE,0,,nasdaqtrader
BXP,"BXP, Inc. Common Stock",NYSE,0,,nasdaqtrader
BXSL,Blackstone Secured Lending Fund Common Shares of Beneficial Interest,NYSE,0,,nasdaqtrader
BY,"Byline Bancorp, Inc. Common Stock",NYSE,0,,nasdaqtrader
BYAH,"Park Ha Biological Technology Co., Ltd. - Class A Ordinary Shares",Nasdaq,0,,nasdaqtrader
BYD,Boyd Gaming Corporation Common Stock,NYSE,0,,nasdaqtrader
BYFC,Broadway Financial Corporation - Class A Common Stock,Nasdaq,0,,nasdaqtrader
BYLD,iShares Yield Optimized Bond ETF,NYSE Arca,1,,nasdaqtrader
BYND,"Beyond Meat, Inc. - Common stock",Nasdaq,0,,nasdaqtrader
BYRE,Principal Real Estate Active Opportunities ETF,NYSE Arca,1,,nasdaqtrader
BYRN,"Byrna Technologies, Inc. - Common Stock",Nasdaq,0,,nasdaqtrader
BYSI,"BeyondSpring, Inc. - Ordinary Shares",Nasdaq,0,,nasdaqtrader
BZ,KANZHUN LIMITED - American Depository Shares,Nasdaq,0,,nasdaqtrader
BZAI,"Blaize Holdings, Inc. - Common Stock",Nasdaq,0,,nasdaqtrader
BZAIW,"Blaize Holdings, Inc. - Warrant",Nasdaq,0,,nasdaqtrader
BZFD,"BuzzFeed, Inc. - Class A Common Stock",Nasdaq,0,,nasdaqtrader
BZFDW,"BuzzFeed, Inc. - Warrant",Nasdaq,0,,nasdaqtrader
BZH,"Beazer Homes USA, Inc. Common Stock",NYSE,0,,nasdaqtrader
BZQ,ProShares UltraShort MSCI Brazil Capped,NYSE Arca,1,,nasdaqtrader
BZUN,Baozun Inc. - American Depositary Shares,Nasdaq,0,,nasdaqtrader
BZZ,Corgi Drones & Urban Air Mobility ETF,Cboe BZX,1,,nasdaqtrader
C,"Citigroup, Inc. Common Stock",NYSE,0,,nasdaqtrader
CAAA,First Trust AAA CMBS ETF,NYSE Arca,1,,nasdaqtrader
CAAP,Corporacion America Airports SA Common Shares,NYSE,0,,nasdaqtrader
CAAS,"China Automotive Systems, Inc. - Ordinary Share",Nasdaq,0,,nasdaqtrader
CABA,"Cabaletta Bio, Inc. - Common Stock",Nasdaq,0,,nasdaqtrader
CABO,"Cable One, Inc. Common Stock",NYSE,0,,nasdaqtrader
CABR,"Caring Brands, Inc. - Common Stock",Nasdaq,0,,nasdaqtrader
CABZ,"Roundhill Robotaxi, Autonomous Vehicles & Technology ETF",Cboe BZX,1,,nasdaqtrader
CAC,Camden National Corporation - Common Stock,Nasdaq,0,,nasdaqtrader
CACC,Credit Acceptance Corporation - Common Stock,Nasdaq,0,,nasdaqtrader
CACI,"CACI International, Inc. Class A Common Stock",NYSE,0,,nasdaqtrader
CADL,"Candel Therapeutics, Inc. - Common Stock",Nasdaq,0,,nasdaqtrader
CAE,CAE Inc - Common Shares,Nasdaq,0,,nasdaqtrader
CAES,"Cantor Equity Partners VII, Inc. - Class A Ordinary Shares",Nasdaq,0,,nasdaqtrader
CAF,Morgan Stanley China A Share Fund Inc. Common Stock,NYSE,0,,nasdaqtrader
CAFG,Pacer US Small Cap Cash Cows Growth Leaders ETF,Nasdaq,1,,nasdaqtrader
CAFX,Congress Intermediate Bond ETF,NYSE Arca,1,,nasdaqtrader
CAG,"ConAgra Brands, Inc. Common Stock",NYSE,0,,nasdaqtrader
CAGE,Calamos Autocallable Growth ETF,NYSE Arca,1,,nasdaqtrader
CAH,"Cardinal Health, Inc. Common Stock",NYSE,0,,nasdaqtrader
CAI,"Caris Life Sciences, Inc. - Common Stock",Nasdaq,0,,nasdaqtrader
CAIE,Calamos Autocallable Income ETF,NYSE Arca,1,,nasdaqtrader
CAII,Collective Acquisition Corp. II - Class A Ordinary Shares,Nasdaq,0,,nasdaqtrader
CAIIU,Collective Acquisition Corp. II - Units,Nasdaq,0,,nasdaqtrader
CAIIW,Collective Acquisition Corp. II - Warrants,Nasdaq,0,,nasdaqtrader
CAIQ,Calamos Nasdaq Autocallable Income ETF,Nasdaq,1,,nasdaqtrader
CAKE,The Cheesecake Factory Incorporated - Common Stock,Nasdaq,0,,nasdaqtrader
CAL,"Caleres, Inc. Common Stock",NYSE,0,,nasdaqtrader
CALC,"CalciMedica, Inc. - Common Stock",Nasdaq,0,,nasdaqtrader
CALF,Pacer US Small Cap Cash Cows ETF,Cboe BZX,1,,nasdaqtrader
CALI,iShares Short-Term California Muni Active ETF,Nasdaq,1,,nasdaqtrader
CALM,"Cal-Maine Foods, Inc. - Common Stock",Nasdaq,0,,nasdaqtrader
CALX,"Calix, Inc Common Stock",NYSE,0,,nasdaqtrader
CALY,Callaway Golf Company Common Stock,NYSE,0,,nasdaqtrader
CAM,AB California Intermediate Municipal ETF,NYSE Arca,1,,nasdaqtrader
CAMC,Corgi CAMT 2x Daily ETF,Cboe BZX,1,,nasdaqtrader
CAML,Congress Large Cap Growth ETF,NYSE Arca,1,,nasdaqtrader
CAMP,CAMP4 Therapeutics Corporation - Common Stock,Nasdaq,0,,nasdaqtrader
CAMT,Camtek Ltd. - Ordinary Shares,Nasdaq,0,,nasdaqtrader
CAMX,Cambiar Aggressive Value ETF,NYSE Arca,1,,nasdaqtrader
CAN,Canaan Inc. - American Depositary Shares,Nasdaq,0,,nasdaqtrader
CANC,Tema Oncology ETF,Nasdaq,1,,nasdaqtrader
CANE,Teucrium Sugar Fund ETV,NYSE Arca,1,,nasdaqtrader
CANF,"Can-Fite Biopharma Ltd American Depositary Shares, each representing two (2) Ordinary Shares",NYSE American,0,,nasdaqtrader
CANG,Cango Inc. Class A Ordinary Shares,NYSE,0,,nasdaqtrader
CANQ,Calamos Nasdaq Equity & Income ETF,Nasdaq,1,,nasdaqtrader
CAOS,Alpha Architect Tail Risk ETF,Cboe BZX,1,,nasdaqtrader
CAPA,Defiance AI Capacitors & MLCC ETF,Cboe BZX,1,,nasdaqtrader
CAPE,DoubleLine Shiller CAPE U.S. Equities ETF,NYSE Arca,1,,nasdaqtrader
CAPL,CrossAmerica Partners LP Common Units representing limited partner interests,NYSE,0,,nasdaqtrader
CAPN,Cayson Acquisition Corp - Ordinary Shares,Nasdaq,0,,nasdaqtrader
CAPNR,Cayson Acquisition Corp - Right,Nasdaq,0,,nasdaqtrader
CAPNU,Cayson Acquisition Corp - Units,Nasdaq,0,,nasdaqtrader
CAPR,"Capricor Therapeutics, Inc. - Common Stock",Nasdaq,0,,nasdaqtrader
CAPS,Capstone Holding Corp. - Common Stock,Nasdaq,0,,nasdaqtrader
CAQ,Cambridge Acquisition Corp. - Class A Ordinary Shares,Nasdaq,0,,nasdaqtrader
CAQUU,Cambridge Acquisition Corp. - Unit,Nasdaq,0,,nasdaqtrader
CAQUW,Cambridge Acquisition Corp. - Warrants,Nasdaq,0,,nasdaqtrader
CAR,"Avis Budget Group, Inc. - Common Stock",Nasdaq,0,,nasdaqtrader
CARD,MAX Auto Industry -3x Inverse Leveraged ETN,NYSE Arca,1,,nasdaqtrader
CARE,"Carter Bankshares, Inc. - Common Stock",Nasdaq,0,,nasdaqtrader
CARG,"CarGurus, Inc. - Class A Common Stock",Nasdaq,0,,nasdaqtrader
CARK,CastleArk Large Growth ETF,NYSE Arca,1,,nasdaqtrader
CARL,"Carlsmed, Inc. - Common Stock",Nasdaq,0,,nasdaqtrader
CARR,Carrier Global Corporation Common Stock,NYSE,0,,nasdaqtrader
CARS,Cars.com Inc. Common Stock,NYSE,0,,nasdaqtrader
CART,Maplebear Inc. - Common Stock,Nasdaq,0,,nasdaqtrader
CARU,MAX Auto Industry 3x Leveraged ETN,NYSE Arca,1,,nasdaqtrader
CARX,Corgi CART 2x Daily ETF,Cboe BZX,1,,nasdaqtrader
CARY,Angel Oak Income ETF,Nasdaq,1,,nasdaqtrader
CARZ,First Trust S-Network Future Vehicles & Technology ETF,Nasdaq,1,,nasdaqtrader
CAS,Simplify China A Shares PLUS Income ETF,NYSE Arca,1,,nasdaqtrader
CASH,"Pathward Financial, Inc. - Common Stock",Nasdaq,0,,nasdaqtrader
CASS,"Cass Information Systems, Inc - Common Stock",Nasdaq,0,,nasdaqtrader
CAST,"FreeCast, Inc. - Class A common stock",Nasdaq,0,,nasdaqtrader
CASY,"Caseys General Stores, Inc. - Common Stock",Nasdaq,0,,nasdaqtrader
CAT,"Caterpillar, Inc. Common Stock",NYSE,0,,nasdaqtrader
CATF,American Century California Municipal Bond ETF,NYSE Arca,1,,nasdaqtrader
CATG,Leverage Shares 2X Long CAT Daily ETF,Cboe BZX,1,,nasdaqtrader
CATH,Global X S&P 500 Catholic Values ETF,Nasdaq,1,,nasdaqtrader
CATL,Catalyst Acquisition Corp. - Class A Ordinary Share,Nasdaq,0,,nasdaqtrader
CATLR,Catalyst Acquisition Corp. - Rights,Nasdaq,0,,nasdaqtrader
CATLU,Catalyst Acquisition Corp. - Units,Nasdaq,0,,nasdaqtrader
CATO,Cato Corporation (The) Class A Common Stock,NYSE,0,,nasdaqtrader
CATX,"Perspective Therapeutics, Inc. Common Stock",NYSE American,0,,nasdaqtrader
CATY,Cathay General Bancorp - Common Stock,Nasdaq,0,,nasdaqtrader
CAUG,Corgi U.S. Equities 15% Structured Buffer ETF - August Series,Cboe BZX,1,,nasdaqtrader
CAVA,"CAVA Group, Inc. Common Stock",NYSE,0,,nasdaqtrader
CB,Chubb Limited  Common Stock,NYSE,0,,nasdaqtrader
CBAN,"Colony Bankcorp, Inc. Common Stock",NYSE,0,,nasdaqtrader
CBAT,CBAK Energy Technology Limited - Ordinary Shares,Nasdaq,0,,nasdaqtrader
CBC,"Central Bancompany, Inc. - Class A Common Stock",Nasdaq,0,,nasdaqtrader
CBFV,"CB Financial Services, Inc. - Common Stock",Nasdaq,0,,nasdaqtrader
CBIL,Corgi 3-12 Month T-Bill ETF,Cboe BZX,1,,nasdaqtrader
CBIO,"Crescent Biopharma, Inc. - Common Stock",Nasdaq,0,,nasdaqtrader
CBK,"Commercial Bancgroup, Inc. - Common Stock",Nasdaq,0,,nasdaqtrader
CBL,"CBL & Associates Properties, Inc. Common Stock",NYSE,0,,nasdaqtrader
CBLL,"CeriBell, Inc. - Common Stock",Nasdaq,0,,nasdaqtrader
CBLS,Clough Hedged Equity ETF,NYSE Arca,1,,nasdaqtrader
CBNA,"Chain Bridge Bancorp, Inc. Class A Common Stock",NYSE,0,,nasdaqtrader
CBNK,"Capital Bancorp, Inc. - Common Stock",Nasdaq,0,,nasdaqtrader
CBOA,Calamos Bitcoin Structured Alt Protection ETF - April,Cboe BZX,1,,nasdaqtrader
CBOE,"Cboe Global Markets, Inc. Common Stock",Cboe BZX,0,,nasdaqtrader
CBOJ,Calamos Bitcoin Structured Alt Protection ETF - January,Cboe BZX,1,,nasdaqtrader
CBOL,Calamos Laddered Bitcoin Structured Alt Protection ETF,Cboe BZX,1,,nasdaqtrader
CBON,VanEck China Bond ETF,NYSE Arca,1,,nasdaqtrader
CBOO,Calamos Bitcoin Structured Alt Protection ETF - October,Cboe BZX,1,,nasdaqtrader
CBOT,Corgi Robots & Humanoids ETF,Cboe BZX,1,,nasdaqtrader
CBOX,Calamos Tax-Aware Collateral ETF,Cboe BZX,1,,nasdaqtrader
CBOY,Calamos Bitcoin Structured Alt Protection ETF - July,Cboe BZX,1,,nasdaqtrader
CBRE,CBRE Group Inc Common Stock Class A,NYSE,0,,nasdaqtrader
CBRG,Leverage Shares 2X Long CBRS Daily ETF,Cboe BZX,1,,nasdaqtrader
CBRL,"Cracker Barrel Old Country Store, Inc. - Common Stock",Nasdaq,0,,nasdaqtrader
CBRS,Cerebras Systems Inc. - Class A Common Stock,Nasdaq,0,,nasdaqtrader
CBRX,Tradr 2X Long CBRS Daily ETF,Cboe BZX,1,,nasdaqtrader
CBRZ,Tradr 2X Short CBRS Daily ETF,Cboe BZX,1,,nasdaqtrader
CBSE,Clough Select Equity ETF,NYSE Arca,1,,nasdaqtrader
CBSH,"Commerce Bancshares, Inc. - Common Stock",Nasdaq,0,,nasdaqtrader
CBT,Cabot Corporation Common Stock,NYSE,0,,nasdaqtrader
CBTA,Calamos Bitcoin 80 Series Structured Alt Protection ETF - April,Cboe BZX,1,,nasdaqtrader
CBTJ,Calamos Bitcoin 80 Series Structured Alt Protection ETF - January,Cboe BZX,1,,nasdaqtrader
CBTL,Calamos Laddered Bitcoin 80 Series Structured Alt Protection ETF,Cboe BZX,1,,nasdaqtrader
CBTO,Calamos Bitcoin 80 Series Structured Alt Protection ETF - October,Cboe BZX,1,,nasdaqtrader
CBTY,Calamos Bitcoin 80 Series Structured Alt Protection ETF - July,Cboe BZX,1,,nasdaqtrader
CBU,"Community Financial System, Inc. Common Stock",NYSE,0,,nasdaqtrader
CBUS,"Cibus, Inc. - Class A Common Stock",Nasdaq,0,,nasdaqtrader
CBXA,Calamos Bitcoin 90 Series Structured Alt Protection ETF - April,Cboe BZX,1,,nasdaqtrader
CBXJ,Calamos Bitcoin 90 Series Structured Alt Protection ETF - January,Cboe BZX,1,,nasdaqtrader
CBXL,Calamos Laddered Bitcoin 90 Series Structured Alt Protection ETF,Cboe BZX,1,,nasdaqtrader
CBXO,Calamos Bitcoin 90 Series Structured Alt Protection ETF - October,Cboe BZX,1,,nasdaqtrader
CBXY,Calamos Bitcoin 90 Series Structured Alt Protection ETF - July,Cboe BZX,1,,nasdaqtrader
CBZ,"CBIZ, Inc. Common Stock",NYSE,0,,nasdaqtrader
CC,Chemours Company (The) Common Stock,NYSE,0,,nasdaqtrader
CCAP,"Crescent Capital BDC, Inc. - Common Stock",Nasdaq,0,,nasdaqtrader
CCAQ,Collective Acquisition Corp. - Class A ordinary shares,Nasdaq,0,,nasdaqtrader
CCAQU,Collective Acquisition Corp. - Units,Nasdaq,0,,nasdaqtrader
CCAQW,Collective Acquisition Corp. - Warrants,Nasdaq,0,,nasdaqtrader
CCB,Coastal Financial Corporation - Common Stock,Nasdaq,0,,nasdaqtrader
CCBG,Capital City Bank Group - Common Stock,Nasdaq,0,,nasdaqtrader
CCC,CCC Intelligent Solutions Holdings Inc. - Common Stock,Nasdaq,0,,nasdaqtrader
CCCC,"C4 Therapeutics, Inc. - Common Stock",Nasdaq,0,,nasdaqtrader
CCCT,Columbus Circle Capital Corp III - Class A Ordinary Shares,Nasdaq,0,,nasdaqtrader
CCCTU,Columbus Circle Capital Corp III - Units,Nasdaq,0,,nasdaqtrader
CCCTW,Columbus Circle Capital Corp III - Warrants,Nasdaq,0,,nasdaqtrader
CCD,Calamos Dynamic Convertible & Income Fund - Closed End Fund,Nasdaq,0,,nasdaqtrader
CCEC,Capital Clean Energy Carriers Corp. - Common Share,Nasdaq,0,,nasdaqtrader
CCEF,Calamos CEF Income & Arbitrage ETF,NYSE Arca,1,,nasdaqtrader
CCEL,"Cryo-Cell International, Inc. Common Stock",NYSE American,0,,nasdaqtrader
CCEP,Coca-Cola Europacific Partners plc - Ordinary Shares,Nasdaq,0,,nasdaqtrader
CCFE,Concourse Capital Focused Equity ETF,Nasdaq,1,,nasdaqtrader
CCG,Cheche Group Inc. - Class A Ordinary Shares,Nasdaq,0,,nasdaqtrader
CCGWW,Cheche Group Inc. - Warrant,Nasdaq,0,,nasdaqtrader
CCHH,CCH Holdings Ltd - Class A Ordinary Shares,Nasdaq,0,,nasdaqtrader
CCI,Crown Castle Inc. Common Stock,NYSE,0,,nasdaqtrader
CCID,Carlyle Credit Income Fund 7.375% Series D Term Preferred Shares due 2028,NYSE,0,,nasdaqtrader
CCIF,Carlyle Credit Income Fund Shares of Beneficial Interest,NYSE,0,,nasdaqtrader
CCII,Cohen Circle Acquisition Corp. II - Class A Ordinary Shares,Nasdaq,0,,nasdaqtrader
CCIIU,Cohen Circle Acquisition Corp. II - Unit,Nasdaq,0,,nasdaqtrader
CCIIW,Cohen Circle Acquisition Corp. II - Warrant,Nasdaq,0,,nasdaqtrader
CCJ,Cameco Corporation Common Stock,NYSE,0,,nasdaqtrader
CCK,"Crown Holdings, Inc.",NYSE,0,,nasdaqtrader
CCL,Carnival Corporation Ltd. Common Shares,NYSE,0,,nasdaqtrader
CCLD,"CareCloud, Inc. - Common Stock",Nasdaq,0,,nasdaqtrader
CCM,Concord Medical Services Holdings Limited American Depositary Shares (Each represents thirty (30) Class A ordinary shares),NYSE,0,,nasdaqtrader
CCML,Roundhill MLCC & Electronic Components ETF,Nasdaq,1,,nasdaqtrader
CCNE,CNB Financial Corporation - Common Stock,Nasdaq,0,,nasdaqtrader
CCNEP,"CNB Financial Corporation - Depositary shares, each representing a 1/40th ownership interest in a share of 7.125% Series A Fixed- Rate Non-Cumulative Perpetual Preferred Stock",Nasdaq,0,,nasdaqtrader
CCNR,ALPS/CoreCommodity Natural Resources ETF,Nasdaq,1,,nasdaqtrader
CCO,"Clear Channel Outdoor Holdings, Inc. Common Stock",NYSE,0,,nasdaqtrader
CCOI,"Cogent Communications Holdings, Inc. - Common Stock",Nasdaq,0,,nasdaqtrader
CCOM,Simplify Chinese Commodities Strategy No K-1 ETF,NYSE Arca,1,,nasdaqtrader
CCOR,Core Alternative ETF,NYSE Arca,1,,nasdaqtrader
CCPX,Corgi China 2x Daily ETF,Cboe BZX,1,,nasdaqtrader
CCRP,Columbia Corporate Bond ETF,NYSE Arca,1,,nasdaqtrader
CCS,"Century Communities, Inc. Common Stock",NYSE,0,,nasdaqtrader
CCSB,Carbon Collective Short Duration Green Bond ETF,Nasdaq,1,,nasdaqtrader
CCSI,"Consensus Cloud Solutions, Inc. - Common Stock",Nasdaq,0,,nasdaqtrader
CCSO,Carbon Collective Climate Solutions U.S. Equity ETF,Nasdaq,1,,nasdaqtrader
CCTG,CCSC Technology International Holdings Limited - Class A Ordinary Shares,Nasdaq,0,,nasdaqtrader
CCU,"Compania Cervecerias Unidas, S.A. Common Stock",NYSE,0,,nasdaqtrader
CCUP,T-REX 2X Long CRCL Daily Target ETF,Cboe BZX,1,,nasdaqtrader
CCXI,Churchill Capital Corp XI - Class A Ordinary Shares,Nasdaq,0,,nasdaqtrader
CCXIU,Churchill Capital Corp XI - Units,Nasdaq,0,,nasdaqtrader
CCXIW,Churchill Capital Corp XI - Warrants,Nasdaq,0,,nasdaqtrader
CCZ,Comcast Holdings ZONES,NYSE,0,,nasdaqtrader
CD,Chaince Digital Holdings Inc. - American Ordinary Shares,Nasdaq,0,,nasdaqtrader
CDC,VictoryShares US EQ Income Enhanced Volatility Wtd ETF,Nasdaq,1,,nasdaqtrader
CDE,"Coeur Mining, Inc. Common Stock",NYSE,0,,nasdaqtrader
CDEI,"Calvert US Large-Cap Diversity, Equity and Inclusion Index ETF",NYSE Arca,1,,nasdaqtrader
CDIG,City Different Investments Global Equity ETF,Nasdaq,1,,nasdaqtrader
CDIO,Cardio Diagnostics Holdings Inc. - Common stock,Nasdaq,0,,nasdaqtrader
CDIOW,Cardio Diagnostics Holdings Inc. - Warrant,Nasdaq,0,,nasdaqtrader
CDL,VictoryShares US Large Cap High Div Volatility Wtd ETF,Nasdaq,1,,nasdaqtrader
CDLR,Cadeler A/S American Depositary Share (each representing four (4) Ordinary Shares),NYSE,0,,nasdaqtrader
CDLX,"Cardlytics, Inc. - Common Stock",Nasdaq,0,,nasdaqtrader
CDNA,"CareDx, Inc. - Common Stock",Nasdaq,0,,nasdaqtrader
CDNG,Leverage Shares 2X Long CDNS Daily ETF,Cboe BZX,1,,nasdaqtrader
CDNL,Cardinal Infrastructure Group Inc. - Class A Common Stock,Nasdaq,0,,nasdaqtrader
CDNS,"Cadence Design Systems, Inc. - Common Stock",Nasdaq,0,,nasdaqtrader
CDP,COPT Defense Properties Common Shares of Beneficial Interest,NYSE,0,,nasdaqtrader
CDPI,Columbia High Dividend Premium Income ETF,NYSE Arca,1,,nasdaqtrader
CDRE,"Cadre Holdings, Inc. Common Stock",NYSE,0,,nasdaqtrader
CDRO,"Codere Online Luxembourg, S.A. - Ordinary Shares",Nasdaq,0,,nasdaqtrader
CDROW,"Codere Online Luxembourg, S.A. - Warrants",Nasdaq,0,,nasdaqtrader
CDT,CDT Equity Inc. - Common Stock,Nasdaq,0,,nasdaqtrader
CDTG,CDT Environmental Technology Investment Holdings Limited - ordinary shares,Nasdaq,0,,nasdaqtrader
CDTTW,CDT Equity Inc. - Warrant,Nasdaq,0,,nasdaqtrader
CDW,CDW Corporation - Common Stock,Nasdaq,0,,nasdaqtrader
CDX,Simplify High Yield ETF,NYSE Arca,1,,nasdaqtrader
CDXS,"Codexis, Inc. - Common Stock",Nasdaq,0,,nasdaqtrader
CDZI,"Cadiz, Inc. - Common Stock",Nasdaq,0,,nasdaqtrader
CDZIP,"Cadiz, Inc. - Depositary Shares",Nasdaq,0,,nasdaqtrader
CE,Celanese Corporation Common Stock,NYSE,0,,nasdaqtrader
CECO,CECO Environmental Corp. - Common Stock,Nasdaq,0,,nasdaqtrader
CEE,"The Central and Eastern Europe Fund, Inc. (The) Common Stock",NYSE,0,,nasdaqtrader
CEF,Sprott Physical Gold and Silver Trust Units,NYSE Arca,1,,nasdaqtrader
CEFA,Global X S&P Catholic Values Developed ex-U.S. ETF,Nasdaq,1,,nasdaqtrader
CEFD,ETRACS Monthly Pay 1.5X Leveraged Closed-End Fund Index ETN,NYSE Arca,1,,nasdaqtrader
CEFS,Saba Opportunistically Hedged Closed-End Funds ETF,Cboe BZX,1,,nasdaqtrader
CEFZ,RiverNorth Active Income ETF,Cboe BZX,1,,nasdaqtrader
CEG,Constellation Energy Corporation - Common Stock When-Issued,Nasdaq,0,,nasdaqtrader
CEGX,Tradr 2X Long CEG Daily ETF,Cboe BZX,1,,nasdaqtrader
CELC,Celcuity Inc. - Common Stock,Nasdaq,0,,nasdaqtrader
CELG.R,Bristol-Myers Squibb Company Celegne Contingent Value Rights,NYSE,0,,nasdaqtrader
CELH,"Celsius Holdings, Inc. - Common Stock",Nasdaq,0,,nasdaqtrader
CELU,Celularity Inc. - Class A Common Stock,Nasdaq,0,,nasdaqtrader
CELZ,"Creative Medical Technology Holdings, Inc. - Common Stock",Nasdaq,0,,nasdaqtrader
CEMB,iShares J.P. Morgan EM Corporate Bond ETF,Cboe BZX,1,,nasdaqtrader
CENN,Cenntro Inc. - Common Stock,Nasdaq,0,,nasdaqtrader
CENT,Central Garden & Pet Company - Common Stock,Nasdaq,0,,nasdaqtrader
CENTA,Central Garden & Pet Company - Class A Common Stock Nonvoting,Nasdaq,0,,nasdaqtrader
CENX,Century Aluminum Company - Common Stock,Nasdaq,0,,nasdaqtrader
CEPF,"Cantor Equity Partners IV, Inc. - Class A Ordinary Shares",Nasdaq,0,,nasdaqtrader
CEPI,REX Crypto Equity Premium Income ETF,Nasdaq,1,,nasdaqtrader
CEPL,"Capstone Energy Plus, Inc. - Common Stock",Nasdaq,0,,nasdaqtrader
CEPO,"Cantor Equity Partners I, Inc. - Class A Ordinary Shares",Nasdaq,0,,nasdaqtrader
CEPS,"Cantor Equity Partners VI, Inc. - Class A Ordinary Shares",Nasdaq,0,,nasdaqtrader
CEPU,Central Puerto S.A. American Depositary Shares (each represents ten Common Shares),NYSE,0,,nasdaqtrader
CEPV,"Cantor Equity Partners V, Inc. - Class A Ordinary Shares",Nasdaq,0,,nasdaqtrader
CERS,Cerus Corporation - Common Stock,Nasdaq,0,,nasdaqtrader
CERT,"Certara, Inc. - Common Stock",Nasdaq,0,,nasdaqtrader
CERY,State Street SPDR Bloomberg Enhanced Roll Yield Commodity Strategy No K-1 ETF,NYSE Arca,1,,nasdaqtrader
CET,Central Securities Corporation Common Stock,NYSE American,0,,nasdaqtrader
CETX,Cemtrex Inc. - Common Stock,Nasdaq,0,,nasdaqtrader
CETY,"Clean Energy Technologies, Inc. - Common Stock",Nasdaq,0,,nasdaqtrader
CEV,Eaton Vance California Municipal Income Trust Shares of Beneficial Interest,NYSE American,0,,nasdaqtrader
CEVA,"CEVA, Inc. - Common Stock",Nasdaq,0,,nasdaqtrader
CEW,WisdomTree Emerging Currency Strategy Fund,NYSE Arca,1,,nasdaqtrader
CF,"CF Industries Holdings, Inc. Common Stock",NYSE,0,,nasdaqtrader
CFA,VictoryShares US 500 Volatility Wtd ETF,Nasdaq,1,,nasdaqtrader
CFBK,CF Bankshares Inc. - Common Stock,Nasdaq,0,,nasdaqtrader
CFFI,C&F Financial Corporation - Common Stock,Nasdaq,0,,nasdaqtrader
CFFN,"Capitol Federal Financial, Inc. - Common Stock",Nasdaq,0,,nasdaqtrader
CFG,"Citizens Financial Group, Inc. Common Stock",NYSE,0,,nasdaqtrader
CFIT,Cambria Fixed Income Trend ETF,Cboe BZX,1,,nasdaqtrader
CFND,C1 Fund Inc. Common Stock,NYSE,0,,nasdaqtrader
CFO,VictoryShares US 500 Enhanced Volatility Wtd ETF,Nasdaq,1,,nasdaqtrader
CFR,"Cullen/Frost Bankers, Inc. Common Stock",NYSE,0,,nasdaqtrader
CG,The Carlyle Group Inc. - Common Stock,Nasdaq,0,,nasdaqtrader
CGABL,The Carlyle Group Inc. - 4.625% Subordinated Notes due 2061,Nasdaq,0,,nasdaqtrader
CGAU,Centerra Gold Inc. Common Shares,NYSE,0,,nasdaqtrader
CGBD,"Carlyle Secured Lending, Inc. - Closed End Fund",Nasdaq,0,,nasdaqtrader
CGBL,Capital Group Core Balanced ETF,NYSE Arca,1,,nasdaqtrader
CGC,Canopy Growth Corporation - Common Shares,Nasdaq,0,,nasdaqtrader
CGCB,Capital Group Core Bond ETF,NYSE Arca,1,,nasdaqtrader
CGCF,Cartesian Growth Corporation IV - Class A Ordinary Shares,Nasdaq,0,,nasdaqtrader
CGCFU,Cartesian Growth Corporation IV - Units,Nasdaq,0,,nasdaqtrader
CGCFW,Cartesian Growth Corporation IV - Warrants,Nasdaq,0,,nasdaqtrader
CGCP,Capital Group Core Plus Income ETF,NYSE Arca,1,,nasdaqtrader
CGCV,Capital Group Conservative Equity ETF,NYSE Arca,1,,nasdaqtrader
CGDG,Capital Group Dividend Growers ETF,NYSE Arca,1,,nasdaqtrader
CGDV,Capital Group Dividend Value ETF,NYSE Arca,1,,nasdaqtrader
CGEM,"Cullinan Therapeutics, Inc. - Common Stock",Nasdaq,0,,nasdaqtrader
CGEN,Compugen Ltd. - Ordinary Shares,Nasdaq,0,,nasdaqtrader
CGFS,CG Flagship Equity ETF,Cboe BZX,1,,nasdaqtrader
CGGE,Capital Group Global Equity ETF,NYSE Arca,1,,nasdaqtrader
CGGG,Capital Group U.S. Large Growth ETF,NYSE Arca,1,,nasdaqtrader
CGGO,Capital Group Global Growth Equity ETF,NYSE Arca,1,,nasdaqtrader
CGGR,Capital Group Growth ETF,NYSE Arca,1,,nasdaqtrader
CGHM,Capital Group Municipal High-Income ETF,NYSE Arca,1,,nasdaqtrader
CGHY,Capital Group High Yield Bond ETF,NYSE Arca,1,,nasdaqtrader
CGIB,Capital Group International Bond ETF (USD-Hedged),NYSE Arca,1,,nasdaqtrader
CGIC,Capital Group International Core Equity ETF,NYSE Arca,1,,nasdaqtrader
CGIE,Capital Group International Equity ETF,NYSE Arca,1,,nasdaqtrader
CGMM,Capital Group U.S. Small and Mid Cap ETF,NYSE Arca,1,,nasdaqtrader
CGMS,Capital Group U.S. Multi-Sector Income ETF,NYSE Arca,1,,nasdaqtrader
CGMU,Capital Group Municipal Income ETF,NYSE Arca,1,,nasdaqtrader
CGNG,Capital Group New Geography Equity ETF,NYSE Arca,1,,nasdaqtrader
CGNT,Cognyte Software Ltd. - Ordinary Shares,Nasdaq,0,,nasdaqtrader
CGNX,Cognex Corporation - Common Stock,Nasdaq,0,,nasdaqtrader
CGO,Calamos Global Total Return Fund - Closed End Fund,Nasdaq,0,,nasdaqtrader
CGON,"CG Oncology, Inc. - Common stock",Nasdaq,0,,nasdaqtrader
CGOV,Corgi 0-3 Month T-Bill ETF,Cboe BZX,1,,nasdaqtrader
CGPT,VegaShares AI Inference ETF,Nasdaq,1,,nasdaqtrader
CGRO,CoreValues Alpha Greater China Growth ETF,NYSE Arca,1,,nasdaqtrader
CGSD,Capital Group Short Duration Income ETF,NYSE Arca,1,,nasdaqtrader
CGSM,Capital Group Short Duration Municipal Income ETF,NYSE Arca,1,,nasdaqtrader
CGTL,Creative Global Technology Holdings Limited - Class A Ordinary Shares,Nasdaq,0,,nasdaqtrader
CGTX,"Cognition Therapeutics, Inc. - Common Stock",Nasdaq,0,,nasdaqtrader
CGUI,Capital Group Ultra Short Income ETF,NYSE Arca,1,,nasdaqtrader
CGUS,Capital Group Core Equity ETF,NYSE Arca,1,,nasdaqtrader
CGV,Conductor Global Equity Value ETF,NYSE,1,,nasdaqtrader
CGVV,Capital Group U.S. Large Value ETF,NYSE Arca,1,,nasdaqtrader
CGW,Invesco S&P Global Water Index ETF,NYSE Arca,1,,nasdaqtrader
CGXU,Capital Group International Focus Equity ETF,NYSE Arca,1,,nasdaqtrader
CHA,"Chagee Holdings Limited - American Depositary Shares, each representing 1 Class A ordinary share",Nasdaq,0,,nasdaqtrader
CHAD,DeFi Development Corp. - Variable Rate Series C Perpetual Preferred Stock,Nasdaq,0,,nasdaqtrader
CHAI,"Core AI Holdings, Inc. - Common Shares",Nasdaq,0,,nasdaqtrader
CHAR,Charlton Aria Acquisition Corporation - Class A Ordinary Shares,Nasdaq,0,,nasdaqtrader
CHARR,Charlton Aria Acquisition Corporation - Rights,Nasdaq,0,,nasdaqtrader
CHARU,Charlton Aria Acquisition Corporation - Units,Nasdaq,0,,nasdaqtrader
CHAT,Roundhill Generative AI & Technology ETF,NYSE Arca,1,,nasdaqtrader
CHAU,Direxion Daily CSI 300 China A Share Bull 2X ETF,NYSE Arca,1,,nasdaqtrader
CHCI,"Comstock Holding Companies, Inc. - Class A Common Stock",Nasdaq,0,,nasdaqtrader
CHCO,City Holding Company - Common Stock,Nasdaq,0,,nasdaqtrader
CHCT,Community Healthcare Trust Incorporated Common Stock,NYSE,0,,nasdaqtrader
CHD,"Church & Dwight Company, Inc. Common Stock",NYSE,0,,nasdaqtrader
CHDG,Calamos Active Hedged Equity ETF,Cboe BZX,1,,nasdaqtrader
CHDN,"Churchill Downs, Incorporated - Common Stock",Nasdaq,0,,nasdaqtrader
CHE,Chemed Corp,NYSE,0,,nasdaqtrader
CHEC,Chenghe Acquisition III Co. - Class A Ordinary Shares,Nasdaq,0,,nasdaqtrader
CHECU,Chenghe Acquisition III Co. - Units,Nasdaq,0,,nasdaqtrader
CHECW,Chenghe Acquisition III Co. - Warrants,Nasdaq,0,,nasdaqtrader
CHEF,"The Chefs' Warehouse, Inc. - Common Stock",Nasdaq,0,,nasdaqtrader
CHGA,Change Agents Corporation  - Common Stock,Nasdaq,0,,nasdaqtrader
CHGG,"Chegg, Inc. Common Stock",NYSE,0,,nasdaqtrader
CHGX,Stance Sustainable Beta ETF,Nasdaq,1,,nasdaqtrader
CHH,"Choice Hotels International, Inc. Common Stock",NYSE,0,,nasdaqtrader
CHI,Calamos Convertible Opportunities and Income Fund - Closed End Fund,Nasdaq,0,,nasdaqtrader
CHIP,REX AI Chipmaking ETF,Nasdaq,1,,nasdaqtrader
CHIQ,Global X MSCI China Consumer Discretionary ETF,NYSE Arca,1,,nasdaqtrader
CHKP,Check Point Software Technologies Ltd. - Ordinary Shares,Nasdaq,0,,nasdaqtrader
CHMG,Chemung Financial Corp  - Common Stock,Nasdaq,0,,nasdaqtrader
CHMI,Cherry Hill Mortgage Investment Corporation Common Stock,NYSE,0,,nasdaqtrader
CHNL,Chainlink ETF,Cboe BZX,1,,nasdaqtrader
CHNR,"China Natural Resources, Inc. - Common Shares",Nasdaq,0,,nasdaqtrader
CHNU,2x Chainlink ETF,Cboe BZX,1,,nasdaqtrader
CHOW,ChowChow Cloud International Holdings Limited Ordinary Shares,NYSE American,0,,nasdaqtrader
CHPG,ChampionsGate Acquisition Corporation - Class A Ordinary Share,Nasdaq,0,,nasdaqtrader
CHPGR,ChampionsGate Acquisition Corporation - Rights,Nasdaq,0,,nasdaqtrader
CHPGU,ChampionsGate Acquisition Corporation - Unit,Nasdaq,0,,nasdaqtrader
CHPS,Xtrackers Semiconductor Select Equity ETF,Nasdaq,1,,nasdaqtrader
CHPT,"ChargePoint Holdings, Inc. Common Stock",NYSE,0,,nasdaqtrader
CHPX,Global X AI Semiconductor & Quantum ETF,Nasdaq,1,,nasdaqtrader
CHPY,YieldMax Semiconductor Portfolio Option Income ETF,NYSE Arca,1,,nasdaqtrader
CHR,"Cheer Holding, Inc.  - Class A Ordinary Share",Nasdaq,0,,nasdaqtrader
CHRD,Chord Energy Corporation - Common Stock,Nasdaq,0,,nasdaqtrader
CHRI,Global X S&P 500 Christian Values ETF,Nasdaq,1,,nasdaqtrader
CHRN,ChronoScale Holdings Corporation - Common Stock,Nasdaq,0,,nasdaqtrader
CHRS,"Coherus Oncology, Inc. - Common Stock",Nasdaq,0,,nasdaqtrader
CHRW,"C.H. Robinson Worldwide, Inc. - Common Stock",Nasdaq,0,,nasdaqtrader
CHSCL,"CHS Inc - Class B Cumulative Redeemable Preferred Stock, Series 4",Nasdaq,0,,nasdaqtrader
CHSCM,"CHS Inc - Class B Reset Rate Cumulative Redeemable Preferred Stock, Series 3",Nasdaq,0,,nasdaqtrader
CHSCN,CHS Inc - Preferred Class B Series 2 Reset Rate,Nasdaq,0,,nasdaqtrader
CHSCO,CHS Inc - Class B Cumulative Redeemable Preferred Stock,Nasdaq,0,,nasdaqtrader
CHSCP,CHS Inc - 8%  Cumulative Redeemable Preferred Stock,Nasdaq,0,,nasdaqtrader
CHSN,Chanson International Holding - Class A Ordinary Shares,Nasdaq,0,,nasdaqtrader
CHT,"Chunghwa Telecom Co., Ltd.",NYSE,0,,nasdaqtrader
CHTR,"Charter Communications, Inc. - Class A Common Stock",Nasdaq,0,,nasdaqtrader
CHTRP,"Charter Communications, Inc. - Series A Cumulative Redeemable Preferred Stock",Nasdaq,0,,nasdaqtrader
CHW,Calamos Global Dynamic Income Fund - Closed End Fund,Nasdaq,0,,nasdaqtrader
CHWM,Chilwa Minerals Limited - American Depository Shares,Nasdaq,0,,nasdaqtrader
CHWY,"Chewy, Inc. Class A Common Stock",NYSE,0,,nasdaqtrader
CHY,Calamos Convertible and High Income Fund - Closed End Fund,Nasdaq,0,,nasdaqtrader
CHYG,Corgi 0-5 Year High Yield Corporate Bond ETF,Cboe BZX,1,,nasdaqtrader
CHYM,"Chime Financial, Inc. - Class A Common Stock",Nasdaq,0,,nasdaqtrader
CI,The Cigna Group Common Stock,NYSE,0,,nasdaqtrader
CIA,"Citizens, Inc. Class A Common Stock ($1.00 Par)",NYSE,0,,nasdaqtrader
CIB,Grupo Cibest S.A. American Depositary Shares each representing four Preferred Shares,NYSE,0,,nasdaqtrader
CIBR,First Trust NASDAQ Cybersecurity ETF,Nasdaq,1,,nasdaqtrader
CICB,CION Investment Corporation 7.50% Notes due 2029,NYSE,0,,nasdaqtrader
CICC,CION Investment Corporation 7.50% Notes due 2031,NYSE,0,,nasdaqtrader
CIEG,Leverage Shares 2X Long CIEN Daily ETF,Cboe BZX,1,,nasdaqtrader
CIEI,Corgi 3-7 Year Treasury Bond ETF,Cboe BZX,1,,nasdaqtrader
CIEN,Ciena Corporation Common Stock,NYSE,0,,nasdaqtrader
CIEX,Tradr 2X Long CIEN Daily ETF,Cboe BZX,1,,nasdaqtrader
CIFC,Corgi CIFR 2x Daily ETF,Cboe BZX,1,,nasdaqtrader
CIFG,Leverage Shares 2X Long CIFR Daily ETF,Nasdaq,1,,nasdaqtrader
CIFR,Cipher Digital Inc. - Common Stock,Nasdaq,0,,nasdaqtrader
CIFU,T-REX 2X Long CIFR Daily Target ETF,Cboe BZX,1,,nasdaqtrader
CIG,Comp En De Mn Cemig ADS American Depositary Shares,NYSE,0,,nasdaqtrader
CIG.C,Comp En De Mn Cemig ADS American Depositary Receipts,NYSE,0,,nasdaqtrader
CIGI,Colliers International Group Inc.  - Subordinate Voting Shares,Nasdaq,0,,nasdaqtrader
CIGL,Concorde International Group Ltd - Class A Ordinary Shares,Nasdaq,0,,nasdaqtrader
CII,"BlackRock Enhanced Large Cap Core Fund, Inc. Common Stock",NYSE,0,,nasdaqtrader
CIIT,"Tianci International, Inc. - Common Stock",Nasdaq,0,,nasdaqtrader
CIK,"UBS Asset Management Income Fund, Inc. Common Stock",NYSE American,0,,nasdaqtrader
CIM,Chimera Investment Corporation Common Stock,NYSE,0,,nasdaqtrader
CIMN,Chimera Investment Corporation 9.000% Senior Notes due 2029,NYSE,0,,nasdaqtrader
CIMO,Chimera Investment Corporation 9.250% Senior Notes due 2029,NYSE,0,,nasdaqtrader
CIMP,Chimera Investment Corporation 8.875% Senior Notes due 2030,NYSE,0,,nasdaqtrader
CINF,Cincinnati Financial Corporation - Common Stock,Nasdaq,0,,nasdaqtrader
CING,Cingulate Inc. - Common Stock,Nasdaq,0,,nasdaqtrader
CINGW,Cingulate Inc. - Warrants,Nasdaq,0,,nasdaqtrader
CINT,CI&T Inc Class A Common Shares,NYSE,0,,nasdaqtrader
CION,CION Investment Corporation Common Stock,NYSE,0,,nasdaqtrader
CIR,Corgi CRCL 2x Daily ETF,Cboe BZX,1,,nasdaqtrader
CIRC,"Circle8 Group, Inc. - Common Stock",Nasdaq,0,,nasdaqtrader
CISO,"CISO Global, Inc. - Common Stock",Nasdaq,0,,nasdaqtrader
CISS,C3is Inc. - Common Stock,Nasdaq,0,,nasdaqtrader
CITR,CitroTech Inc. Common Stock,NYSE American,0,,nasdaqtrader
CIVB,"Civista Bancshares, Inc.  - Common Stock",Nasdaq,0,,nasdaqtrader
CIVG,Corgi 1-5 Year Investment Grade Corporate Bond ETF,Cboe BZX,1,,nasdaqtrader
CIX,CompX International Inc. Common Stock,NYSE American,0,,nasdaqtrader
CJMB,Callan JMB Inc. - Common Stock,Nasdaq,0,,nasdaqtrader
CJUL,Corgi U.S. Equities 15% Structured Buffer ETF - July Series,Cboe BZX,1,,nasdaqtrader
CJUN,Corgi U.S. Equities 15% Structured Buffer ETF - June Series,Cboe BZX,1,,nasdaqtrader
CKX,"CKX Lands, Inc. Common Stock",NYSE American,0,,nasdaqtrader
CL,Colgate-Palmolive Company Common Stock,NYSE,0,,nasdaqtrader
CLAR,Clarus Corporation - Common Stock,Nasdaq,0,,nasdaqtrader
CLB,Core Laboratories Inc. Common Stock,NYSE,0,,nasdaqtrader
CLBK,"Columbia Financial, Inc. - Common Stock",Nasdaq,0,,nasdaqtrader
CLBR,Colombier Acquisition Corp. III Class A Ordinary Shares,NYSE,0,,nasdaqtrader
CLBR.U,"Colombier Acquisition Corp. III Units, each consisting of one Class A ordinary share and one-eighth of one warrant",NYSE,0,,nasdaqtrader
CLBR.W,"Colombier Acquisition Corp. III Warrants, each whole warrant exercisable for one Class A ordinary share at an exercise price of $11.50 per share",NYSE,0,,nasdaqtrader
CLBT,Cellebrite DI Ltd. - Ordinary Shares,Nasdaq,0,,nasdaqtrader
CLCG,Crossmark Large Cap Growth ETF,NYSE Arca,1,,nasdaqtrader
CLCV,Crossmark Large Cap Value ETF,NYSE Arca,1,,nasdaqtrader
CLDI,"Calidi Biotherapeutics, Inc. Common Stock",NYSE American,0,,nasdaqtrader
CLDT,Chatham Lodging Trust (REIT) Common Shares of Beneficial Interest,NYSE,0,,nasdaqtrader
CLDX,"Celldex Therapeutics, Inc. - Common Stock",Nasdaq,0,,nasdaqtrader
CLF,Cleveland-Cliffs Inc. Common Stock,NYSE,0,,nasdaqtrader
CLFD,"Clearfield, Inc. - Common Stock",Nasdaq,0,,nasdaqtrader
CLGN,CollPlant Biotechnologies Ltd. - Ordinary Shares,Nasdaq,0,,nasdaqtrader
CLH,"Clean Harbors, Inc. Common Stock",NYSE,0,,nasdaqtrader
CLIK,Click Holdings Limited - Ordinary Share,Nasdaq,0,,nasdaqtrader
CLIM,Climate Global - Climate Resilient REIT Index ETF,NYSE Arca,1,,nasdaqtrader
CLIP,Global X 1-3 Month T-Bill ETF,NYSE Arca,1,,nasdaqtrader
CLIR,ClearSign Technologies Corporation - Common Stock,Nasdaq,0,,nasdaqtrader
CLIX,ProShares Long Online/Short Stores ETF,NYSE Arca,1,,nasdaqtrader
CLLS,Cellectis S.A. - American Depositary Shares,Nasdaq,0,,nasdaqtrader
CLM,"Cornerstone Strategic Investment Fund, Inc. Common Shares",NYSE American,0,,nasdaqtrader
CLMB,"Climb Global Solutions, Inc. - Common Stock",Nasdaq,0,,nasdaqtrader
CLMT,"Calumet, Inc - Common Stock",Nasdaq,0,,nasdaqtrader
CLNE,Clean Energy Fuels Corp. - Common Stock,Nasdaq,0,,nasdaqtrader
CLNK,Common Shares of Beneficial Interest of Bitwise Chainlink ETF,NYSE Arca,1,,nasdaqtrader
CLNN,Clene Inc. - Common Stock,Nasdaq,0,,nasdaqtrader
CLOA,iShares AAA CLO Active ETF,Nasdaq,1,,nasdaqtrader
CLOB,VanEck AA-BB CLO ETF,NYSE Arca,1,,nasdaqtrader
CLOC,AAM Crescent CLO ETF,NYSE Arca,1,,nasdaqtrader
CLOD,Themes Cloud Computing ETF,Nasdaq,1,,nasdaqtrader
CLOI,VanEck CLO ETF,NYSE Arca,1,,nasdaqtrader
CLOO,NYLIM Investment Grade CLO ETF,NYSE Arca,1,,nasdaqtrader
CLOU,Global X Cloud Computing ETF,Nasdaq,1,,nasdaqtrader
CLOV,"Clover Health Investments, Corp.  - Class A Common stock",Nasdaq,0,,nasdaqtrader
CLOX,Eldridge AAA CLO ETF,NYSE Arca,1,,nasdaqtrader
CLOZ,Eldridge BBB-B CLO ETF,NYSE Arca,1,,nasdaqtrader
CLPR,Clipper Realty Inc. Common Stock,NYSE,0,,nasdaqtrader
CLPS,CLPS Incorporation - Common Stock,Nasdaq,0,,nasdaqtrader
CLPT,ClearPoint Neuro Inc. - Common Stock,Nasdaq,0,,nasdaqtrader
CLRB,"Cellectar Biosciences, Inc. - Common Stock",Nasdaq,0,,nasdaqtrader
CLRO,"ClearOne, Inc. - Common Stock",Nasdaq,0,,nasdaqtrader
CLS,"Celestica, Inc. Common Stock",NYSE,0,,nasdaqtrader
CLSE,Convergence Long/Short Equity ETF,Cboe BZX,1,,nasdaqtrader
CLSK,"CleanSpark, Inc. - Common Stock",Nasdaq,0,,nasdaqtrader
CLSKW,"CleanSpark, Inc. - Warrant",Nasdaq,0,,nasdaqtrader
CLSM,ETC Cabana Target Leading Sector Moderate ETF,Nasdaq,1,,nasdaqtrader
CLST,"Catalyst Bancorp, Inc. - common stock",Nasdaq,0,,nasdaqtrader
CLSX,Tradr 2X Long CLSK Daily ETF,Cboe BZX,1,,nasdaqtrader
CLUB,Billionaires Club ETF,NYSE Arca,1,,nasdaqtrader
CLVT,Clarivate Plc Ordinary Shares,NYSE,0,,nasdaqtrader
CLW,Clearwater Paper Corporation Common Stock,NYSE,0,,nasdaqtrader
CLWT,Euro Tech Holdings Company Limited - Ordinary Shares,Nasdaq,0,,nasdaqtrader
CLX,Clorox Company (The) Common Stock,NYSE,0,,nasdaqtrader
CLYM,"Climb Bio, Inc. - Common Stock",Nasdaq,0,,nasdaqtrader
CM,Canadian Imperial Bank of Commerce Common Stock,NYSE,0,,nasdaqtrader
CMAG,Corgi Mag 7 ETF,Cboe BZX,1,,nasdaqtrader
CMAY,Corgi U.S. Equities 15% Structured Buffer ETF - May Series,Cboe BZX,1,,nasdaqtrader
CMBO,Wayfinder Dynamic U.S. Interest Rate ETF,Nasdaq,1,,nasdaqtrader
CMBS,iShares CMBS Bond ETF,NYSE Arca,1,,nasdaqtrader
CMBT,CMB.TECH NV Ordinary Shares,NYSE,0,,nasdaqtrader
CMC,Commercial Metals Company Common Stock,NYSE,0,,nasdaqtrader
CMCI,VanEck CMCI Commodity Strategy ETF,Cboe BZX,1,,nasdaqtrader
CMCL,Caledonia Mining Corporation Plc Common Shares,NYSE American,0,,nasdaqtrader
CMCM,"Cheetah Mobile Inc. American Depositary Shares, each representing fifty (50) Class A Ordinary Shares",NYSE,0,,nasdaqtrader
CMCO,Columbus McKinnon Corporation - Common Stock,Nasdaq,0,,nasdaqtrader
CMCSA,Comcast Corporation - Class A Common Stock,Nasdaq,0,,nasdaqtrader
CMCT,Creative Media  - Common Stock,Nasdaq,0,,nasdaqtrader
CMDB,Costamare Bulkers Holdings Limited Common Stock,NYSE,0,,nasdaqtrader
CMDT,PIMCO Commodity Strategy Active Exchange-Traded Fund,NYSE Arca,1,,nasdaqtrader
CMDY,iShares Bloomberg Roll Select Commodity Strategy ETF,NYSE Arca,1,,nasdaqtrader
CME,CME Group Inc. - Class A Common Stock,Nasdaq,0,,nasdaqtrader
CMF,iShares California Muni Bond ETF,NYSE Arca,1,,nasdaqtrader
CMG,"Chipotle Mexican Grill, Inc. Common Stock",NYSE,0,,nasdaqtrader
CMI,Cummins Inc. Common Stock,NYSE,0,,nasdaqtrader
CMMB,Chemomab Therapeutics Ltd.  - American Depositary Shares,Nasdaq,0,,nasdaqtrader
CMND,Clearmind Medicine Inc. - Common Shares,Nasdaq,0,,nasdaqtrader
CMP,Compass Minerals Intl Inc Common Stock,NYSE,0,,nasdaqtrader
CMPR,Cimpress plc - Ordinary Shares,Nasdaq,0,,nasdaqtrader
CMPS,COMPASS Pathways Plc - American Depository Shares,Nasdaq,0,,nasdaqtrader
CMPX,"Compass Therapeutics, Inc. - Common Stock",Nasdaq,0,,nasdaqtrader
CMRC,"Commerce.com, Inc. - Series 1 Common Stock",Nasdaq,0,,nasdaqtrader
CMRE,Costamare Inc. Common Stock $0.0001 par value,NYSE,0,,nasdaqtrader
CMS,CMS Energy Corporation Common Stock,NYSE,0,,nasdaqtrader
CMSA,CMS Energy Corporation 5.625% Junior Subordinated Notes due 2078,NYSE,0,,nasdaqtrader
CMSC,CMS Energy Corporation 5.875% Junior Subordinated Notes due 2078,NYSE,0,,nasdaqtrader
CMSD,CMS Energy Corporation 5.875% Junior Subordinated Notes due 2079,NYSE,0,,nasdaqtrader
CMT,Core Molding Technologies Inc Common Stock,NYSE American,0,,nasdaqtrader
CMTG,"Claros Mortgage Trust, Inc. Common Stock",NYSE,0,,nasdaqtrader
CMTL,Comtech Telecommunications Corp. - Common Stock,Nasdaq,0,,nasdaqtrader
CMTV,Community Bancorp.  - Common stock,Nasdaq,0,,nasdaqtrader
CNA,CNA Financial Corporation Common Stock,NYSE,0,,nasdaqtrader
CNAV,Mohr Company Nav ETF,Cboe BZX,1,,nasdaqtrader
CNBS,Amplify Seymour Cannabis ETF,NYSE Arca,1,,nasdaqtrader
CNC,Centene Corporation Common Stock,NYSE,0,,nasdaqtrader
CNCK,Coincheck Group N.V. - Ordinary Shares,Nasdaq,0,,nasdaqtrader
CNCKW,Coincheck Group N.V. - Warrants,Nasdaq,0,,nasdaqtrader
CNDT,Conduent Incorporated - Common Stock,Nasdaq,0,,nasdaqtrader
CNEQ,Alger Concentrated Equity ETF,NYSE Arca,1,,nasdaqtrader
CNET,ZW Data Action Technologies Inc. - Common Stock,Nasdaq,0,,nasdaqtrader
CNEY,CN Energy Group Inc. - Class A Ordinary Shares,Nasdaq,0,,nasdaqtrader
CNF,"CNFinance Holdings Limited American Depositary Shares, each representing two hundred (200) Ordinary Shares",NYSE,0,,nasdaqtrader
CNH,CNH Industrial N.V. Common Shares,NYSE,0,,nasdaqtrader
CNI,Canadian National Railway Company Common Stock,NYSE,0,,nasdaqtrader
CNK,"Cinemark Holdings Inc Cinemark Holdings, Inc. Common Stock",NYSE,0,,nasdaqtrader
CNL,Collective Mining Ltd. - Common Stock,Nasdaq,0,,nasdaqtrader
CNM,"Core & Main, Inc. Class A Common Stock",NYSE,0,,nasdaqtrader
CNMD,CONMED Corporation Common Stock,NYSE,0,,nasdaqtrader
CNNE,"Cannae Holdings, Inc. Common Stock",NYSE,0,,nasdaqtrader
CNO,"CNO Financial Group, Inc. Common Stock",NYSE,0,,nasdaqtrader
CNOB,"ConnectOne Bancorp, Inc. - Common Stock",Nasdaq,0,,nasdaqtrader
CNOBP,"ConnectOne Bancorp, Inc. - Depositary Shares (each representing a 1/40th interest in a share of 5.25% Fixed-Rate Reset Non-Cumulative Perpetual Preferred Stock, Series A, par value $0.00 per share)",Nasdaq,0,,nasdaqtrader
CNP,"CenterPoint Energy, Inc (Holding Co) Common Stock",NYSE,0,,nasdaqtrader
CNQ,Canadian Natural Resources Limited Common Stock,NYSE,0,,nasdaqtrader
CNQQ,Rayliant-ChinaAMC Transformative China Tech ETF,Nasdaq,1,,nasdaqtrader
CNR,"Core Natural Resources, Inc. Common Stock",NYSE,0,,nasdaqtrader
CNRG,State Street SPDR S&P Kensho Clean Power ETF,NYSE Arca,1,,nasdaqtrader
CNS,Cohen & Steers Inc Common Stock,NYSE,0,,nasdaqtrader
CNSP,"CNS Pharmaceuticals, Inc. - Common Stock",Nasdaq,0,,nasdaqtrader
CNSY,"Cerenome, Inc. - Common Stock",Nasdaq,0,,nasdaqtrader
CNTB,Connect Biopharma Holdings Limited - Ordinary Shares,Nasdaq,0,,nasdaqtrader
CNTN,"Canton Strategic Holdings, Inc. - Common Stock",Nasdaq,0,,nasdaqtrader
CNTX,Context Therapeutics Inc. - Common Stock,Nasdaq,0,,nasdaqtrader
CNTY,"Century Casinos, Inc. - Common Stock",Nasdaq,0,,nasdaqtrader
CNVS,Cineverse Corp. - Class A Common Stock,Nasdaq,0,,nasdaqtrader
CNX,CNX Resources Corporation Common Stock,NYSE,0,,nasdaqtrader
CNXC,Concentrix Corporation - Common Stock,Nasdaq,0,,nasdaqtrader
CNXN,"PC Connection, Inc. - Common Stock",Nasdaq,0,,nasdaqtrader
CNXT,VanEck ChiNext Innovators ETF,NYSE Arca,1,,nasdaqtrader
CNXU,Conexeu Sciences Inc. - Common Stock,Nasdaq,0,,nasdaqtrader
CNYA,iShares MSCI China A ETF,Cboe BZX,1,,nasdaqtrader
COAG,"Hemab Therapeutics Holdings, Inc. - Common Stock",Nasdaq,0,,nasdaqtrader
COAL,Range Global Coal Index ETF,NYSE Arca,1,,nasdaqtrader
COCH,"Envoy Medical, Inc. - Class A Common Stock",Nasdaq,0,,nasdaqtrader
COCHW,"Envoy Medical, Inc. - Warrant",Nasdaq,0,,nasdaqtrader
COCO,"The Vita Coco Company, Inc. - Common Stock",Nasdaq,0,,nasdaqtrader
COCP,"Cocrystal Pharma, Inc. - Common Stock",Nasdaq,0,,nasdaqtrader
CODA,"Coda Octopus Group, Inc. - Common stock",Nasdaq,0,,nasdaqtrader
CODI,D/B/A Compass Diversified Holdings Shares of Beneficial Interest,NYSE,0,,nasdaqtrader
CODX,"Co-Diagnostics, Inc. - Common Stock",Nasdaq,0,,nasdaqtrader
COE,"51Talk Online Education Group American depositary shares, each representing 60 Class A ordinary shares",NYSE American,0,,nasdaqtrader
COF,Capital One Financial Corporation Common Stock,NYSE,0,,nasdaqtrader
COFS,"ChoiceOne Financial Services, Inc. - Common Stock",Nasdaq,0,,nasdaqtrader
COGT,"Cogent Biosciences, Inc. - Common Stock",Nasdaq,0,,nasdaqtrader
COHC,Corgi COHR 2x Daily ETF,Cboe BZX,1,,nasdaqtrader
COHH,Leverage Shares 2X Long COHR Daily ETF,Cboe BZX,1,,nasdaqtrader
COHN,Cohen & Company Inc.,NYSE American,0,,nasdaqtrader
COHQ,Tradr 2X Short COHR Daily ETF,Cboe BZX,1,,nasdaqtrader
COHR,Coherent Corp. Common Stock,NYSE,0,,nasdaqtrader
COHU,"Cohu, Inc. - Common Stock",Nasdaq,0,,nasdaqtrader
COHX,Tradr 2X Long COHR Daily ETF,Cboe BZX,1,,nasdaqtrader
COIA,ProShares Ultra COIN,NYSE Arca,1,,nasdaqtrader
COIG,Leverage Shares 2X Long COIN Daily ETF,Nasdaq,1,,nasdaqtrader
COIN,"Coinbase Global, Inc. - Class A Common Stock",Nasdaq,0,,nasdaqtrader
COIW,Roundhill COIN WeeklyPay ETF,Cboe BZX,1,,nasdaqtrader
COIX,Corgi COIN 2x Daily ETF,Cboe BZX,1,,nasdaqtrader
COKE,"Coca-Cola Consolidated, Inc. - Common Stock",Nasdaq,0,,nasdaqtrader
COLB,"Columbia Banking System, Inc. - Common Stock",Nasdaq,0,,nasdaqtrader
COLD,"Americold Realty Trust, Inc. Common Stock",NYSE,0,,nasdaqtrader
COLL,"Collegium Pharmaceutical, Inc. - Common Stock",Nasdaq,0,,nasdaqtrader
COLM,Columbia Sportswear Company - Common Stock,Nasdaq,0,,nasdaqtrader
COLO,Global X MSCI Colombia ETF,NYSE Arca,1,,nasdaqtrader
COM,Direxion Auspice Broad Commodity Strategy ETF,NYSE Arca,1,,nasdaqtrader
COMB,GraniteShares Bloomberg Commodity Broad Strategy No K-1 ETF,NYSE Arca,1,,nasdaqtrader
COMD,Global X Commodity Strategy ETF,Cboe BZX,1,,nasdaqtrader
COMP,"Compass, Inc. Class A Common Stock",NYSE,0,,nasdaqtrader
COMT,iShares GSCI Commodity Dynamic Roll Strategy ETF,Nasdaq,1,,nasdaqtrader
CON,"Concentra Group Holdings Parent, Inc. Common Stock",NYSE,0,,nasdaqtrader
CONI,GraniteShares 2x Short COIN Daily ETF,Nasdaq,1,,nasdaqtrader
CONL,GraniteShares 2x Long COIN Daily ETF,Nasdaq,1,,nasdaqtrader
CONX,Direxion Daily COIN Bull 2X ETF,Nasdaq,1,,nasdaqtrader
CONY,YieldMax COIN Option Income Strategy ETF,NYSE Arca,1,,nasdaqtrader
COO,"The Cooper Companies, Inc.  - Common Stock",Nasdaq,0,,nasdaqtrader
COOK,"Traeger, Inc. Common Stock",NYSE,0,,nasdaqtrader
COOL,"VegaShares AI Thermal, Cooling & Power Management ETF",Nasdaq,1,,nasdaqtrader
COOT,Australian Oilseeds Holdings Limited - Ordinary Shares,Nasdaq,0,,nasdaqtrader
COOTW,Australian Oilseeds Holdings Limited - Warrant,Nasdaq,0,,nasdaqtrader
COP,ConocoPhillips Common Stock,NYSE,0,,nasdaqtrader
COPA,Themes Copper Miners ETF,Cboe BZX,1,,nasdaqtrader
COPJ,Sprott Junior Copper Miners ETF,Nasdaq,1,,nasdaqtrader
COPL,Copley Acquisition Corp Ordinary Shares,NYSE,0,,nasdaqtrader
COPL.U,"Copley Acquisition Corp Units, each consisting of one ordinary share and one-half warrant",NYSE,0,,nasdaqtrader
COPL.W,"Copley Acquisition Corp Redeemable warrants, each whole warrant exercisable for one Class A ordinary share at an exercise price of $11.50",NYSE,0,,nasdaqtrader
COPP,Sprott Copper Miners ETF,Nasdaq,1,,nasdaqtrader
COPR,Idaho Copper Corporation Common Stock,NYSE American,0,,nasdaqtrader
COPR.W,Idaho Copper Corporation Common Stock Purchase Warrant,NYSE American,0,,nasdaqtrader
COPX,Global X Copper Miners ETF,NYSE Arca,1,,nasdaqtrader
COPY,"Tweedy, Browne Insider + Value ETF",NYSE Arca,1,,nasdaqtrader
COPZ,Defiance Daily Target 2X Long Copper Miners ETF,NYSE Arca,1,,nasdaqtrader
COR,"Cencora, Inc. Common Stock",NYSE,0,,nasdaqtrader
CORB,AB Core Bond ETF,NYSE Arca,1,,nasdaqtrader
CORD,T-REX 2X Inverse CRWV Daily Target ETF,Cboe BZX,1,,nasdaqtrader
CORN,Teucrium Corn Fund ETV,NYSE Arca,1,,nasdaqtrader
CORO,iShares International Country Rotation Active ETF,Nasdaq,1,,nasdaqtrader
CORP,PIMCO Investment Grade Corporate Bond Index Exchange-Traded Fund,NYSE Arca,1,,nasdaqtrader
CORT,Corcept Therapeutics Incorporated - Common Stock,Nasdaq,0,,nasdaqtrader
CORZ,"Core Scientific, Inc. - Common Stock",Nasdaq,0,,nasdaqtrader
CORZW,"Core Scientific, Inc. - Tranche 1 Warrants",Nasdaq,0,,nasdaqtrader
CORZZ,"Core Scientific, Inc. - Tranche 2 Warrants",Nasdaq,0,,nasdaqtrader
COSM,Cosmos Health Inc. - Common Stock,Nasdaq,0,,nasdaqtrader
COSO,"CoastalSouth Bancshares, Inc. Common Stock",NYSE,0,,nasdaqtrader
COST,Costco Wholesale Corporation - Common Stock,Nasdaq,0,,nasdaqtrader
COSW,Roundhill COST WeeklyPay ETF,Cboe BZX,1,,nasdaqtrader
COTG,Leverage Shares 2X Long COST Daily ETF,Nasdaq,1,,nasdaqtrader
COTY,Coty Inc. Class A Common Stock,NYSE,0,,nasdaqtrader
COUR,"Coursera, Inc. Common Stock",NYSE,0,,nasdaqtrader
COWG,Pacer US Large Cap Cash Cows Growth Leaders ETF,Nasdaq,1,,nasdaqtrader
COWS,Amplify Cash Flow Dividend Leaders ETF,Nasdaq,1,,nasdaqtrader
COWZ,Pacer US Cash Cows 100 ETF,Cboe BZX,1,,nasdaqtrader
COYA,"Coya Therapeutics, Inc. - Common Stock",Nasdaq,0,,nasdaqtrader
COYY,GraniteShares YieldBOOST COIN ETF,Nasdaq,1,,nasdaqtrader
COZX,Tradr 2X Long CORZ Daily ETF,Cboe BZX,1,,nasdaqtrader
CP,Canadian Pacific Kansas City Limited Common Shares,NYSE,0,,nasdaqtrader
CPA,"Copa Holdings, S.A. Class A Common Stock",NYSE,0,,nasdaqtrader
CPAC,Cementos Pacasmayo S.A.A. American Depositary Shares (Each representing five Common Shares),NYSE,0,,nasdaqtrader
CPAG,F/m Compoundr U.S. Aggregate Bond ETF,Nasdaq,1,,nasdaqtrader
CPAI,Counterpoint Quantitative Equity ETF,NYSE,1,,nasdaqtrader
CPAY,"Corpay, Inc. Common Stock",NYSE,0,,nasdaqtrader
CPB,The Campbell's Company - Common Stock,Nasdaq,0,,nasdaqtrader
CPBI,"Central Plains Bancshares, Inc. - Common Stock",Nasdaq,0,,nasdaqtrader
CPER,United States Copper Index Fund ETV,NYSE Arca,1,,nasdaqtrader
CPF,Central Pacific Financial Corp New,NYSE,0,,nasdaqtrader
CPHC,Canterbury Park Holding Corporation - Common Stock,Nasdaq,0,,nasdaqtrader
CPHI,"China Pharma Holdings, Inc. Common Stock",NYSE American,0,,nasdaqtrader
CPHY,F/m Compoundr High Yield Bond ETF,Nasdaq,1,,nasdaqtrader
CPII,American Beacon Ionic Inflation Protection ETF,NYSE Arca,1,,nasdaqtrader
CPIX,Cumberland Pharmaceuticals Inc. - Common Stock,Nasdaq,0,,nasdaqtrader
CPK,Chesapeake Utilities Corporation Common Stock,NYSE,0,,nasdaqtrader
CPLB,NYLIM MacKay Core Plus Bond ETF,NYSE Arca,1,,nasdaqtrader
CPLS,AB Core Plus Bond ETF,Nasdaq,1,,nasdaqtrader
CPNG,"Coupang, Inc. Class A Common Stock",NYSE,0,,nasdaqtrader
CPNJ,Calamos Nasdaq - 100 Structured Alt Protection ETF -June,NYSE Arca,1,,nasdaqtrader
CPNM,Calamos Nasdaq-100 Structured Alt Protection ETF - March,NYSE Arca,1,,nasdaqtrader
CPNQ,Calamos Nasdaq-100 Structured Alt Protection ETF December,NYSE Arca,1,,nasdaqtrader
CPNS,Calamos Nasdaq-100 Structured Alt Protection ETF  September,NYSE Arca,1,,nasdaqtrader
CPNX,Tradr 2X Long CPNG Daily ETF,Cboe BZX,1,,nasdaqtrader
CPOP,"Pop Culture Group Co., Ltd - Class A Ordinary Shares",Nasdaq,0,,nasdaqtrader
CPRA,Calamos Russell 2000 Structured Alt Protection ETF - April,NYSE Arca,1,,nasdaqtrader
CPRI,Capri Holdings Limited Ordinary Shares,NYSE,0,,nasdaqtrader
CPRJ,Calamos Russell 2000 Structured Alt Protection ETF  July,NYSE Arca,1,,nasdaqtrader
CPRO,Calamos Russell 2000 Structured Alt Protection ETF - October,NYSE Arca,1,,nasdaqtrader
CPRT,"Copart, Inc. - Common Stock",Nasdaq,0,,nasdaqtrader
CPRY,Calamos Russell 2000 Structured Alt Protection ETF January,NYSE Arca,1,,nasdaqtrader
CPS,Cooper-Standard Holdings Inc. Common Stock,NYSE,0,,nasdaqtrader
CPSA,Calamos S&P 500 Structured Alt Protection ETF  August,NYSE Arca,1,,nasdaqtrader
CPSD,Calamos S&P 500 Structured Alt Protection ETF December,NYSE Arca,1,,nasdaqtrader
CPSF,Calamos S&P 500 Structured Alt Protection ETF February,NYSE Arca,1,,nasdaqtrader
CPSH,CPS Technologies Corp. - Common Stock,Nasdaq,0,,nasdaqtrader
CPSJ,Calamos S&P 500 Structured Alt Protection ETF  July,NYSE Arca,1,,nasdaqtrader
CPSL,Calamos Laddered S&P 500 Structured Alt Protection ETF,Cboe BZX,1,,nasdaqtrader
CPSM,Calamos S&P 500 Structured Alt Protection ETF  May,NYSE Arca,1,,nasdaqtrader
CPSN,Calamos S&P 500 Structured Alt Protection ETF November,NYSE Arca,1,,nasdaqtrader
CPSO,Calamos S&P 500 Structured Alt Protection ETF - October,NYSE Arca,1,,nasdaqtrader
CPSP,Calamos S&P 500 Structured Alt Protection ETF - April,NYSE Arca,1,,nasdaqtrader
CPSR,Calamos S&P 500 Structured Alt Protection ETF - March,NYSE Arca,1,,nasdaqtrader
CPSS,"Consumer Portfolio Services, Inc. - Common Stock",Nasdaq,0,,nasdaqtrader
CPST,Calamos S&P 500 Structured Alt Protection ETF  September,NYSE Arca,1,,nasdaqtrader
CPSU,Calamos S&P 500 Structured Alt Protection ETF June,NYSE Arca,1,,nasdaqtrader
CPSY,Calamos S&P 500 Structured Alt Protection ETF January,NYSE Arca,1,,nasdaqtrader
CPT,Camden Property Trust Common Stock,NYSE,0,,nasdaqtrader
CPTL,Global X Morningstar Capital Allocation Leaders ETF,Nasdaq,1,,nasdaqtrader
CPXR,USCF Daily Target 2X Copper Index ETF,NYSE Arca,1,,nasdaqtrader
CPZ,Calamos Long/Short Equity & Dynamic Income Trust - Closed End Fund,Nasdaq,0,,nasdaqtrader
CQP,"Cheniere Energy Partners, LP Common Units",NYSE,0,,nasdaqtrader
CQQQ,Invesco China Technology ETF,NYSE Arca,1,,nasdaqtrader
CQTM,Corgi Quantum Computing ETF,Cboe BZX,1,,nasdaqtrader
CR,Crane Company Common Stock,NYSE,0,,nasdaqtrader
CRAC,Crown Reserve Acquisition Corp. I - Class A Ordinary Shares,Nasdaq,0,,nasdaqtrader
CRACR,Crown Reserve Acquisition Corp. I - Rights,Nasdaq,0,,nasdaqtrader
CRACU,Crown Reserve Acquisition Corp. I - Unit,Nasdaq,0,,nasdaqtrader
CRACW,Crown Reserve Acquisition Corp. I - Warrant,Nasdaq,0,,nasdaqtrader
CRAI,"CRA International,Inc. - Common Stock",Nasdaq,0,,nasdaqtrader
CRAK,VanEck Oil Refiners ETF,NYSE Arca,1,,nasdaqtrader
CRAM,Defiance China Memory ETF,Nasdaq,1,,nasdaqtrader
CRAN,Crane Harbor Acquisition Corp. II - Class A Ordinary Shares,Nasdaq,0,,nasdaqtrader
CRANR,Crane Harbor Acquisition Corp. II - Rights,Nasdaq,0,,nasdaqtrader
CRANU,Crane Harbor Acquisition Corp. II - Units,Nasdaq,0,,nasdaqtrader
CRAQ,Cal Redwood Acquisition Corp. - Class A Ordinary Shares,Nasdaq,0,,nasdaqtrader
CRAQR,Cal Redwood Acquisition Corp. - Right,Nasdaq,0,,nasdaqtrader
CRAQU,Cal Redwood Acquisition Corp. - Units,Nasdaq,0,,nasdaqtrader
CRBD,Corebridge Financial Inc. 6.375% Junior Subordinated Notes due 2064,NYSE,0,,nasdaqtrader
CRBG,Corebridge Financial Inc. Common Stock,NYSE,0,,nasdaqtrader
CRBN,iShares Low Carbon Optimized MSCI ACWI ETF,NYSE Arca,1,,nasdaqtrader
CRBP,"Corbus Pharmaceuticals Holdings, Inc. - Common Stock",Nasdaq,0,,nasdaqtrader
CRBU,"Caribou Biosciences, Inc. - Common Stock",Nasdaq,0,,nasdaqtrader
CRC,California Resources Corporation Common Stock,NYSE,0,,nasdaqtrader
CRCA,ProShares Ultra CRCL,NYSE Arca,1,,nasdaqtrader
CRCD,T-REX 2X Inverse CRCL Daily Target ETF,Cboe BZX,1,,nasdaqtrader
CRCG,Leverage Shares 2X Long CRCL Daily ETF,Nasdaq,1,,nasdaqtrader
CRCL,"Circle Internet Group, Inc. Class A Common Stock",NYSE,0,,nasdaqtrader
CRCO,YieldMax CRCL Option Income Strategy ETF,NYSE Arca,1,,nasdaqtrader
CRCT,"Cricut, Inc. - Class A common stock",Nasdaq,0,,nasdaqtrader
CRD,Corgi CRDO 2x Daily ETF,Cboe BZX,1,,nasdaqtrader
CRD.A,Crawford & Company Common Stock,NYSE,0,,nasdaqtrader
CRD.B,Crawford & Company Common Stock,NYSE,0,,nasdaqtrader
CRDD,Cardano ETF,Cboe BZX,1,,nasdaqtrader
CRDF,"Cardiff Oncology, Inc. - Common Stock",Nasdaq,0,,nasdaqtrader
CRDL,Cardiol Therapeutics Inc. - Class A Common Shares,Nasdaq,0,,nasdaqtrader
CRDO,Credo Technology Group Holding Ltd - Ordinary Shares,Nasdaq,0,,nasdaqtrader
CRDT,Simplify Opportunistic Income ETF,NYSE Arca,1,,nasdaqtrader
CRDU,Tradr 2X Long CRDO Daily ETF,Cboe BZX,1,,nasdaqtrader
CRDX,2x Cardano ETF,Cboe BZX,1,,nasdaqtrader
CRE,Cre8 Enterprise Limited - Class A Ordinary Shares,Nasdaq,0,,nasdaqtrader
CRESY,"Cresud S.A.C.I.F. y A. - American Depositary Shares, each representing ten shares of Common Stock",Nasdaq,0,,nasdaqtrader
CREX,"Creative Realities, Inc. - Common Stock",Nasdaq,0,,nasdaqtrader
CRF,"Cornerstone Total Return Fund, Inc. (The) Common Stock",NYSE American,0,,nasdaqtrader
CRGO,Freightos Limited - Ordinary shares,Nasdaq,0,,nasdaqtrader
CRGOW,Freightos Limited - Warrants,Nasdaq,0,,nasdaqtrader
CRGY,Crescent Energy Company Class A Common Stock,NYSE,0,,nasdaqtrader
CRH,CRH PLC Ordinary Shares,NYSE,0,,nasdaqtrader
CRI,"Carter's, Inc. Common Stock",NYSE,0,,nasdaqtrader
CRIB,Russell Investments Global Real Estate ETF,NYSE Arca,1,,nasdaqtrader
CRIS,"Curis, Inc. - Common Stock",Nasdaq,0,,nasdaqtrader
CRK,"Comstock Resources, Inc. Common Stock",NYSE,0,,nasdaqtrader
CRL,"Charles River Laboratories International, Inc. Common Stock",NYSE,0,,nasdaqtrader
CRM,"Salesforce, Inc. Common Stock",NYSE,0,,nasdaqtrader
CRMD,CorMedix Inc. - Common Stock,Nasdaq,0,,nasdaqtrader
CRMG,Leverage Shares 2X Long CRM Daily ETF,Nasdaq,1,,nasdaqtrader
CRML,Critical Metals Corp. - Ordinary Shares,Nasdaq,0,,nasdaqtrader
CRMLW,Critical Metals Corp. - Warrants,Nasdaq,0,,nasdaqtrader
CRMT,"America's Car-Mart, Inc. - Common Stock",Nasdaq,0,,nasdaqtrader
CRMU,Leverage Shares 2x Long CRML Daily ETF,Nasdaq,1,,nasdaqtrader
CRMX,Tradr 2X Long CRML Daily ETF,Cboe BZX,1,,nasdaqtrader
CRNC,Cerence Inc. - Common Stock,Nasdaq,0,,nasdaqtrader
CRNT,Ceragon Networks Ltd. - Ordinary Shares,Nasdaq,0,,nasdaqtrader
CROB,Defiance China Robotics ETF,Nasdaq,1,,nasdaqtrader
CRON,Cronos Group Inc. - Common Share,Nasdaq,0,,nasdaqtrader
CROX,"Crocs, Inc. - Common Stock",Nasdaq,0,,nasdaqtrader
CRPT,First Trust SkyBridge Crypto Industry and Digital Economy ETF,NYSE Arca,1,,nasdaqtrader
CRS,Carpenter Technology Corporation Common Stock,NYSE,0,,nasdaqtrader
CRSH,YieldMax Short TSLA Option Income Strategy ETF,NYSE Arca,1,,nasdaqtrader
CRSP,CRISPR Therapeutics AG - Common Shares,Nasdaq,0,,nasdaqtrader
CRSR,"Corsair Gaming, Inc. - Common Stock",Nasdaq,0,,nasdaqtrader
CRT,Cross Timbers Royalty Trust Common Stock,NYSE,0,,nasdaqtrader
CRTC,Xtrackers US National Critical Technologies ETF,NYSE Arca,1,,nasdaqtrader
CRTO,Criteo S.A. - Ordinary Shares,Nasdaq,0,,nasdaqtrader
CRUC,Corgi CRUS 2x Daily ETF,Cboe BZX,1,,nasdaqtrader
CRUS,"Cirrus Logic, Inc. - Common Stock",Nasdaq,0,,nasdaqtrader
CRUX,Columbia Core Bond ETF,NYSE Arca,1,,nasdaqtrader
CRVL,CorVel Corp. - Common Stock,Nasdaq,0,,nasdaqtrader
CRVO,CervoMed Inc. - Common Stock,Nasdaq,0,,nasdaqtrader
CRVS,"Corvus Pharmaceuticals, Inc. - Common Stock",Nasdaq,0,,nasdaqtrader
CRWC,Corgi CRWD 2x Daily ETF,Cboe BZX,1,,nasdaqtrader
CRWD,"CrowdStrike Holdings, Inc. - Class A Common Stock",Nasdaq,0,,nasdaqtrader
CRWG,Leverage Shares 2X Long CRWV Daily ETF,Nasdaq,1,,nasdaqtrader
CRWL,GraniteShares 2x Long CRWD Daily ETF,Nasdaq,1,,nasdaqtrader
CRWS,"Crown Crafts, Inc. - Common Stock",Nasdaq,0,,nasdaqtrader
CRWU,T-REX 2X Long CRWV Daily Target ETF,Cboe BZX,1,,nasdaqtrader
CRWV,"CoreWeave, Inc. - Class A Common Stock",Nasdaq,0,,nasdaqtrader
CRWX,Corgi CRWV 2x Daily ETF,Cboe BZX,1,,nasdaqtrader
CRXP,Columbia Core Plus Bond ETF,NYSE Arca,1,,nasdaqtrader
CRY,GraniteShares YieldBOOST CRCL ETF,Nasdaq,1,,nasdaqtrader
CSAI,"Cloudastructure, Inc. - Class A Common Stock",Nasdaq,0,,nasdaqtrader
CSB,VictoryShares US Small Cap High Div Volatility Wtd ETF,Nasdaq,1,,nasdaqtrader
CSBR,"Champions Oncology, Inc. - Common Stock",Nasdaq,0,,nasdaqtrader
CSCL,Direxion Daily CSCO Bull 2X ETF,Nasdaq,1,,nasdaqtrader
CSCO,"Cisco Systems, Inc. - Common Stock",Nasdaq,0,,nasdaqtrader
CSCS,Direxion Daily CSCO Bear 1X ETF,Nasdaq,1,,nasdaqtrader
CSD,Invesco S&P Spin-Off ETF,NYSE Arca,1,,nasdaqtrader
CSEN,Cohen & Steers Future of Energy Active ETF,Nasdaq,1,,nasdaqtrader
CSEP,Corgi U.S. Equities 15% Structured Buffer ETF - September Series,Cboe BZX,1,,nasdaqtrader
CSEX,Tradr 2X Long CLS Daily ETF,Cboe BZX,1,,nasdaqtrader
CSGP,"CoStar Group, Inc. - Common Stock",Nasdaq,0,,nasdaqtrader
CSHI,NEOS Enhanced Income 1-3 Month T-Bill ETF,NYSE Arca,1,,nasdaqtrader
CSHP,iShares Dynamic Short-Term Active ETF,NYSE Arca,1,,nasdaqtrader
CSHR,CoinShares PLC - Ordinary Shares,Nasdaq,0,,nasdaqtrader
CSHRW,CoinShares PLC - Warrants,Nasdaq,0,,nasdaqtrader
CSIO,Cohen & Steers Infrastructure Opportunities Active ETF,NYSE Arca,1,,nasdaqtrader
CSIQ,Canadian Solar Inc. - Common Shares,Nasdaq,0,,nasdaqtrader
CSL,Carlisle Companies Incorporated Common Stock,NYSE,0,,nasdaqtrader
CSM,ProShares Large Cap Core Plus,Cboe BZX,1,,nasdaqtrader
CSMD,Congress SMid Growth ETF,NYSE Arca,1,,nasdaqtrader
CSNR,Cohen & Steers Natural Resources Active ETF,NYSE Arca,1,,nasdaqtrader
CSPF,Cohen & Steers Preferred and Income Opportunities Active ETF,NYSE Arca,1,,nasdaqtrader
CSPI,CSP Inc. - Common Stock,Nasdaq,0,,nasdaqtrader
CSQ,Calamos Strategic Total Return Fund - Closed End Fund,Nasdaq,0,,nasdaqtrader
CSQR,"Csquare, Inc. Common Stock",NYSE,0,,nasdaqtrader
CSR,D/B/A Centerspace Common Stock,NYSE,0,,nasdaqtrader
CSRA,Cohen & Steers Real Assets Active ETF,NYSE Arca,1,,nasdaqtrader
CSRE,Cohen & Steers Real Estate Active ETF,NYSE Arca,1,,nasdaqtrader
CSSD,Cohen & Steers Short Duration Preferred and Income Active ETF,NYSE Arca,1,,nasdaqtrader
CSTE,Caesarstone Ltd. - Ordinary Shares,Nasdaq,0,,nasdaqtrader
CSTK,Invesco Comstock Contrarian Equity ETF,Cboe BZX,1,,nasdaqtrader
CSTL,"Castle Biosciences, Inc. - Common stock",Nasdaq,0,,nasdaqtrader
CSTM,Constellium SE Ordinary Shares (France),NYSE,0,,nasdaqtrader
CSV,"Carriage Services, Inc. Common Stock",NYSE,0,,nasdaqtrader
CSW,"CSW Industrials, Inc. Common Stock",NYSE,0,,nasdaqtrader
CSWC,Capital Southwest Corporation - Common Stock,Nasdaq,0,,nasdaqtrader
CSX,CSX Corporation - Common Stock,Nasdaq,0,,nasdaqtrader
CTA,Simplify Managed Futures Strategy ETF,NYSE Arca,1,,nasdaqtrader
CTAA,ClearThink 1 Acquisition Corp. - Class A Ordinary Shares,Nasdaq,0,,nasdaqtrader
CTAAR,ClearThink 1 Acquisition Corp. - Rights,Nasdaq,0,,nasdaqtrader
CTAAU,ClearThink 1 Acquisition Corp. - Units,Nasdaq,0,,nasdaqtrader
CTAG,Calamos Timpani Active SMID Growth ETF,F,1,,nasdaqtrader
CTAP,Simplify US Equity PLUS Managed Futures Strategy ETF,NYSE Arca,1,,nasdaqtrader
CTAS,Cintas Corporation - Common Stock,Nasdaq,0,,nasdaqtrader
CTAU,Corgi U.S. Equities 30% Structured Buffer ETF - August Series,Cboe BZX,1,,nasdaqtrader
CTBI,"Community Trust Bancorp, Inc. - Common Stock",Nasdaq,0,,nasdaqtrader
CTEC,Global X ClimateTech ETF,Nasdaq,1,,nasdaqtrader
CTEF,Castellan Targeted Equity ETF,Cboe BZX,1,,nasdaqtrader
CTEV,Claritev Corporation Class A Common Stock,NYSE,0,,nasdaqtrader
CTEX,ProShares S&P Kensho Cleantech ETF,NYSE Arca,1,,nasdaqtrader
CTGG,Qwest Corporation 6.500% Senior Notes due 2051 (denominations of $25),NYSE,0,,nasdaqtrader
CTGO,Contango Silver & Gold Inc. Common Stock,NYSE American,0,,nasdaqtrader
CTHH,Qwest Corporation 6.750% Senior Notes due 2052 (denominations of $25),NYSE,0,,nasdaqtrader
CTIF,Castellan Targeted Income ETF,Cboe BZX,1,,nasdaqtrader
CTJL,Corgi U.S. Equities 30% Structured Buffer ETF - July Series,Cboe BZX,1,,nasdaqtrader
CTJN,Corgi U.S. Equities 30% Structured Buffer ETF - June Series,Cboe BZX,1,,nasdaqtrader
CTKB,"Cytek Biosciences, Inc. - Common Stock",Nasdaq,0,,nasdaqtrader
CTM,"Castellum, Inc. Common Stock",NYSE American,0,,nasdaqtrader
CTMA,Corgi U.S. Equities 30% Structured Buffer ETF - May Series,Cboe BZX,1,,nasdaqtrader
CTMX,"CytomX Therapeutics, Inc. - Common Stock",Nasdaq,0,,nasdaqtrader
CTNM,"Contineum Therapeutics, Inc. - Common stock",Nasdaq,0,,nasdaqtrader
CTNT,Cheetah Net Supply Chain Service Inc. - Class A Common Stock,Nasdaq,0,,nasdaqtrader
CTO,"CTO Realty Growth, Inc. Common Stock",NYSE,0,,nasdaqtrader
CTOR,"Citius Oncology, Inc.  - Common Stock",Nasdaq,0,,nasdaqtrader
CTOS,"Custom Truck One Source, Inc. Common Stock",NYSE,0,,nasdaqtrader
CTRE,"CareTrust REIT, Inc. Common Stock",NYSE,0,,nasdaqtrader
CTRI,"Centuri Holdings, Inc. Common Stock",NYSE,0,,nasdaqtrader
CTRM,Castor Maritime Inc. - Common Shares,Nasdaq,0,,nasdaqtrader
CTRN,"Citi Trends, Inc. - Common Stock",Nasdaq,0,,nasdaqtrader
CTS,CTS Corporation Common Stock,NYSE,0,,nasdaqtrader
CTSE,Corgi U.S. Equities 30% Structured Buffer ETF - September Series,Cboe BZX,1,,nasdaqtrader
CTSH,Cognizant Technology Solutions Corporation - Class A Common Stock,Nasdaq,0,,nasdaqtrader
CTSO,Cytosorbents Corporation - Common Stock,Nasdaq,0,,nasdaqtrader
CTVA,"Corteva, Inc. Common Stock",NYSE,0,,nasdaqtrader
CTW,CTW - Class A Ordinary Shares,Nasdaq,0,,nasdaqtrader
CTWO,Common units,NYSE Arca,1,,nasdaqtrader
CTXR,"Citius Pharmaceuticals, Inc. - Common Stock",Nasdaq,0,,nasdaqtrader
CUB,Lionheart Holdings - Class A Ordinary Shares,Nasdaq,0,,nasdaqtrader
CUBB,"Customers Bancorp, Inc 5.375% Subordinated Notes Due 2034",NYSE,0,,nasdaqtrader
CUBE,CubeSmart Common Shares,NYSE,0,,nasdaqtrader
CUBI,"Customers Bancorp, Inc Common Stock",NYSE,0,,nasdaqtrader
CUBWU,Lionheart Holdings - Unit,Nasdaq,0,,nasdaqtrader
CUBWW,Lionheart Holdings - Warrant,Nasdaq,0,,nasdaqtrader
CUE,"Cue Biopharma, Inc. - Common Stock",Nasdaq,0,,nasdaqtrader
CULP,"Culp, Inc. - Common Shares",Nasdaq,0,,nasdaqtrader
CUPR,Cuprina Holdings (Cayman) Limited - Class A Ordinary shares,Nasdaq,0,,nasdaqtrader
CURB,Curbline Properties Corp. Common Stock,NYSE,0,,nasdaqtrader
CURE,Direxion Daily Healthcare Bull 3X ETF,NYSE Arca,1,,nasdaqtrader
CURI,CuriosityStream Inc.  - Class A Common Stock,Nasdaq,0,,nasdaqtrader
CURR,Currenc Group Inc. - Ordinary Shares,Nasdaq,0,,nasdaqtrader
CURV,Torrid Holdings Inc. Common Stock,NYSE,0,,nasdaqtrader
CURX,Curanex Pharmaceuticals Inc - Common Stock,Nasdaq,0,,nasdaqtrader
CUST,Corgi 1-3 Year Treasury Bond ETF,Cboe BZX,1,,nasdaqtrader
CUT,Invesco MSCI Global Timber ETF,NYSE Arca,1,,nasdaqtrader
CUVL,Clinuvel Pharmaceuticals Limited - American Depositary Shares,Nasdaq,0,,nasdaqtrader
CUZ,Cousins Properties Incorporated Common Stock,NYSE,0,,nasdaqtrader
CV,"CapsoVision, Inc. - Common Stock",Nasdaq,0,,nasdaqtrader
CVAR,Cultivar ETF,Cboe BZX,1,,nasdaqtrader
CVBF,CVB Financial Corporation - Common Stock,Nasdaq,0,,nasdaqtrader
CVCO,"Cavco Industries, Inc. - Common Stock",Nasdaq,0,,nasdaqtrader
CVE,Cenovus Energy Inc Common Stock,NYSE,0,,nasdaqtrader
CVEO,Civeo Corporation (Canada) Common Shares,NYSE,0,,nasdaqtrader
CVGD,CresAlta Global Dividend ETF,NYSE Arca,1,,nasdaqtrader
CVGI,"Commercial Vehicle Group, Inc. - Common Stock",Nasdaq,0,,nasdaqtrader
CVI,CVR Energy Inc. Common Stock,NYSE,0,,nasdaqtrader
CVIE,Calvert International Responsible Index ETF,NYSE Arca,1,,nasdaqtrader
CVKD,"Cadrenal Therapeutics, Inc. - Common Stock",Nasdaq,0,,nasdaqtrader
CVLC,Calvert US Large-Cap Core Responsible Index ETF,NYSE Arca,1,,nasdaqtrader
CVLG,"Covenant Logistics Group, Inc. Class A Common Stock",NYSE,0,,nasdaqtrader
CVLT,"Commvault Systems, Inc. - Common Stock",Nasdaq,0,,nasdaqtrader
CVM,Cel-Sci Corporation Common Stock,NYSE American,0,,nasdaqtrader
CVMC,Calvert US Mid-Cap Core Responsible Index ETF,NYSE Arca,1,,nasdaqtrader
CVNA,Carvana Co. Class A Common Stock,NYSE,0,,nasdaqtrader
CVNY,YieldMax CVNA Option Income Strategy ETF,NYSE Arca,1,,nasdaqtrader
CVR,Chicago Rivet & Machine Co. Common Stock,NYSE American,0,,nasdaqtrader
CVRD,Madison Covered Call ETF,NYSE Arca,1,,nasdaqtrader
CVRT,Calamos Convertible Equity Alternative ETF,NYSE Arca,1,,nasdaqtrader
CVRX,"CVRx, Inc. - Common Stock",Nasdaq,0,,nasdaqtrader
CVS,CVS Health Corporation Common Stock,NYSE,0,,nasdaqtrader
CVSA,Covista Inc. Common Shares,NYSE,0,,nasdaqtrader
CVSB,Calvert Ultra-Short Investment Grade ETF,NYSE Arca,1,,nasdaqtrader
CVSM,CresAlta Small and Mid-Cap ETF,NYSE Arca,1,,nasdaqtrader
CVU,"CPI Aerostructures, Inc. Common Stock",NYSE American,0,,nasdaqtrader
CVV,CVD Equipment Corporation - Common Stock,Nasdaq,0,,nasdaqtrader
CVX,Chevron Corporation Common Stock,NYSE,0,,nasdaqtrader
CVY,Invesco Zacks Multi-Asset Income ETF,NYSE Arca,1,,nasdaqtrader
CW,Curtiss-Wright Corporation Common Stock,NYSE,0,,nasdaqtrader
CWB,State Street SPDR Bloomberg Convertible Securities ETF,NYSE Arca,1,,nasdaqtrader
CWBC,Community West Bancshares - Common Stock,Nasdaq,0,,nasdaqtrader
CWCO,Consolidated Water Co. Ltd. - Ordinary Shares,Nasdaq,0,,nasdaqtrader
CWD,CaliberCos Inc. - Class A Common Stock,Nasdaq,0,,nasdaqtrader
CWEB,Direxion Daily CSI China Internet Index Bull 2X ETF,NYSE Arca,1,,nasdaqtrader
CWEN,"Clearway Energy, Inc. Class C Common Stock",NYSE,0,,nasdaqtrader
CWH,"Camping World Holdings, Inc. Class A Common Stock",NYSE,0,,nasdaqtrader
CWI,State Street SPDR MSCI ACWI ex-US ETF,NYSE Arca,1,,nasdaqtrader
CWK,Cushman & Wakefield Ltd. Common Shares,NYSE,0,,nasdaqtrader
CWS,AdvisorShares Focused Equity ETF,NYSE Arca,1,,nasdaqtrader
CWST,"Casella Waste Systems, Inc. - Class A Common Stock",Nasdaq,0,,nasdaqtrader
CWT,California Water Service Group Common Stock,NYSE,0,,nasdaqtrader
CWVX,Tradr 2X Long CRWV Daily ETF,Cboe BZX,1,,nasdaqtrader
CWY,GraniteShares YieldBOOST CRWV ETF,Nasdaq,1,,nasdaqtrader
CX,"Cemex, S.A.B. de C.V. Sponsored ADR",NYSE,0,,nasdaqtrader
CXAI,CXApp Inc. - Class A Common Stock,Nasdaq,0,,nasdaqtrader
CXAIW,CXApp Inc. - Warrant,Nasdaq,0,,nasdaqtrader
CXDO,"Crexendo, Inc. - Common Stock",Nasdaq,0,,nasdaqtrader
CXII,Churchill Capital Corp XII - Class A Ordinary Shares,Nasdaq,0,,nasdaqtrader
CXIIU,Churchill Capital Corp XII - Units,Nasdaq,0,,nasdaqtrader
CXIIW,Churchill Capital Corp XII - Warrants,Nasdaq,0,,nasdaqtrader
CXM,"Sprinklr, Inc. Class A Common Stock",NYSE,0,,nasdaqtrader
CXRN,Teucrium 2x Daily Corn ETF,NYSE Arca,1,,nasdaqtrader
CXSE,WisdomTree China ex-State-Owned Enterprises Fund,Nasdaq,1,,nasdaqtrader
CXT,"Crane NXT, Co. Common Stock",NYSE,0,,nasdaqtrader
CXW,"CoreCivic, Inc. Common Stock",NYSE,0,,nasdaqtrader
CYAB,"Cyabra, Inc. - Common Stock",Nasdaq,0,,nasdaqtrader
CYCU,"Cycurion, Inc. - Common Stock",Nasdaq,0,,nasdaqtrader
CYCUW,"Cycurion, Inc. - Warrants",Nasdaq,0,,nasdaqtrader
CYD,China Yuchai International Limited Common Stock,NYSE,0,,nasdaqtrader
CYH,"Community Health Systems, Inc. Common Stock",NYSE,0,,nasdaqtrader
CYN,Cyngn Inc. - Common stock,Nasdaq,0,,nasdaqtrader
CYPH,Cypherpunk Technologies Inc. - Common Stock,Nasdaq,0,,nasdaqtrader
CYRX,"CryoPort, Inc. - Common Stock",Nasdaq,0,,nasdaqtrader
CYTK,"Cytokinetics, Incorporated - Common Stock",Nasdaq,0,,nasdaqtrader
CZA,Invesco Zacks Mid-Cap ETF,NYSE Arca,1,,nasdaqtrader
CZFS,"Citizens Financial Services, Inc. - Common Stock",Nasdaq,0,,nasdaqtrader
CZNC,Citizens & Northern Corp - Common Stock,Nasdaq,0,,nasdaqtrader
CZR,"Caesars Entertainment, Inc. - Common Stock",Nasdaq,0,,nasdaqtrader
CZWI,"Citizens Community Bancorp, Inc. - Common Stock",Nasdaq,0,,nasdaqtrader
D,"Dominion Energy, Inc. Common Stock",NYSE,0,,nasdaqtrader
DAAQ,Digital Asset Acquisition Corp. - Class A Ordinary shares,Nasdaq,0,,nasdaqtrader
DAAQU,Digital Asset Acquisition Corp. - Units,Nasdaq,0,,nasdaqtrader
DAAQW,Digital Asset Acquisition Corp. - Warrant,Nasdaq,0,,nasdaqtrader
DABS,DoubleLine Asset-Backed Securities ETF,NYSE Arca,1,,nasdaqtrader
DAC,Danaos Corporation Common Stock,NYSE,0,,nasdaqtrader
DACL,REX Defensive Autocallable Income ETF,NYSE Arca,1,,nasdaqtrader
DADS,Digital Asset Debt Strategy ETF,Nasdaq,1,,nasdaqtrader
DAIC,"CID HoldCo, Inc. - Common Stock",Nasdaq,0,,nasdaqtrader
DAICW,"CID HoldCo, Inc. - Warrants",Nasdaq,0,,nasdaqtrader
DAIO,Data I/O Corporation - Common Stock,Nasdaq,0,,nasdaqtrader
DAK,Dakota Active Equity ETF,Nasdaq,1,,nasdaqtrader
DAKT,"Daktronics, Inc. - Common Stock",Nasdaq,0,,nasdaqtrader
DAL,"Delta Air Lines, Inc. Common Stock",NYSE,0,,nasdaqtrader
DALI,First Trust Dorsey Wright DALI Equity ETF,Nasdaq,1,,nasdaqtrader
DAMD,Defiance Daily Target 2X Short AMD ETF,NYSE Arca,1,,nasdaqtrader
DAN,Dana Incorporated Common Stock,NYSE,0,,nasdaqtrader
DANA,Dana Limited Volatility ETF,NYSE Arca,1,,nasdaqtrader
DAO,"Youdao, Inc. American Depositary Shares, each representing one Class A Ordinary Share",NYSE,0,,nasdaqtrader
DAPP,VanEck Digital Transformation ETF,Nasdaq,1,,nasdaqtrader
DAPR,FT Vest U.S. Equity Deep Buffer ETF - April,Cboe BZX,1,,nasdaqtrader
DAR,Darling Ingredients Inc. Common Stock,NYSE,0,,nasdaqtrader
DARE,"Dare Bioscience, Inc. - Common Stock",Nasdaq,0,,nasdaqtrader
DARP,Grizzle Growth ETF,NYSE Arca,1,,nasdaqtrader
DASH,"DoorDash, Inc. - Common Stock",Nasdaq,0,,nasdaqtrader
DAT,ProShares Big Data Refiners ETF,NYSE Arca,1,,nasdaqtrader
DAUG,FT Vest U.S. Equity Deep Buffer ETF - August,Cboe BZX,1,,nasdaqtrader
DAVA,Endava plc American Depositary Shares (each representing one Class A Ordinary Share),NYSE,0,,nasdaqtrader
DAVE,Dave Inc.  - Class A Common Stock,Nasdaq,0,,nasdaqtrader
DAVEW,Dave Inc.  - Warrants,Nasdaq,0,,nasdaqtrader
DAX,Global X DAX Germany ETF,Nasdaq,1,,nasdaqtrader
DB,Deutsche Bank AG Common Stock,NYSE,0,,nasdaqtrader
DBA,Invesco DB Agriculture Fund,NYSE Arca,1,,nasdaqtrader
DBAR,IMGP DBI Absolute Return ETF,NYSE Arca,1,,nasdaqtrader
DBAW,Xtrackers MSCI All World ex US Hedged Equity ETF,NYSE Arca,1,,nasdaqtrader
DBB,Invesco DB Base Metals Fund,NYSE Arca,1,,nasdaqtrader
DBC,Invesco DB Commodity Index Tracking Fund,NYSE Arca,1,,nasdaqtrader
DBCA,D. Boral Acquisition I Corp. - Class A Ordinary Shares,Nasdaq,0,,nasdaqtrader
DBCAU,D. Boral Acquisition I Corp. - Unit,Nasdaq,0,,nasdaqtrader
DBCAW,D. Boral Acquisition I Corp. - Warrants,Nasdaq,0,,nasdaqtrader
DBD,Diebold Nixdorf Incorporated Common stock,NYSE,0,,nasdaqtrader
DBE,Invesco DB Energy Fund,NYSE Arca,1,,nasdaqtrader
DBEF,Xtrackers MSCI EAFE Hedged Equity ETF,NYSE Arca,1,,nasdaqtrader
DBEM,Xtrackers MSCI Emerging Markets Hedged Equity ETF,NYSE Arca,1,,nasdaqtrader
DBEU,Xtrackers MSCI Europe Hedged Equity ETF,NYSE Arca,1,,nasdaqtrader
DBEZ,Xtrackers MSCI Eurozone Hedged Equity ETF,NYSE Arca,1,,nasdaqtrader
DBGI,"Digital Brands Group, Inc. - Common Stock",Nasdaq,0,,nasdaqtrader
DBI,Designer Brands Inc. Class A Common Stock,NYSE,0,,nasdaqtrader
DBJP,Xtrackers MSCI Japan Hedged Equity ETF,NYSE Arca,1,,nasdaqtrader
DBL,DoubleLine Opportunistic Credit Fund Common Shares of Beneficial Interest,NYSE,0,,nasdaqtrader
DBMF,iMGP DBi Managed Futures Strategy ETF,NYSE Arca,1,,nasdaqtrader
DBND,DoubleLine Opportunistic Core Bond ETF,NYSE Arca,1,,nasdaqtrader
DBO,Invesco DB Oil Fund,NYSE Arca,1,,nasdaqtrader
DBP,Invesco DB Precious Metals Fund,NYSE Arca,1,,nasdaqtrader
DBVT,DBV Technologies S.A. - American Depositary Shares,Nasdaq,0,,nasdaqtrader
DBX,"Dropbox, Inc. - Class A Common Stock",Nasdaq,0,,nasdaqtrader
DC,Dakota Gold Corp. Common Stock,NYSE American,0,,nasdaqtrader
DCAP,T-Strive Digital Credit Preferred Income ETF,Cboe BZX,1,,nasdaqtrader
DCBG,"Dime Commercial Bancshares, Inc. 9.000% Junior Subordinated Notes",NYSE,0,,nasdaqtrader
DCBO,Docebo Inc. - Common Shares,Nasdaq,0,,nasdaqtrader
DCGO,DocGo Inc. - Common Stock,Nasdaq,0,,nasdaqtrader
DCH,Dauch Corporation Common Stock,NYSE,0,,nasdaqtrader
DCI,"Donaldson Company, Inc. Common Stock",NYSE,0,,nasdaqtrader
DCMT,DoubleLine Commodity Strategy ETF,NYSE Arca,1,,nasdaqtrader
DCO,Ducommun Incorporated Common Stock,NYSE,0,,nasdaqtrader
DCOM,"Dime Commercial Bancshares, Inc. Common Stock",NYSE,0,,nasdaqtrader
DCOR,US Core Equity 1 Portfolio ETF Class Shares,NYSE Arca,1,,nasdaqtrader
DCOY,Decoy Therapeutics Inc. - Common Stock,Nasdaq,0,,nasdaqtrader
DCRE,DoubleLine Commercial Real Estate Debt ETF,NYSE Arca,1,,nasdaqtrader
DCTH,"Delcath Systems, Inc. - Common Stock",Nasdaq,0,,nasdaqtrader
DCX,Digital Currency X Technology Inc. - Class A Ordinary Shares,Nasdaq,0,,nasdaqtrader
DD,"DuPont de Nemours, Inc. Common Stock",NYSE,0,,nasdaqtrader
DDC,DDC Enterprise Limited Class A Ordinary Shares,NYSE American,0,,nasdaqtrader
DDD,3D Systems Corporation Common Stock,NYSE,0,,nasdaqtrader
DDDD,YieldMax U.S. Stocks Target Double Distribution ETF,NYSE Arca,1,,nasdaqtrader
DDEC,FT Vest U.S. Equity Deep Buffer ETF - December,Cboe BZX,1,,nasdaqtrader
DDFA,Innovator Equity Dual Directional 15 Buffer ETF - April,Cboe BZX,1,,nasdaqtrader
DDFD,Innovator Equity Dual Directional 15 Buffer ETF - December,Cboe BZX,1,,nasdaqtrader
DDFF,Innovator Equity Dual Directional 15 Buffer ETF - February,Cboe BZX,1,,nasdaqtrader
DDFG,Innovator Equity Dual Directional 15 Buffer ETF - August,Cboe BZX,1,,nasdaqtrader
DDFJ,Innovator Equity Dual Directional 15 Buffer ETF - January,Cboe BZX,1,,nasdaqtrader
DDFL,Innovator Equity Dual Directional 15 Buffer ETF - July,Cboe BZX,1,,nasdaqtrader
DDFM,Innovator Equity Dual Directional 15 Buffer ETF - March,Cboe BZX,1,,nasdaqtrader
DDFN,Innovator Equity Dual Directional 15 Buffer ETF - November,Cboe BZX,1,,nasdaqtrader
DDFO,Innovator Equity Dual Directional 15 Buffer ETF - October,Cboe BZX,1,,nasdaqtrader
DDFS,Innovator Equity Dual Directional 15 Buffer ETF - September,Cboe BZX,1,,nasdaqtrader
DDFY,Innovator Equity Dual Directional 15 Buffer ETF - May,Cboe BZX,1,,nasdaqtrader
DDFZ,Innovator Equity Dual Directional 15 Buffer ETF - June,Cboe BZX,1,,nasdaqtrader
DDI,"DoubleDown Interactive Co., Ltd. - American Depository Shares",Nasdaq,0,,nasdaqtrader
DDIV,First Trust Dorsey Wright Momentum & Dividend ETF,Nasdaq,1,,nasdaqtrader
DDL,Dingdong (Cayman) Limited American Depositary Shares (each two representing three Ordinary Shares),NYSE,0,,nasdaqtrader
DDLS,WisdomTree Dynamic International SmallCap Equity Fund,Cboe BZX,1,,nasdaqtrader
DDM,ProShares Ultra Dow30,NYSE Arca,1,,nasdaqtrader
DDNQ,Innovator Growth-100 Dual Directional 5 Buffer ETF - Quarterly,Cboe BZX,1,,nasdaqtrader
DDOG,"Datadog, Inc. - Class A Common Stock",Nasdaq,0,,nasdaqtrader
DDS,"Dillard's, Inc. Common Stock",NYSE,0,,nasdaqtrader
DDSQ,Innovator Equity Dual Directional 5 Buffer ETF - Quarterly,Cboe BZX,1,,nasdaqtrader
DDT,Dillard's Capital Trust I,NYSE,0,,nasdaqtrader
DDTA,Innovator Equity Dual Directional 10 Buffer ETF - April,Cboe BZX,1,,nasdaqtrader
DDTD,Innovator Equity Dual Directional 10 Buffer ETF - December,Cboe BZX,1,,nasdaqtrader
DDTF,Innovator Equity Dual Directional 10 Buffer ETF - February,Cboe BZX,1,,nasdaqtrader
DDTG,Innovator Equity Dual Directional 10 Buffer ETF - August,Cboe BZX,1,,nasdaqtrader
DDTJ,Innovator Equity Dual Directional 10 Buffer ETF - January,Cboe BZX,1,,nasdaqtrader
DDTL,Innovator Equity Dual Directional 10 Buffer ETF - July,Cboe BZX,1,,nasdaqtrader
DDTM,Innovator Equity Dual Directional 10 Buffer ETF - March,Cboe BZX,1,,nasdaqtrader
DDTN,Innovator Equity Dual Directional 10 Buffer ETF - November,Cboe BZX,1,,nasdaqtrader
DDTO,Innovator Equity Dual Directional 10 Buffer ETF - October,Cboe BZX,1,,nasdaqtrader
DDTS,Innovator Equity Dual Directional 10 Buffer ETF - September,Cboe BZX,1,,nasdaqtrader
DDTY,Innovator Equity Dual Directional 10 Buffer ETF - May,Cboe BZX,1,,nasdaqtrader
DDTZ,Innovator Equity Dual Directional 10 Buffer ETF - June,Cboe BZX,1,,nasdaqtrader
DDV,Defined Duration 5 ETF,Cboe BZX,1,,nasdaqtrader
DDWM,WisdomTree Dynamic International Equity Fund,Cboe BZX,1,,nasdaqtrader
DDX,Defined Duration 10 ETF,Cboe BZX,1,,nasdaqtrader
DDXX,Defined Duration 20 ETF,Cboe BZX,1,,nasdaqtrader
DE,Deere & Company Common Stock,NYSE,0,,nasdaqtrader
DEA,"Easterly Government Properties, Inc. Common Stock",NYSE,0,,nasdaqtrader
DEC,Diversified Energy Company Common Stock,NYSE,0,,nasdaqtrader
DECK,Deckers Outdoor Corporation Common Stock,NYSE,0,,nasdaqtrader
DECM,FT Vest U.S. Equity Max Buffer ETF - December,Cboe BZX,1,,nasdaqtrader
DECO,State Street Galaxy Digital Asset Ecosystem ETF,Nasdaq,1,,nasdaqtrader
DECP,PGIM S&P 500 Buffer 12 ETF - December,Cboe BZX,1,,nasdaqtrader
DECT,AllianzIM U.S. Large Cap Buffer10 Dec ETF,Cboe BZX,1,,nasdaqtrader
DECU,AllianzIM U.S. Equity Buffer15 Uncapped Dec ETF,Cboe BZX,1,,nasdaqtrader
DECW,AllianzIM U.S. Large Cap Buffer20 Dec ETF,Cboe BZX,1,,nasdaqtrader
DECZ,TrueShares Structured Outcome (December) ETF,Cboe BZX,1,,nasdaqtrader
DEED,First Trust Securitized Plus ETF,NYSE Arca,1,,nasdaqtrader
DEEF,Xtrackers FTSE Developed ex US Multifactor ETF,NYSE Arca,1,,nasdaqtrader
DEEP,Acquirers Small and Micro Deep Value ETF,NYSE Arca,1,,nasdaqtrader
DEFR,Aptus Deferred Income ETF,Cboe BZX,1,,nasdaqtrader
DEFT,"Defi Technologies, Inc. - Common Stock",Nasdaq,0,,nasdaqtrader
DEHP,Dimensional Emerging Markets High Profitability ETF,NYSE Arca,1,,nasdaqtrader
DEI,"Douglas Emmett, Inc. Common Stock",NYSE,0,,nasdaqtrader
DELL,Dell Technologies Inc. Class C Common Stock,NYSE,0,,nasdaqtrader
DEM,WisdomTree Emerging Markets High Dividend Fund,NYSE Arca,1,,nasdaqtrader
DEMZ,Democratic Large Cap Core ETF,Nasdaq,1,,nasdaqtrader
DEO,Diageo plc Common Stock,NYSE,0,,nasdaqtrader
DEPW,Google DeepMind AI Lab Ecosystem ETF,NYSE Arca,1,,nasdaqtrader
DERM,Journey Medical Corporation - Common Stock,Nasdaq,0,,nasdaqtrader
DES,WisdomTree U.S. SmallCap Dividend Fund,NYSE Arca,1,,nasdaqtrader
DESK,VanEck Office and Commercial REIT ETF,NYSE Arca,1,,nasdaqtrader
DETX,"Liberty Defense Holdings, Ltd. - Common Shares",Nasdaq,0,,nasdaqtrader
DEUS,Xtrackers Russell US Multifactor ETF,NYSE Arca,1,,nasdaqtrader
DEW,WisdomTree Global High Dividend Fund,NYSE Arca,1,,nasdaqtrader
DEXC,Dimensional Emerging Markets ex China Core Equity ETF,NYSE Arca,1,,nasdaqtrader
DFAC,Dimensional U.S. Core Equity 2 ETF,NYSE Arca,1,,nasdaqtrader
DFAE,Dimensional Emerging Core Equity Market ETF,NYSE Arca,1,,nasdaqtrader
DFAI,Dimensional International Core Equity Market ETF,NYSE Arca,1,,nasdaqtrader
DFAL,Dimensional US Large Cap Core Equity Market ETF,Cboe BZX,1,,nasdaqtrader
DFAR,DFA Real Estate Securities Portfolio ETF Class Shares,NYSE Arca,1,,nasdaqtrader
DFAS,Dimensional U.S. Small Cap ETF,NYSE Arca,1,,nasdaqtrader
DFAT,Dimensional U.S. Targeted Value ETF,NYSE Arca,1,,nasdaqtrader
DFAU,Dimensional US Core Equity Market ETF,NYSE Arca,1,,nasdaqtrader
DFAW,Dimensional World Equity ETF,NYSE Arca,1,,nasdaqtrader
DFAX,Dimensional World ex U.S. Core Equity 2 ETF,NYSE Arca,1,,nasdaqtrader
DFCA,Dimensional California Municipal Bond ETF,NYSE Arca,1,,nasdaqtrader
DFCF,Dimensional Core Fixed Income ETF,NYSE Arca,1,,nasdaqtrader
DFDV,DeFi Development Corp. - Common Stock,Nasdaq,0,,nasdaqtrader
DFDVW,DeFi Development Corp. - Warrant,Nasdaq,0,,nasdaqtrader
DFE,WisdomTree Europe SmallCap Dividend Fund,NYSE Arca,1,,nasdaqtrader
DFEB,FT Vest U.S. Equity Deep Buffer ETF - February,Cboe BZX,1,,nasdaqtrader
DFEM,Dimensional Emerging Markets Core Equity 2 ETF,NYSE Arca,1,,nasdaqtrader
DFEN,Direxion Daily Aerospace & Defense Bull 3X ETF,NYSE Arca,1,,nasdaqtrader
DFEV,Dimensional Emerging Markets Value ETF,NYSE Arca,1,,nasdaqtrader
DFGP,Dimensional Global Core Plus Fixed Income ETF,Nasdaq,1,,nasdaqtrader
DFGR,Dimensional Global Real Estate ETF,NYSE Arca,1,,nasdaqtrader
DFGX,Dimensional International Core Fixed Income ETF,Nasdaq,1,,nasdaqtrader
DFH,"Dream Finders Homes, Inc. Class A Common Stock",NYSE,0,,nasdaqtrader
DFIC,Dimensional International Core Equity 2 ETF,Cboe BZX,1,,nasdaqtrader
DFII,FT Vest Bitcoin Strategy & Target Income ETF,NYSE Arca,1,,nasdaqtrader
DFIN,"Donnelley Financial Solutions, Inc. Common Stock",NYSE,0,,nasdaqtrader
DFIP,Dimensional Inflation-Protected Securities ETF,NYSE Arca,1,,nasdaqtrader
DFIS,Dimensional International Small Cap ETF,Cboe BZX,1,,nasdaqtrader
DFIV,Dimensional International Value ETF,NYSE Arca,1,,nasdaqtrader
DFJ,WisdomTree Japan SmallCap Fund,NYSE Arca,1,,nasdaqtrader
DFLI,Dragonfly Energy Holdings Corp - Common Stock,Nasdaq,0,,nasdaqtrader
DFLIW,Dragonfly Energy Holdings Corp - Warrant,Nasdaq,0,,nasdaqtrader
DFLV,Dimensional US Large Cap Value ETF,NYSE Arca,1,,nasdaqtrader
DFMC,U.S. Micro Cap Portfolio: ETF Class Shares,NYSE Arca,1,,nasdaqtrader
DFNL,Davis Select Financial ETF,Cboe BZX,1,,nasdaqtrader
DFNM,Dimensional National Municipal Bond ETF,NYSE Arca,1,,nasdaqtrader
DFNS,T3 Defense Inc. - Common Stock,Nasdaq,0,,nasdaqtrader
DFNSW,T3 Defense Inc. - Warrants,Nasdaq,0,,nasdaqtrader
DFP,Flaherty & Crumrine Dynamic Preferred and Income Fund Inc. Common Stock,NYSE,0,,nasdaqtrader
DFSB,Dimensional Global Sustainability Fixed Income ETF,NYSE Arca,1,,nasdaqtrader
DFSC,"DEFSEC Technologies Inc. - common stock, no R/S concurrent with offering",Nasdaq,0,,nasdaqtrader
DFSCW,DEFSEC Technologies Inc. - warrant,Nasdaq,0,,nasdaqtrader
DFSD,Dimensional Short-Duration Fixed Income ETF,NYSE Arca,1,,nasdaqtrader
DFSE,Dimensional Emerging Markets Sustainability Core 1 ETF,NYSE Arca,1,,nasdaqtrader
DFSI,Dimensional International Sustainability Core 1 ETF,NYSE Arca,1,,nasdaqtrader
DFSU,Dimensional US Sustainability Core 1 ETF,NYSE Arca,1,,nasdaqtrader
DFSV,US Small Cap Value Portfolio ETF Class Shares,NYSE Arca,1,,nasdaqtrader
DFTT,DF Tactical 30 ETF,NYSE Arca,1,,nasdaqtrader
DFTX,"Definium Therapeutics, Inc.  - Common Shares",Nasdaq,0,,nasdaqtrader
DFUS,Dimensional U.S. Equity Market ETF,NYSE Arca,1,,nasdaqtrader
DFUV,Dimensional US Marketwide Value ETF,NYSE Arca,1,,nasdaqtrader
DFVE,DoubleLine Fortune 500 Equal Weight ETF,NYSE Arca,1,,nasdaqtrader
DFVX,Dimensional US Large Cap Vector ETF,NYSE Arca,1,,nasdaqtrader
DG,Dollar General Corporation Common Stock,NYSE,0,,nasdaqtrader
DGAC,Disciplined Growth Acquisition Corporation Class A Ordinary Shares,NYSE,0,,nasdaqtrader
DGAC.R,"Disciplined Growth Acquisition Corporation Rights, each right entitling the holder to receive one-fourth (1/4) of one Class A ordinary share",NYSE,0,,nasdaqtrader
DGAC.U,"Disciplined Growth Acquisition Corporation Units, each consisting of one Class A Ordinary Share and one Right",NYSE,0,,nasdaqtrader
DGAP,FT Vest U.S. Equity Buffer & Digital Return ETF - April,Cboe BZX,1,,nasdaqtrader
DGCB,Dimensional Global Credit ETF,Nasdaq,1,,nasdaqtrader
DGICA,"Donegal Group, Inc. - Class A Common Stock",Nasdaq,0,,nasdaqtrader
DGICB,"Donegal Group, Inc. - Class B Common Stock",Nasdaq,0,,nasdaqtrader
DGII,Digi International Inc. - Common Stock,Nasdaq,0,,nasdaqtrader
DGIN,VanEck Digital India ETF,NYSE Arca,1,,nasdaqtrader
DGJA,FT Vest U.S. Equity Buffer & Digital Return ETF - January,Cboe BZX,1,,nasdaqtrader
DGJL,FT Vest U.S. Equity Buffer & Digital Return ETF - July,Cboe BZX,1,,nasdaqtrader
DGLO,First Trust RBA Deglobalization ETF,Nasdaq,1,,nasdaqtrader
DGNX,Diginex Limited - Ordinary Shares,Nasdaq,0,,nasdaqtrader
DGOC,FT Vest U.S. Equity Buffer & Digital Return ETF - October,Cboe BZX,1,,nasdaqtrader
DGP,"DB Gold Double Long ETN due February 15, 2038",NYSE Arca,0,,nasdaqtrader
DGRE,WisdomTree Emerging Markets Quality Dividend Growth Fund,Nasdaq,1,,nasdaqtrader
DGRO,iShares Core Dividend Growth ETF,NYSE Arca,1,,nasdaqtrader
DGRS,WisdomTree U.S. SmallCap Quality Dividend Growth Fund,Nasdaq,1,,nasdaqtrader
DGRW,WisdomTree U.S. Quality Dividend Growth Fund,Nasdaq,1,,nasdaqtrader
DGS,WisdomTree Emerging Market SmallCap Fund,NYSE Arca,1,,nasdaqtrader
DGT,State Street SPDR Global Dow ETF,NYSE Arca,1,,nasdaqtrader
DGX,Quest Diagnostics Incorporated Common Stock,NYSE,0,,nasdaqtrader
DGXX,Digi Power X Inc. - Common Subordinate Voting Shares,Nasdaq,0,,nasdaqtrader
DGZ,"DB Gold Short ETN due February 15, 2038",NYSE Arca,0,,nasdaqtrader
DH,Definitive Healthcare Corp. - Class A Common Stock,Nasdaq,0,,nasdaqtrader
DHC,Diversified Healthcare Trust  - Common Shares of Beneficial Interest,Nasdaq,0,,nasdaqtrader
DHCNI,Diversified Healthcare Trust  - 5.625% Senior Notes due 2042,Nasdaq,0,,nasdaqtrader
DHCNL,Diversified Healthcare Trust  - 6.25% Senior Notes Due 2046,Nasdaq,0,,nasdaqtrader
DHDG,FT Vest U.S. Equity Quarterly 2.5 to 15 Buffer ETF,Cboe BZX,1,,nasdaqtrader
DHF,BNY Mellon High Yield Strategies Fund Common Stock,NYSE,0,,nasdaqtrader
DHI,"D.R. Horton, Inc. Common Stock",NYSE,0,,nasdaqtrader
DHLX,Diamond Hill Large Cap Concentrated ETF,NYSE Arca,1,,nasdaqtrader
DHR,Danaher Corporation Common Stock,NYSE,0,,nasdaqtrader
DHS,WisdomTree U.S. High Dividend Fund,NYSE Arca,1,,nasdaqtrader
DHSB,Day Hagan Smart Buffer ETF,NYSE Arca,1,,nasdaqtrader
DHT,"DHT Holdings, Inc.",NYSE,0,,nasdaqtrader
DHX,"DHI Group, Inc. Common Stock",NYSE,0,,nasdaqtrader
DHY,UBS Asset Management High Yield Credit Fund Common Stock,NYSE American,0,,nasdaqtrader
DIA,State Street SPDR Dow Jones Industrial Average ETF Trust,NYSE Arca,1,,nasdaqtrader
DIAL,Columbia Diversified Fixed Income Allocation ETF,NYSE Arca,1,,nasdaqtrader
DIBS,"1stdibs.com, Inc. - Common Stock",Nasdaq,0,,nasdaqtrader
DICE,Tema Trading & Prediction Markets ETF,Cboe BZX,1,,nasdaqtrader
DIEM,Franklin Emerging Market Core Dividend Tilt Index ETF,NYSE Arca,1,,nasdaqtrader
DIG,ProShares Ultra Energy,NYSE Arca,1,,nasdaqtrader
DIHP,Dimensional International High Profitability ETF,Cboe BZX,1,,nasdaqtrader
DIM,WisdomTree International MidCap Dividend Fund,NYSE Arca,1,,nasdaqtrader
DIME,CoinShares Altcoins ETF,Nasdaq,1,,nasdaqtrader
DIN,"Dine Brands Global, Inc. Common Stock",NYSE,0,,nasdaqtrader
DINE,Simplify Tax Aware Diversified Income Strategy ETF,Nasdaq,1,,nasdaqtrader
DINO,HF Sinclair Corporation Common Stock,NYSE,0,,nasdaqtrader
DINT,Davis Select International ETF,Cboe BZX,1,,nasdaqtrader
DIOD,Diodes Incorporated - Common Stock,Nasdaq,0,,nasdaqtrader
DIPR,Corgi Space & Satellite Communications ETF,Cboe BZX,1,,nasdaqtrader
DIPS,YieldMax Short NVDA Option Income Strategy ETF,NYSE Arca,1,,nasdaqtrader
DIS,Walt Disney Company (The) Common Stock,NYSE,0,,nasdaqtrader
DISK,Tema Memory ETF,NYSE Arca,1,,nasdaqtrader
DISV,Dimensional International Small Cap Value ETF,Cboe BZX,1,,nasdaqtrader
DIT,AMCON Distributing Company Common Stock,NYSE American,0,,nasdaqtrader
DIV,Global X Super Dividend ETF,NYSE Arca,1,,nasdaqtrader
DIVB,iShares Core Dividend ETF,Cboe BZX,1,,nasdaqtrader
DIVD,Altrius Global Dividend ETF,Nasdaq,1,,nasdaqtrader
DIVE,Dana Concentrated Dividend ETF,NYSE Arca,1,,nasdaqtrader
DIVG,Invesco S&P 500 High Dividend Growers ETF,NYSE Arca,1,,nasdaqtrader
DIVH,Integrity Dividend Harvest ETF,NYSE Arca,1,,nasdaqtrader
DIVI,Franklin International Core Dividend Tilt Index ETF,NYSE Arca,1,,nasdaqtrader
DIVL,Madison Dividend Value ETF,NYSE Arca,1,,nasdaqtrader
DIVN,Horizon Dividend Income ETF,Cboe BZX,1,,nasdaqtrader
DIVO,Amplify CWP Enhanced Dividend Income ETF,NYSE Arca,1,,nasdaqtrader
DIVP,Cullen Enhanced Equity Income ETF,NYSE Arca,1,,nasdaqtrader
DIVS,Guinness Atkinson Dividend Builder ETF,NYSE Arca,1,,nasdaqtrader
DIVY,Sound Equity Dividend Income ETF,NYSE,1,,nasdaqtrader
DIVZ,Polen Dividend Income ETF,NYSE Arca,1,,nasdaqtrader
DJAN,FT Vest U.S. Equity Deep Buffer ETF - January,Cboe BZX,1,,nasdaqtrader
DJCO,Daily Journal Corp. (S.C.) - Common Stock,Nasdaq,0,,nasdaqtrader
DJD,Invesco Dow Jones Industrial Average Dividend ETF,NYSE Arca,1,,nasdaqtrader
DJIA,Global X Dow 30 Covered Call ETF,NYSE Arca,1,,nasdaqtrader
DJP,iPath Bloomberg Commodity Index Total Return ETN,NYSE Arca,0,,nasdaqtrader
DJT,Trump Media & Technology Group Corp. - Common Stock,Nasdaq,0,,nasdaqtrader
DJTU,T-REX 2X Long DJT Daily Target ETF,Cboe BZX,1,,nasdaqtrader
DJTWW,Trump Media & Technology Group Corp. - Warrants,Nasdaq,0,,nasdaqtrader
DJUL,FT Vest U.S. Equity Deep Buffer ETF - July,Cboe BZX,1,,nasdaqtrader
DJUN,FT Vest U.S. Equity Deep Buffer ETF - June,Cboe BZX,1,,nasdaqtrader
DK,"Delek US Holdings, Inc. Common Stock",NYSE,0,,nasdaqtrader
DKI,DarkIris Inc. - Class A Ordinary Shares,Nasdaq,0,,nasdaqtrader
DKL,"Delek Logistics Partners, L.P. Common Units representing Limited Partner Interests",NYSE,0,,nasdaqtrader
DKNG,DraftKings Inc. - Class A Common Stock,Nasdaq,0,,nasdaqtrader
DKS,Dick's Sporting Goods Inc Common Stock,NYSE,0,,nasdaqtrader
DLAG,FT Vest U.S. Equity Dual Directional Buffer ETF - August,Cboe BZX,1,,nasdaqtrader
DLB,Dolby Laboratories Common Stock,NYSE,0,,nasdaqtrader
DLCU,U.S. Large Company Portfolio: ETF Class Shares,Nasdaq,1,,nasdaqtrader
DLFE,FT Vest U.S. Equity Dual Directional Buffer ETF - February,Cboe BZX,1,,nasdaqtrader
DLHC,DLH Holdings Corp. - Common Stock,Nasdaq,0,,nasdaqtrader
DLLL,GraniteShares 2x Long DELL Daily ETF,Nasdaq,1,,nasdaqtrader
DLMY,FT Vest U.S. Equity Dual Directional Buffer ETF - May,Cboe BZX,1,,nasdaqtrader
DLN,WisdomTree U.S. LargeCap Dividend Fund,NYSE Arca,1,,nasdaqtrader
DLNG,Dynagas LNG Partners LP Common Units,NYSE,0,,nasdaqtrader
DLNV,FT Vest U.S. Equity Dual Directional Buffer ETF - November,Cboe BZX,1,,nasdaqtrader
DLO,DLocal Limited - Class A Common Shares,Nasdaq,0,,nasdaqtrader
DLPN,"Dolphin Entertainment, Inc. - Common Stock",Nasdaq,0,,nasdaqtrader
DLR,"Digital Realty Trust, Inc. Common Stock",NYSE,0,,nasdaqtrader
DLS,WisdomTree International SmallCap Fund,NYSE Arca,1,,nasdaqtrader
DLTH,Duluth Holdings Inc. - Class B Common Stock,Nasdaq,0,,nasdaqtrader
DLTR,"Dollar Tree, Inc. - Common Stock",Nasdaq,0,,nasdaqtrader
DLUX,DoubleLine Ultrashort Income ETF,NYSE Arca,1,,nasdaqtrader
DLX,Deluxe Corporation Common Stock,NYSE,0,,nasdaqtrader
DLXY,Delixy Holdings Limited - Class A Ordinary Shares,Nasdaq,0,,nasdaqtrader
DLY,DoubleLine Yield Opportunities Fund Common Shares of Beneficial Interest,NYSE,0,,nasdaqtrader
DMA,Destra Multi-Alternative Fund Common Stock,NYSE,0,,nasdaqtrader
DMAA,Drugs Made In America Acquisition Corp. - Ordinary Shares,Nasdaq,0,,nasdaqtrader
DMAAR,Drugs Made In America Acquisition Corp. - Rights,Nasdaq,0,,nasdaqtrader
DMAAU,Drugs Made In America Acquisition Corp. - Units,Nasdaq,0,,nasdaqtrader
DMAC,DiaMedica Therapeutics Inc. - Common Stock,Nasdaq,0,,nasdaqtrader
DMAR,FT Vest U.S. Equity Deep Buffer ETF - March,Cboe BZX,1,,nasdaqtrader
DMAX,iShares Large Cap Max Buffer Dec ETF,Cboe BZX,1,,nasdaqtrader
DMAY,FT Vest U.S. Equity Deep Buffer ETF - May,Cboe BZX,1,,nasdaqtrader
DMB,"BNY Mellon Municipal Bond Infrastructure Fund, Inc. Common Stock",NYSE,0,,nasdaqtrader
DMBS,DoubleLine Mortgage ETF,NYSE Arca,1,,nasdaqtrader
DMC,Del Monte Corporation Ordinary Shares,NYSE,0,,nasdaqtrader
DMII,Drugs Made In America Acquisition II Corp. - Ordinary Shares,Nasdaq,0,,nasdaqtrader
DMIIR,Drugs Made In America Acquisition II Corp. - Right,Nasdaq,0,,nasdaqtrader
DMIIU,Drugs Made In America Acquisition II Corp. - Unit,Nasdaq,0,,nasdaqtrader
DMLP,"Dorchester Minerals, L.P. - Common Units Representing Limited Partnership Interests",Nasdaq,0,,nasdaqtrader
DMO,Western Asset Mortgage Opportunity Fund Inc. Common Stock,NYSE,0,,nasdaqtrader
DMRA,"Damora Therapeutics, Inc. - Ordinary Shares",Nasdaq,0,,nasdaqtrader
DMRC,Digimarc Corporation - Common Stock,Nasdaq,0,,nasdaqtrader
DMX,DoubleLine Multi-Sector Income ETF,NYSE Arca,1,,nasdaqtrader
DMXF,iShares ESG Advanced MSCI EAFE ETF,Nasdaq,1,,nasdaqtrader
DMXU,Xtrackers Bloomberg Developed Markets ex US Equity ETF,NYSE Arca,1,,nasdaqtrader
DNA,"Ginkgo Bioworks Holdings, Inc. Class A Common Stock",NYSE,0,,nasdaqtrader
DNL,WisdomTree Global ex-U.S. Quality Growth Fund,NYSE Arca,1,,nasdaqtrader
DNLI,Denali Therapeutics Inc. - Common Stock,Nasdaq,0,,nasdaqtrader
DNMX,Dynamix Corporation III - Class A Ordinary Shares,Nasdaq,0,,nasdaqtrader
DNMXU,Dynamix Corporation III - Unit,Nasdaq,0,,nasdaqtrader
DNMXW,Dynamix Corporation III - Warrants,Nasdaq,0,,nasdaqtrader
DNN,Denison Mines Corp Ordinary Shares (Canada),NYSE American,0,,nasdaqtrader
DNOV,FT Vest U.S. Equity Deep Buffer ETF - November,Cboe BZX,1,,nasdaqtrader
DNOW,DNOW Inc. Common Stock,NYSE,0,,nasdaqtrader
DNP,"DNP Select Income Fund, Inc. Common Stock",NYSE,0,,nasdaqtrader
DNTH,"Dianthus Therapeutics, Inc. - Common Stock",Nasdaq,0,,nasdaqtrader
DNUT,"Krispy Kreme, Inc. - Common Stock",Nasdaq,0,,nasdaqtrader
DOC,"Healthpeak Properties, Inc. Common Stock",NYSE,0,,nasdaqtrader
DOCK,"Corgi Ports, Rail & Freight ETF",Cboe BZX,1,,nasdaqtrader
DOCN,"DigitalOcean Holdings, Inc. Common Stock",NYSE,0,,nasdaqtrader
DOCS,"Doximity, Inc. Class A Common Stock",NYSE,0,,nasdaqtrader
DOCT,FT Vest U.S. Equity Deep Buffer ETF - October,Cboe BZX,1,,nasdaqtrader
DOCU,"DocuSign, Inc. - Common Stock",Nasdaq,0,,nasdaqtrader
DOG,ProShares Short Dow30,NYSE Arca,1,,nasdaqtrader
DOGG,FT Vest DJIA Dogs 10 Target Income ETF,Cboe BZX,1,,nasdaqtrader
DOGZ,Dogness (International) Corporation - Class A Common Stock,Nasdaq,0,,nasdaqtrader
DOJE,REX-Osprey DOGE ETF,Cboe BZX,1,,nasdaqtrader
DOL,WisdomTree True Developed International Fund,NYSE Arca,1,,nasdaqtrader
DOLE,Dole plc Ordinary Shares,NYSE,0,,nasdaqtrader
DOMH,Dominari Holdings Inc. - Common Stock,Nasdaq,0,,nasdaqtrader
DON,WisdomTree U.S. MidCap Dividend Fund,NYSE Arca,1,,nasdaqtrader
DOO,BRP Inc. - Common Subordinate Voting Shares,Nasdaq,0,,nasdaqtrader
DORM,"Dorman Products, Inc. - Common Stock",Nasdaq,0,,nasdaqtrader
DOUG,Douglas Elliman Inc. Common Stock,NYSE,0,,nasdaqtrader
DOV,Dover Corporation Common Stock,NYSE,0,,nasdaqtrader
DOW,Dow Inc. Common Stock,NYSE,0,,nasdaqtrader
DOX,Amdocs Limited - Ordinary Shares,Nasdaq,0,,nasdaqtrader
DOYU,DouYu International Holdings Limited - American Depositary Shares,Nasdaq,0,,nasdaqtrader
DPC,DPC Holdings PLC Ordinary Shares,NYSE,0,,nasdaqtrader
DPG,Duff & Phelps Utility and Infrastructure Fund Inc.,NYSE,0,,nasdaqtrader
DPRE,Virtus Duff & Phelps Real Estate Income ETF,NYSE Arca,1,,nasdaqtrader
DPRO,Draganfly Inc. - Common Shares,Nasdaq,0,,nasdaqtrader
DPST,Direxion Daily Regional Banks Bull 3X ETF,NYSE Arca,1,,nasdaqtrader
DPU,Top KingWin Ltd - Class A Ordinary Shares,Nasdaq,0,,nasdaqtrader
DPZ,Domino's Pizza Inc - Common Stock,Nasdaq,0,,nasdaqtrader
DQ,"DAQO New Energy Corp. American Depositary Shares, each representing five ordinary shares",NYSE,0,,nasdaqtrader
DQJN,FT Vest Nasdaq-100 Dual Directional Buffer ETF - June,Cboe BZX,1,,nasdaqtrader
DQSE,FT Vest Nasdaq-100 Dual Directional Buffer ETF - September,Cboe BZX,1,,nasdaqtrader
DRAI,Draco Evolution AI ETF,NYSE Arca,1,,nasdaqtrader
DRAL,Defiance Daily Target 2X Long DRAM ETF,Cboe BZX,1,,nasdaqtrader
DRAM,Roundhill Memory ETF,Cboe BZX,1,,nasdaqtrader
DRAY,YieldMax DKNG Option Income Strategy ETF,NYSE Arca,1,,nasdaqtrader
DRCT,"Direct Digital Holdings, Inc. - Class A Common Stock",Nasdaq,0,,nasdaqtrader
DRD,DRDGOLD Limited American Depositary Shares,NYSE,0,,nasdaqtrader
DRDB,Roman DBDR Acquisition Corp. II - Ordinary shares,Nasdaq,0,,nasdaqtrader
DRDBU,Roman DBDR Acquisition Corp. II - Unit,Nasdaq,0,,nasdaqtrader
DRDBW,Roman DBDR Acquisition Corp. II - Warrants,Nasdaq,0,,nasdaqtrader
DRES,GMO Domestic Resilience ETF,NYSE Arca,1,,nasdaqtrader
DRGN,Themes China Generative Artificial Intelligence ETF,Cboe BZX,1,,nasdaqtrader
DRH,Diamondrock Hospitality Company - Common Stock,Nasdaq,0,,nasdaqtrader
DRI,"Darden Restaurants, Inc. Common Stock",NYSE,0,,nasdaqtrader
DRIO,DarioHealth Corp. - Common Stock,Nasdaq,0,,nasdaqtrader
DRIP,Direxion Daily S&P Oil & Gas Exp. & Prod. Bear 2X ETF,NYSE Arca,1,,nasdaqtrader
DRIV,Global X Autonomous & Electric Vehicles ETF,Nasdaq,1,,nasdaqtrader
DRK,DarkHorse Technologies Inc. - Common Shares,Nasdaq,0,,nasdaqtrader
DRKY,VistaShares Target 15 DRUKMacro Distribution ETF,NYSE Arca,1,,nasdaqtrader
DRLL,Strive U.S. Energy ETF,NYSE,1,,nasdaqtrader
DRMA,"Dermata Therapeutics, Inc. - Common Stock",Nasdaq,0,,nasdaqtrader
DRMP,Tuttle Capital Memory Stack Income Blast ETF,Cboe BZX,1,,nasdaqtrader
DRMY,XFUNDS Memory Income ETF,NYSE Arca,1,,nasdaqtrader
DRN,Direxion Daily Real Estate Bull 3X ETF,NYSE Arca,1,,nasdaqtrader
DRNZ,REX Drone ETF,Nasdaq,1,,nasdaqtrader
DRS,"Leonardo DRS, Inc. - Common Stock",Nasdaq,0,,nasdaqtrader
DRSK,Aptus Defined Risk ETF,Cboe BZX,1,,nasdaqtrader
DRTS,Alpha Tau Medical Ltd. - Ordinary Shares,Nasdaq,0,,nasdaqtrader
DRTSW,Alpha Tau Medical Ltd. - Warrant,Nasdaq,0,,nasdaqtrader
DRUG,Bright Minds Biosciences Inc. - common stock,Nasdaq,0,,nasdaqtrader
DRUP,GraniteShares Nasdaq Select Disruptors ETF,NYSE Arca,1,,nasdaqtrader
DRV,Direxion Daily Real Estate Bear 3X ETF,NYSE Arca,1,,nasdaqtrader
DRVN,Driven Brands Holdings Inc. - Common Stock,Nasdaq,0,,nasdaqtrader
DRVR,Amplify S&P 500 Dividend Drivers ETF,NYSE Arca,1,,nasdaqtrader
DSAC,Daedalus Special Acquisition Corp. - Class A Ordinary Shares,Nasdaq,0,,nasdaqtrader
DSACU,Daedalus Special Acquisition Corp. - Unit,Nasdaq,0,,nasdaqtrader
DSACW,Daedalus Special Acquisition Corp. - Warrant,Nasdaq,0,,nasdaqtrader
DSC,DSC Holdings Ltd. - American Depositary Shares,Nasdaq,0,,nasdaqtrader
DSCO,DoubleLine Securitized Credit ETF,NYSE Arca,1,,nasdaqtrader
DSEP,FT Vest U.S. Equity Deep Buffer ETF - September,Cboe BZX,1,,nasdaqtrader
DSGN,"Design Therapeutics, Inc. - Common Stock",Nasdaq,0,,nasdaqtrader
DSGR,"Distribution Solutions Group, Inc. - Common Stock",Nasdaq,0,,nasdaqtrader
DSGX,The Descartes Systems Group Inc. - Common Stock,Nasdaq,0,,nasdaqtrader
DSI,iShares ESG MSCI KLD 400 ETF,NYSE Arca,1,,nasdaqtrader
DSL,DoubleLine Income Solutions Fund Common Shares of Beneficial Interests,NYSE,0,,nasdaqtrader
DSM,"BNY Mellon Strategic Municipal Bond Fund, Inc. Common Stock",NYSE,0,,nasdaqtrader
DSMC,Distillate Small/Mid Cash Flow ETF,NYSE,1,,nasdaqtrader
DSP,Viant Technology Inc. - common stock,Nasdaq,0,,nasdaqtrader
DSPC,Leverage Shares 1X Short SPCX Daily ETF,Cboe BZX,1,,nasdaqtrader
DSPY,Tema S&P 500 Historical Weight ETF Strategy,NYSE Arca,1,,nasdaqtrader
DSS,"DSS, Inc. Common Stock",NYSE American,0,,nasdaqtrader
DSTL,Distillate U.S. Fundamental Stability & Value ETF,NYSE Arca,1,,nasdaqtrader
DSTX,Distillate International Fundamental Stability & Value ETF,NYSE,1,,nasdaqtrader
DSU,"Blackrock Debt Strategies Fund, Inc. Common Stock",NYSE,0,,nasdaqtrader
DSWL,"Deswell Industries, Inc. - Common Shares",Nasdaq,0,,nasdaqtrader
DSX,Diana Shipping inc. common stock,NYSE,0,,nasdaqtrader
DSX.W,Diana Shipping inc. Warrants,NYSE,0,,nasdaqtrader
DSY,Big Tree Cloud Holdings Limited - Class A Ordinary Shares,Nasdaq,0,,nasdaqtrader
DSYWW,Big Tree Cloud Holdings Limited - Warrants,Nasdaq,0,,nasdaqtrader
DT,"Dynatrace, Inc. Common Stock",NYSE,0,,nasdaqtrader
DTAN,Sparkline International Intangible Value ETF,NYSE Arca,1,,nasdaqtrader
DTB,DTE Energy Company 2020 Series G 4.375% Junior Subordinated Debentures due 2080,NYSE,0,,nasdaqtrader
DTCR,Global X Data Center & Digital Infrastructure ETF,Nasdaq,1,,nasdaqtrader
DTCX,"Datacentrex, Inc. - Common Stock",Nasdaq,0,,nasdaqtrader
DTD,WisdomTree U.S. Total Dividend Fund,NYSE Arca,1,,nasdaqtrader
DTE,DTE Energy Company Common Stock,NYSE,0,,nasdaqtrader
DTEC,ALPS Disruptive Technologies ETF,NYSE Arca,1,,nasdaqtrader
DTF,DTF Tax-Free Income 2028 Term Fund Inc. Common Stock,NYSE,0,,nasdaqtrader
DTG,DTE Energy Company 2021 Series E 4.375% Junior Subordinated Debentures,NYSE,0,,nasdaqtrader
DTH,WisdomTree International High Dividend Fund,NYSE Arca,1,,nasdaqtrader
DTI,Drilling Tools International Corporation  - Common Stock,Nasdaq,0,,nasdaqtrader
DTIL,"Precision BioSciences, Inc. - Common Stock",Nasdaq,0,,nasdaqtrader
DTK,DTE Energy Company 2025 Series H 6.25% Junior Subordinated Debentures due 2085,NYSE,0,,nasdaqtrader
DTM,"DT Midstream, Inc. Common Stock",NYSE,0,,nasdaqtrader
DTRE,First Trust Alerian Disruptive Technology Real Estate ETF,NYSE Arca,1,,nasdaqtrader
DTSQ,DT Cloud Star Acquisition Corporation - Ordinary Shares,Nasdaq,0,,nasdaqtrader
DTSQR,DT Cloud Star Acquisition Corporation - Right,Nasdaq,0,,nasdaqtrader
DTSQU,DT Cloud Star Acquisition Corporation - Units,Nasdaq,0,,nasdaqtrader
DTSS,Datasea Intelligent Technology Ltd. - Class A Ordinary Shares,Nasdaq,0,,nasdaqtrader
DTST,Data Storage Corporation - Common Stock,Nasdaq,0,,nasdaqtrader
DTW,DTE Energy Company 2017 Series E 5.25% Junior Subordinated Debentures due 2077,NYSE,0,,nasdaqtrader
DUBS,Aptus Large Cap Enhanced Yield ETF,Cboe BZX,1,,nasdaqtrader
DUG,ProShares UltraShort Energy,NYSE Arca,1,,nasdaqtrader
DUHP,US High Relative Profitability Portfolio ETF Class Shares,NYSE Arca,1,,nasdaqtrader
DUK,Duke Energy Corporation (Holding Company) Common Stock,NYSE,0,,nasdaqtrader
DUKB,Duke Energy Corporation 5.625% Junior Subordinated Debentures due 2078,NYSE,0,,nasdaqtrader
DUKH,Ocean Park High Income ETF,Nasdaq,1,,nasdaqtrader
DUKQ,Ocean Park Domestic ETF,NYSE Arca,1,,nasdaqtrader
DUKR,DUKE Robotics Corp. - Common Stock,Nasdaq,0,,nasdaqtrader
DUKRW,DUKE Robotics Corp. - Warrant,Nasdaq,0,,nasdaqtrader
DUKU,Duke Energy Corporation Corporate Units,NYSE,0,,nasdaqtrader
DUKX,Ocean Park International ETF,Nasdaq,1,,nasdaqtrader
DUKZ,Ocean Park Diversified Income ETF,NYSE Arca,1,,nasdaqtrader
DULL,"MicroSectors Gold -3X Inverse Leveraged ETNs due January 29, 2043",NYSE Arca,1,,nasdaqtrader
DUNK,Dana Unconstrained Equity ETF,NYSE Arca,1,,nasdaqtrader
DUO,Fangdd Network Group Ltd. - Class A Ordinary Shares,Nasdaq,0,,nasdaqtrader
DUOG,Leverage Shares 2X Long DUOL Daily ETF,Nasdaq,1,,nasdaqtrader
DUOL,"Duolingo, Inc. - Class A Common Stock",Nasdaq,0,,nasdaqtrader
DUOT,"Duos Technologies Group, Inc. - Common Stock",Nasdaq,0,,nasdaqtrader
DURA,VanEck Durable High Dividend ETF,Cboe BZX,1,,nasdaqtrader
DUSA,Davis Select U.S. Equity ETF,Cboe BZX,1,,nasdaqtrader
DUSB,Dimensional Ultrashort Fixed Income ETF,NYSE Arca,1,,nasdaqtrader
DUSG,U.S. Small Cap Growth Portfolio: ETF Class Shares,Nasdaq,1,,nasdaqtrader
DUSL,Direxion Daily Industrials Bull 3X ETF,NYSE Arca,1,,nasdaqtrader
DUST,Direxion Daily Gold Miners Index Bear 2X ETF,NYSE Arca,1,,nasdaqtrader
DUTY,U.S. Defense ETF,NYSE Arca,1,,nasdaqtrader
DV,"DoubleVerify Holdings, Inc. Common Stock",NYSE,0,,nasdaqtrader
DVA,DaVita Inc. Common Stock,NYSE,0,,nasdaqtrader
DVAL,BrandywineGLOBAL-Dynamic US Large Cap Value ETF,Nasdaq,1,,nasdaqtrader
DVDN,Kingsbarn Dividend Opportunity ETF,NYSE Arca,1,,nasdaqtrader
DVGR,DAC 3D Dividend Growth ETF,Nasdaq,1,,nasdaqtrader
DVLT,Datavault AI Inc. - Common Stock,Nasdaq,0,,nasdaqtrader
DVLU,First Trust Dorsey Wright Momentum & Value ETF,Nasdaq,1,,nasdaqtrader
DVN,Devon Energy Corporation Common Stock,NYSE,0,,nasdaqtrader
DVND,Touchstone Dividend Select ETF,NYSE Arca,1,,nasdaqtrader
DVOL,First Trust Dorsey Wright Momentum & Low Volatility ETF,Nasdaq,1,,nasdaqtrader
DVQQ,WEBs QQQ Defined Volatility ETF,Nasdaq,1,,nasdaqtrader
DVSP,WEBs SPY Defined Volatility ETF,Nasdaq,1,,nasdaqtrader
DVVY,Invesco Diversified Dividend Opportunities ETF,Cboe BZX,1,,nasdaqtrader
DVY,iShares Select Dividend ETF,Nasdaq,1,,nasdaqtrader
DVYA,iShares Asia / Pacific Dividend 30 Index Fund Exchange Traded Fund,NYSE Arca,1,,nasdaqtrader
DVYE,iShares Emerging Markets Dividend Index Fund Exchange Traded Fund,NYSE Arca,1,,nasdaqtrader
DWAS,Invesco Dorsey Wright SmallCap Momentum ETF,Nasdaq,1,,nasdaqtrader
DWAW,AdvisorShares Dorsey Wright FSM All Cap World ETF,Nasdaq,1,,nasdaqtrader
DWLD,Davis Select Worldwide ETF,Cboe BZX,1,,nasdaqtrader
DWM,WisdomTree International Equity Fund,NYSE Arca,1,,nasdaqtrader
DWMF,WisdomTree International Multifactor Fund,NYSE Arca,1,,nasdaqtrader
DWSH,AdvisorShares Dorsey Wright Short ETF,Nasdaq,1,,nasdaqtrader
DWSN,Dawson Geophysical Company - Common Stock,Nasdaq,0,,nasdaqtrader
DWTX,"Dogwood Therapeutics, Inc.  - Common Stock",Nasdaq,0,,nasdaqtrader
DWUS,AdvisorShares Dorsey Wright FSM US Core ETF,Nasdaq,1,,nasdaqtrader
DWWN,Principal Long Duration ETF,Cboe BZX,1,,nasdaqtrader
DWX,State Street SPDR S&P International Dividend ETF,NYSE Arca,1,,nasdaqtrader
DX,"Dynex Capital, Inc. Common Stock",NYSE,0,,nasdaqtrader
DXC,DXC Technology Company Common Stock,NYSE,0,,nasdaqtrader
DXCM,"DexCom, Inc. - Common Stock",Nasdaq,0,,nasdaqtrader
DXD,ProShares UltraShort Dow30,NYSE Arca,1,,nasdaqtrader
DXF,"Eason Technology Limited American Depositary Shares (each representing sixty-thousand (60,000) Ordinary Shares)",NYSE American,0,,nasdaqtrader
DXIV,Dimensional International Vector Equity ETF,NYSE Arca,1,,nasdaqtrader
DXJ,WisdomTree Japan Hedged Equity Fund,NYSE Arca,1,,nasdaqtrader
DXLG,"Destination XL Group, Inc. - Common Stock",Nasdaq,0,,nasdaqtrader
DXPE,"DXP Enterprises, Inc. - Common Stock",Nasdaq,0,,nasdaqtrader
DXR,Daxor Corporation - Closed End Fund,Nasdaq,0,,nasdaqtrader
DXST,Decent Holding Inc. - Class A Ordinary Shares,Nasdaq,0,,nasdaqtrader
DXUV,US Vector Equity Portfolio ETF Class Shares,NYSE Arca,1,,nasdaqtrader
DXYZ,Destiny Tech100 Inc. Common Stock,NYSE,0,,nasdaqtrader
DY,"Dycom Industries, Inc. Common Stock",NYSE,0,,nasdaqtrader
DYAI,"Dyadic International, Inc. - Common Stock",Nasdaq,0,,nasdaqtrader
DYFI,IDX Dynamic Fixed Income ETF,Nasdaq,1,,nasdaqtrader
DYLD,LeaderShares Dynamic Yield ETF,NYSE Arca,1,,nasdaqtrader
DYLG,Global X Dow 30 Covered Call & Growth ETF,NYSE Arca,1,,nasdaqtrader
DYN,"Dyne Therapeutics, Inc. - Common Stock",Nasdaq,0,,nasdaqtrader
DYNB,Hartford Dynamic Bond ETF,Nasdaq,1,,nasdaqtrader
DYNC,Dynamix Corporation - Class A Ordinary Share,Nasdaq,0,,nasdaqtrader
DYNCU,Dynamix Corporation - Unit,Nasdaq,0,,nasdaqtrader
DYNCW,Dynamix Corporation - Warrant,Nasdaq,0,,nasdaqtrader
DYNF,iShares U.S. Equity Factor Rotation Active ETF,NYSE Arca,1,,nasdaqtrader
DYOR,Insight Digital Partners II - Class A Ordinary Shares,Nasdaq,0,,nasdaqtrader
DYORU,Insight Digital Partners II - Units,Nasdaq,0,,nasdaqtrader
DYORW,Insight Digital Partners II - Warrants,Nasdaq,0,,nasdaqtrader
DYTA,SGI Dynamic Tactical ETF,Nasdaq,1,,nasdaqtrader
DZZ,"DB Gold Double Short ETN due February 15, 2038",NYSE Arca,0,,nasdaqtrader
E,ENI S.p.A. Common Stock,NYSE,0,,nasdaqtrader
EAD,Allspring Income Opportunities Fund Common Shares,NYSE American,0,,nasdaqtrader
EAF,GrafTech International Ltd. Common Stock,NYSE,0,,nasdaqtrader
EAFG,Pacer Developed Markets Cash Cows Growth Leaders ETF,NYSE Arca,1,,nasdaqtrader
EAFH,Xtrackers MSCI EAFE 50% Hedged Equity ETF,Cboe BZX,1,,nasdaqtrader
EAGG,iShares ESG Aware U.S. Aggregate Bond ETF,NYSE Arca,1,,nasdaqtrader
EAGL,Eagle Capital Select Equity ETF,NYSE Arca,1,,nasdaqtrader
EAI,"Entergy Arkansas, LLC First Mortgage Bonds, 4.875% Series Due September 1, 2066",NYSE,0,,nasdaqtrader
EALT,Innovator U.S. Equity 5 to 15 Buffer ETF - Quarterly,Cboe BZX,1,,nasdaqtrader
EAPR,Innovator Emerging Markets Power Buffer ETF April,NYSE Arca,1,,nasdaqtrader
EARN,Ellington Credit Company Common Shares of Beneficial Interest,NYSE,0,,nasdaqtrader
EART,Global X Rare Earth & Critical Materials ETF,Nasdaq,1,,nasdaqtrader
EASY,Liberty One Defensive Dividend Growth ETF,Nasdaq,1,,nasdaqtrader
EAT,"Brinker International, Inc. Common Stock",NYSE,0,,nasdaqtrader
EBAY,eBay Inc. - Common Stock,Nasdaq,0,,nasdaqtrader
EBC,"Eastern Bankshares, Inc. - Common Stock",Nasdaq,0,,nasdaqtrader
EBF,"Ennis, Inc. Common Stock",NYSE,0,,nasdaqtrader
EBI,Longview Advantage ETF,Nasdaq,1,,nasdaqtrader
EBIT,Harbor AlphaEdge Small Cap Earners ETF,NYSE Arca,1,,nasdaqtrader
EBIZ,Global X E-commerce ETF,Nasdaq,1,,nasdaqtrader
EBMT,"Eagle Bancorp Montana, Inc. - Common Stock",Nasdaq,0,,nasdaqtrader
EBND,State Street SPDR Bloomberg Emerging Markets Local Bond ETF,NYSE Arca,1,,nasdaqtrader
EBON,Ebang International Holdings Inc. - Class A Ordinary Shares,Nasdaq,0,,nasdaqtrader
EBS,Emergent BioSolutions Inc. Common Stock,NYSE,0,,nasdaqtrader
EBUF,Innovator Emerging Markets 10 Buffer ETF - Quarterly,NYSE Arca,1,,nasdaqtrader
EC,Ecopetrol S.A. American Depositary Shares,NYSE,0,,nasdaqtrader
ECAT,BlackRock ESG Capital Allocation Term Trust Common Shares of Beneficial Interest,NYSE,0,,nasdaqtrader
ECBK,"ECB Bancorp, Inc. - Common Stock",Nasdaq,0,,nasdaqtrader
ECC,Eagle Point Credit Company Common Share of Beneficial Interest,NYSE,0,,nasdaqtrader
ECCC,Eagle Point Credit Company 6.50% Series C Term Preferred Stock due 2031,NYSE,0,,nasdaqtrader
ECCU,Eagle Point Credit Company 7.75% Notes due 2030,NYSE,0,,nasdaqtrader
ECCV,Eagle Point Credit Company 5.375% Notes due 2029,NYSE,0,,nasdaqtrader
ECF,Ellsworth Growth and Income Fund Ltd.,NYSE American,0,,nasdaqtrader
ECG,"Everus Construction Group, Inc. Common Stock",NYSE,0,,nasdaqtrader
ECH,iShares MSCI Chile ETF,Cboe BZX,1,,nasdaqtrader
ECHO,EchoStar Corporation - Common stock,Nasdaq,0,,nasdaqtrader
ECHX,Leverage Shares 2X Long ECHO Daily ETF,Nasdaq,1,,nasdaqtrader
ECL,Ecolab Inc. Common Stock,NYSE,0,,nasdaqtrader
ECML,Euclidean Fundamental Value ETF,NYSE Arca,1,,nasdaqtrader
ECNS,iShares MSCI China Small-Cap ETF,NYSE Arca,1,,nasdaqtrader
ECO,Okeanis Eco Tankers Corp. Common Stock,NYSE,0,,nasdaqtrader
ECON,Columbia Research Enhanced Emerging Economies ETF,NYSE Arca,1,,nasdaqtrader
ECOR,"electroCore, Inc. - Common Stock",Nasdaq,0,,nasdaqtrader
ECOW,Pacer Emerging Markets Cash Cows 100 ETF,Nasdaq,1,,nasdaqtrader
ECPG,Encore Capital Group Inc - Common Stock,Nasdaq,0,,nasdaqtrader
ECVT,Ecovyst Inc. Common Stock,NYSE,0,,nasdaqtrader
ECX,ECARX Holdings Inc. - Class A Ordinary shares,Nasdaq,0,,nasdaqtrader
ECXWW,ECARX Holdings Inc. - Warrants,Nasdaq,0,,nasdaqtrader
ED,"Consolidated Edison, Inc. Common Stock",NYSE,0,,nasdaqtrader
EDBL,Edible Garden AG Incorporated - Common Stock,Nasdaq,0,,nasdaqtrader
EDBLW,Edible Garden AG Incorporated - Warrant,Nasdaq,0,,nasdaqtrader
EDC,Direxion Emerging Markets Bull 3X ETF,NYSE Arca,1,,nasdaqtrader
EDD,"Morgan Stanley Emerging Markets Domestic Debt Fund, Inc. Common Stock",NYSE,0,,nasdaqtrader
EDEN,iShares MSCI Denmark ETF,Cboe BZX,1,,nasdaqtrader
EDF,Virtus Stone Harbor Emerging Markets Income Fund Common Shares of Beneficial Interest,NYSE,0,,nasdaqtrader
EDGE,MRBL Enhanced Equity ETF,Cboe BZX,1,,nasdaqtrader
EDGF,3EDGE Dynamic Fixed Income ETF,NYSE Arca,1,,nasdaqtrader
EDGH,3EDGE Dynamic Hard Assets ETF,NYSE Arca,1,,nasdaqtrader
EDGI,3EDGE Dynamic International Equity ETF,NYSE Arca,1,,nasdaqtrader
EDGQ,Global X Nasdaq-100 Income Edge ETF,NYSE Arca,1,,nasdaqtrader
EDGU,3EDGE Dynamic US Equity ETF,NYSE Arca,1,,nasdaqtrader
EDGX,Global X U.S. 500 Income Edge ETF,NYSE Arca,1,,nasdaqtrader
EDHL,Everbright Digital Holding Limited - Ordinary Shares,Nasdaq,0,,nasdaqtrader
EDIT,"Editas Medicine, Inc. - Common Stock",Nasdaq,0,,nasdaqtrader
EDIV,State Street SPDR S&P Emerging Markets Dividend ETF,NYSE Arca,1,,nasdaqtrader
EDN,Empresa Distribuidora Y Comercializadora Norte S.A. (Edenor) American Depositary Shares,NYSE,0,,nasdaqtrader
EDOG,ALPS Emerging Sector Dividend Dogs ETF,NYSE Arca,1,,nasdaqtrader
EDOW,First Trust Dow 30 Equal Weight ETF,NYSE Arca,1,,nasdaqtrader
EDRY,EuroDry Ltd. - Common Shares,Nasdaq,0,,nasdaqtrader
EDSA,"Edesa Biotech, Inc. - Common Shares",Nasdaq,0,,nasdaqtrader
EDTK,Skillful Craftsman Education Technology Limited - Ordinary Share,Nasdaq,0,,nasdaqtrader
EDU,"New Oriental Education & Technology Group, Inc. Sponsored ADR representing 10 Ordinary Share (Cayman Islands)",NYSE,0,,nasdaqtrader
EDUC,Educational Development Corporation - Common Stock,Nasdaq,0,,nasdaqtrader
EDV,Vanguard Extended Duration Treasury ETF,NYSE Arca,1,,nasdaqtrader
EDVA,"Endovia Health Sciences, Inc. Common Stock",NYSE American,0,,nasdaqtrader
EDZ,Direxion Emerging Markets Bear 3X ETF,NYSE Arca,1,,nasdaqtrader
EE,"Excelerate Energy, Inc. Class A Common Stock",NYSE,0,,nasdaqtrader
EEA,"The European Equity Fund, Inc. Common Stock",NYSE,0,,nasdaqtrader
EEE,CYBER HORNET S&P 500 and Ethereum 75/25 Strategy ETF,Nasdaq,1,,nasdaqtrader
EEFT,"Euronet Worldwide, Inc. - Common Stock",Nasdaq,0,,nasdaqtrader
EEIQ,EpicQuest Education Group International Limited - Common Stock,Nasdaq,0,,nasdaqtrader
EELV,Invesco S&P Emerging Markets Low Volatility ETF,NYSE Arca,1,,nasdaqtrader
EEM,iShares MSCI Emerging Index Fund,NYSE Arca,1,,nasdaqtrader
EEMA,iShares MSCI Emerging Markets Asia ETF,Nasdaq,1,,nasdaqtrader
EEMO,Invesco S&P Emerging Markets Momentum ETF,NYSE Arca,1,,nasdaqtrader
EEMS,iShares MSCI Emerging Markets Small Cap ETF,NYSE Arca,1,,nasdaqtrader
EEMV,iShares MSCI Emerging Markets Min Vol Factor ETF,Cboe BZX,1,,nasdaqtrader
EEMX,State Street SPDR MSCI Emerging Markets Fossil Fuel Reserves Free ETF,NYSE Arca,1,,nasdaqtrader
EES,WisdomTree U.S. SmallCap Fund,NYSE Arca,1,,nasdaqtrader
EET,ProShares Ultra MSCI Emerging Markets,NYSE Arca,1,,nasdaqtrader
EETH,ProShares Ether ETF,NYSE Arca,1,,nasdaqtrader
EEV,ProShares UltraShort MSCI Emerging Markets,NYSE Arca,1,,nasdaqtrader
EFA,iShares MSCI EAFE ETF,NYSE Arca,1,,nasdaqtrader
EFAA,Invesco MSCI EAFE Income Advantage ETF,NYSE Arca,1,,nasdaqtrader
EFAD,ProShares MSCI EAFE Dividend Growers ETF,Cboe BZX,1,,nasdaqtrader
EFAS,Global X MSCI SuperDividend EAFE ETF,Nasdaq,1,,nasdaqtrader
EFAV,iShares MSCI EAFE Min Vol Factor ETF,Cboe BZX,1,,nasdaqtrader
EFAX,State Street SPDR MSCI EAFE Fossil Fuel Reserves Free ETF,NYSE Arca,1,,nasdaqtrader
EFC,Ellington Financial Inc. Common Stock,NYSE,0,,nasdaqtrader
EFFE,Harbor Osmosis Emerging Markets Resource Efficient ETF,NYSE Arca,1,,nasdaqtrader
EFFI,Harbor Osmosis International Resource Efficient ETF,NYSE Arca,1,,nasdaqtrader
EFG,iShares MSCI EAFE Growth ETF,Cboe BZX,1,,nasdaqtrader
EFIV,State Street SPDR S&P 500 ESG ETF,NYSE Arca,1,,nasdaqtrader
EFNL,iShares MSCI Finland ETF,Cboe BZX,1,,nasdaqtrader
EFO,ProShares Ultra MSCI EAFE,NYSE Arca,1,,nasdaqtrader
EFOI,"Energy Focus, Inc. - Common Stock",Nasdaq,0,,nasdaqtrader
EFOR,"Everforth, Inc. Common Stock",NYSE,0,,nasdaqtrader
EFR,Eaton Vance Senior Floating-Rate Fund Common Shares of Beneficial Interest,NYSE,0,,nasdaqtrader
EFRA,iShares Environmental Infrastructure and Industrials ETF,Nasdaq,1,,nasdaqtrader
EFSC,Enterprise Financial Services Corporation - Common Stock,Nasdaq,0,,nasdaqtrader
EFSCP,"Enterprise Financial Services Corporation - Depositary Shares Each Representing a 1/40th Interest in a Share of 5% Fixed Rate Non-Cumulative Perpetual Preferred Stock, Series A",Nasdaq,0,,nasdaqtrader
EFSI,Eagle Financial Services Inc - Common Stock,Nasdaq,0,,nasdaqtrader
EFT,Eaton Vance Floating Rate Income Trust Common Shares of Beneficial Interest,NYSE,0,,nasdaqtrader
EFTY,"Etoiles Capital Group Co., Ltd. - Class A Ordinary Shares",Nasdaq,0,,nasdaqtrader
EFU,ProShares UltraShort MSCI EAFE,NYSE Arca,1,,nasdaqtrader
EFV,iShares MSCI EAFE Value ETF,Cboe BZX,1,,nasdaqtrader
EFX,"Equifax, Inc. Common Stock",NYSE,0,,nasdaqtrader
EFXT,Enerflex Ltd Common Shares,NYSE,0,,nasdaqtrader
EFZ,ProShares Short MSCI EAFE,NYSE Arca,1,,nasdaqtrader
EG,"Everest Group, Ltd. Common Stock",NYSE,0,,nasdaqtrader
EGAN,eGain Corporation - Common Stock,Nasdaq,0,,nasdaqtrader
EGBN,"Eagle Bancorp, Inc. - Common Stock",Nasdaq,0,,nasdaqtrader
EGG,Enigmatig Limited Class A Ordinary Shares,NYSE American,0,,nasdaqtrader
EGGQ,NestYield Visionary ETF,Nasdaq,1,,nasdaqtrader
EGGS,NestYield Total Return Guard ETF,NYSE Arca,1,,nasdaqtrader
EGGY,NestYield Dynamic Income ETF,NYSE Arca,1,,nasdaqtrader
EGHA,EGH Acquisition Corp. - Class A ordinary shares,Nasdaq,0,,nasdaqtrader
EGHAR,EGH Acquisition Corp. - rights,Nasdaq,0,,nasdaqtrader
EGHAU,EGH Acquisition Corp. - Unit,Nasdaq,0,,nasdaqtrader
EGHT,8x8 Inc - Common stock,Nasdaq,0,,nasdaqtrader
EGLE,Global X S&P 500 U.S. Revenue Leaders ETF,NYSE Arca,1,,nasdaqtrader
EGO,Eldorado Gold Corporation Ordinary Shares,NYSE,0,,nasdaqtrader
EGP,"EastGroup Properties, Inc. Common Stock",NYSE,0,,nasdaqtrader
EGUS,iShares ESG Aware MSCI USA Growth ETF,Cboe BZX,1,,nasdaqtrader
EGY,"VAALCO Energy, Inc.  Common Stock",NYSE,0,,nasdaqtrader
EH,EHang Holdings Limited - ADS,Nasdaq,0,,nasdaqtrader
EHC,Encompass Health Corporation Common Stock,NYSE,0,,nasdaqtrader
EHCC,Global X Ethereum Covered Call ETF,Cboe BZX,1,,nasdaqtrader
EHGO,Eshallgo Inc. - Class A Ordinary Shares,Nasdaq,0,,nasdaqtrader
EHI,Western Asset Global High Income Fund Inc Common Stock,NYSE,0,,nasdaqtrader
EHLD,Euroholdings Ltd. - Common Stock,Nasdaq,0,,nasdaqtrader
EHLS,Even Herd Long Short ETF,Nasdaq,1,,nasdaqtrader
EHTH,"eHealth, Inc. - Common Stock",Nasdaq,0,,nasdaqtrader
EHY,Amplify Ethereum Max Income Covered Call ETF,Cboe BZX,1,,nasdaqtrader
EIC,Eagle Point Income Company Common Shares of Beneficial Interest,NYSE,0,,nasdaqtrader
EICA,Eagle Point Income Company 5.00% Series A Term Preferred Shares due 2026,NYSE,0,,nasdaqtrader
EIDO,iShares MSCI Indonesia ETF,NYSE Arca,1,,nasdaqtrader
EIG,Employers Holdings Inc Common Stock,NYSE,0,,nasdaqtrader
EIIA,Eagle Point Institutional Income Fund 8.125% Series A Term Preferred Shares Due 2029,NYSE,0,,nasdaqtrader
EIKN,"Eikon Therapeutics, Inc. - Common Stock",Nasdaq,0,,nasdaqtrader
EIM,"Eaton Vance Municipal Bond Fund Common Shares of Beneficial Interest, $.01 par value",NYSE American,0,,nasdaqtrader
EINC,VanEck Energy Income ETF,NYSE Arca,1,,nasdaqtrader
EIPI,FT Energy Income Partners Enhanced Income ETF,NYSE Arca,1,,nasdaqtrader
EIPX,FT Energy Income Partners Strategy ETF,NYSE Arca,1,,nasdaqtrader
EIRL,iShares MSCI Ireland ETF,NYSE Arca,1,,nasdaqtrader
EIS,iShares MSCI Israel ETF,NYSE Arca,1,,nasdaqtrader
EIX,Edison International Common Stock,NYSE,0,,nasdaqtrader
EJAN,Innovator Emerging Markets Power Buffer ETF January,NYSE Arca,1,,nasdaqtrader
EJH,E-Home Household Service Holdings Limited - Ordinary shares,Nasdaq,0,,nasdaqtrader
EJUL,Innovator Emerging Markets Power Buffer ETF July,NYSE Arca,1,,nasdaqtrader
EKG,First Trust Nasdaq Lux Digital Health Solutions ETF,Nasdaq,1,,nasdaqtrader
EL,"Estee Lauder Companies, Inc. (The) Common Stock",NYSE,0,,nasdaqtrader
ELA,Envela Corporation Common Stock,NYSE American,0,,nasdaqtrader
ELAB,PMGC Holdings Inc. - Common Stock,Nasdaq,0,,nasdaqtrader
ELAN,Elanco Animal Health Incorporated Common Stock,NYSE,0,,nasdaqtrader
ELBM,Electra Battery Materials Corporation - Common Stock,Nasdaq,0,,nasdaqtrader
ELC,"Entergy Louisiana, Inc. Collateral Trust Mortgage Bonds, 4.875 % Series due September 1, 2066",NYSE,0,,nasdaqtrader
ELCV,Strategy Shares Eventide High Dividend ETF,NYSE Arca,1,,nasdaqtrader
ELD,WisdomTree Emerging Markets Local Debt Fund,NYSE Arca,1,,nasdaqtrader
ELDN,"Eledon Pharmaceuticals, Inc. - Common Stock",Nasdaq,0,,nasdaqtrader
ELE,Elemental Royalty Corporation - Common Stock,Nasdaq,0,,nasdaqtrader
ELF,"e.l.f. Beauty, Inc. Common Stock",NYSE,0,,nasdaqtrader
ELFY,ALPS Electrification Infrastructure ETF,Nasdaq,1,,nasdaqtrader
ELIL,Direxion Daily LLY Bull 2X ETF,Nasdaq,1,,nasdaqtrader
ELLA,Ellington Credit Company 8.50% Notes due 2031,NYSE,0,,nasdaqtrader
ELLO,Ellomay Capital Ltd Ordinary Shares (Israel),NYSE American,0,,nasdaqtrader
ELM,Elm Market Navigator ETF,NYSE Arca,1,,nasdaqtrader
ELMD,"Electromed, Inc. Common Stock",NYSE American,0,,nasdaqtrader
ELME,Elme Communities Common Stock,NYSE,0,,nasdaqtrader
ELMT,The Elmet Group Co. - Common Stock,Nasdaq,0,,nasdaqtrader
ELOG,Eastern International Ltd. - Ordinary Shares,Nasdaq,0,,nasdaqtrader
ELOL,Leverage Shares 100% TSLA AND 100% SPCX Daily ETF,Nasdaq,1,,nasdaqtrader
ELOX,"Eloxx Pharmaceuticals, Inc. - Common Stock",Nasdaq,0,,nasdaqtrader
ELPC,Companhia Paranaense de Energia (COPEL) American Depositary Shares (each representing four (4) Common Shares),NYSE,0,,nasdaqtrader
ELPW,Elong Power Holding Limited - Class A Ordinary Shares,Nasdaq,0,,nasdaqtrader
ELS,"Equity Lifestyle Properties, Inc. Common Stock",NYSE,0,,nasdaqtrader
ELTK,Eltek Ltd. - Ordinary Shares,Nasdaq,0,,nasdaqtrader
ELTX,"Elicio Therapeutics, Inc. - Common Stock",Nasdaq,0,,nasdaqtrader
ELUT,"Elutia, Inc. - Class A Common Stock",Nasdaq,0,,nasdaqtrader
ELV,"Elevance Health, Inc. Common Stock",NYSE,0,,nasdaqtrader
ELVA,Electrovaya Inc. - Common Shares,Nasdaq,0,,nasdaqtrader
ELVN,"Enliven Therapeutics, Inc.  - Common Stock",Nasdaq,0,,nasdaqtrader
ELVR,Elevra Lithium Limited - American Depository Shares,Nasdaq,0,,nasdaqtrader
ELWT,"Elauwit Connection, Inc. - Common Stock",Nasdaq,0,,nasdaqtrader
EMA,Emera Incorporated Common Shares,NYSE,0,,nasdaqtrader
EMAT,Evolution Metals & Technologies Corp. - Common Stock,Nasdaq,0,,nasdaqtrader
EMAU,Corgi Emerging Markets Equities 15% Structured Buffer ETF - August Series,Cboe BZX,1,,nasdaqtrader
EMB,iShares J.P. Morgan USD Emerging Markets Bond ETF,Nasdaq,1,,nasdaqtrader
EMBC,Embecta Corp. - Common Stock,Nasdaq,0,,nasdaqtrader
EMBD,Global X Emerging Markets Bond ETF,NYSE Arca,1,,nasdaqtrader
EMBJ,Embraer S.A. Common Stock,NYSE,0,,nasdaqtrader
EMBX,VanEck Emerging Markets Bond ETF,NYSE Arca,1,,nasdaqtrader
EMC,Global X Emerging Markets Great Consumer ETF,NYSE Arca,1,,nasdaqtrader
EMCB,WisdomTree Emerging Markets Corporate Bond Fund,Nasdaq,1,,nasdaqtrader
EMCR,Xtrackers Emerging Markets Carbon Reduction and Climate Improvers ETF,NYSE Arca,1,,nasdaqtrader
EMCS,Xtrackers MSCI Emerging Markets Select ETF,NYSE Arca,1,,nasdaqtrader
EMD,Western Asset Emerging Markets Debt Fund Inc Common Stock,NYSE,0,,nasdaqtrader
EMDM,First Trust Bloomberg Emerging Market Democracies ETF,NYSE Arca,1,,nasdaqtrader
EMDV,ProShares MSCI Emerging Markets Dividend Growers ETF,Cboe BZX,1,,nasdaqtrader
EME,"EMCOR Group, Inc. Common Stock",NYSE,0,,nasdaqtrader
EMEM,Sophus Capital Emerging Market ETF,Nasdaq,1,,nasdaqtrader
EMEQ,Nomura Focused Emerging Markets Equity ETF,Nasdaq,1,,nasdaqtrader
EMES,Harbor Emerging Markets Select ETF,NYSE Arca,1,,nasdaqtrader
EMET,VanEck Copper and Electrification Metals ETF,NYSE Arca,1,,nasdaqtrader
EMF,Templeton Emerging Markets Fund Common Stock,NYSE,0,,nasdaqtrader
EMFI,Pictet Emerging Markets Debt ETF,NYSE Arca,1,,nasdaqtrader
EMGF,iShares Emerging Markets Equity Factor ETF,Cboe BZX,1,,nasdaqtrader
EMHC,State Street SPDR Bloomberg Emerging Markets USD Bond ETF,NYSE Arca,1,,nasdaqtrader
EMHY,iShares J.P. Morgan EM High Yield Bond ETF,Cboe BZX,1,,nasdaqtrader
EMIF,iShares Emerging Markets Infrastructure ETF,Nasdaq,1,,nasdaqtrader
EMIS,Emmis Acquisition Corp. - Class A Ordinary Share,Nasdaq,0,,nasdaqtrader
EMISR,Emmis Acquisition Corp. - Rights,Nasdaq,0,,nasdaqtrader
EMJL,Corgi Emerging Markets Equities 15% Structured Buffer ETF - July Series,Cboe BZX,1,,nasdaqtrader
EMJN,Corgi Emerging Markets Equities 15% Structured Buffer ETF - June Series,Cboe BZX,1,,nasdaqtrader
EMKT,Lazard Emerging Markets Opportunities ETF,NYSE Arca,1,,nasdaqtrader
EML,Eastern Company (The) - Common Stock,Nasdaq,0,,nasdaqtrader
EMLC,VanEck J. P. Morgan EM Local Currency Bond ET,NYSE Arca,1,,nasdaqtrader
EMLP,First Trust North American Energy Infrastructure Fund,NYSE Arca,1,,nasdaqtrader
EMM,Global X Emerging Markets ex-China ETF,NYSE Arca,1,,nasdaqtrader
EMMF,WisdomTree Emerging Markets Multifactor Fund,NYSE Arca,1,,nasdaqtrader
EMMY,Corgi Emerging Markets Equities 15% Structured Buffer ETF - May Series,Cboe BZX,1,,nasdaqtrader
EMN,Eastman Chemical Company Common Stock,NYSE,0,,nasdaqtrader
EMNT,PIMCO Enhanced Short Maturity Active ESG Exchange-Traded Fund,NYSE Arca,1,,nasdaqtrader
EMO,ClearBridge Energy Midstream Opportunity Fund Inc. Common Stock,NYSE,0,,nasdaqtrader
EMOP,AB Emerging Markets Opportunities ETF,NYSE Arca,1,,nasdaqtrader
EMOT,First Trust S&P 500 Economic Moat ETF,NYSE Arca,1,,nasdaqtrader
EMP,"Entergy Mississippi, LLC First Mortgage Bonds, 4.90% Series Due October 1, 2066",NYSE,0,,nasdaqtrader
EMPB,Efficient Market Portfolio Plus ETF,NYSE Arca,1,,nasdaqtrader
EMPD,Empery Digital Inc. - Common stock,Nasdaq,0,,nasdaqtrader
EMQQ,EMQQ The Emerging Markets Internet ETF,NYSE Arca,1,,nasdaqtrader
EMR,Emerson Electric Company Common Stock,NYSE,0,,nasdaqtrader
EMSC,Sophus Capital Emerging Market Small Cap ETF,Nasdaq,1,,nasdaqtrader
EMSE,Corgi Emerging Markets Equities 15% Structured Buffer ETF - September Series,Cboe BZX,1,,nasdaqtrader
EMSF,Matthews Emerging Markets Sustainable Future Active ETF,NYSE Arca,1,,nasdaqtrader
EMTY,ProShares Decline of the Retail Store ETF,NYSE Arca,1,,nasdaqtrader
EMXC,iShares MSCI Emerging Markets ex China ETF,Nasdaq,1,,nasdaqtrader
EMXF,iShares ESG Advanced MSCI EM ETF,Nasdaq,1,,nasdaqtrader
EMXX,Corgi Emerging Markets 2x Daily ETF,Cboe BZX,1,,nasdaqtrader
ENB,Enbridge Inc Common Stock,NYSE,0,,nasdaqtrader
ENDW,Cambria Endowment Style ETF,Nasdaq,1,,nasdaqtrader
ENFR,Alerian Energy Infrastructure ETF,NYSE Arca,1,,nasdaqtrader
ENGN,enGene Therapeutics Inc. - Common Stock,Nasdaq,0,,nasdaqtrader
ENGNW,enGene Therapeutics Inc. - Warrants,Nasdaq,0,,nasdaqtrader
ENGS,Energys Group Limited - Ordinary Shares,Nasdaq,0,,nasdaqtrader
ENHA,Enhanced Group Inc. Class A Common Stock,NYSE,0,,nasdaqtrader
ENHE,iShares Enhanced Emerging Markets Active ETF,Nasdaq,1,,nasdaqtrader
ENHI,iShares Enhanced International Active ETF,Nasdaq,1,,nasdaqtrader
ENHU,iShares Enhanced Large Cap Core Active ETF,Nasdaq,1,,nasdaqtrader
ENIC,Enel Chile S.A. American Depositary Shares (Each representing 50 shares of Common Stock),NYSE,0,,nasdaqtrader
ENJ,"Entergy New Orleans, LLC First Mortgage Bonds, 5.0% Series due December 1, 2052",NYSE,0,,nasdaqtrader
ENLT,Enlight Renewable Energy Ltd. - Ordinary Shares,Nasdaq,0,,nasdaqtrader
ENLV,Enlivex Ltd. - Ordinary Shares,Nasdaq,0,,nasdaqtrader
ENO,"Entergy New Orleans, LLC First Mortgage Bonds, 5.50% Series due April 1, 2066",NYSE,0,,nasdaqtrader
ENOR,iShares MSCI Norway ETF,Cboe BZX,1,,nasdaqtrader
ENOV,Enovis Corporation Common Stock,NYSE,0,,nasdaqtrader
ENPH,"Enphase Energy, Inc. - Common Stock",Nasdaq,0,,nasdaqtrader
ENR,"Energizer Holdings, Inc. Common Stock",NYSE,0,,nasdaqtrader
ENRD,Einride AB - American Depositary Shares,Nasdaq,0,,nasdaqtrader
ENRDW,Einride AB - Warrants,Nasdaq,0,,nasdaqtrader
ENRG,Ninepoint North American Energy Independence ETF,NYSE Arca,1,,nasdaqtrader
ENS,EnerSys Common Stock,NYSE,0,,nasdaqtrader
ENSC,"Ensysce Biosciences, Inc. - Common Stock",Nasdaq,0,,nasdaqtrader
ENSG,"The Ensign Group, Inc. - Common Stock",Nasdaq,0,,nasdaqtrader
ENTA,"Enanta Pharmaceuticals, Inc. - Common Stock",Nasdaq,0,,nasdaqtrader
ENTG,"Entegris, Inc. - Common Stock",Nasdaq,0,,nasdaqtrader
ENTL,Leverage Shares 2X Long ENTG Daily ETF,Cboe BZX,1,,nasdaqtrader
ENTX,Entera Bio Ltd. - Ordinary Shares,Nasdaq,0,,nasdaqtrader
ENVA,"Enova International, Inc. Common Stock",NYSE,0,,nasdaqtrader
ENVB,"Enveric Biosciences, Inc.  - Common Stock",Nasdaq,0,,nasdaqtrader
ENVX,Enovix Corporation - Common Stock,Nasdaq,0,,nasdaqtrader
ENZL,iShares MSCI New Zealand ETF,Nasdaq,1,,nasdaqtrader
EO,Corgi EOSE 2x Daily ETF,Cboe BZX,1,,nasdaqtrader
EOCN,Eocene Ltd. - Ordinary Shares,Nasdaq,0,,nasdaqtrader
EOCT,Innovator Emerging Markets Power Buffer ETF - October,NYSE Arca,1,,nasdaqtrader
EOD,Allspring Global Dividend Opportunity Fund Common Shares of Beneficial Interest,NYSE,0,,nasdaqtrader
EOG,"EOG Resources, Inc. Common Stock",NYSE,0,,nasdaqtrader
EOI,Eaton Vance Enhance Equity Income Fund Eaton Vance Enhanced Equity Income Fund Shares of Beneficial Interest,NYSE,0,,nasdaqtrader
EOLS,"Evolus, Inc. - Common Stock",Nasdaq,0,,nasdaqtrader
EONR,EON Resources Inc. Class A Common Stock,NYSE American,0,,nasdaqtrader
EONR.W,"EON Resources Inc. Warrants, each whole warrant exercisable for three quarters of one share of Class A Common Stock at an exercise price of $11.50 per whole share",NYSE American,0,,nasdaqtrader
EOS,Eaton Vance Enhance Equity Income Fund II Common Stock,NYSE,0,,nasdaqtrader
EOSE,"Eos Energy Enterprises, Inc. - Common Stock",Nasdaq,0,,nasdaqtrader
EOSEW,"Eos Energy Enterprises, Inc. - Warrant",Nasdaq,0,,nasdaqtrader
EOSU,T-REX 2X Long EOSE Daily Target ETF,Cboe BZX,1,,nasdaqtrader
EOT,Eaton Vance Municipal Income Trust EATON VANCE NATIONAL MUNICIPAL OPPORTUNITIES TRUST,NYSE,0,,nasdaqtrader
EP,Empire Petroleum Corporation Common Stock,NYSE American,0,,nasdaqtrader
EPAC,Enerpac Tool Group Corp. Common Stock,NYSE,0,,nasdaqtrader
EPAI,Harbor AI Inflection Strategy ETF,NYSE Arca,1,,nasdaqtrader
EPAM,"EPAM Systems, Inc. Common Stock",NYSE,0,,nasdaqtrader
EPC,Edgewell Personal Care Company Common Stock,NYSE,0,,nasdaqtrader
EPD,Enterprise Products Partners L.P. Common Stock,NYSE,0,,nasdaqtrader
EPEM,Harbor Emerging Markets Equity ETF,NYSE Arca,1,,nasdaqtrader
EPHE,iShares MSCI Philippines ETF,NYSE Arca,1,,nasdaqtrader
EPI,WisdomTree India Earnings Fund,NYSE Arca,1,,nasdaqtrader
EPIN,Harbor International Equity ETF,NYSE Arca,1,,nasdaqtrader
EPM,"Evolution Petroleum Corporation, Inc. Common Stock",NYSE American,0,,nasdaqtrader
EPMB,Harbor Mid Cap Core ETF,NYSE Arca,1,,nasdaqtrader
EPMV,Harbor Mid Cap Value ETF,NYSE Arca,1,,nasdaqtrader
EPOL,iShares MSCI Poland ETF,NYSE Arca,1,,nasdaqtrader
EPOW,E-Power Inc. - Class A Ordinary Shares,Nasdaq,0,,nasdaqtrader
EPP,iShares MSCI Pacific Ex-Japan Index Fund,NYSE Arca,1,,nasdaqtrader
EPR,EPR Properties Common Stock,NYSE,0,,nasdaqtrader
EPRF,Innovator S&P Investment Grade Preferred ETF,Cboe BZX,1,,nasdaqtrader
EPRT,"Essential Properties Realty Trust, Inc. Common Stock",NYSE,0,,nasdaqtrader
EPRX,Eupraxia Pharmaceuticals Inc. - Common Stock,Nasdaq,0,,nasdaqtrader
EPS,WisdomTree U.S. LargeCap Fund,NYSE Arca,1,,nasdaqtrader
EPSB,Harbor SMID Cap Core ETF,NYSE Arca,1,,nasdaqtrader
EPSM,Epsium Enterprise Limited - Class A Ordinary Shares,Nasdaq,0,,nasdaqtrader
EPSN,Epsilon Energy Ltd. - Common Shares,Nasdaq,0,,nasdaqtrader
EPSV,Harbor SMID Cap Value ETF,NYSE Arca,1,,nasdaqtrader
EPU,iShares MSCI Peru and Global Exposure ETF,NYSE Arca,1,,nasdaqtrader
EPV,ProShares UltraShort FTSE Europe ETF,NYSE Arca,1,,nasdaqtrader
EQ,"Equillium, Inc. - Common Stock",Nasdaq,0,,nasdaqtrader
EQAL,Invesco Russell 1000 Equal Weight ETF,NYSE Arca,1,,nasdaqtrader
EQBK,"Equity Bancshares, Inc. Class A Common Stock",NYSE,0,,nasdaqtrader
EQH,"Equitable Holdings, Inc. Common Stock",NYSE,0,,nasdaqtrader
EQIN,Columbia U.S. Equity Income ETF,NYSE Arca,1,,nasdaqtrader
EQIX,"Equinix, Inc. - Common Stock",Nasdaq,0,,nasdaqtrader
EQL,ALPS Equal Sector Weight ETF,NYSE Arca,1,,nasdaqtrader
EQLT,iShares MSCI Emerging Markets Quality Factor ETF,Cboe BZX,1,,nasdaqtrader
EQNR,Equinor ASA,NYSE,0,,nasdaqtrader
EQPT,EquipmentShare.com Inc - Class A Common Stock,Nasdaq,0,,nasdaqtrader
EQQQ,ProShares Ultra QQQ Equal Weight,Nasdaq,1,,nasdaqtrader
EQRR,ProShares Equities for Rising Rates ETF,Nasdaq,1,,nasdaqtrader
EQS,"Equus Total Return, Inc. Common Stock",NYSE,0,,nasdaqtrader
EQT,EQT Corporation Common Stock,NYSE,0,,nasdaqtrader
EQTY,Kovitz Core Equity ETF,NYSE Arca,1,,nasdaqtrader
EQWL,Invesco S&P 100 Equal Weight ETF,NYSE Arca,1,,nasdaqtrader
EQX,Equinox Gold Corp. Common Shares,NYSE American,0,,nasdaqtrader
ERAS,"Erasca, Inc. - Common Stock",Nasdaq,0,,nasdaqtrader
ERC,Allspring Multi-Sector Income Fund Common Stock,NYSE American,0,,nasdaqtrader
ERET,iShares Environmentally Aware Real Estate ETF,Nasdaq,1,,nasdaqtrader
ERH,Allspring Utilities and High Income Fund Common Shares,NYSE American,0,,nasdaqtrader
ERIC,Ericsson - American Depositary Shares each representing 1 underlying Class B share,Nasdaq,0,,nasdaqtrader
ERIE,Erie Indemnity Company - Class A Common Stock,Nasdaq,0,,nasdaqtrader
ERII,"Energy Recovery, Inc. - Common Stock",Nasdaq,0,,nasdaqtrader
ERNA,Ernexa Therapeutics Inc. - Common Stock,Nasdaq,0,,nasdaqtrader
ERNAW,Ernexa Therapeutics Inc. - Warrants,Nasdaq,0,,nasdaqtrader
ERO,Ero Copper Corp. Common Shares,NYSE,0,,nasdaqtrader
EROC,"ERock, Inc. Class A Common Stock",NYSE,0,,nasdaqtrader
EROK,"EagleRock Land, LLC Class A shares representing limited liability company interests",NYSE,0,,nasdaqtrader
ERTH,Invesco MSCI Sustainable Future ETF,NYSE Arca,1,,nasdaqtrader
ERX,Direxion Energy Bull 2X ETF,NYSE Arca,1,,nasdaqtrader
ERY,Direxion Daily Energy Bear 2X ETF,NYSE Arca,1,,nasdaqtrader
ES,Eversource Energy (D/B/A) Common Stock,NYSE,0,,nasdaqtrader
ESAB,ESAB Corporation Common Stock,NYSE,0,,nasdaqtrader
ESBA,"Empire State Realty OP, L.P. Series ES Operating Partnership Units Representing Limited Partnership Interests",NYSE Arca,0,,nasdaqtrader
ESBG,"First Trust Enhanced Stocks, Bonds & Gold ETF",NYSE Arca,1,,nasdaqtrader
ESCA,"Escalade, Incorporated - Common Stock",Nasdaq,0,,nasdaqtrader
ESE,ESCO Technologies Inc. Common Stock,NYSE,0,,nasdaqtrader
ESEA,Euroseas Ltd. - Common Stock,Nasdaq,0,,nasdaqtrader
ESG,Northern Trust STOXX US ESG Select ETF,Cboe BZX,1,,nasdaqtrader
ESGD,iShares ESG Aware MSCI EAFE ETF,Nasdaq,1,,nasdaqtrader
ESGE,iShares ESG Aware MSCI EM ETF,Nasdaq,1,,nasdaqtrader
ESGG,Northern Trust STOXX Global ESG Select ETF,Cboe BZX,1,,nasdaqtrader
ESGU,iShares ESG Aware MSCI USA ETF,Nasdaq,1,,nasdaqtrader
ESGV,Vanguard ESG U.S. Stock ETF,Cboe BZX,1,,nasdaqtrader
ESI,Element Solutions Inc. Common Stock,NYSE,0,,nasdaqtrader
ESIM,Eventide International ETF,NYSE Arca,1,,nasdaqtrader
ESLA,"Estrella Immunopharma, Inc. - Common Stock",Nasdaq,0,,nasdaqtrader
ESLAW,"Estrella Immunopharma, Inc. - Warrant",Nasdaq,0,,nasdaqtrader
ESLG,Eventide Large Cap Growth ETF,NYSE Arca,1,,nasdaqtrader
ESLT,Elbit Systems Ltd. - Ordinary Shares,Nasdaq,0,,nasdaqtrader
ESLV,Eventide Large Cap Value ETF,NYSE Arca,1,,nasdaqtrader
ESML,iShares ESG Aware MSCI USA Small-Cap ETF,Cboe BZX,1,,nasdaqtrader
ESMV,iShares ESG Optimized MSCI USA Min Vol Factor ETF,Nasdaq,1,,nasdaqtrader
ESN,Essential 40 Stock ETF,Nasdaq,1,,nasdaqtrader
ESNT,Essent Group Ltd. Common Shares,NYSE,0,,nasdaqtrader
ESOA,Energy Services of America Corporation - Common Stock,Nasdaq,0,,nasdaqtrader
ESP,Espey Mfg. & Electronics Corp. Common Stock,NYSE American,0,,nasdaqtrader
ESPO,VanEck Video Gaming and eSports ETF,Nasdaq,1,,nasdaqtrader
ESQ,"Esquire Financial Holdings, Inc. - Common Stock",Nasdaq,0,,nasdaqtrader
ESRT,"Empire State Realty Trust, Inc. Class A Common Stock",NYSE,0,,nasdaqtrader
ESS,"Essex Property Trust, Inc. Common Stock",NYSE,0,,nasdaqtrader
ESSC,Eventide Small Cap ETF,NYSE Arca,1,,nasdaqtrader
ESTA,Establishment Labs Holdings Inc. - Common Shares,Nasdaq,0,,nasdaqtrader
ESTC,Elastic N.V. Ordinary Shares,NYSE,0,,nasdaqtrader
ESUM,Eventide US Market ETF,NYSE Arca,1,,nasdaqtrader
ESYN,EnerSyn Global Inc. - Common Stock,Nasdaq,0,,nasdaqtrader
ET,Energy Transfer LP Common Units,NYSE,0,,nasdaqtrader
ETB,Eaton Vance Tax-Managed Buy-Write Income Fund Eaton Vance Tax-Managed Buy-Write Income Fund Common Shares of Beneficial Interest,NYSE,0,,nasdaqtrader
ETCO,Grayscale Ethereum High Income ETF,NYSE Arca,1,,nasdaqtrader
ETD,Ethan Allen Interiors Inc. Common Stock,NYSE,0,,nasdaqtrader
ETEC,iShares Breakthrough Environmental Solutions ETF,Nasdaq,1,,nasdaqtrader
ETFT,Fundsmith Equity ETF,NYSE Arca,1,,nasdaqtrader
ETG,Eaton Vance Tax-Advantaged Global Dividend Income Fund Common Shares of Beneficial Interest,NYSE,0,,nasdaqtrader
ETH,Grayscale Ethereum Staking Mini ETF Shares,NYSE Arca,1,,nasdaqtrader
ETHA,iShares Ethereum Trust ETF,Nasdaq,1,,nasdaqtrader
ETHB,iShares Staked Ethereum Trust ETF,Nasdaq,1,,nasdaqtrader
ETHD,ProShares UltraShort Ether ETF,NYSE Arca,1,,nasdaqtrader
ETHE,Grayscale Ethereum Staking ETF Shares,NYSE Arca,1,,nasdaqtrader
ETHO,Amplify Etho Climate Leadership U.S. ETF,NYSE Arca,1,,nasdaqtrader
ETHT,ProShares Ultra Ether ETF,NYSE Arca,1,,nasdaqtrader
ETHU,2x Ether ETF,Cboe BZX,1,,nasdaqtrader
ETHV,VanEck Ethereum ETF,Cboe BZX,1,,nasdaqtrader
ETHW,Bitwise Ethereum ETF,NYSE Arca,1,,nasdaqtrader
ETJ,Eaton Vance Risk-Managed Diversified Equity Income Fund Common Shares of Beneficial Interest,NYSE,0,,nasdaqtrader
ETN,"Eaton Corporation, PLC Ordinary Shares",NYSE,0,,nasdaqtrader
ETNG,Leverage Shares 2X Long ETN Daily ETF,Cboe BZX,1,,nasdaqtrader
ETO,Eaton Vance Tax-Advantage Global Dividend Opp Common Stock,NYSE,0,,nasdaqtrader
ETON,"Eton Pharmaceuticals, Inc. - Common Stock",Nasdaq,0,,nasdaqtrader
ETOR,eToro Group Ltd. - Class A Common Shares,Nasdaq,0,,nasdaqtrader
ETR,Entergy Corporation Common Stock,NYSE,0,,nasdaqtrader
ETRA,"Electra Therapeutics, Inc. - Common stock",Nasdaq,0,,nasdaqtrader
ETS,Elite Express Holding Inc. - Class A Common Stock,Nasdaq,0,,nasdaqtrader
ETSS,Energy Transition Special Opportunities Class A Ordinary Shares,NYSE,0,,nasdaqtrader
ETSS.U,"Energy Transition Special Opportunities Units, each consisting of one Class A ordinary share and one-half of one redeemable warrant",NYSE,0,,nasdaqtrader
ETSS.W,"Energy Transition Special Opportunities Warrants, each whole warrant exercisable for one Class A ordinary share at an exercise price of $11.50",NYSE,0,,nasdaqtrader
ETSY,"Etsy, Inc. Common Stock",NYSE,0,,nasdaqtrader
ETTY,Amplify Ethereum 3% Monthly Option Income ETF,Cboe BZX,1,,nasdaqtrader
ETU,T-Rex 2X Long Ether Daily Target ETF,Cboe BZX,1,,nasdaqtrader
ETV,Eaton Vance Corporation Eaton Vance Tax-Managed Buy-Write Opportunities Fund Common Shares of Beneficial Interest,NYSE,0,,nasdaqtrader
ETW,Eaton Vance Corporation Eaton Vance Tax-Managed Global Buy-Write Opportunites Fund Common Shares of Beneficial Interest,NYSE,0,,nasdaqtrader
ETX,Eaton Vance Municipal Income 2028 Term Trust Common Shares of Beneficial Interest,NYSE,0,,nasdaqtrader
ETY,"Eaton Vance Tax-Managed Diversified Equity Income Fund Common Shares of Beneficial Interest,",NYSE,0,,nasdaqtrader
EU,enCore Energy Corp. - Common Stock,Nasdaq,0,,nasdaqtrader
EUAD,Select STOXX Europe Aerospace & Defense ETF,Cboe BZX,1,,nasdaqtrader
EUDA,Euda Health Holdings Limited - Ordinary Shares,Nasdaq,0,,nasdaqtrader
EUDAW,Euda Health Holdings Limited - Warrant,Nasdaq,0,,nasdaqtrader
EUDG,WisdomTree Europe Quality Dividend Growth Fund,NYSE Arca,1,,nasdaqtrader
EUDV,ProShares MSCI Europe Dividend Growers ETF,Cboe BZX,1,,nasdaqtrader
EUFN,iShares MSCI Europe Financials ETF,Nasdaq,1,,nasdaqtrader
EUHY,iShares Euro High Yield Corporate Bond USD Hedged ETF,Cboe BZX,1,,nasdaqtrader
EUIG,iShares Euro Investment Grade Corporate Bond USD Hedged ETF,Cboe BZX,1,,nasdaqtrader
EUM,ProShares Short MSCI Emerging Markets,NYSE Arca,1,,nasdaqtrader
EUO,ProShares UltraShort Euro,NYSE Arca,1,,nasdaqtrader
EURK,Eureka Acquisition Corp - Class A Ordinary Share,Nasdaq,0,,nasdaqtrader
EURKR,Eureka Acquisition Corp - Right,Nasdaq,0,,nasdaqtrader
EURKU,Eureka Acquisition Corp - Unit,Nasdaq,0,,nasdaqtrader
EURL,Direxion Daily FTSE Europe Bull 3X ETF,NYSE Arca,1,,nasdaqtrader
EUSA,iShares MSCI USA Equal Weighted ETF,NYSE Arca,1,,nasdaqtrader
EUSB,iShares ESG Advanced Universal USD Bond ETF,NYSE Arca,1,,nasdaqtrader
EUV,Corgi Lithography & Semiconductor Photonics ETF,Cboe BZX,1,,nasdaqtrader
EUVX,Corgi Lithography & Semiconductor Photonics 2x Daily ETF,Cboe BZX,1,,nasdaqtrader
EVAC,EQV Ventures Acquisition Corp. II Class A Ordinary Shares,NYSE,0,,nasdaqtrader
EVAC.U,"EQV Ventures Acquisition Corp. II Units, each unit consists of one Class A ordinary share and one-third of one redeemable warrant",NYSE,0,,nasdaqtrader
EVAC.W,"EQV Ventures Acquisition Corp. II Redeemable Warrants, each whole warrant exercisable for one Class A ordinary share at an exercise price of $11.50 per share",NYSE,0,,nasdaqtrader
EVAX,Evaxion A/S - American Depositary Share,Nasdaq,0,,nasdaqtrader
EVC,Entravision Communications Corporation Common Stock,NYSE,0,,nasdaqtrader
EVCM,EverCommerce Inc. - Common Stock,Nasdaq,0,,nasdaqtrader
EVER,"EverQuote, Inc. - Class A Common Stock",Nasdaq,0,,nasdaqtrader
EVEX,"Eve Holding, Inc. Common Stock",NYSE,0,,nasdaqtrader
EVEX.W,"Eve Holding, Inc. Warrants, each exercisable for one share of Common Stock at an exercise price of $11.50 per share",NYSE,0,,nasdaqtrader
EVF,Eaton Vance Senior Income Trust Common Stock,NYSE,0,,nasdaqtrader
EVG,Eaton Vance Short Diversified Income Fund Eaton Vance Short Duration Diversified Income Fund Common Shares of Beneficial Interest,NYSE,0,,nasdaqtrader
EVGN,Evogene Ltd. - Ordinary Shares,Nasdaq,0,,nasdaqtrader
EVGO,EVgo Inc. - Common Stock,Nasdaq,0,,nasdaqtrader
EVH,"Evolent Health, Inc Class A Common Stock",NYSE,0,,nasdaqtrader
EVHY,Eaton Vance High Yield ETF,NYSE Arca,1,,nasdaqtrader
EVI,"EVI Industries, Inc.  Common Stock",NYSE American,0,,nasdaqtrader
EVIM,Eaton Vance Intermediate Municipal Income ETF,NYSE Arca,1,,nasdaqtrader
EVLN,Eaton Vance Floating-Rate ETF,NYSE Arca,1,,nasdaqtrader
EVLU,iShares MSCI Emerging Markets Value Factor ETF,Cboe BZX,1,,nasdaqtrader
EVLV,"Evolv Technologies Holdings, Inc. - Class A Common Stock",Nasdaq,0,,nasdaqtrader
EVMN,"Evommune, Inc. Common Stock",NYSE,0,,nasdaqtrader
EVMO,Eaton Vance Mortgage Opportunities ETF,NYSE Arca,1,,nasdaqtrader
EVMT,Invesco Electric Vehicle Metals Commodity Strategy No K-1 ETF,Nasdaq,1,,nasdaqtrader
EVMU,Direxion Daily Ether Bull 2X ETF,NYSE Arca,1,,nasdaqtrader
EVN,Eaton Vance Municipal Income Trust Common Stock,NYSE,0,,nasdaqtrader
EVNT,AltShares Event-Driven ETF,NYSE Arca,1,,nasdaqtrader
EVO,Evotec SE - American Depositary Shares each representing 1/2 of one ordinary share,Nasdaq,0,,nasdaqtrader
EVOX,Evolution Global Acquisition Corp - Class A Ordinary Shares,Nasdaq,0,,nasdaqtrader
EVOXU,Evolution Global Acquisition Corp - Units,Nasdaq,0,,nasdaqtrader
EVOXW,Evolution Global Acquisition Corp - Warrants,Nasdaq,0,,nasdaqtrader
EVPF,Eaton Vance Preferred Securities and Income ETF,Nasdaq,1,,nasdaqtrader
EVR,Evercore Inc. Class A Common Stock,NYSE,0,,nasdaqtrader
EVRG,"Evergy, Inc. - Common Stock",Nasdaq,0,,nasdaqtrader
EVSB,Eaton Vance Ultra-Short Income ETF,NYSE Arca,1,,nasdaqtrader
EVSD,Eaton Vance Short Duration Income ETF,Nasdaq,1,,nasdaqtrader
EVSM,Eaton Vance Short Duration Municipal Income ETF,NYSE Arca,1,,nasdaqtrader
EVT,Eaton Vance Tax Advantaged Dividend Income Fund Common Shares of Beneficial Interest,NYSE,0,,nasdaqtrader
EVTC,"Evertec, Inc. Common Stock",NYSE,0,,nasdaqtrader
EVTL,Vertical Aerospace Ltd. Ordinary Shares,NYSE,0,,nasdaqtrader
EVTR,Eaton Vance Total Return Bond ETF,NYSE,1,,nasdaqtrader
EVUS,iShares ESG Aware MSCI USA Value ETF,Cboe BZX,1,,nasdaqtrader
EVV,Eaton Vance Limited Duration Income Fund Common Shares of Beneficial Interest,NYSE American,0,,nasdaqtrader
EVX,VanEck Environmental Services ETF,NYSE Arca,1,,nasdaqtrader
EVYM,Eaton Vance High Income Municipal ETF,Nasdaq,1,,nasdaqtrader
EW,Edwards Lifesciences Corporation Common Stock,NYSE,0,,nasdaqtrader
EWA,iShares MSCI Australia Index Fund,NYSE Arca,1,,nasdaqtrader
EWAV,East West Ave Acquisition Corp. - Common Stock,Nasdaq,0,,nasdaqtrader
EWAVR,East West Ave Acquisition Corp. - Rights,Nasdaq,0,,nasdaqtrader
EWAVU,East West Ave Acquisition Corp. - Units,Nasdaq,0,,nasdaqtrader
EWBC,"East West Bancorp, Inc. - Common Stock",Nasdaq,0,,nasdaqtrader
EWC,iShares MSCI Canada Index Fund,NYSE Arca,1,,nasdaqtrader
EWD,iShares MSCI Sweden ETF,NYSE Arca,1,,nasdaqtrader
EWG,iShares MSCI Germany Index Fund,NYSE Arca,1,,nasdaqtrader
EWH,iShares MSCI Hong Kong Index Fund,NYSE Arca,1,,nasdaqtrader
EWI,iShares MSCI Italy ETF,NYSE Arca,1,,nasdaqtrader
EWJ,iShares MSCI Japan Index Fund,NYSE Arca,1,,nasdaqtrader
EWJV,iShares MSCI Japan Value ETF,Nasdaq,1,,nasdaqtrader
EWK,iShares MSCI Belgium ETF,NYSE Arca,1,,nasdaqtrader
EWL,iShares MSCI Switzerland ETF,NYSE Arca,1,,nasdaqtrader
EWM,iShares MSCI Malaysia Index Fund,NYSE Arca,1,,nasdaqtrader
EWN,iShares MSCI Netherlands Index Fund,NYSE Arca,1,,nasdaqtrader
EWO,iShares MSCI Austria ETF,NYSE Arca,1,,nasdaqtrader
EWP,iShares MSCI Spain ETF,NYSE Arca,1,,nasdaqtrader
EWQ,iShares MSCI France Index Fund,NYSE Arca,1,,nasdaqtrader
EWS,iShares MSCI Singapore ETF,NYSE Arca,1,,nasdaqtrader
EWT,iShares MSCI Taiwan ETF,NYSE Arca,1,,nasdaqtrader
EWTX,"Edgewise Therapeutics, Inc. - Common Stock",Nasdaq,0,,nasdaqtrader
EWU,iShares MSCI United Kingdom ETF,NYSE Arca,1,,nasdaqtrader
EWUS,iShares MSCI United Kingdom Small Cap ETF,Cboe BZX,1,,nasdaqtrader
EWV,ProShares UltraShort MSCI Japan,NYSE Arca,1,,nasdaqtrader
EWW,iShares MSCI Mexico ETF,NYSE Arca,1,,nasdaqtrader
EWX,State Street SPDR S&P Emerging Markets Small Cap ETF,NYSE Arca,1,,nasdaqtrader
EWY,iShares MSCI South Korea ETF,NYSE Arca,1,,nasdaqtrader
EWZ,iShares MSCI Brazil ETF,NYSE Arca,1,,nasdaqtrader
EWZS,iShares MSCI Brazil Small-Cap ETF,Nasdaq,1,,nasdaqtrader
EXC,Exelon Corporation - Common Stock,Nasdaq,0,,nasdaqtrader
EXE,Expand Energy Corporation - Common Stock,Nasdaq,0,,nasdaqtrader
EXEL,"Exelixis, Inc. - Common Stock",Nasdaq,0,,nasdaqtrader
EXEQ,Wedbush ReturnOnLeadership U.S. Large-Cap ETF,NYSE Arca,1,,nasdaqtrader
EXFY,"Expensify, Inc. - Class A Common Stock",Nasdaq,0,,nasdaqtrader
EXG,Eaton Vance Tax-Managed Global Diversified Equity Income Fund Common Shares of Beneficial Interest,NYSE,0,,nasdaqtrader
EXI,iShares Global Industrials ETF,NYSE Arca,1,,nasdaqtrader
EXK,Endeavour Silver Corporation Ordinary Shares (Canada),NYSE,0,,nasdaqtrader
EXLS,"ExlService Holdings, Inc. - Common Stock",Nasdaq,0,,nasdaqtrader
EXOD,"Exodus Movement, Inc. Class A Common Stock",NYSE American,0,,nasdaqtrader
EXOZ,eXoZymes Inc. - Common Stock,Nasdaq,0,,nasdaqtrader
EXP,Eagle Materials Inc Common Stock,NYSE,0,,nasdaqtrader
EXPD,"Expeditors International of Washington, Inc. Common Stock",NYSE,0,,nasdaqtrader
EXPE,"Expedia Group, Inc. - Common Stock",Nasdaq,0,,nasdaqtrader
EXPN,Horizon Expansion Leaders ETF,Cboe BZX,1,,nasdaqtrader
EXPO,"Exponent, Inc. - Common Stock",Nasdaq,0,,nasdaqtrader
EXR,Extra Space Storage Inc Common Stock,NYSE,0,,nasdaqtrader
EXTR,"Extreme Networks, Inc. - Common Stock",Nasdaq,0,,nasdaqtrader
EXUS,Nomura Focused International Core ETF,Nasdaq,1,,nasdaqtrader
EXYN,"Exyn Technologies, Inc. - Common Stock",Nasdaq,0,,nasdaqtrader
EXYNW,"Exyn Technologies, Inc. - Warrant",Nasdaq,0,,nasdaqtrader
EYE,"National Vision Holdings, Inc. - Common Stock",Nasdaq,0,,nasdaqtrader
EYEG,AB Corporate Bond ETF,Nasdaq,1,,nasdaqtrader
EYES,Corgi Data & Surveillance ETF,Cboe BZX,1,,nasdaqtrader
EYLD,Cambria Emerging Shareholder Yield ETF,Cboe BZX,1,,nasdaqtrader
EYPT,"EyePoint, Inc. - Common Stock",Nasdaq,0,,nasdaqtrader
EZA,iShares MSCI South Africa Index Fund,NYSE Arca,1,,nasdaqtrader
EZBC,Franklin Templeton Digital Holdings Trust Shares of Franklin Bitcoin ETF,Cboe BZX,1,,nasdaqtrader
EZET,Franklin Ethereum ETF,Cboe BZX,1,,nasdaqtrader
EZGO,EZGO Technologies Ltd. - Ordinary Shares,Nasdaq,0,,nasdaqtrader
EZJ,ProShares Ultra MSCI Japan,NYSE Arca,1,,nasdaqtrader
EZM,WisdomTree U.S. MidCap Fund,NYSE Arca,1,,nasdaqtrader
EZMO,AlphaDroid Broad Markets Momentum ETF,Nasdaq,1,,nasdaqtrader
EZPW,"EZCORP, Inc. - Class A Non-Voting Common Stock",Nasdaq,0,,nasdaqtrader
EZPZ,Franklin Crypto Index ETF,Cboe BZX,1,,nasdaqtrader
EZRA,"Reliance Global Group, Inc. - Common Stock",Nasdaq,0,,nasdaqtrader
EZRO,AlphaDroid Defensive Sector Rotation ETF,Nasdaq,1,,nasdaqtrader
EZU,iShares MSCI Eurozone ETF,Cboe BZX,1,,nasdaqtrader
F,Ford Motor Company Common Stock,NYSE,0,,nasdaqtrader
FA,First Advantage Corporation - Common Stock,Nasdaq,0,,nasdaqtrader
FAAA,Fidelity AAA CLO ETF,Nasdaq,1,,nasdaqtrader
FAAR,First Trust Alternative Absolute Return Strategy ETF,Nasdaq,1,,nasdaqtrader
FAB,First Trust Multi Cap Value AlphaDEX Fund,Nasdaq,1,,nasdaqtrader
FABC,"Fabric.AI, Inc. - Common Stock",Nasdaq,0,,nasdaqtrader
FAC,Factorial Energy Inc. - Class A Common Stock,Nasdaq,0,,nasdaqtrader
FACT,FACT II Acquisition Corp. - Class A Ordinary Shares,Nasdaq,0,,nasdaqtrader
FACTU,FACT II Acquisition Corp. - Unit,Nasdaq,0,,nasdaqtrader
FACTW,FACT II Acquisition Corp. - Warrant,Nasdaq,0,,nasdaqtrader
FACWW,Factorial Energy Inc. - Warrant,Nasdaq,0,,nasdaqtrader
FAD,First Trust Multi Cap Growth AlphaDEX Fund,Nasdaq,1,,nasdaqtrader
FAF,First American Corporation (New) Common Stock,NYSE,0,,nasdaqtrader
FAI,First Trust Bloomberg Artificial Intelligence ETF,NYSE Arca,1,,nasdaqtrader
FALN,iShares Fallen Angels USD Bond ETF,Nasdaq,1,,nasdaqtrader
FAMI,"Farmmi, Inc. - Class A Ordinary Shares",Nasdaq,0,,nasdaqtrader
FAN,First Trust Global Wind Energy ETF,NYSE Arca,1,,nasdaqtrader
FANG,"Diamondback Energy, Inc. - Common Stock",Nasdaq,0,,nasdaqtrader
FAPR,FT Vest U.S. Equity Buffer ETF - April,Cboe BZX,1,,nasdaqtrader
FARX,Frontier Asset Absolute Return ETF,NYSE Arca,1,,nasdaqtrader
FAS,Direxion Financial Bull 3X ETF,NYSE Arca,1,,nasdaqtrader
FAST,Fastenal Company - Common Stock,Nasdaq,0,,nasdaqtrader
FATE,"Fate Therapeutics, Inc. - Common Stock",Nasdaq,0,,nasdaqtrader
FATN,"FatPipe, Inc. - common stock",Nasdaq,0,,nasdaqtrader
FAUG,FT Vest U.S. Equity Buffer ETF - August,Cboe BZX,1,,nasdaqtrader
FAX,"abrdn Asia-Pacific Income Fund, Inc. Common Stock",NYSE American,0,,nasdaqtrader
FAZ,Direxion Financial Bear 3X ETF,NYSE Arca,1,,nasdaqtrader
FB,ProShares S&P 500 Dynamic Buffer ETF,Cboe BZX,1,,nasdaqtrader
FBCG,Fidelity Blue Chip Growth ETF,Cboe BZX,1,,nasdaqtrader
FBCV,Fidelity Blue Chip Value ETF,Cboe BZX,1,,nasdaqtrader
FBDC,FT Confluence BDC & Specialty Finance Income ETF,NYSE Arca,1,,nasdaqtrader
FBDT,First Breach Inc. - Common Stock,Nasdaq,0,,nasdaqtrader
FBGL,FBS Global Limited - Ordinary Shares,Nasdaq,0,,nasdaqtrader
FBIN,"Fortune Brands Innovations, Inc. Common Stock",NYSE,0,,nasdaqtrader
FBIO,"Fortress Biotech, Inc. - Common Stock",Nasdaq,0,,nasdaqtrader
FBIOP,"Fortress Biotech, Inc. - 9.375% Series A Cumulative Redeemable Perpetual Preferred Stock",Nasdaq,0,,nasdaqtrader
FBIZ,"First Business Financial Services, Inc. - Common Stock",Nasdaq,0,,nasdaqtrader
FBK,FB Financial Corporation Common Stock,NYSE,0,,nasdaqtrader
FBL,GraniteShares 2x Long META Daily ETF,Nasdaq,1,,nasdaqtrader
FBLA,"FB Bancorp, Inc. - Common Stock",Nasdaq,0,,nasdaqtrader
FBLG,"FibroBiologics, Inc. - Common Stock",Nasdaq,0,,nasdaqtrader
FBNC,First Bancorp - Common Stock,Nasdaq,0,,nasdaqtrader
FBND,Fidelity Total Bond ETF,NYSE Arca,1,,nasdaqtrader
FBOT,Fidelity Disruptive Automation ETF,Nasdaq,1,,nasdaqtrader
FBP,First BanCorp. New Common Stock,NYSE,0,,nasdaqtrader
FBRT,"Franklin BSP Realty Trust, Inc. Common Stock",NYSE,0,,nasdaqtrader
FBT,First Trust Amex Biotech Index Fund,NYSE Arca,1,,nasdaqtrader
FBTC,Fidelity Wise Origin Bitcoin Fund,Cboe BZX,1,,nasdaqtrader
FBUF,Fidelity Dynamic Buffered Equity ETF,Cboe BZX,1,,nasdaqtrader
FBX,Corgi META 2x Daily ETF,Cboe BZX,1,,nasdaqtrader
FBY,YieldMax META Option Income Strategy ETF,NYSE Arca,1,,nasdaqtrader
FBYD,"Falcon's Beyond Global, Inc. - Class A Common Stock",Nasdaq,0,,nasdaqtrader
FBYDP,"Falcon's Beyond Global, Inc. - 11% Series B Cumulative Convertible Preferred Stock",Nasdaq,0,,nasdaqtrader
FBYDW,"Falcon's Beyond Global, Inc. - Warrants",Nasdaq,0,,nasdaqtrader
FBYY,GraniteShares YieldBOOST META ETF,Nasdaq,1,,nasdaqtrader
FC,Franklin Covey Company Common Stock,NYSE,0,,nasdaqtrader
FCA,First Trust China AlphaDEX Fund,Nasdaq,1,,nasdaqtrader
FCAL,First Trust California Municipal High income ETF,Nasdaq,1,,nasdaqtrader
FCAP,"First Capital, Inc. - Common Stock",Nasdaq,0,,nasdaqtrader
FCBC,"First Community Bankshares, Inc. - Common Stock",Nasdaq,0,,nasdaqtrader
FCBD,Frontier Asset Core Bond ETF,NYSE Arca,1,,nasdaqtrader
FCBM,"First Carolina Financial Services, Inc. Common Stock",NYSE,0,,nasdaqtrader
FCCO,First Community Corporation - Common Stock,Nasdaq,0,,nasdaqtrader
FCEF,First Trust Income Opportunities ETF,Nasdaq,1,,nasdaqtrader
FCEL,"FuelCell Energy, Inc. - Common Stock",Nasdaq,0,,nasdaqtrader
FCF,First Commonwealth Financial Corporation Common Stock,NYSE,0,,nasdaqtrader
FCFS,"FirstCash Holdings, Inc. - Common Stock",Nasdaq,0,,nasdaqtrader
FCFY,First Trust S&P 500 Diversified Free Cash Flow ETF,NYSE Arca,1,,nasdaqtrader
FCG,First Trust Natural Gas ETF,NYSE Arca,1,,nasdaqtrader
FCHL,Fitness Champs Holdings Limited - Ordinary Shares,Nasdaq,0,,nasdaqtrader
FCLD,Fidelity Cloud Computing ETF,Cboe BZX,1,,nasdaqtrader
FCLO,Fidelity CLO ETF,Nasdaq,1,,nasdaqtrader
FCN,"FTI Consulting, Inc. Common Stock",NYSE,0,,nasdaqtrader
FCNCA,"First Citizens BancShares, Inc. - Class A Common Stock",Nasdaq,0,,nasdaqtrader
FCNCN,"First Citizens BancShares, Inc. - Depositary Shares, each representing a 1/40th interest in a share of 6.625% Non-Cumulative Perpetual Preferred Stock, Series E",Nasdaq,0,,nasdaqtrader
FCNCO,"First Citizens BancShares, Inc. - 5.625% Non-Cumulative Perpetual Preferred Stock, Series C",Nasdaq,0,,nasdaqtrader
FCNCP,"First Citizens BancShares, Inc. - Depositary Shares Each Representing a 1/40th Interest in a Share of 5.375% Non-Cumulative Perpetual Preferred Stock, Series A",Nasdaq,0,,nasdaqtrader
FCOM,Fidelity MSCI Communication Services Index ETF,NYSE Arca,1,,nasdaqtrader
FCOR,Fidelity Corporate Bond ETF,NYSE Arca,1,,nasdaqtrader
FCPI,Fidelity Stocks for Inflation ETF,Cboe BZX,1,,nasdaqtrader
FCPT,"Four Corners Property Trust, Inc. Common Stock",NYSE,0,,nasdaqtrader
FCRS,FutureCrest Acquisition Corp. Class A Ordinary Shares,NYSE,0,,nasdaqtrader
FCRS.U,"FutureCrest Acquisition Corp. Units, each consisting of one Class A ordinary share and one-quarter of one redeemable warrant",NYSE,0,,nasdaqtrader
FCRS.W,"FutureCrest Acquisition Corp. Redeemable warrants, each whole warrant exercisable for one Class A ordinary share at an exercise price of $11.50",NYSE,0,,nasdaqtrader
FCSH,Federated Hermes Short Duration Corporate ETF,NYSE Arca,1,,nasdaqtrader
FCTE,SMI 3Fourteen Full-Cycle Trend ETF,Nasdaq,1,,nasdaqtrader
FCTR,First Trust Lunt U.S. Factor Rotation ETF,Cboe BZX,1,,nasdaqtrader
FCUS,Pinnacle Focused Opportunities ETF,NYSE Arca,1,,nasdaqtrader
FCUV,Focus Universal Inc. - Common Stock,Nasdaq,0,,nasdaqtrader
FCVT,First Trust SSI Strategic Convertible Securities ETF,Nasdaq,1,,nasdaqtrader
FCX,"Freeport-McMoRan, Inc. Common Stock",NYSE,0,,nasdaqtrader
FCXG,Leverage Shares 2x Long FCX Daily ETF,Nasdaq,1,,nasdaqtrader
FDAT,Tactical Advantage ETF,NYSE Arca,1,,nasdaqtrader
FDBC,"Fidelity D & D Bancorp, Inc. - Common Stock",Nasdaq,0,,nasdaqtrader
FDCF,Fidelity Disruptive Communications ETF,Nasdaq,1,,nasdaqtrader
FDD,First Trust STOXX European Select Dividend Index Fund,NYSE Arca,1,,nasdaqtrader
FDEC,FT Vest U.S. Equity Buffer ETF - December,Cboe BZX,1,,nasdaqtrader
FDEM,Fidelity Emerging Markets Multifactor ETF,Cboe BZX,1,,nasdaqtrader
FDEV,Fidelity International Multifactor ETF,Cboe BZX,1,,nasdaqtrader
FDFF,Fidelity Disruptive Finance ETF,Nasdaq,1,,nasdaqtrader
FDG,American Century Focused Dynamic Growth ETF,NYSE Arca,1,,nasdaqtrader
FDHY,Fidelity Enhanced High Yield ETF,NYSE Arca,1,,nasdaqtrader
FDIF,Fidelity Disruptors ETF,Nasdaq,1,,nasdaqtrader
FDIG,Fidelity Crypto Industry and Digital Payments ETF,Nasdaq,1,,nasdaqtrader
FDIQ,Invesco Bloomberg Financial Data Providers ETF,Nasdaq,1,,nasdaqtrader
FDIS,Fidelity MSCI Consumer Discretionary Index ETF,NYSE Arca,1,,nasdaqtrader
FDIV,MarketDesk Focused U.S. Dividend ETF,Nasdaq,1,,nasdaqtrader
FDL,First Trust Morningstar ETF,NYSE Arca,1,,nasdaqtrader
FDLO,Fidelity Low Volatility Factor ETF,NYSE Arca,1,,nasdaqtrader
FDLS,Inspire Fidelis Multi Factor ETF,NYSE Arca,1,,nasdaqtrader
FDM,First Trust DJ Select MicroCap ETF,NYSE Arca,1,,nasdaqtrader
FDMM,Freedom Metals Acquisition Corp. - Class A Ordinary Shares,Nasdaq,0,,nasdaqtrader
FDMMU,Freedom Metals Acquisition Corp. - Units,Nasdaq,0,,nasdaqtrader
FDMMW,Freedom Metals Acquisition Corp. - Warrants,Nasdaq,0,,nasdaqtrader
FDMO,Fidelity Momentum Factor ETF,NYSE Arca,1,,nasdaqtrader
FDMT,"4D Molecular Therapeutics, Inc. - Common Stock",Nasdaq,0,,nasdaqtrader
FDN,First Trust DJ Internet Index Fund,NYSE Arca,1,,nasdaqtrader
FDND,FT Vest Dow Jones Internet & Target Income ETF,Cboe BZX,1,,nasdaqtrader
FDNI,First Trust Dow Jones International Internet ETF,Nasdaq,1,,nasdaqtrader
FDRR,Fidelity Dividend ETF for Rising Rates,NYSE Arca,1,,nasdaqtrader
FDRS,Founder-Led ETF,Nasdaq,1,,nasdaqtrader
FDRV,Fidelity Electric Vehicles and Future Transportation ETF,Cboe BZX,1,,nasdaqtrader
FDRX,Founder-Led 2X Daily ETF,Nasdaq,1,,nasdaqtrader
FDS,FactSet Research Systems Inc. Common Stock,NYSE,0,,nasdaqtrader
FDSB,"Fifth District Bancorp, Inc. - Common Stock",Nasdaq,0,,nasdaqtrader
FDT,First Trust Developed Markets Ex-US AlphaDEX Fund,Nasdaq,1,,nasdaqtrader
FDTS,First Trust Developed Markets ex-US Small Cap AlphaDEX Fund,Nasdaq,1,,nasdaqtrader
FDTX,Fidelity Disruptive Technology ETF,Nasdaq,1,,nasdaqtrader
FDUS,Fidus Investment Corporation - Closed End Fund,Nasdaq,0,,nasdaqtrader
FDV,Federated Hermes U.S. Strategic Dividend ETF,NYSE Arca,1,,nasdaqtrader
FDVV,Fidelity High Dividend ETF,NYSE Arca,1,,nasdaqtrader
FDX,FedEx Corporation Common Stock,NYSE,0,,nasdaqtrader
FDXF,"FedEx Freight Holding Company, Inc. Common Stock",NYSE,0,,nasdaqtrader
FE,FirstEnergy Corp. Common Stock,NYSE,0,,nasdaqtrader
FEAC,Fidelity Enhanced U.S. All-Cap Equity ETF,NYSE Arca,1,,nasdaqtrader
FEAM,"5E Advanced Materials, Inc. - Common Stock",Nasdaq,0,,nasdaqtrader
FEBM,FT Vest U.S. Equity Max Buffer ETF - February,Cboe BZX,1,,nasdaqtrader
FEBO,Fenbo Holdings Limited - Class A Ordinary Shares,Nasdaq,0,,nasdaqtrader
FEBP,PGIM S&P 500 Buffer 12 ETF - February,Cboe BZX,1,,nasdaqtrader
FEBT,AllianzIM U.S. Large Cap Buffer10 Feb ETF,Cboe BZX,1,,nasdaqtrader
FEBU,AllianzIM U.S. Equity Buffer15 Uncapped Feb ETF,Cboe BZX,1,,nasdaqtrader
FEBW,AllianzIM U.S. Large Cap Buffer20 Feb ETF,Cboe BZX,1,,nasdaqtrader
FEBZ,TrueShares Structured Outcome (February) ETF,Cboe BZX,1,,nasdaqtrader
FECM,First Eagle Core Municipal ETF,NYSE Arca,1,,nasdaqtrader
FEDM,Northern Trust ESG & Climate Developed Markets ex-US Core ETF,NYSE Arca,1,,nasdaqtrader
FEDU,"Four Seasons Education (Cayman) Inc. American Depositary Shares, each ADS representing 10 ordinary shares",NYSE,0,,nasdaqtrader
FEGE,First Eagle Global Equity ETF,NYSE,1,,nasdaqtrader
FEIG,Northern Trust ESG & Climate Investment Grade Corporate Core ETF,NYSE Arca,1,,nasdaqtrader
FEIM,"Frequency Electronics, Inc. - Common Stock",Nasdaq,0,,nasdaqtrader
FELC,Fidelity Enhanced Large Cap Core ETF,NYSE Arca,1,,nasdaqtrader
FELE,"Franklin Electric Co., Inc. - Common Stock",Nasdaq,0,,nasdaqtrader
FELG,Fidelity Enhanced Large Cap Growth ETF,NYSE Arca,1,,nasdaqtrader
FELV,Fidelity Enhanced Large Cap Value ETF,NYSE Arca,1,,nasdaqtrader
FEM,First Trust Emerging Markets AlphaDEX Fund,Nasdaq,1,,nasdaqtrader
FEMB,First Trust Emerging Markets Local Currency Bond ETF,Nasdaq,1,,nasdaqtrader
FEMD,First Eagle Mid Cap Equity ETF,NYSE Arca,1,,nasdaqtrader
FEMG,Fidelity Enhanced Mid Cap Growth ETF,NYSE Arca,1,,nasdaqtrader
FEMR,Fidelity Enhanced Emerging Markets ETF,NYSE Arca,1,,nasdaqtrader
FEMS,First Trust Emerging Markets Small Cap AlphaDEX Fund,Nasdaq,1,,nasdaqtrader
FEMV,Fidelity Enhanced Mid Cap Value ETF,NYSE Arca,1,,nasdaqtrader
FEMY,Femasys Inc. - Common Stock,Nasdaq,0,,nasdaqtrader
FENC,Fennec Pharmaceuticals Inc. - Common Stock,Nasdaq,0,,nasdaqtrader
FENG,"Phoenix New Media Limited American Depositary Shares, each representing 48 Class A ordinary shares.",NYSE,0,,nasdaqtrader
FENI,Fidelity Enhanced International ETF,NYSE Arca,1,,nasdaqtrader
FENY,Fidelity MSCI Energy Index ETF,NYSE Arca,1,,nasdaqtrader
FEOE,First Eagle Overseas Equity ETF,NYSE,1,,nasdaqtrader
FEP,First Trust Europe AlphaDEX Fund,Nasdaq,1,,nasdaqtrader
FEPI,REX FANG & Innovation Equity Premium Income ETF,Nasdaq,1,,nasdaqtrader
FER,Ferrovial N.V. - Ordinary Shares,Nasdaq,0,,nasdaqtrader
FERA,Fifth Era Acquisition Corp I - Class A Ordinary Shares,Nasdaq,0,,nasdaqtrader
FERAR,Fifth Era Acquisition Corp I - Rights,Nasdaq,0,,nasdaqtrader
FERAU,Fifth Era Acquisition Corp I - Units,Nasdaq,0,,nasdaqtrader
FERG,Ferguson Enterprises Inc. Common Stock,NYSE,0,,nasdaqtrader
FESC,First Eagle Small Cap Equity ETF,NYSE Arca,1,,nasdaqtrader
FESM,Fidelity Enhanced Small Cap Core ETF,NYSE Arca,1,,nasdaqtrader
FET,"Forum Energy Technologies, Inc. Common Stock",NYSE,0,,nasdaqtrader
FETH,Fidelity Ethereum Fund,Cboe BZX,1,,nasdaqtrader
FEUS,Northern Trust ESG & Climate US Large Cap Core ETF,NYSE Arca,1,,nasdaqtrader
FEUZ,First Trust Eurozone AlphaDEX ETF,Nasdaq,1,,nasdaqtrader
FEX,First Trust Large Cap Core AlphaDEX Fund,Nasdaq,1,,nasdaqtrader
FEZ,State Street SPDR EURO STOXX 50 ETF,NYSE Arca,1,,nasdaqtrader
FF,FutureFuel Corp.  Common shares,NYSE,0,,nasdaqtrader
FFA,First Trust Enhanced Equity Income Fund Common Shares of Beneficial Interest,NYSE,0,,nasdaqtrader
FFAI,Faraday Future Intelligent Electric Inc. - Class A Common Stock,Nasdaq,0,,nasdaqtrader
FFBC,First Financial Bancorp. - Common Stock,Nasdaq,0,,nasdaqtrader
FFC,Flaherty & Crumrine Preferred and Income Securities Fund Incorporated,NYSE,0,,nasdaqtrader
FFDI,Fidelity Fundamental Developed International ETF,Cboe BZX,1,,nasdaqtrader
FFEB,FT Vest U.S. Equity Buffer ETF - February,Cboe BZX,1,,nasdaqtrader
FFEM,Fidelity Fundamental Emerging Markets ETF,Cboe BZX,1,,nasdaqtrader
FFF,Founders 100 ETF,Cboe BZX,1,,nasdaqtrader
FFGX,Fidelity Fundamental Global ex-U.S. ETF,Cboe BZX,1,,nasdaqtrader
FFIN,"First Financial Bankshares, Inc. - Common Stock",Nasdaq,0,,nasdaqtrader
FFIU,UVA Unconstrained Medium-Term Fixed Income ETF,NYSE Arca,1,,nasdaqtrader
FFIV,"F5, Inc. - Common Stock",Nasdaq,0,,nasdaqtrader
FFLC,Fidelity Fundamental Large Cap Core ETF,Cboe BZX,1,,nasdaqtrader
FFLG,Fidelity Fundamental Large Cap Growth ETF,Cboe BZX,1,,nasdaqtrader
FFLS,The Future Fund Long/Short ETF,NYSE Arca,1,,nasdaqtrader
FFLV,Fidelity Fundamental Large Cap Value ETF,Cboe BZX,1,,nasdaqtrader
FFLX,First Trust Flexible Income ETF,NYSE Arca,1,,nasdaqtrader
FFND,One Global ETF,NYSE Arca,1,,nasdaqtrader
FFOG,Franklin Focused Growth ETF,Cboe BZX,1,,nasdaqtrader
FFOX,FundX Future Fund Opportunities ETF,NYSE Arca,1,,nasdaqtrader
FFR,FF EAI Robotics Ecosystem Inc. - Common Stock,Nasdaq,0,,nasdaqtrader
FFSM,Fidelity Fundamental Small-Mid Cap ETF,Cboe BZX,1,,nasdaqtrader
FFTY,CapForce IBD 50 ETF,NYSE Arca,1,,nasdaqtrader
FFUT,Fidelity Managed Futures ETF,Nasdaq,1,,nasdaqtrader
FG,"F&G Annuities & Life, Inc. Common Stock",NYSE,0,,nasdaqtrader
FGBI,"First Guaranty Bancshares, Inc. - Common Stock",Nasdaq,0,,nasdaqtrader
FGBIP,"First Guaranty Bancshares, Inc. - 6.75% Series A Fixed-Rate Non-Cumulative Perpetual Preferred Stock",Nasdaq,0,,nasdaqtrader
FGC,FG Communities Holdings Inc. - Common Stock,Nasdaq,0,,nasdaqtrader
FGCPP,FG Communities Holdings Inc. - 8.00% Cumulative Series A Preferred Stock,Nasdaq,0,,nasdaqtrader
FGD,First Trust DJ Global Select Dividend,NYSE Arca,1,,nasdaqtrader
FGDL,Franklin Responsibly Sourced Gold ETF,NYSE Arca,1,,nasdaqtrader
FGI,FGI Industries Ltd. - Ordinary Shares,Nasdaq,0,,nasdaqtrader
FGII,FG Imperii Acquisition Corp. - Class A Ordinary Shares,Nasdaq,0,,nasdaqtrader
FGIIU,FG Imperii Acquisition Corp. - Units,Nasdaq,0,,nasdaqtrader
FGIIW,FG Imperii Acquisition Corp. - Warrants,Nasdaq,0,,nasdaqtrader
FGIWW,FGI Industries Ltd. - warrant,Nasdaq,0,,nasdaqtrader
FGL,Founder Group Limited - Class A Ordinary Shares,Nasdaq,0,,nasdaqtrader
FGM,First Trust Germany AlphaDEX Fund,Nasdaq,1,,nasdaqtrader
FGN,"F&G Annuities & Life, Inc. 7.950% Senior Notes due 2053",NYSE,0,,nasdaqtrader
FGRU,T-REX 2X Long FIGR Daily Target ETF,Cboe BZX,1,,nasdaqtrader
FGSI,FT Vest Growth Strength & Target Income ETF,Nasdaq,1,,nasdaqtrader
FGSM,Frontier Asset Global Small Cap Equity ETF,NYSE Arca,1,,nasdaqtrader
FGSN,"F&G Annuities & Life, Inc. 7.300% Junior Subordinated Notes due 2065",NYSE,0,,nasdaqtrader
FHB,"First Hawaiian, Inc. - Common Stock",Nasdaq,0,,nasdaqtrader
FHDG,FT Vest U.S. Equity Quarterly Dynamic Buffer ETF,Cboe BZX,1,,nasdaqtrader
FHEQ,Fidelity Hedged Equity ETF,Cboe BZX,1,,nasdaqtrader
FHI,"Federated Hermes, Inc. Common Stock",NYSE,0,,nasdaqtrader
FHIL,Federated Hermes International Leaders ETF,Cboe BZX,1,,nasdaqtrader
FHLC,Fidelity MSCI Health Care Index ETF,NYSE Arca,1,,nasdaqtrader
FHN,First Horizon Corporation Common Stock,NYSE,0,,nasdaqtrader
FHTX,Foghorn Therapeutics Inc. - Common Stock,Nasdaq,0,,nasdaqtrader
FHYS,Federated Hermes Short Duration High Yield ETF,NYSE Arca,1,,nasdaqtrader
FIAT,YieldMax Short COIN Option Income Strategy ETF,NYSE Arca,1,,nasdaqtrader
FIAX,Nicholas Fixed Income Alternative ETF,NYSE Arca,1,,nasdaqtrader
FIBK,"First Interstate BancSystem, Inc. - Common Stock",Nasdaq,0,,nasdaqtrader
FICO,Fair Isaac Corporation Common Stock,NYSE,0,,nasdaqtrader
FICS,First Trust International Developed Capital Strength ETF,Nasdaq,1,,nasdaqtrader
FID,First Trust S&P International Dividend Aristocrats ETF,Nasdaq,1,,nasdaqtrader
FIDI,Fidelity International High Dividend ETF,NYSE Arca,1,,nasdaqtrader
FIDU,Fidelity MSCI Industrials Index ETF,NYSE Arca,1,,nasdaqtrader
FIEE,"FiEE, Inc - Common Stock",Nasdaq,0,,nasdaqtrader
FIG,"Figma, Inc. Class A Common Stock",NYSE,0,,nasdaqtrader
FIGB,Fidelity Investment Grade Bond ETF,NYSE Arca,1,,nasdaqtrader
FIGG,Leverage Shares 2x Long FIG Daily ETF,Nasdaq,1,,nasdaqtrader
FIGR,"Figure Technology Solutions, Inc. - Class A Common Stock",Nasdaq,0,,nasdaqtrader
FIGS,"FIGS, Inc. Class A Common Stock",NYSE,0,,nasdaqtrader
FIGX,FIGX Capital Acquisition Corp. - Class A ordinary share,Nasdaq,0,,nasdaqtrader
FIGXU,FIGX Capital Acquisition Corp. - Units,Nasdaq,0,,nasdaqtrader
FIGXW,FIGX Capital Acquisition Corp. - one-half of one redeemable warrant.,Nasdaq,0,,nasdaqtrader
FIIG,First Trust Intermediate Duration Investment Grade Corporate ETF,NYSE Arca,1,,nasdaqtrader
FIMU,Fidelity Intermediate Municipal Income ETF,Nasdaq,1,,nasdaqtrader
FINA,Fidelity MSCI North American Subset Index ETF,NYSE Arca,1,,nasdaqtrader
FINS,Angel Oak Financial Strategies Income Term Trust Common Shares of Beneficial Interest,NYSE,0,,nasdaqtrader
FINT,Frontier Asset Total International Equity ETF,NYSE Arca,1,,nasdaqtrader
FINV,FinVolution Group American Depositary Shares,NYSE,0,,nasdaqtrader
FINW,FinWise Bancorp - Common Stock,Nasdaq,0,,nasdaqtrader
FINX,Global X FinTech ETF,Nasdaq,1,,nasdaqtrader
FINY,GraniteShares YieldBOOST Financials ETF,Nasdaq,1,,nasdaqtrader
FIP,FTAI Infrastructure Inc. - Common Stock,Nasdaq,0,,nasdaqtrader
FIRY,Firy Inc. Class A Common Stock,NYSE,0,,nasdaqtrader
FIS,"Fidelity National Information Services, Inc. Common Stock",NYSE,0,,nasdaqtrader
FISI,"Financial Institutions, Inc. - Common Stock",Nasdaq,0,,nasdaqtrader
FISK,"Empire State Realty OP, L.P. Series 250 Operating Partnership Units Representing Limited Partnership Interests",NYSE Arca,0,,nasdaqtrader
FISN,"Deep Fission, Inc. - Common Stock",Nasdaq,0,,nasdaqtrader
FISR,State Street Fixed Income Sector Rotation ETF,NYSE Arca,1,,nasdaqtrader
FISV,"Fiserv, Inc. - Common Stock",Nasdaq,0,,nasdaqtrader
FITB,Fifth Third Bancorp Common Stock,NYSE,0,,nasdaqtrader
FITE,State Street SPDR S&P Kensho Future Security ETF,NYSE Arca,1,,nasdaqtrader
FITZ,Fitz-Gerald Must Have Portfolio ETF,NYSE Arca,1,,nasdaqtrader
FIVA,Fidelity International Value Factor ETF,NYSE Arca,1,,nasdaqtrader
FIVE,"Five Below, Inc. - Common Stock",Nasdaq,0,,nasdaqtrader
FIVN,"Five9, Inc. - Common Stock",Nasdaq,0,,nasdaqtrader
FIW,First Trust Water ETF,NYSE Arca,1,,nasdaqtrader
FIX,"Comfort Systems USA, Inc. Common Stock",NYSE,0,,nasdaqtrader
FIXD,First Trust Smith Opportunistic Fixed Income ETF,Nasdaq,1,,nasdaqtrader
FIXP,FolioBeyond Enhanced Fixed Income Premium ETF,NYSE Arca,1,,nasdaqtrader
FIXT,TCW Core Plus Bond ETF,NYSE,1,,nasdaqtrader
FIXX,Leverage Shares 2X Long FIX Daily ETF,Cboe BZX,1,,nasdaqtrader
FIYY,GraniteShares YieldBOOST 20Y Treasuries ETF,Nasdaq,1,,nasdaqtrader
FIZY,Fitz-Gerald Must Have Portfolio and Options Overlay ETF,NYSE Arca,1,,nasdaqtrader
FIZZ,National Beverage Corp. - Common Stock,Nasdaq,0,,nasdaqtrader
FJAN,FT Vest U.S. Equity Buffer ETF - January,Cboe BZX,1,,nasdaqtrader
FJDI,ARC Group Securities Acquisition I - Class A Ordinary Shares,Nasdaq,0,,nasdaqtrader
FJDIR,ARC Group Securities Acquisition I - Rights,Nasdaq,0,,nasdaqtrader
FJDIU,ARC Group Securities Acquisition I - Units,Nasdaq,0,,nasdaqtrader
FJDIW,ARC Group Securities Acquisition I - Warrants,Nasdaq,0,,nasdaqtrader
FJET,"Starfighters Space, Inc. Common Stock",NYSE American,0,,nasdaqtrader
FJP,First Trust Japan AlphaDEX Fund,Nasdaq,1,,nasdaqtrader
FJUL,FT Vest U.S. Equity Buffer ETF - July,Cboe BZX,1,,nasdaqtrader
FJUN,FT Vest U.S. Equity Buffer ETF - June,Cboe BZX,1,,nasdaqtrader
FKU,First Trust United Kingdom AlphaDEX Fund,Nasdaq,1,,nasdaqtrader
FKWL,Franklin Wireless Corp. - common stock,Nasdaq,0,,nasdaqtrader
FLAG,Global X S&P 500 U.S. Market Leaders Top 50 ETF,NYSE Arca,1,,nasdaqtrader
FLAO,AllianzIM U.S. Equity 6 Month Floor5 Apr/Oct ETF,Cboe BZX,1,,nasdaqtrader
FLAU,Franklin FTSE Australia ETF,NYSE Arca,1,,nasdaqtrader
FLAX,Franklin FTSE Asia ex Japan ETF,NYSE Arca,1,,nasdaqtrader
FLBL,Franklin Senior Loan ETF,Cboe BZX,1,,nasdaqtrader
FLBR,Franklin FTSE Brazil ETF,NYSE Arca,1,,nasdaqtrader
FLC,Flaherty & Crumrine Total Return Fund Inc Common Stock,NYSE,0,,nasdaqtrader
FLCA,Franklin FTSE Canada ETF,NYSE Arca,1,,nasdaqtrader
FLCB,Franklin U.S. Core Bond ETF,NYSE Arca,1,,nasdaqtrader
FLCC,Federated Hermes MDT Large Cap Core ETF,NYSE Arca,1,,nasdaqtrader
FLCE,Frontier Asset U.S. Large Cap Equity ETF,NYSE Arca,1,,nasdaqtrader
FLCG,Federated Hermes MDT Large Cap Growth ETF,NYSE Arca,1,,nasdaqtrader
FLCH,Franklin FTSE China ETF,NYSE Arca,1,,nasdaqtrader
FLCO,Franklin Investment Grade Corporate ETF,NYSE Arca,1,,nasdaqtrader
FLCV,Federated Hermes MDT Large Cap Value ETF,NYSE Arca,1,,nasdaqtrader
FLD,"Fold Holdings, Inc. - Class A Common Stock",Nasdaq,0,,nasdaqtrader
FLDB,Fidelity Low Duration Bond ETF,Nasdaq,1,,nasdaqtrader
FLDDW,"Fold Holdings, Inc. - Warrant",Nasdaq,0,,nasdaqtrader
FLDR,Fidelity Low Duration Bond Factor ETF,Cboe BZX,1,,nasdaqtrader
FLDZ,TrueShares Patriot Defense ETF,Cboe BZX,1,,nasdaqtrader
FLEE,Franklin FTSE Europe ETF,NYSE Arca,1,,nasdaqtrader
FLEL,Leverage Shares 2X Long FLEX Daily ETF,Cboe BZX,1,,nasdaqtrader
FLEU,Franklin FTSE Eurozone ETF,NYSE Arca,1,,nasdaqtrader
FLEX,Flex Ltd. - Ordinary Shares,Nasdaq,0,,nasdaqtrader
FLG,"Flagstar Bank, N.A. Common Stock",NYSE,0,,nasdaqtrader
FLGB,Franklin FTSE United Kingdom ETF,NYSE Arca,1,,nasdaqtrader
FLGR,Franklin FTSE Germany ETF,NYSE Arca,1,,nasdaqtrader
FLGT,"Fulgent Genetics, Inc. - Common Stock",Nasdaq,0,,nasdaqtrader
FLGV,Franklin U.S. Treasury Bond ETF,NYSE Arca,1,,nasdaqtrader
FLHY,Franklin High Yield Corporate ETF,Cboe BZX,1,,nasdaqtrader
FLIA,Franklin International Aggregate Bond ETF,Cboe BZX,1,,nasdaqtrader
FLIN,Franklin FTSE India ETF,NYSE Arca,1,,nasdaqtrader
FLJH,Franklin FTSE Japan Hedged ETF,NYSE Arca,1,,nasdaqtrader
FLJJ,AllianzIM U.S. Equity 6 Month Floor5 Jan/Jul ETF,Cboe BZX,1,,nasdaqtrader
FLJP,Franklin FTSE Japan ETF,NYSE Arca,1,,nasdaqtrader
FLKR,Franklin FTSE South Korea ETF,NYSE Arca,1,,nasdaqtrader
FLL,"Full House Resorts, Inc. - Common Stock",Nasdaq,0,,nasdaqtrader
FLLA,Franklin FTSE Latin America ETF,NYSE Arca,1,,nasdaqtrader
FLMB,Franklin Municipal Green Bond ETF,NYSE Arca,1,,nasdaqtrader
FLMI,Franklin Dynamic Municipal Bond ETF,NYSE Arca,1,,nasdaqtrader
FLMX,Franklin FTSE Mexico ETF,NYSE Arca,1,,nasdaqtrader
FLN,First Trust Latin America AlphaDEX Fund,Nasdaq,1,,nasdaqtrader
FLNA,"Filana Therapeutics, Inc. - Common Stock",Nasdaq,0,,nasdaqtrader
FLNC,"Fluence Energy, Inc. - Class A Common Stock",Nasdaq,0,,nasdaqtrader
FLNG,FLEX LNG Ltd. Ordinary Shares,NYSE,0,,nasdaqtrader
FLNT,"Fluent, Inc. - Common Stock",Nasdaq,0,,nasdaqtrader
FLO,"Flowers Foods, Inc. Common Stock",NYSE,0,,nasdaqtrader
FLOC,Flowco Holdings Inc. Class A Common Stock,NYSE,0,,nasdaqtrader
FLOT,iShares Floating Rate Bond ETF,Cboe BZX,1,,nasdaqtrader
FLOW,Global X U.S. Cash Flow Kings 100 ETF,NYSE Arca,1,,nasdaqtrader
FLQL,Franklin U.S. Large Cap Multifactor Index ETF,Cboe BZX,1,,nasdaqtrader
FLQM,Franklin U.S. Mid Cap Multifactor Index ETF,Cboe BZX,1,,nasdaqtrader
FLQS,Franklin U.S. Small Cap Multifactor Index ETF,Cboe BZX,1,,nasdaqtrader
FLR,Fluor Corporation Common Stock,NYSE,0,,nasdaqtrader
FLRG,Fidelity U.S. Multifactor ETF,NYSE Arca,1,,nasdaqtrader
FLRN,State Street SPDR Bloomberg Investment Grade Floating Rate ETF,NYSE Arca,1,,nasdaqtrader
FLRT,Pacer Aristotle Pacific Floating Rate High Income ETF,NYSE Arca,1,,nasdaqtrader
FLS,Flowserve Corporation Common Stock,NYSE,0,,nasdaqtrader
FLSA,Franklin FTSE Saudi Arabia ETF,NYSE Arca,1,,nasdaqtrader
FLSP,Franklin Systematic Style Premia ETF,NYSE Arca,1,,nasdaqtrader
FLSW,Franklin FTSE Switzerland ETF,NYSE Arca,1,,nasdaqtrader
FLTB,Fidelity Limited Term Bond ETF,NYSE Arca,1,,nasdaqtrader
FLTR,VanEck IG Floating Rate ETF,NYSE Arca,1,,nasdaqtrader
FLTW,Franklin FTSE Taiwan ETF,NYSE Arca,1,,nasdaqtrader
FLUD,Franklin Ultra Short Bond ETF,NYSE Arca,1,,nasdaqtrader
FLUT,Flutter Entertainment plc Ordinary Shares,NYSE,0,,nasdaqtrader
FLUX,"Flux Power Holdings, Inc. - Common Stock",Nasdaq,0,,nasdaqtrader
FLV,American Century Focused Large Cap Value ETF,NYSE Arca,1,,nasdaqtrader
FLWS,"1-800-FLOWERS.COM, Inc. - Class A Common Stock",Nasdaq,0,,nasdaqtrader
FLX,BingEx Limited - American Depositary Shares,Nasdaq,0,,nasdaqtrader
FLXI,Invesco Flexible Income ETF,Cboe BZX,1,,nasdaqtrader
FLXN,Horizon Flexible Income ETF,Cboe BZX,1,,nasdaqtrader
FLXR,TCW Flexible Income ETF,NYSE,1,,nasdaqtrader
FLXS,"Flexsteel Industries, Inc. - Common Stock",Nasdaq,0,,nasdaqtrader
FLY,Firefly Aerospace Inc. - Common Stock,Nasdaq,0,,nasdaqtrader
FLYD,MicroSectors Travel -3x Inverse Leveraged ETN,NYSE Arca,1,,nasdaqtrader
FLYE,"Fly-E Group, Inc. - Common Stock",Nasdaq,0,,nasdaqtrader
FLYT,Tradr 2X Long FLY Daily ETF,Cboe BZX,1,,nasdaqtrader
FLYU,MicroSectors Travel 3x Leveraged ETN,NYSE Arca,1,,nasdaqtrader
FLYW,Flywire Corporation - Voting Common Stock,Nasdaq,0,,nasdaqtrader
FLYX,"flyExclusive, Inc. Class A Common Stock",NYSE American,0,,nasdaqtrader
FLYX.W,"flyExclusive, Inc. Redeemable warrants, each whole warrant exercisable for one Class A common stock at an exercise price of $11.50 per share",NYSE American,0,,nasdaqtrader
FMAC,Future Money Acquisition Corporation - Ordinary Shares,Nasdaq,0,,nasdaqtrader
FMACR,Future Money Acquisition Corporation - Rights,Nasdaq,0,,nasdaqtrader
FMACU,Future Money Acquisition Corporation - Units,Nasdaq,0,,nasdaqtrader
FMAG,Fidelity Magellan ETF,Cboe BZX,1,,nasdaqtrader
FMAO,"Farmers & Merchants Bancorp, Inc. - Common Stock",Nasdaq,0,,nasdaqtrader
FMAR,FT Vest U.S. Equity Buffer ETF - March,Cboe BZX,1,,nasdaqtrader
FMAT,Fidelity MSCI Materials Index ETF,NYSE Arca,1,,nasdaqtrader
FMAY,FT Vest U.S. Equity Buffer ETF - May,Cboe BZX,1,,nasdaqtrader
FMB,First Trust Managed Municipal ETF,Nasdaq,1,,nasdaqtrader
FMBH,"First Mid Bancshares, Inc. - Common Stock",Nasdaq,0,,nasdaqtrader
FMC,FMC Corporation Common Stock,NYSE,0,,nasdaqtrader
FMCE,FM Compounders Equity ETF,NYSE Arca,1,,nasdaqtrader
FMCX,FM Focus Equity ETF,NYSE Arca,1,,nasdaqtrader
FMDE,Fidelity Enhanced Mid Cap Core ETF,NYSE Arca,1,,nasdaqtrader
FMED,Fidelity Disruptive Medicine ETF,Nasdaq,1,,nasdaqtrader
FMET,Fidelity Metaverse ETF,Nasdaq,1,,nasdaqtrader
FMF,First Trust Managed Futures Strategy Fund,NYSE Arca,1,,nasdaqtrader
FMFC,Kandal M Venture Limited - Class A ordinary Shares,Nasdaq,0,,nasdaqtrader
FMHI,First Trust Municipal High Income ETF,Nasdaq,1,,nasdaqtrader
FMKT,The Free Markets ETF,NYSE Arca,1,,nasdaqtrader
FMN,Federated Hermes Premier Municipal Income Fund,NYSE,0,,nasdaqtrader
FMNB,Farmers National Banc Corp. - Common Stock,Nasdaq,0,,nasdaqtrader
FMNY,First Trust New York Municipal High Income ETF,NYSE Arca,1,,nasdaqtrader
FMQQ,FMQQ The Next Frontier Internet ETF,NYSE Arca,1,,nasdaqtrader
FMS,Fresenius Medical Care AG American Depositary Shares (Each representing 1/2 of an Ordinary Share),NYSE,0,,nasdaqtrader
FMST,Foremost Clean Energy Ltd. - Common Shares,Nasdaq,0,,nasdaqtrader
FMSTW,Foremost Clean Energy Ltd. - Warrant,Nasdaq,0,,nasdaqtrader
FMTL,First Trust Indxx Critical Metals ETF,NYSE Arca,1,,nasdaqtrader
FMTM,MarketDesk Focused U.S. Momentum ETF,Nasdaq,1,,nasdaqtrader
FMUB,Fidelity Municipal Bond Opportunities ETF,Nasdaq,1,,nasdaqtrader
FMUN,Fidelity Systematic Municipal Bond Index ETF,Nasdaq,1,,nasdaqtrader
FMX,Fomento Economico Mexicano S.A.B. de C.V. Common Stock,NYSE,0,,nasdaqtrader
FMY,First Trust Mortgage Income Fund Common Shares of Beneficial Interest,NYSE,0,,nasdaqtrader
FN,Fabrinet Ordinary Shares,NYSE,0,,nasdaqtrader
FNB,F.N.B. Corporation Common Stock,NYSE,0,,nasdaqtrader
FNCL,Fidelity MSCI Financials Index ETF,NYSE Arca,1,,nasdaqtrader
FND,"Floor & Decor Holdings, Inc. Common Stock",NYSE,0,,nasdaqtrader
FNDA,Schwab Fundamental U.S. Small Company ETF,NYSE Arca,1,,nasdaqtrader
FNDB,Schwab Fundamental U.S. Broad Market ETF,NYSE Arca,1,,nasdaqtrader
FNDC,Schwab Fundamental International Small Equity ETF,NYSE Arca,1,,nasdaqtrader
FNDE,Schwab Fundamental Emerging Markets Equity ETF,NYSE Arca,1,,nasdaqtrader
FNDF,Schwab Fundamental International Equity ETF,NYSE Arca,1,,nasdaqtrader
FNDX,Schwab Fundamental U.S. Large Company ETF,NYSE Arca,1,,nasdaqtrader
FNF,"Fidelity National Financial, Inc. Common Stock",NYSE,0,,nasdaqtrader
FNG,Leverage Shares 2X Long FN Daily ETF,Cboe BZX,1,,nasdaqtrader
FNGD,"MicroSectors FANG  Index -3X Inverse Leveraged ETNs due January 8, 2038",NYSE Arca,0,,nasdaqtrader
FNGG,Direxion Daily NYSE FANG+ Bull 2X ETF,NYSE Arca,1,,nasdaqtrader
FNGO,"MicroSectors FANG  Index 2X Leveraged ETNs due January 8, 2038",NYSE Arca,0,,nasdaqtrader
FNGR,"FingerMotion, Inc. - common stock",Nasdaq,0,,nasdaqtrader
FNGS,"MicroSectors FANG  ETNs due January 8, 2038",NYSE Arca,1,,nasdaqtrader
FNGU,MicroSectors FANG+ 3X Leveraged ETNs,NYSE Arca,1,,nasdaqtrader
FNK,First Trust Mid Cap Value AlphaDEX Fund,Nasdaq,1,,nasdaqtrader
FNKO,"Funko, Inc. - Class A Common Stock",Nasdaq,0,,nasdaqtrader
FNLC,"First Bancorp, Inc (ME) - Common Stock",Nasdaq,0,,nasdaqtrader
FNOV,FT Vest U.S. Equity Buffer ETF - November,Cboe BZX,1,,nasdaqtrader
FNRN,First Northern Community Bancorp - Common stock,Nasdaq,0,,nasdaqtrader
FNUC,Frontier Nuclear and Minerals Inc. - Common Shares,Nasdaq,0,,nasdaqtrader
FNV,Franco-Nevada Corporation,NYSE,0,,nasdaqtrader
FNWB,First Northwest Bancorp - Common Stock,Nasdaq,0,,nasdaqtrader
FNWD,Finward Bancorp - common stock,Nasdaq,0,,nasdaqtrader
FNX,First Trust Mid Cap Core AlphaDEX Fund,Nasdaq,1,,nasdaqtrader
FNY,First Trust Mid Cap Growth AlphaDEX Fund,Nasdaq,1,,nasdaqtrader
FOA,Finance of America Companies Inc. Class A Common Stock,NYSE,0,,nasdaqtrader
FOCL,"EDAP TMS S.A. - American Depositary Shares, each representing One Ordinary Share",Nasdaq,0,,nasdaqtrader
FOCT,FT Vest U.S. Equity Buffer ETF - October,Cboe BZX,1,,nasdaqtrader
FOF,"Cohen & Steers Closed-End Opportunity Fund, Inc. Common Stock",NYSE,0,,nasdaqtrader
FOFO,"Hang Feng Technology Innovation Co., Ltd. - Ordinary Shares",Nasdaq,0,,nasdaqtrader
FOIL,"Londian Wason New Energy Tech Inc. American Depositary Shares, each representing five Ordinary Shares",NYSE,0,,nasdaqtrader
FOMG,Leverage Shares 2X Long FORM Daily ETF,Cboe BZX,1,,nasdaqtrader
FOPC,Frontier Asset Opportunistic Credit ETF,NYSE Arca,1,,nasdaqtrader
FOR,Forestar Group Inc Common Stock,NYSE,0,,nasdaqtrader
FORH,Formidable ETF,Cboe BZX,1,,nasdaqtrader
FORM,"FormFactor, Inc. - Common Stock",Nasdaq,0,,nasdaqtrader
FORR,"Forrester Research, Inc. - Common Stock",Nasdaq,0,,nasdaqtrader
FORTY,Formula Systems (1985) Ltd. - American Depositary Shares,Nasdaq,0,,nasdaqtrader
FOSL,"Fossil Group, Inc. - Common Stock",Nasdaq,0,,nasdaqtrader
FOTO,Tuttle Capital Pure Play Photonics ETF,Cboe BZX,1,,nasdaqtrader
FOUR,"Shift4 Payments, Inc. Class A Common Stock",NYSE,0,,nasdaqtrader
FOWF,Pacer Solactive Whitney Future of Warfare ETF,Cboe BZX,1,,nasdaqtrader
FOX,Fox Corporation - Class B Common Stock,Nasdaq,0,,nasdaqtrader
FOXA,Fox Corporation - Class A Common Stock,Nasdaq,0,,nasdaqtrader
FOXF,Fox Factory Holding Corp. - Common Stock,Nasdaq,0,,nasdaqtrader
FOXX,Foxx Development Holdings Inc. - Common Stock,Nasdaq,0,,nasdaqtrader
FOXXW,Foxx Development Holdings Inc. - Warrant,Nasdaq,0,,nasdaqtrader
FOXY,Simplify Currency Strategy ETF,NYSE Arca,1,,nasdaqtrader
FPA,First Trust Asia Pacific Ex-Japan AlphaDEX Fund,Nasdaq,1,,nasdaqtrader
FPAA,FPA Global Allocation ETF,Cboe BZX,1,,nasdaqtrader
FPAG,FPA Global Equity ETF,Cboe BZX,1,,nasdaqtrader
FPAS,FPA Short Duration Government ETF,Cboe BZX,1,,nasdaqtrader
FPE,First Trust Preferred Securities and Income ETF ETF,NYSE Arca,1,,nasdaqtrader
FPEI,First Trust Institutional Preferred Securities and Income ETF,NYSE Arca,1,,nasdaqtrader
FPF,First Trust Intermediate Duration Preferred & Income Fund Common Shares of Beneficial Interest,NYSE,0,,nasdaqtrader
FPFD,Fidelity Preferred Securities & Income ETF,Cboe BZX,1,,nasdaqtrader
FPH,"Five Point Holdings, LLC Class A Common Shares",NYSE,0,,nasdaqtrader
FPI,Farmland Partners Inc. Common Stock,NYSE,0,,nasdaqtrader
FPRO,Fidelity Real Estate Investment ETF,Cboe BZX,1,,nasdaqtrader
FPS,"Forgent Power Solutions, Inc. Class A Common Stock",NYSE,0,,nasdaqtrader
FPSX,Leverage Shares 2X Long FPS Daily ETF,Cboe BZX,1,,nasdaqtrader
FPWR,First Trust EIP Power Solutions ETF,NYSE Arca,1,,nasdaqtrader
FPX,First Trust US Equity Opportunities ETF,NYSE Arca,1,,nasdaqtrader
FPXE,First Trust IPOX Europe Equity Opportunities ETF,Nasdaq,1,,nasdaqtrader
FPXI,First Trust International Equity Opportunities ETF,Nasdaq,1,,nasdaqtrader
FQAL,Fidelity Quality Factor ETF,NYSE Arca,1,,nasdaqtrader
FR,"First Industrial Realty Trust, Inc. Common Stock",NYSE,0,,nasdaqtrader
FRA,Blackrock Floating Rate Income Strategies Fund Inc  Common Stock,NYSE,0,,nasdaqtrader
FRAF,Franklin Financial Services Corporation - Common Stock,Nasdaq,0,,nasdaqtrader
FRBA,First Bank  - Common Stock,Nasdaq,0,,nasdaqtrader
FRBT,"Forbright, Inc. - Class A Common Stock",Nasdaq,0,,nasdaqtrader
FRD,Friedman Industries Inc. - Common Stock,Nasdaq,0,,nasdaqtrader
FRDM,Freedom 100 Emerging Markets ETF,Cboe BZX,1,,nasdaqtrader
FREI,Fidelity Real Estate Income ETF,Nasdaq,1,,nasdaqtrader
FREL,Fidelity MSCI Real Estate Index ETF,NYSE Arca,1,,nasdaqtrader
FRGN,Horizon International Equity ETF,NYSE Arca,1,,nasdaqtrader
FRGT,"Freight Technologies, Inc. - Ordinary Shares",Nasdaq,0,,nasdaqtrader
FRHC,Freedom Holding Corp. - Common Stock,Nasdaq,0,,nasdaqtrader
FRI,First Trust S&P REIT Index Fund,NYSE Arca,1,,nasdaqtrader
FRIZ,Franklin Dividend Growth ETF,NYSE Arca,1,,nasdaqtrader
FRME,First Merchants Corporation - Common Stock,Nasdaq,0,,nasdaqtrader
FRMEP,"First Merchants Corporation - Depository Shares, each representing a 1/100th interest in a share of 7.50% Non-Cumulative Perpetual Preferred Stock, A",Nasdaq,0,,nasdaqtrader
FRMI,Fermi Inc. - Common Stock,Nasdaq,0,,nasdaqtrader
FRMM,"Forum Markets, Incorporated - Common Stock",Nasdaq,0,,nasdaqtrader
FRNM,"Freenome, Inc. - Common stock",Nasdaq,0,,nasdaqtrader
FRNW,Fidelity Clean Energy ETF,Cboe BZX,1,,nasdaqtrader
FRO,Frontline Plc Ordinary Shares,NYSE,0,,nasdaqtrader
FROG,JFrog Ltd. - Ordinary shares,Nasdaq,0,,nasdaqtrader
FRPH,"FRP Holdings, Inc. - Common Stock",Nasdaq,0,,nasdaqtrader
FRPT,"Freshpet, Inc. - Common Stock",Nasdaq,0,,nasdaqtrader
FRSH,Freshworks Inc. - Class A Common Stock,Nasdaq,0,,nasdaqtrader
FRST,Primis Financial Corp. - Common Stock,Nasdaq,0,,nasdaqtrader
FRSX,Foresight Autonomous Holdings Ltd. - American Depositary Shares,Nasdaq,0,,nasdaqtrader
FRT,Federal Realty Investment Trust Common Stock,NYSE,0,,nasdaqtrader
FRTT,Fort Technology Inc. - Common Shares,Nasdaq,0,,nasdaqtrader
FRTY,Alger Mid Cap 40 ETF,NYSE Arca,1,,nasdaqtrader
FRUT,Yorkville America MANGOS Plus Index ETF,NYSE Arca,1,,nasdaqtrader
FRVO,Fervo Energy Company - Class A common stock,Nasdaq,0,,nasdaqtrader
FRWD,Nomura Transformational Technologies ETF,Nasdaq,1,,nasdaqtrader
FSBC,Five Star Bancorp - Common Stock,Nasdaq,0,,nasdaqtrader
FSBW,"FS Bancorp, Inc. - Common Stock",Nasdaq,0,,nasdaqtrader
FSCC,Federated Hermes MDT Small Cap Core ETF,NYSE Arca,1,,nasdaqtrader
FSCO,FS Credit Opportunities Corp. Common Stock,NYSE,0,,nasdaqtrader
FSCS,First Trust SMID Capital Strength ETF,Nasdaq,1,,nasdaqtrader
FSEC,Fidelity Investment Grade Securitized ETF,NYSE Arca,1,,nasdaqtrader
FSEG,Fidelity Enhanced Small Cap Growth ETF,NYSE Arca,1,,nasdaqtrader
FSEP,FT Vest U.S. Equity Buffer ETF - September,Cboe BZX,1,,nasdaqtrader
FSEV,Fidelity Enhanced Small Cap Value ETF,NYSE Arca,1,,nasdaqtrader
FSGS,First Trust SMID Growth Strength ETF,Nasdaq,1,,nasdaqtrader
FSHP,Flag Ship Acquisition Corp. - Ordinary Shares,Nasdaq,0,,nasdaqtrader
FSHPR,Flag Ship Acquisition Corp. - Right,Nasdaq,0,,nasdaqtrader
FSHPU,Flag Ship Acquisition Corp. - Unit,Nasdaq,0,,nasdaqtrader
FSI,Flexible Solutions International Inc. Common Stock (CDA),NYSE American,0,,nasdaqtrader
FSIG,First Trust Limited Duration Investment Grade Corporate ETF,NYSE Arca,1,,nasdaqtrader
FSK,FS KKR Capital Corp. Common Stock,NYSE,0,,nasdaqtrader
FSLR,"First Solar, Inc. - Common Stock",Nasdaq,0,,nasdaqtrader
FSLY,"Fastly, Inc. - Class A Common Stock",Nasdaq,0,,nasdaqtrader
FSM,Fortuna Mining Corp. Common Shares,NYSE,0,,nasdaqtrader
FSMB,First Trust Short Duration Managed Municipal ETF,NYSE Arca,1,,nasdaqtrader
FSMD,Fidelity Small-Mid Multifactor ETF,NYSE Arca,1,,nasdaqtrader
FSML,Franklin Small Cap Enhanced ETF,NYSE Arca,1,,nasdaqtrader
FSOL,Fidelity Solana Fund,NYSE Arca,1,,nasdaqtrader
FSP,Franklin Street Properties Corp. Common Stock,NYSE American,0,,nasdaqtrader
FSPC,First Trust Bloomberg Space Economy ETF,NYSE Arca,1,,nasdaqtrader
FSS,Federal Signal Corporation Common Stock,NYSE,0,,nasdaqtrader
FSSL,FS Specialty Lending Fund Common Shares of Beneficial Interest,NYSE,0,,nasdaqtrader
FSTA,Fidelity MSCI Consumer Staples Index ETF,NYSE Arca,1,,nasdaqtrader
FSTB,Fidelity Short-Term Bond ETF,Nasdaq,1,,nasdaqtrader
FSTR,L.B. Foster Company - Common Stock,Nasdaq,0,,nasdaqtrader
FSUN,FirstSun Capital Bancorp - Common Stock,Nasdaq,0,,nasdaqtrader
FSV,FirstService Corporation - Common Shares,Nasdaq,0,,nasdaqtrader
FSYD,Fidelity Sustainable High Yield ETF,NYSE Arca,1,,nasdaqtrader
FSZ,First Trust Switzerland AlphaDEX Fund,Nasdaq,1,,nasdaqtrader
FT,Franklin Universal Trust Common Stock,NYSE,0,,nasdaqtrader
FTA,First Trust Large Cap Value AlphaDEX Fund,Nasdaq,1,,nasdaqtrader
FTAG,First Trust Indxx Global Agriculture ETF,Nasdaq,1,,nasdaqtrader
FTAI,FTAI Aviation Ltd. - Common Stock,Nasdaq,0,,nasdaqtrader
FTAIM,FTAI Aviation Ltd. - 9.500% Fixed-Rate Reset Series D Cumulative Perpetual Redeemable Preferred Shares,Nasdaq,0,,nasdaqtrader
FTBD,Fidelity Tactical Bond ETF,NYSE Arca,1,,nasdaqtrader
FTBI,First Trust Balanced Income ETF,NYSE Arca,1,,nasdaqtrader
FTC,First Trust Large Cap Growth AlphaDEX Fund,Nasdaq,1,,nasdaqtrader
FTCA,Franklin California Municipal Income ETF,NYSE Arca,1,,nasdaqtrader
FTCB,First Trust Core Investment Grade ETF,NYSE Arca,1,,nasdaqtrader
FTCE,First Trust New Constructs Core Earnings Leaders ETF,NYSE Arca,1,,nasdaqtrader
FTCI,"FTC Solar, Inc. - Common Stock",Nasdaq,0,,nasdaqtrader
FTCS,First Trust Capital Strength ETF,Nasdaq,1,,nasdaqtrader
FTDR,"Frontdoor, Inc. - Common Stock",Nasdaq,0,,nasdaqtrader
FTDS,First Trust Dividend Strength ETF,Nasdaq,1,,nasdaqtrader
FTEC,Fidelity MSCI Information Technology Index ETF,NYSE Arca,1,,nasdaqtrader
FTEK,"Fuel Tech, Inc. - Common Stock",Nasdaq,0,,nasdaqtrader
FTF,Franklin Limited Duration Income Trust Common Shares of Beneficial Interest,NYSE American,0,,nasdaqtrader
FTFT,Future FinTech Group Inc. - Common Stock,Nasdaq,0,,nasdaqtrader
FTG,FullerThaler Behavioral Growth ETF,Nasdaq,1,,nasdaqtrader
FTGC,First Trust Global Tactical Commodity Strategy Fund,Nasdaq,1,,nasdaqtrader
FTGS,First Trust Growth Strength ETF,Nasdaq,1,,nasdaqtrader
FTH,"Faeth Therapeutics, Inc.  - Common Stock",Nasdaq,0,,nasdaqtrader
FTHA,Forefront Tech Holdings Acquisition Corp - Class A Ordinary Shares,Nasdaq,0,,nasdaqtrader
FTHAU,Forefront Tech Holdings Acquisition Corp - Unit,Nasdaq,0,,nasdaqtrader
FTHAW,Forefront Tech Holdings Acquisition Corp - Warrant,Nasdaq,0,,nasdaqtrader
FTHB,FIS Faith Income ETF,NYSE Arca,1,,nasdaqtrader
FTHF,First Trust Emerging Markets Human Flourishing ETF,NYSE Arca,1,,nasdaqtrader
FTHI,First Trust BuyWrite Income ETF,Nasdaq,1,,nasdaqtrader
FTHM,Fathom Holdings Inc. - Common Stock,Nasdaq,0,,nasdaqtrader
FTHY,First Trust High Yield Opportunities 2027 Term Fund Common Stock,NYSE,0,,nasdaqtrader
FTI,TechnipFMC plc Ordinary Share,NYSE,0,,nasdaqtrader
FTIF,First Trust Bloomberg Inflation Sensitive Equity ETF,NYSE Arca,1,,nasdaqtrader
FTK,"Flotek Industries, Inc. Common Stock",NYSE,0,,nasdaqtrader
FTKI,First Trust Small Cap BuyWrite Income ETF,NYSE Arca,1,,nasdaqtrader
FTLF,"FitLife Brands, Inc. - Common Stock",Nasdaq,0,,nasdaqtrader
FTLS,First Trust Long/Short Equity,NYSE Arca,1,,nasdaqtrader
FTMA,Franklin Massachusetts Municipal Income ETF,NYSE Arca,1,,nasdaqtrader
FTMH,Franklin Municipal High Yield ETF,NYSE Arca,1,,nasdaqtrader
FTMN,Franklin Minnesota Municipal Income ETF,NYSE Arca,1,,nasdaqtrader
FTMS,Franklin Short-Term Municipal Income ETF,NYSE Arca,1,,nasdaqtrader
FTMU,Franklin Municipal Income ETF,NYSE Arca,1,,nasdaqtrader
FTNJ,Franklin New Jersey Municipal Income ETF,NYSE Arca,1,,nasdaqtrader
FTNT,"Fortinet, Inc. - Common Stock",Nasdaq,0,,nasdaqtrader
FTNY,Franklin New York Municipal Income ETF,NYSE Arca,1,,nasdaqtrader
FTOH,Franklin Ohio Municipal Income ETF,NYSE Arca,1,,nasdaqtrader
FTPA,Franklin Pennsylvania Municipal Income ETF,NYSE Arca,1,,nasdaqtrader
FTQI,First Trust Nasdaq BuyWrite Income ETF,Nasdaq,1,,nasdaqtrader
FTRA,FutureCorp Space Acquisition 1 Class A Ordinary Shares,NYSE,0,,nasdaqtrader
FTRA.U,"FutureCorp Space Acquisition 1 Units, each consisting of one Class A ordinary share and one-half of one redeemable warrant",NYSE,0,,nasdaqtrader
FTRA.W,"FutureCorp Space Acquisition 1 Redeemable warrants, each whole warrant exercisable for one Class A ordinary share at an exercise price of $11.50",NYSE,0,,nasdaqtrader
FTRB,Federated Hermes Total Return Bond ETF,NYSE Arca,1,,nasdaqtrader
FTRE,Fortrea Holdings Inc. - Common Stock,Nasdaq,0,,nasdaqtrader
FTRI,First Trust Indxx Global Natural Resources Income ETF,Nasdaq,1,,nasdaqtrader
FTS,Fortis Inc. Common Shares,NYSE,0,,nasdaqtrader
FTSD,Franklin Short Duration U.S. Government ETF,NYSE Arca,1,,nasdaqtrader
FTSL,First Trust Senior Loan Fund,Nasdaq,1,,nasdaqtrader
FTSM,First Trust Enhanced Short Maturity ETF,Nasdaq,1,,nasdaqtrader
FTV,Fortive Corporation Common Stock,NYSE,0,,nasdaqtrader
FTW,Presidio Production Company Class A Common Stock,NYSE,0,,nasdaqtrader
FTW.W,"Presidio Production Company Warrants, each whole warrant exercisable for one share of Class A common stock at an exercise price of $11.50 per share",NYSE,0,,nasdaqtrader
FTWO,Strive Natural Resources and Security ETF,NYSE,1,,nasdaqtrader
FTXG,First Trust Nasdaq Food & Beverage ETF,Nasdaq,1,,nasdaqtrader
FTXH,First Trust Nasdaq Pharmaceuticals ETF,Nasdaq,1,,nasdaqtrader
FTXL,First Trust Nasdaq Semiconductor ETF,Nasdaq,1,,nasdaqtrader
FTXN,First Trust Nasdaq Oil & Gas ETF,Nasdaq,1,,nasdaqtrader
FTXO,First Trust Nasdaq Bank ETF,Nasdaq,1,,nasdaqtrader
FTXR,First Trust Nasdaq Transportation ETF,Nasdaq,1,,nasdaqtrader
FUBO,FuboTV Inc. Class A Common Stock,NYSE,0,,nasdaqtrader
FUFU,BitFuFu Inc. - Class A Ordinary Shares,Nasdaq,0,,nasdaqtrader
FUFUW,BitFuFu Inc. - Warrant,Nasdaq,0,,nasdaqtrader
FUL,H. B. Fuller Company Common Stock,NYSE,0,,nasdaqtrader
FULC,"Fulcrum Therapeutics, Inc. - Common Stock",Nasdaq,0,,nasdaqtrader
FULT,Fulton Financial Corporation - Common Stock,Nasdaq,0,,nasdaqtrader
FULTP,"Fulton Financial Corporation - Depositary Shares Each Representing a 1/40th Interest in a Share of Fixed Rate Non-Cumulative Perpetual Preferred Stock, Series A",Nasdaq,0,,nasdaqtrader
FUMB,First Trust Ultra Short Duration Municipal ETF,NYSE Arca,1,,nasdaqtrader
FUN,Six Flags Entertainment Corporation Common Stock New,NYSE,0,,nasdaqtrader
FUNC,First United Corporation - Common Stock,Nasdaq,0,,nasdaqtrader
FUND,"Sprott Focus Trust, Inc. - Closed End Fund",Nasdaq,0,,nasdaqtrader
FURY,Fury Gold Mines Limited Common Shares,NYSE American,0,,nasdaqtrader
FUSB,"First US Bancshares, Inc. - Common Stock",Nasdaq,0,,nasdaqtrader
FUSD,Federated Hermes Ultrashort Bond ETF,Cboe BZX,1,,nasdaqtrader
FUSE,Fusemachines Inc. - Common stock,Nasdaq,0,,nasdaqtrader
FUSEW,Fusemachines Inc. - Warrants,Nasdaq,0,,nasdaqtrader
FUSI,American Century Ultrashort Income ETF,NYSE Arca,1,,nasdaqtrader
FUTG,Leverage Shares 2x Long FUTU Daily ETF,Nasdaq,1,,nasdaqtrader
FUTU,Futu Holdings Limited - American Depositary Shares,Nasdaq,0,,nasdaqtrader
FUTY,Fidelity MSCI Utilities Index ETF,NYSE Arca,1,,nasdaqtrader
FV,First Trust Dorsey Wright Focus 5 ETF,Nasdaq,1,,nasdaqtrader
FVAL,Fidelity Value Factor ETF,NYSE Arca,1,,nasdaqtrader
FVAV,Fortress Value Acquisition Corp. V - Class A Ordinary Shares,Nasdaq,0,,nasdaqtrader
FVC,First Trust Dorsey Wright Dynamic Focus 5 ETF,Nasdaq,1,,nasdaqtrader
FVCB,"FVCBankcorp, Inc. - Common Stock",Nasdaq,0,,nasdaqtrader
FVD,First Trust VL Dividend,NYSE Arca,1,,nasdaqtrader
FVN,Future Vision II Acquisition Corporation - Ordinary Shares,Nasdaq,0,,nasdaqtrader
FVNNR,Future Vision II Acquisition Corporation - Right,Nasdaq,0,,nasdaqtrader
FVNNU,Future Vision II Acquisition Corporation - Units,Nasdaq,0,,nasdaqtrader
FVR,"FrontView REIT, Inc. Common Stock",NYSE,0,,nasdaqtrader
FVRR,"Fiverr International Ltd. Ordinary Shares, no par value",NYSE,0,,nasdaqtrader
FWAC,Futurewave Acquisition Corporation - Ordinary Shares,Nasdaq,0,,nasdaqtrader
FWACR,Futurewave Acquisition Corporation - Rights,Nasdaq,0,,nasdaqtrader
FWACU,Futurewave Acquisition Corporation - Units,Nasdaq,0,,nasdaqtrader
FWACW,Futurewave Acquisition Corporation - Warrants,Nasdaq,0,,nasdaqtrader
FWD,AB Disruptors ETF,NYSE Arca,1,,nasdaqtrader
FWDI,"Forward Industries, Inc. - Common Stock",Nasdaq,0,,nasdaqtrader
FWONA,Liberty Media Corporation - Series A Common Stock,Nasdaq,0,,nasdaqtrader
FWONK,Liberty Media Corporation - Series C Common Stock,Nasdaq,0,,nasdaqtrader
FWRD,Forward Air Corporation - Common Stock,Nasdaq,0,,nasdaqtrader
FWRG,"First Watch Restaurant Group, Inc. - Common Stock",Nasdaq,0,,nasdaqtrader
FXA,Invesco CurrencyShares Australian Dollar Trust,NYSE Arca,1,,nasdaqtrader
FXAC,FortuneX Acquisition Corporation - Ordinary shares,Nasdaq,0,,nasdaqtrader
FXACU,FortuneX Acquisition Corporation - Units,Nasdaq,0,,nasdaqtrader
FXACW,FortuneX Acquisition Corporation - Warrant,Nasdaq,0,,nasdaqtrader
FXB,Invesco CurrencyShares British Pound Sterling Trust,NYSE Arca,1,,nasdaqtrader
FXC,Invesco CurrencyShares Canadian Dollar Trust,NYSE Arca,1,,nasdaqtrader
FXD,First Trust Cons. Discret. AlphaDEX,NYSE Arca,1,,nasdaqtrader
FXE,Invesco CurrencyShares Euro Currency Trust,NYSE Arca,1,,nasdaqtrader
FXED,Sound Enhanced Fixed Income ETF,NYSE,1,,nasdaqtrader
FXF,Invesco CurrencyShares Swiss Franc Trust,NYSE Arca,1,,nasdaqtrader
FXG,First Trust Cons. Staples AlphaDEX,NYSE Arca,1,,nasdaqtrader
FXH,First Trust Health Care AlphaDEX,NYSE Arca,1,,nasdaqtrader
FXHO,UTime Limited - Class A Ordinary Shares,Nasdaq,0,,nasdaqtrader
FXI,iShares China Large-Cap ETF,NYSE Arca,1,,nasdaqtrader
FXL,First Trust Technology AlphaDEX,NYSE Arca,1,,nasdaqtrader
FXN,First Trust Energy AlphaDEX Fund,NYSE Arca,1,,nasdaqtrader
FXNC,First National Corporation - Common Stock,Nasdaq,0,,nasdaqtrader
FXO,First Trust Financials AlphaDEX,NYSE Arca,1,,nasdaqtrader
FXP,ProShares UltraShort FTSE China 50,NYSE Arca,1,,nasdaqtrader
FXR,First Trust Industrials AlphaDEX,NYSE Arca,1,,nasdaqtrader
FXU,First Trust Utilities AlphaDEX Fund,NYSE Arca,1,,nasdaqtrader
FXY,Invesco CurrencyShares Japanese Yen Trust,NYSE Arca,1,,nasdaqtrader
FXZ,First Trust Materials AlphaDEX Fund,NYSE Arca,1,,nasdaqtrader
FYC,First Trust Small Cap Growth AlphaDEX Fund,Nasdaq,1,,nasdaqtrader
FYEE,Fidelity Yield Enhanced Equity ETF,Cboe BZX,1,,nasdaqtrader
FYLD,Cambria Foreign Shareholder Yield ETF,Cboe BZX,1,,nasdaqtrader
FYT,First Trust Small Cap Value AlphaDEX Fund,Nasdaq,1,,nasdaqtrader
FYX,First Trust Small Cap Core AlphaDEX Fund,Nasdaq,1,,nasdaqtrader
G,Genpact Limited Common Stock,NYSE,0,,nasdaqtrader
GAA,Cambria Global Asset Allocation ETF,Cboe BZX,1,,nasdaqtrader
GAB,"Gabelli Equity Trust, Inc. (The) Common Stock",NYSE,0,,nasdaqtrader
GABC,"German American Bancorp, Inc. - Common Stock",Nasdaq,0,,nasdaqtrader
GABF,Gabelli ETFs Trust Gabelli Financial Services Opportunities ETF,NYSE Arca,1,,nasdaqtrader
GAEM,Simplify Gamma Emerging Market Bond ETF,NYSE Arca,1,,nasdaqtrader
GAIA,"Gaia, Inc. - Class A Common Stock",Nasdaq,0,,nasdaqtrader
GAIN,Gladstone Investment Corporation - Business Development Company,Nasdaq,0,,nasdaqtrader
GAING,Gladstone Investment Corporation - 7.125% Notes due 2031,Nasdaq,0,,nasdaqtrader
GAINI,Gladstone Investment Corporation - 7.875% Notes due 2030,Nasdaq,0,,nasdaqtrader
GAINZ,Gladstone Investment Corporation - 4.875% Notes due 2028,Nasdaq,0,,nasdaqtrader
GAIQ,Guinness Atkinson Global Innovators Fund: ETF Class Shares,NYSE Arca,1,,nasdaqtrader
GAL,State Street Global Allocation ETF,NYSE Arca,1,,nasdaqtrader
GALT,Galectin Therapeutics Inc. - Common Stock,Nasdaq,0,,nasdaqtrader
GALX,VistaShares Space Supercycle ETF,NYSE Arca,1,,nasdaqtrader
GAM,"General American Investors, Inc. Common Stock",NYSE,0,,nasdaqtrader
GAME,"GameSquare Holdings, Inc. - Common stock",Nasdaq,0,,nasdaqtrader
GAMR,Amplify Video Game Leaders ETF,NYSE Arca,1,,nasdaqtrader
GANX,"Gain Therapeutics, Inc. - Common Stock",Nasdaq,0,,nasdaqtrader
GAP,"Gap, Inc. (The) Common Stock",NYSE,0,,nasdaqtrader
GAPR,FT Vest U.S. Equity Moderate Buffer ETF - April,Cboe BZX,1,,nasdaqtrader
GARA,Guinness Atkinson Real Assets Income ETF,NYSE Arca,1,,nasdaqtrader
GARP,iShares MSCI USA Quality GARP ETF,Cboe BZX,1,,nasdaqtrader
GARY,Mango Growth ETF,Nasdaq,1,,nasdaqtrader
GASS,"StealthGas, Inc. - common stock",Nasdaq,0,,nasdaqtrader
GASZ,Corgi Natural Gas Power & Turbines ETF,Cboe BZX,1,,nasdaqtrader
GATX,GATX Corporation Common Stock,NYSE,0,,nasdaqtrader
GAU,Galiano Gold Inc.,NYSE American,0,,nasdaqtrader
GAUG,FT Vest U.S. Equity Moderate Buffer ETF - August,Cboe BZX,1,,nasdaqtrader
GAUZ,Gauzy Ltd. - Ordinary Shares,Nasdaq,0,,nasdaqtrader
GAVA,Grayscale Avalanche Staking ETF,Nasdaq,1,,nasdaqtrader
GBAB,Guggenheim Taxable Municipal Bond & Investment Grade Debt Trust Common Shares of Beneficial Interest,NYSE,0,,nasdaqtrader
GBCI,"Glacier Bancorp, Inc. Common Stock",NYSE,0,,nasdaqtrader
GBDC,"Golub Capital BDC, Inc. - Closed End Fund",Nasdaq,0,,nasdaqtrader
GBFH,GBank Financial Holdings Inc. - Common Stock,Nasdaq,0,,nasdaqtrader
GBHI,Gabelli High Income ETF,NYSE Arca,1,,nasdaqtrader
GBIL,Goldman Sachs Access Treasury 0-1 Year ETF,NYSE Arca,1,,nasdaqtrader
GBLI,"Global Indemnity Group, LLC - Class A Common Shares",Nasdaq,0,,nasdaqtrader
GBND,Goldman Sachs Core Bond ETF,NYSE Arca,1,,nasdaqtrader
GBR,"New Concept Energy, Inc Common Stock",NYSE American,0,,nasdaqtrader
GBTC,Grayscale Bitcoin Trust (BTC),NYSE Arca,1,,nasdaqtrader
GBUG,Sprott Active Gold & Silver Miners ETF,Nasdaq,1,,nasdaqtrader
GBX,"Greenbrier Companies, Inc. (The) Common Stock",NYSE,0,,nasdaqtrader
GCAD,Gabelli Commercial Aerospace and Defense ETF,NYSE Arca,1,,nasdaqtrader
GCAL,Goldman Sachs Dynamic California Municipal Income ETF,NYSE Arca,1,,nasdaqtrader
GCBC,"Greene County Bancorp, Inc. - Common Stock",Nasdaq,0,,nasdaqtrader
GCC,WisdomTree EnhancedContinuous Commodity Index Fund,NYSE Arca,1,,nasdaqtrader
GCDT,Green Circle Decarbonize Technology Limited Class A Ordinary Shares,NYSE American,0,,nasdaqtrader
GCGR,General Catalyst Global Resilience Merger Corp. - Class A Ordinary Shares,Nasdaq,0,,nasdaqtrader
GCGRU,General Catalyst Global Resilience Merger Corp. - Units,Nasdaq,0,,nasdaqtrader
GCGRW,General Catalyst Global Resilience Merger Corp. - Warrants,Nasdaq,0,,nasdaqtrader
GCL,GCL Global Holdings Ltd - Ordinary Shares,Nasdaq,0,,nasdaqtrader
GCLO,Guggenheim Investment Grade CLO ETF,NYSE Arca,1,,nasdaqtrader
GCLWW,GCL Global Holdings Ltd - Warrants,Nasdaq,0,,nasdaqtrader
GCMG,GCM Grosvenor Inc. - Class A Common Stock,Nasdaq,0,,nasdaqtrader
GCO,Genesco Inc. Common Stock,NYSE,0,,nasdaqtrader
GCOR,Goldman Sachs Access U.S. Aggregate Bond ETF,NYSE Arca,1,,nasdaqtrader
GCOW,Pacer Global Cash Cows Dividend ETF,Cboe BZX,1,,nasdaqtrader
GCPB,Goldman Sachs Core Plus Bond ETF,NYSE,1,,nasdaqtrader
GCPU,Grayscale AI Compute ETF,NYSE Arca,1,,nasdaqtrader
GCSH,Guggenheim Ultra Short Income ETF,NYSE Arca,1,,nasdaqtrader
GCT,GigaCloud Technology Inc - Class A Ordinary Shares,Nasdaq,0,,nasdaqtrader
GCTK,"GlucoTrack, Inc. - Common Stock",Nasdaq,0,,nasdaqtrader
GCTS,"GCT Semiconductor Holding, Inc. Common Stock",NYSE,0,,nasdaqtrader
GCTS.W,"GCT Semiconductor Holding, Inc. Warrants, each whole warrant exercisable for one share of Common Stock at an exercise price of $11.50",NYSE,0,,nasdaqtrader
GCV,"Gabelli Convertible and Income Securities Fund, Inc. (The) Common Stock",NYSE,0,,nasdaqtrader
GD,General Dynamics Corporation Common Stock,NYSE,0,,nasdaqtrader
GDC,GD Culture Group Limited - Common Stock,Nasdaq,0,,nasdaqtrader
GDDY,GoDaddy Inc. Class A Common Stock,NYSE,0,,nasdaqtrader
GDE,WisdomTree Efficient Gold Plus Equity Strategy Fund,Cboe BZX,1,,nasdaqtrader
GDEC,FT Vest U.S. Equity Moderate Buffer ETF - December,Cboe BZX,1,,nasdaqtrader
GDEV,GDEV Inc. - Ordinary Shares,Nasdaq,0,,nasdaqtrader
GDHG,Golden Heaven Group Holdings Ltd.  - Class A Ordinary Shares,Nasdaq,0,,nasdaqtrader
GDIV,Harbor Dividend Growth Leaders ETF,NYSE,1,,nasdaqtrader
GDL,"GDL Fund, The Common Shares of Beneficial Interest",NYSE,0,,nasdaqtrader
GDLC,Grayscale CoinDesk Crypto 5 ETF,NYSE Arca,1,,nasdaqtrader
GDMA,Gadsden Dynamic Multi-Asset ETF,Cboe BZX,1,,nasdaqtrader
GDMN,WisdomTree Efficient Gold Plus Gold Miners Strategy Fund,Cboe BZX,1,,nasdaqtrader
GDO,Western Asset Global Corporate Opportunity Fund Inc. Common Stock,NYSE,0,,nasdaqtrader
GDOC,Goldman Sachs Future Health Care Equity ETF,NYSE Arca,1,,nasdaqtrader
GDOG,Grayscale Dogecoin Trust ETF,NYSE Arca,1,,nasdaqtrader
GDOT,"Green Dot Corporation Class A Common Stock, $0.001 par value",NYSE,0,,nasdaqtrader
GDRX,"GoodRx Holdings, Inc. - Class A Common Stock",Nasdaq,0,,nasdaqtrader
GDS,GDS Holdings Limited - American Depositary Shares,Nasdaq,0,,nasdaqtrader
GDT,WisdomTree Efficient TIPS Plus Gold Fund,Cboe BZX,1,,nasdaqtrader
GDTC,CytoMed Therapeutics Limited - Ordinary Shares,Nasdaq,0,,nasdaqtrader
GDV,Gabelli Dividend & Income Trust Common Shares of Beneficial Interest,NYSE,0,,nasdaqtrader
GDX,VanEck Gold Miners ETF,NYSE Arca,1,,nasdaqtrader
GDXD,MicroSectors Gold Miners -3X Inverse Leveraged ETNs,NYSE Arca,1,,nasdaqtrader
GDXJ,VanEck Junior Gold Miners ETF,NYSE Arca,1,,nasdaqtrader
GDXU,MicroSectors Gold Miners 3X Leveraged ETN,NYSE Arca,1,,nasdaqtrader
GDXW,Roundhill Gold Miners WeeklyPay ETF,Cboe BZX,1,,nasdaqtrader
GDXY,YieldMax Gold Miners Option Income Strategy ETF,NYSE Arca,1,,nasdaqtrader
GDYN,"Grid Dynamics Holdings, Inc. - Class A Common Stock",Nasdaq,0,,nasdaqtrader
GE,GE Aerospace Common Stock,NYSE,0,,nasdaqtrader
GECC,Great Elm Capital Corp. - Closed End Fund,Nasdaq,0,,nasdaqtrader
GECCG,Great Elm Capital Corp. - 7.75% Notes Due 2030,Nasdaq,0,,nasdaqtrader
GECCH,Great Elm Capital Corp. - 8.125% Notes Due 2029,Nasdaq,0,,nasdaqtrader
GECCI,Great Elm Capital Corp. - 8.50% NOTES DUE 2029,Nasdaq,0,,nasdaqtrader
GEEQ,Guggenheim Enhanced Equity Income ETF,NYSE Arca,1,,nasdaqtrader
GEF,Greif Inc. Class A Common Stock,NYSE,0,,nasdaqtrader
GEF.B,"Greif, Inc. Corporation Class B Common Stock",NYSE,0,,nasdaqtrader
GEG,"Great Elm Group, Inc.  - Common Stock",Nasdaq,0,,nasdaqtrader
GEGGL,"Great Elm Group, Inc.  - 7.25% Notes due 2027",Nasdaq,0,,nasdaqtrader
GEHC,GE HealthCare Technologies Inc. - Common Stock,Nasdaq,0,,nasdaqtrader
GEL,"Genesis Energy, L.P. Common Units",NYSE,0,,nasdaqtrader
GELS,Gelteq Limited - Ordinary Shares,Nasdaq,0,,nasdaqtrader
GEM,Goldman Sachs ActiveBeta Emerging Markets Equity ETF,NYSE Arca,1,,nasdaqtrader
GEMD,Goldman Sachs Access Emerging Markets USD Bond ETF,Cboe BZX,1,,nasdaqtrader
GEME,Pacific North of South EM Equity Active ETF,Nasdaq,1,,nasdaqtrader
GEMG,Leverage Shares 2X Long GEMI Daily ETF,Nasdaq,1,,nasdaqtrader
GEMI,"Gemini Space Station, Inc. - Class A Common Stock",Nasdaq,0,,nasdaqtrader
GEMQ,Goldman Sachs Data Enhanced Emerging Markets Equity ETF,Nasdaq,1,,nasdaqtrader
GEN,Gen Digital Inc. - Common Stock,Nasdaq,0,,nasdaqtrader
GENB,"Generate Biomedicines, Inc. - Common Stock",Nasdaq,0,,nasdaqtrader
GENC,"Gencor Industries, Inc. Common Stock",NYSE American,0,,nasdaqtrader
GEND,Genter Capital Dividend Income ETF,NYSE Arca,1,,nasdaqtrader
GENI,Genius Sports Limited Ordinary Shares,NYSE,0,,nasdaqtrader
GENK,"GEN Restaurant Group, Inc. - Class A Common Stock",Nasdaq,0,,nasdaqtrader
GENM,Genter Capital Municipal Quality Intermediate ETF,NYSE Arca,1,,nasdaqtrader
GENT,Genter Capital Taxable Quality Intermediate ETF,NYSE Arca,1,,nasdaqtrader
GENVR,Gen Digital Inc. - Contingent Value Rights,Nasdaq,0,,nasdaqtrader
GENW,Genter Capital International Dividend ETF,NYSE Arca,1,,nasdaqtrader
GENZ,VanEck Digital Native Economy ETF,Nasdaq,1,,nasdaqtrader
GEO,Geo Group Inc (The) REIT,NYSE,0,,nasdaqtrader
GEOS,Geospace Technologies Corporation - Common Stock,Nasdaq,0,,nasdaqtrader
GEQ,Cambria Global EW 2 ETF,Nasdaq,1,,nasdaqtrader
GERN,Geron Corporation - Common Stock,Nasdaq,0,,nasdaqtrader
GEV,GE Vernova Inc. Common Stock,NYSE,0,,nasdaqtrader
GEVC,Corgi GEV 2x Daily ETF,Cboe BZX,1,,nasdaqtrader
GEVG,Leverage Shares 2X Long GEV Daily ETF,Nasdaq,1,,nasdaqtrader
GEVO,"Gevo, Inc. - Common Stock",Nasdaq,0,,nasdaqtrader
GEVX,Tradr 2X Long GEV Daily ETF,Cboe BZX,1,,nasdaqtrader
GEW,Cambria Global EW ETF,Nasdaq,1,,nasdaqtrader
GF,"New Germany Fund, Inc. (The) Common Stock",NYSE,0,,nasdaqtrader
GFAI,"Guardforce AI Co., Limited - Ordinary Shares",Nasdaq,0,,nasdaqtrader
GFEB,FT Vest U.S. Equity Moderate Buffer ETF - February,Cboe BZX,1,,nasdaqtrader
GFF,Griffon Corporation Common Stock,NYSE,0,,nasdaqtrader
GFGF,Guru Favorite Stocks ETF,Nasdaq,1,,nasdaqtrader
GFI,Gold Fields Limited American Depositary Shares,NYSE,0,,nasdaqtrader
GFL,"GFL Environmental Inc. Subordinate voting shares, no par value",NYSE,0,,nasdaqtrader
GFLW,VictoryShares Free Cash Flow Growth ETF,Nasdaq,1,,nasdaqtrader
GFR,Greenfire Resources Ltd. Common Shares,NYSE,0,,nasdaqtrader
GFS,GlobalFoundries Inc. - Ordinary Share,Nasdaq,0,,nasdaqtrader
GFSG,Leverage Shares 2X Long GFS Daily ETF,Cboe BZX,1,,nasdaqtrader
GFUZ,General Fusion Group Ltd. - Common Shares,Nasdaq,0,,nasdaqtrader
GFUZW,General Fusion Group Ltd. - Warrant,Nasdaq,0,,nasdaqtrader
GGAL,"Grupo Financiero Galicia S.A. - American Depositary Shares, Class B Shares underlying",Nasdaq,0,,nasdaqtrader
GGB,Gerdau S.A. Common Stock,NYSE,0,,nasdaqtrader
GGG,Graco Inc. Common Stock,NYSE,0,,nasdaqtrader
GGLL,Direxion Daily GOOGL Bull 2X ETF,Nasdaq,1,,nasdaqtrader
GGLS,Direxion Daily GOOGL Bear 1X ETF,Nasdaq,1,,nasdaqtrader
GGM,GGM Macro Alignment ETF,NYSE Arca,1,,nasdaqtrader
GGME,Invesco Next Gen Media and Gaming ETF,NYSE Arca,1,,nasdaqtrader
GGN,"GAMCO Global Gold, Natural Resources & Income Trust",NYSE American,0,,nasdaqtrader
GGOV,iShares Global Government Bond USD Hedged Active ETF,NYSE Arca,1,,nasdaqtrader
GGR,Gogoro Inc. - Ordinary Shares,Nasdaq,0,,nasdaqtrader
GGROW,Gogoro Inc. - Warrant,Nasdaq,0,,nasdaqtrader
GGRW,Gabelli Growth Innovators ETF,NYSE Arca,1,,nasdaqtrader
GGT,"Gabelli Multi-Media Trust, Inc. (The) Common Stock",NYSE,0,,nasdaqtrader
GGTL,Gabelli Global Technology Leaders ETF,NYSE Arca,1,,nasdaqtrader
GGUS,Goldman Sachs MarketBeta Russell 1000 Growth Equity ETF,NYSE Arca,1,,nasdaqtrader
GGZ,Gabelli Global Small and Mid Cap Value Trust (The) Common Shares of Beneficial Interest,NYSE,0,,nasdaqtrader
GH,"Guardant Health, Inc. - Common Stock",Nasdaq,0,,nasdaqtrader
GHC,Graham Holdings Company Common Stock,NYSE,0,,nasdaqtrader
GHG,"GreenTree Hospitality Group Ltd. American depositary shares, each representing one Class A ordinary share",NYSE,0,,nasdaqtrader
GHI,Greystone Housing Impact Investors LP Beneficial Unit Certificates representing assignments of limited partnership interests,NYSE,0,,nasdaqtrader
GHM,Graham Corporation Common Stock,NYSE,0,,nasdaqtrader
GHRS,GH Research PLC - Ordinary Shares,Nasdaq,0,,nasdaqtrader
GHTA,Goose Hollow Tactical Allocation ETF,Cboe BZX,1,,nasdaqtrader
GHXI,"Gores Holdings XI, Inc. - Class A Ordinary Shares",Nasdaq,0,,nasdaqtrader
GHXIU,"Gores Holdings XI, Inc. - Units",Nasdaq,0,,nasdaqtrader
GHXIW,"Gores Holdings XI, Inc. - Warrant",Nasdaq,0,,nasdaqtrader
GHY,"PGIM Global High Yield Fund, Inc.",NYSE,0,,nasdaqtrader
GHYB,Goldman Sachs Access High Yield Corporate Bond ETF,NYSE Arca,1,,nasdaqtrader
GHYG,iShares US & Intl High Yield Corp Bond ETF,Cboe BZX,1,,nasdaqtrader
GIAX,Nicholas Global Equity and Income ETF,NYSE Arca,1,,nasdaqtrader
GIB,CGI Inc. Common Stock,NYSE,0,,nasdaqtrader
GIBO,GIBO Holdings Limited - Class A Ordinary Shares,Nasdaq,0,,nasdaqtrader
GIBOW,GIBO Holdings Limited - Warrants,Nasdaq,0,,nasdaqtrader
GIC,Global Industrial Company Common Stock,NYSE,0,,nasdaqtrader
GIEQ,Goldman Sachs Data Enhanced International Equity ETF,Nasdaq,1,,nasdaqtrader
GIFT,"Giftify, Inc. - Common Stock",Nasdaq,0,,nasdaqtrader
GIGB,Goldman Sachs Access Investment Grade Corporate Bond ETF,NYSE Arca,1,,nasdaqtrader
GIGL,Goldman Sachs Corporate Bond ETF,NYSE Arca,1,,nasdaqtrader
GIGM,GigaMedia Limited - Ordinary Shares,Nasdaq,0,,nasdaqtrader
GII,State Street SPDR S&P Global Infrastructure ETF,NYSE Arca,1,,nasdaqtrader
GIII,"G-III Apparel Group, LTD. - Common Stock",Nasdaq,0,,nasdaqtrader
GIL,"Gildan Activewear, Inc. Class A Sub. Vot. Common Stock",NYSE,0,,nasdaqtrader
GILD,"Gilead Sciences, Inc. - Common Stock",Nasdaq,0,,nasdaqtrader
GILT,Gilat Satellite Networks Ltd. - Ordinary Shares,Nasdaq,0,,nasdaqtrader
GINC,Goldman Sachs Income ETF,NYSE Arca,1,,nasdaqtrader
GIND,Goldman Sachs India Equity ETF,Nasdaq,1,,nasdaqtrader
GINN,Goldman Sachs Innovate Equity ETF,NYSE Arca,1,,nasdaqtrader
GINX,SGI Enhanced Global Income ETF,Nasdaq,1,,nasdaqtrader
GIPR,Generation Income Properties Inc. - Common stock,Nasdaq,0,,nasdaqtrader
GIS,"General Mills, Inc. Common Stock",NYSE,0,,nasdaqtrader
GISC,Guggenheim Securitized Income ETF,NYSE Arca,1,,nasdaqtrader
GITS,"Global Interactive Technologies, Inc. Common Stock - Common Stock",Nasdaq,0,,nasdaqtrader
GIW,GigCapital8 Corp. - Class A Ordinary Shares,Nasdaq,0,,nasdaqtrader
GIWWR,GigCapital8 Corp. - Rights,Nasdaq,0,,nasdaqtrader
GIWWU,GigCapital8 Corp. - Units,Nasdaq,0,,nasdaqtrader
GIX,GigCapital9 Corp. - Class A Ordinary Share,Nasdaq,0,,nasdaqtrader
GIXI,Gix Internet Ltd. - Ordinary Shares,Nasdaq,0,,nasdaqtrader
GIXXR,GigCapital9 Corp. - Rights,Nasdaq,0,,nasdaqtrader
GIXXU,GigCapital9 Corp. - Units,Nasdaq,0,,nasdaqtrader
GJAN,FT Vest U.S. Equity Moderate Buffer ETF - January,Cboe BZX,1,,nasdaqtrader
GJH,Synthetic Fixed-Income Securities Inc 6.375% (STRATS) Cl A-1,NYSE,0,,nasdaqtrader
GJO,"Synthetic Fixed-Income Securities, Inc. on behalf of STRATS(SM) Trust for Wal-Mart Stores, Inc. Securities, Series 2004-5",NYSE,0,,nasdaqtrader
GJP,"Synthetic Fixed-Income Securities, Inc. on behalf of STRATS (SM) Trust for Dominion Resources, Inc. Securities, Series 2005-6, Floating Rate Structured Repackaged Asset-Backed Trust Securities (STRATS) Certificates",NYSE,0,,nasdaqtrader
GJR,"Synthetic Fixed-Income Securities, Inc. STRATS Trust for Procter&Gamble Securities, Series 2006-1",NYSE,0,,nasdaqtrader
GJS,"Goldman Sachs Group Securities STRATS Trust for Goldman Sachs Group Securities, Series 2006-2",NYSE,0,,nasdaqtrader
GJT,"Synthetic Fixed-Income Securities, Inc. Floating Rate Structured Repackaged Asset-Backed Trust Securities Certificates, Series 2006-3",NYSE,0,,nasdaqtrader
GJUL,FT Vest U.S. Equity Moderate Buffer ETF - July,Cboe BZX,1,,nasdaqtrader
GJUN,FT Vest U.S. Equity Moderate Buffer ETF - June,Cboe BZX,1,,nasdaqtrader
GK,AdvisorShares Gerber Kawasaki ETF,NYSE Arca,1,,nasdaqtrader
GKAT,Scharf Global Opportunity ETF,Nasdaq,1,,nasdaqtrader
GKOS,Glaukos Corporation Common Stock,NYSE,0,,nasdaqtrader
GL,Globe Life Inc. Common Stock,NYSE,0,,nasdaqtrader
GLAD,Gladstone Capital Corporation - Closed End Fund,Nasdaq,0,,nasdaqtrader
GLAM,"Corgi Beauty, Skincare & Aesthetics ETF",Cboe BZX,1,,nasdaqtrader
GLAS,Glass House Brands Inc. Subordinate Voting Shares,NYSE,0,,nasdaqtrader
GLBE,Global-E Online Ltd. - ordinary shares,Nasdaq,0,,nasdaqtrader
GLBL,Pacer MSCI World Industry Advantage ETF,Cboe BZX,1,,nasdaqtrader
GLBS,Globus Maritime Limited - Common Stock,Nasdaq,0,,nasdaqtrader
GLCR,GlacierShares Nasdaq Iceland ETF,Nasdaq,1,,nasdaqtrader
GLD,SPDR Gold Shares,NYSE Arca,1,,nasdaqtrader
GLDB,IDX Alternative FIAT ETF,Nasdaq,1,,nasdaqtrader
GLDG,GoldMining Inc. Common Shares,NYSE American,0,,nasdaqtrader
GLDI,"ETRACS Gold Shares Covered Call ETNs due February 2, 2033",Nasdaq,1,,nasdaqtrader
GLDM,SPDR Gold MiniShares Trust,NYSE Arca,1,,nasdaqtrader
GLDN,Nicholas Gold Income ETF,NYSE Arca,1,,nasdaqtrader
GLDW,Roundhill Gold WeeklyPay ETF,Cboe BZX,1,,nasdaqtrader
GLE,Global Engine Group Holding Limited - Class A Ordinary Shares,Nasdaq,0,,nasdaqtrader
GLED,GalaxyEdge Acquisition Corporation Ordinary Shares,NYSE,0,,nasdaqtrader
GLED.R,GalaxyEdge Acquisition Corporation Rights to receive one-fourth (1/4) of one ordinary share,NYSE,0,,nasdaqtrader
GLED.U,"GalaxyEdge Acquisition Corporation Units, each consisting of one Ordinary Share and one Right entitling the holder to receive 1/4th of one ordinary share",NYSE,0,,nasdaqtrader
GLGG,Leverage Shares 2X Long GLXY Daily ETF,Nasdaq,1,,nasdaqtrader
GLIBA,Liberty Capital Corporation - Series A GCI Group Common Stock,Nasdaq,0,,nasdaqtrader
GLIBK,Liberty Capital Corporation - Series C GCI Group Common Stock,Nasdaq,0,,nasdaqtrader
GLIN,VanEck India Growth Leaders ETF,NYSE Arca,1,,nasdaqtrader
GLIX,Lazard Listed Infrastructure ETF,NYSE Arca,1,,nasdaqtrader
GLL,ProShares UltraShort Gold,NYSE Arca,1,,nasdaqtrader
GLND,Greenland Energy Company - Common Stock,Nasdaq,0,,nasdaqtrader
GLNDW,Greenland Energy Company - Warrant,Nasdaq,0,,nasdaqtrader
GLNG,Golar LNG Limited - Common Shares,Nasdaq,0,,nasdaqtrader
GLNK,Grayscale Chainlink Trust ETF,NYSE Arca,1,,nasdaqtrader
GLO,Clough Global Opportunities Fund Common Stock,NYSE American,0,,nasdaqtrader
GLOB,Globant S.A. Common Shares,NYSE,0,,nasdaqtrader
GLOF,iShares Global Equity Factor ETF,NYSE Arca,1,,nasdaqtrader
GLOO,"Gloo Holdings, Inc. - Common Stock",Nasdaq,0,,nasdaqtrader
GLOW,VictoryShares WestEnd Global Equity ETF,Nasdaq,1,,nasdaqtrader
GLP,Global Partners LP Common Units representing Limited Partner Interests,NYSE,0,,nasdaqtrader
GLPI,"Gaming and Leisure Properties, Inc. - Common Stock",Nasdaq,0,,nasdaqtrader
GLQ,Clough Global Equity Fund Clough Global Equity Fund Common Shares of Beneficial Interest,NYSE American,0,,nasdaqtrader
GLRE,"Greenlight Reinsurance, Ltd. - Class A Ordinary Shares",Nasdaq,0,,nasdaqtrader
GLRY,Inspire Growth ETF,NYSE Arca,1,,nasdaqtrader
GLSI,"Greenwich LifeSciences, Inc. - Common stock",Nasdaq,0,,nasdaqtrader
GLTR,abrdn Physical Precious Metals Basket Shares ETF,NYSE Arca,1,,nasdaqtrader
GLU,Gabelli Global Utility Common Shares of Beneficial Ownership,NYSE American,0,,nasdaqtrader
GLUE,"Monte Rosa Therapeutics, Inc. - Common Stock",Nasdaq,0,,nasdaqtrader
GLV,Clough Global Dividend and Income Fund Common Shares of beneficial interest,NYSE American,0,,nasdaqtrader
GLW,Corning Incorporated Common Stock,NYSE,0,,nasdaqtrader
GLWG,Leverage Shares 2X Long GLW Daily ETF,Nasdaq,1,,nasdaqtrader
GLX,Corgi GLXY 2x Daily ETF,Cboe BZX,1,,nasdaqtrader
GLXG,Galaxy Payroll Group Limited - Class A Ordinary Shares,Nasdaq,0,,nasdaqtrader
GLXU,T-REX 2X Long GLXY Daily Target ETF,Cboe BZX,1,,nasdaqtrader
GLXY,Galaxy Digital Inc. - Class A common stock,Nasdaq,0,,nasdaqtrader
GM,General Motors Company Common Stock,NYSE,0,,nasdaqtrader
GMAB,Genmab A/S - American Depositary Shares,Nasdaq,0,,nasdaqtrader
GMAR,FT Vest U.S. Equity Moderate Buffer ETF - March,Cboe BZX,1,,nasdaqtrader
GMAY,FT Vest U.S. Equity Moderate Buffer ETF - May,Cboe BZX,1,,nasdaqtrader
GME,GameStop Corporation Common Stock,NYSE,0,,nasdaqtrader
GME.W,GameStop Corporation Warrants to Purchase Common Stock,NYSE,0,,nasdaqtrader
GMEC,Corgi GME 2x Daily ETF,Cboe BZX,1,,nasdaqtrader
GMED,"Globus Medical, Inc. Class A Common Stock",NYSE,0,,nasdaqtrader
GMEU,T-REX 2X Long GME Daily Target ETF,Cboe BZX,1,,nasdaqtrader
GMEX,GMEX ROBOTICS CORPORATION - Class A Ordinary Shares,Nasdaq,0,,nasdaqtrader
GMEY,YieldMax GME Option Income Strategy ETF,NYSE Arca,1,,nasdaqtrader
GMF,State Street SPDR S&P Emerging Asia Pacific ETF,NYSE Arca,1,,nasdaqtrader
GMHS,Gamehaus Holdings Inc. - Class A Ordinary Shares,Nasdaq,0,,nasdaqtrader
GMM,Global Mofy AI Limited  - Class A Ordinary Shares,Nasdaq,0,,nasdaqtrader
GMMA,GammaRoad Market Navigation ETF,NYSE Arca,1,,nasdaqtrader
GMMF,iShares Government Money Market ETF,NYSE,1,,nasdaqtrader
GMNY,Goldman Sachs Dynamic New York Municipal Income ETF,NYSE Arca,1,,nasdaqtrader
GMOC,GMO Ultra-Short Income ETF,NYSE Arca,1,,nasdaqtrader
GMOD,GMO Dynamic Allocation ETF,NYSE Arca,1,,nasdaqtrader
GMOI,GMO International Value ETF,NYSE Arca,1,,nasdaqtrader
GMOM,Cambria Global Momentum ETF,Cboe BZX,1,,nasdaqtrader
GMOV,GMO US Value ETF,NYSE Arca,1,,nasdaqtrader
GMRS,GMR Solutions Inc. Class A Common Stock,NYSE,0,,nasdaqtrader
GMTL,Guardian Metal Resources PLC ADS,NYSE American,0,,nasdaqtrader
GMUB,Goldman Sachs Municipal Income ETF,NYSE Arca,1,,nasdaqtrader
GNE,Genie Energy Ltd. Class B Common Stock Stock,NYSE,0,,nasdaqtrader
GNK,Genco Shipping & Trading Limited Ordinary Shares New (Marshall Islands),NYSE,0,,nasdaqtrader
GNL,"Global Net Lease, Inc. Common Stock",NYSE,0,,nasdaqtrader
GNLN,"Greenlane Holdings, Inc. - Class A Common Stock",Nasdaq,0,,nasdaqtrader
GNLX,Genelux Corporation - Common Stock,Nasdaq,0,,nasdaqtrader
GNMA,iShares GNMA Bond ETF,Nasdaq,1,,nasdaqtrader
GNMX,Corgi Genomics & Precision Medicine ETF,Cboe BZX,1,,nasdaqtrader
GNOM,Global X Genomics & Biotechnology ETF,Nasdaq,1,,nasdaqtrader
GNOV,FT Vest U.S. Equity Moderate Buffer ETF - November,Cboe BZX,1,,nasdaqtrader
GNPX,"Genprex, Inc. - Common Stock",Nasdaq,0,,nasdaqtrader
GNR,State Street SPDR S&P Global Natural Resources ETF,NYSE Arca,1,,nasdaqtrader
GNRC,Generac Holdlings Inc. Common Stock,NYSE,0,,nasdaqtrader
GNS,Genius Group Limited Ordinary Shares,NYSE American,0,,nasdaqtrader
GNSS,Genasys Inc. - Common Stock,Nasdaq,0,,nasdaqtrader
GNT,"GAMCO Natural Resources, Gold & Income Trust",NYSE,0,,nasdaqtrader
GNTA,Genenta Science S.p.A. - American Depositary Shares,Nasdaq,0,,nasdaqtrader
GNTX,Gentex Corporation - Common Stock,Nasdaq,0,,nasdaqtrader
GNW,Genworth Financial Inc Common Stock,NYSE,0,,nasdaqtrader
GO,Grocery Outlet Holding Corp. - Common Stock,Nasdaq,0,,nasdaqtrader
GOAI,Eva Live Inc. - Common Stock,Nasdaq,0,,nasdaqtrader
GOAU,US Global GO Gold and Precious Metal Miners ETF,NYSE Arca,1,,nasdaqtrader
GOCT,FT Vest U.S. Equity Moderate Buffer ETF - October,Cboe BZX,1,,nasdaqtrader
GOEX,Global X Gold Explorers ETF,NYSE Arca,1,,nasdaqtrader
GOF,Guggenheim Strategic Opportunities Fund Common Shares of Beneficial Interest,NYSE,0,,nasdaqtrader
GOGL,Corgi GOOGL 2x Daily ETF,Cboe BZX,1,,nasdaqtrader
GOGO,Gogo Inc. - Common Stock,Nasdaq,0,,nasdaqtrader
GOIB,Direxion GOOGL Defined Income Boost ETF,Cboe BZX,1,,nasdaqtrader
GOLD,"Gold.com, Inc. Common Stock",NYSE,0,,nasdaqtrader
GOLF,Acushnet Holdings Corp. Common Stock,NYSE,0,,nasdaqtrader
GOLI,Defiance Gold Enhanced Options Income ETF,Nasdaq,1,,nasdaqtrader
GOLS,Gabelli Opportunities in Live and Sports ETF,NYSE Arca,1,,nasdaqtrader
GOLY,Strategy Shares Gold Enhanced Yield ETF,Cboe BZX,1,,nasdaqtrader
GOOD,Gladstone Commercial Corporation - Real Estate Investment Trust,Nasdaq,0,,nasdaqtrader
GOODN,Gladstone Commercial Corporation - 6.625% Series E Cumulative Redeemable Preferred Stock,Nasdaq,0,,nasdaqtrader
GOODO,"Gladstone Commercial Corporation - 6.00% Series G Cumulative Redeemable Preferred Stock, par value $0.001 per share",Nasdaq,0,,nasdaqtrader
GOOG,Alphabet Inc. - Class C Capital Stock,Nasdaq,0,,nasdaqtrader
GOOGL,Alphabet Inc. - Class A Common Stock,Nasdaq,0,,nasdaqtrader
GOOGM,Alphabet Inc. - Depositary Shares representing a 1/20th Interest in a Share of Series A Mandatory Convertible Preferred Stock,Nasdaq,0,,nasdaqtrader
GOOGN,Alphabet Inc. - Depositary Shares representing a 1/20th Interest in a Share of Series B Mandatory Convertible Preferred Stock,Nasdaq,0,,nasdaqtrader
GOOL,Leverage Shares 2X Long GOOGL Daily ETF,Cboe BZX,1,,nasdaqtrader
GOOP,Kurv Yield Premium Strategy Google (GOOGL) ETF,Cboe BZX,1,,nasdaqtrader
GOOS,Canada Goose Holdings Inc. Subordinate Voting Shares,NYSE,0,,nasdaqtrader
GOOW,Roundhill GOOGL WeeklyPay ETF,Cboe BZX,1,,nasdaqtrader
GOOX,T-Rex 2X Long Alphabet Daily Target ETF,Cboe BZX,1,,nasdaqtrader
GOOY,YieldMax GOOGL Option Income Strategy ETF,NYSE Arca,1,,nasdaqtrader
GOP,Subversive Congressional Republicans Trading ETF,Cboe BZX,1,,nasdaqtrader
GORO,Goldgroup Mining Inc. Common Shares,NYSE American,0,,nasdaqtrader
GOSS,"Gossamer Bio, Inc. - Common Stock",Nasdaq,0,,nasdaqtrader
GOTU,Gaotu Techedu Inc. American Depositary Shares,NYSE,0,,nasdaqtrader
GOU,GraniteShares 2x Long GOOGL Daily ETF,Nasdaq,1,,nasdaqtrader
GOVI,Invesco Equal Weight 0-30 Year Treasury ETF,Nasdaq,1,,nasdaqtrader
GOVM,iShares 1-10 Year Treasury Bond ETF,Cboe BZX,1,,nasdaqtrader
GOVT,iShares U.S. Treasury Bond ETF,Cboe BZX,1,,nasdaqtrader
GOVX,"GeoVax Labs, Inc. - Common Stock",Nasdaq,0,,nasdaqtrader
GOVZ,iShares 25  Year Treasury STRIPS Bond ETF,Cboe BZX,1,,nasdaqtrader
GOW,GOWell Energy Technology - Ordinary shares,Nasdaq,0,,nasdaqtrader
GP,GreenPower Motor Company Inc. - Common Shares,Nasdaq,0,,nasdaqtrader
GPAC,General Purpose Acquisition Corp. - Class A Ordinary Shares,Nasdaq,0,,nasdaqtrader
GPACU,General Purpose Acquisition Corp. - Units,Nasdaq,0,,nasdaqtrader
GPACW,General Purpose Acquisition Corp. - Warrant,Nasdaq,0,,nasdaqtrader
GPAT,GP-Act III Acquisition Corp. - Class A Ordinary Share,Nasdaq,0,,nasdaqtrader
GPATU,GP-Act III Acquisition Corp. - Units,Nasdaq,0,,nasdaqtrader
GPATW,GP-Act III Acquisition Corp. - Warrants,Nasdaq,0,,nasdaqtrader
GPC,Genuine Parts Company Common Stock,NYSE,0,,nasdaqtrader
GPCR,Structure Therapeutics Inc. - American Depositary Shares,Nasdaq,0,,nasdaqtrader
GPGI,"GPGI, Inc. Class A Common Stock",NYSE,0,,nasdaqtrader
GPI,"Group 1 Automotive, Inc. Common Stock",NYSE,0,,nasdaqtrader
GPIQ,Goldman Sachs Nasdaq-100 Premium Income ETF,Nasdaq,1,,nasdaqtrader
GPIX,Goldman Sachs S&P 500 Premium Income ETF,Nasdaq,1,,nasdaqtrader
GPJA,"Georgia Power Company Series 2017A 5.00% Junior Subordinated Notes due October 1, 2077",NYSE,0,,nasdaqtrader
GPK,Graphic Packaging Holding Company,NYSE,0,,nasdaqtrader
GPMT,Granite Point Mortgage Trust Inc. Common Stock,NYSE,0,,nasdaqtrader
GPN,Global Payments Inc. Common Stock,NYSE,0,,nasdaqtrader
GPOR,Gulfport Energy Corporation Common Shares,NYSE,0,,nasdaqtrader
GPRE,"Green Plains, Inc. - Common Stock",Nasdaq,0,,nasdaqtrader
GPRF,Goldman Sachs Access U.S. Preferred Stock and Hybrid Securities ETF,Nasdaq,1,,nasdaqtrader
GPRK,Geopark Ltd Common Shares,NYSE,0,,nasdaqtrader
GPRO,"GoPro, Inc. - Class A Common Stock",Nasdaq,0,,nasdaqtrader
GPT,Intelligent Alpha Atlas ETF,Nasdaq,1,,nasdaqtrader
GPTY,YieldMax AI & Tech Portfolio Option Income ETF,NYSE Arca,1,,nasdaqtrader
GPUS,"Hyperscale Data, Inc. Common Stock",NYSE American,0,,nasdaqtrader
GPZ,VanEck Alternative Asset Manager ETF,NYSE Arca,1,,nasdaqtrader
GQGU,GQG US Equity ETF,NYSE Arca,1,,nasdaqtrader
GQI,Natixis Gateway Quality Income ETF,NYSE Arca,1,,nasdaqtrader
GQQQ,Astoria US Quality Growth Kings ETF,Nasdaq,1,,nasdaqtrader
GQRE,Northern Trust Global Quality Real Estate ETF,NYSE Arca,1,,nasdaqtrader
GRAB,Grab Holdings Limited - Class A Ordinary Shares,Nasdaq,0,,nasdaqtrader
GRABW,Grab Holdings Limited - Warrant,Nasdaq,0,,nasdaqtrader
GRAG,Leverage Shares 2X Long GRAB Daily ETF,Nasdaq,1,,nasdaqtrader
GRAL,"GRAIL, Inc. - Common Stock",Nasdaq,0,,nasdaqtrader
GRAN,Grande Group Limited - Class A Ordinary Shares,Nasdaq,0,,nasdaqtrader
GRBK,"Green Brick Partners, Inc. Common Stock",NYSE,0,,nasdaqtrader
GRC,Gorman-Rupp Company (The) Common Stock,NYSE,0,,nasdaqtrader
GRCE,"Grace Therapeutics, Inc. - Common Stock",Nasdaq,0,,nasdaqtrader
GRDN,"Guardian Pharmacy Services, Inc. Class A Common Stock",NYSE,0,,nasdaqtrader
GRDX,GridAI Technologies Corp.  - Common Stock,Nasdaq,0,,nasdaqtrader
GREEL,Vulcan Infrastructure and Power Inc. - 8.50% Senior Notes due 2026,Nasdaq,0,,nasdaqtrader
GREK,Global X MSCI Greece ETF,NYSE Arca,1,,nasdaqtrader
GRF,"Eagle Capital Growth Fund, Inc. Common Stock",NYSE American,0,,nasdaqtrader
GRFS,"Grifols, S.A. - American Depositary Shares",Nasdaq,0,,nasdaqtrader
GRI,"GRI Bio, Inc. - Common Stock",Nasdaq,0,,nasdaqtrader
GRID,First Trust NASDAQ Clean Edge Smart Grid Infrastructure Index Fund,Nasdaq,1,,nasdaqtrader
GRIN,VictoryShares International Free Cash Flow Growth ETF,Nasdaq,1,,nasdaqtrader
GRML,Greenland Mines Ltd - Common Stock,Nasdaq,0,,nasdaqtrader
GRMLW,Greenland Mines Ltd - Warrants,Nasdaq,0,,nasdaqtrader
GRMN,Garmin Ltd. Common Stock (Switzerland),NYSE,0,,nasdaqtrader
GRN,iPath Series B Carbon Exchange-Traded Notes,NYSE Arca,0,,nasdaqtrader
GRNB,VanEck Green Bond ETF,NYSE Arca,1,,nasdaqtrader
GRND,Grindr Inc. Common Stock,NYSE,0,,nasdaqtrader
GRNI,Fundstrat Granny Shots US Large Cap & Income ETF,NYSE Arca,1,,nasdaqtrader
GRNJ,Fundstrat Granny Shots US Small- & Mid-Cap ETF,NYSE Arca,1,,nasdaqtrader
GRNQ,Greenpro Capital Corp. - Common Stock,Nasdaq,0,,nasdaqtrader
GRNT,"Granite Ridge Resources, Inc. Common Stock",NYSE,0,,nasdaqtrader
GRNY,Fundstrat Granny Shots US Large Cap ETF,NYSE Arca,1,,nasdaqtrader
GRO,Brazil Potash Corp. Common Shares,NYSE American,0,,nasdaqtrader
GROV,"Grove Collaborative Holdings, Inc. Class A Common Stock",NYSE,0,,nasdaqtrader
GROW,"U.S. Global Investors, Inc. - Class A Common Stock",Nasdaq,0,,nasdaqtrader
GROY,Gold Royalty Corp. Common Shares,NYSE American,0,,nasdaqtrader
GROY.W,Gold Royalty Corp. Warrants,NYSE American,0,,nasdaqtrader
GROZ,Zacks Focus Growth ETF,Cboe BZX,1,,nasdaqtrader
GRPM,Invesco S&P MidCap 400 GARP ETF,NYSE Arca,1,,nasdaqtrader
GRPN,"Groupon, Inc. - Common Stock",Nasdaq,0,,nasdaqtrader
GRPZ,Invesco S&P SmallCap 600 GARP ETF,NYSE Arca,1,,nasdaqtrader
GRRR,Gorilla Technology Group Inc. - Ordinary shares,Nasdaq,0,,nasdaqtrader
GRRRW,Gorilla Technology Group Inc. - Warrant,Nasdaq,0,,nasdaqtrader
GRSD,Grandstand Limited - Ordinary Shares,Nasdaq,0,,nasdaqtrader
GRVY,"GRAVITY Co., Ltd. - American depositary shares, each representing one common share.",Nasdaq,0,,nasdaqtrader
GRW,TCW Durable Growth ETF,Nasdaq,1,,nasdaqtrader
GRWG,GrowGeneration Corp. - Common Stock,Nasdaq,0,,nasdaqtrader
GRX,The Gabelli Healthcare & Wellness Trust Common Shares of Beneficial Interest,NYSE,0,,nasdaqtrader
GS,"Goldman Sachs Group, Inc. (The) Common Stock",NYSE,0,,nasdaqtrader
GSAT,"Globalstar, Inc. - Common Stock",Nasdaq,0,,nasdaqtrader
GSBC,"Great Southern Bancorp, Inc. - Common Stock",Nasdaq,0,,nasdaqtrader
GSBD,"Goldman Sachs BDC, Inc. Common Stock",NYSE,0,,nasdaqtrader
GSC,Goldman Sachs Small Cap Equity ETF,NYSE Arca,1,,nasdaqtrader
GSEE,Goldman Sachs MarketBeta Emerging Markets Equity ETF,Cboe BZX,1,,nasdaqtrader
GSEP,FT Vest U.S. Equity Moderate Buffer ETF - September,Cboe BZX,1,,nasdaqtrader
GSEU,Goldman Sachs ActiveBeta Europe Equity ETF,NYSE Arca,1,,nasdaqtrader
GSEW,Goldman Sachs Equal Weight U.S. Large Cap Equity ETF,Cboe BZX,1,,nasdaqtrader
GSG,iShares GSCI Commodity-Indexed Trust Fund,NYSE Arca,1,,nasdaqtrader
GSGO,Goldman Sachs Growth Opportunities ETF,Nasdaq,1,,nasdaqtrader
GSHD,"Goosehead Insurance, Inc. - Class A Common Stock",Nasdaq,0,,nasdaqtrader
GSHR,Gesher Acquisition Corp. II - Class A Ordinary Shares,Nasdaq,0,,nasdaqtrader
GSHRU,Gesher Acquisition Corp. II - Units,Nasdaq,0,,nasdaqtrader
GSHRW,Gesher Acquisition Corp. II - Warrants,Nasdaq,0,,nasdaqtrader
GSIB,Themes Global Systemically Important Banks ETF,Nasdaq,1,,nasdaqtrader
GSID,Goldman Sachs MarketBeta International Equity ETF,Cboe BZX,1,,nasdaqtrader
GSIE,Goldman Sachs ActiveBeta International Equity ETF,NYSE Arca,1,,nasdaqtrader
GSIT,"GSI Technology, Inc. - Common Stock",Nasdaq,0,,nasdaqtrader
GSIW,Garden Stage Limited - Class A Ordinary Shares,Nasdaq,0,,nasdaqtrader
GSJY,Goldman Sachs ActiveBeta Japan Equity ETF,NYSE Arca,1,,nasdaqtrader
GSK,GSK plc American Depositary Shares (Each representing two Ordinary Shares),NYSE,0,,nasdaqtrader
GSKH,GSK plc ADRhedged,NYSE Arca,1,,nasdaqtrader
GSL,Global Ship Lease Inc New Class A Common Shares,NYSE,0,,nasdaqtrader
GSLC,Goldman Sachs ActiveBeta U.S. Large Cap Equity ETF,NYSE Arca,1,,nasdaqtrader
GSM,Ferroglobe PLC - Ordinary Shares,Nasdaq,0,,nasdaqtrader
GSOL,Grayscale Solana Staking ETF,NYSE Arca,1,,nasdaqtrader
GSPY,Gotham Enhanced 500 ETF,NYSE Arca,1,,nasdaqtrader
GSRF,GSR IV Acquisition Corp. - Class A ordinary share,Nasdaq,0,,nasdaqtrader
GSRFR,GSR IV Acquisition Corp. - Rights,Nasdaq,0,,nasdaqtrader
GSRFU,GSR IV Acquisition Corp. - Units,Nasdaq,0,,nasdaqtrader
GSRV,GSR V Acquisition Corp. - Class A ordinary shares,Nasdaq,0,,nasdaqtrader
GSRVR,GSR V Acquisition Corp. - Rights,Nasdaq,0,,nasdaqtrader
GSRVU,GSR V Acquisition Corp. - Units,Nasdaq,0,,nasdaqtrader
GSSC,GS ActiveBeta U.S. Small Cap Equity ETF,NYSE Arca,1,,nasdaqtrader
GSST,Goldman Sachs Ultra Short Bond ETF,Cboe BZX,1,,nasdaqtrader
GSUI,Grayscale Sui Staking ETF,NYSE Arca,1,,nasdaqtrader
GSUN,Golden Sun Technology Group Limited - Class A Ordinary Shares,Nasdaq,0,,nasdaqtrader
GSUS,Goldman Sachs MarketBeta U.S. Equity ETF,Cboe BZX,1,,nasdaqtrader
GSWO,Goldman Sachs ActiveBeta World Equity ETF,Cboe BZX,1,,nasdaqtrader
GSY,Invesco Ultra Short Duration ETF,NYSE Arca,1,,nasdaqtrader
GT,The Goodyear Tire & Rubber Company - Common Stock,Nasdaq,0,,nasdaqtrader
GTBP,"GT Biopharma, Inc. - Common Stock",Nasdaq,0,,nasdaqtrader
GTE,Gran Tierra Energy Inc. Common Stock,NYSE American,0,,nasdaqtrader
GTEC,Greenland Technologies Holding Corporation - Class A Ordinary Shares,Nasdaq,0,,nasdaqtrader
GTEK,Goldman Sachs Future Tech Leaders Equity ETF,NYSE Arca,1,,nasdaqtrader
GTEN,"Gores Holdings X, Inc. - Class A ordinary shares",Nasdaq,0,,nasdaqtrader
GTENU,"Gores Holdings X, Inc. - Units",Nasdaq,0,,nasdaqtrader
GTENW,"Gores Holdings X, Inc. - Warrants",Nasdaq,0,,nasdaqtrader
GTERA,Globa Terra Acquisition Corporation - Class A Ordinary Shares,Nasdaq,0,,nasdaqtrader
GTERR,Globa Terra Acquisition Corporation - Rights,Nasdaq,0,,nasdaqtrader
GTERU,Globa Terra Acquisition Corporation - Units,Nasdaq,0,,nasdaqtrader
GTERW,Globa Terra Acquisition Corporation - Warrants,Nasdaq,0,,nasdaqtrader
GTES,Gates Industrial Corporation Ltd. Common Shares,NYSE,0,,nasdaqtrader
GTIM,Good Times Restaurants Inc. - Common Stock,Nasdaq,0,,nasdaqtrader
GTIP,Goldman Sachs Access Inflation Protected USD Bond ETF,Cboe BZX,1,,nasdaqtrader
GTLB,GitLab Inc. - Class A Common Stock,Nasdaq,0,,nasdaqtrader
GTM,ZoomInfo Technologies Inc. - Common Stock,Nasdaq,0,,nasdaqtrader
GTN,"Gray Media, Inc. Common Stock",NYSE,0,,nasdaqtrader
GTN.A,"Gray Media, Inc. Class A Common Stock",NYSE,0,,nasdaqtrader
GTND,Goaltender ETF,NYSE Arca,1,,nasdaqtrader
GTO,Invesco Total Return Bond ETF,NYSE Arca,1,,nasdaqtrader
GTOC,Invesco Core Fixed Income ETF,Cboe BZX,1,,nasdaqtrader
GTOH,Invesco Short Duration High Yield ETF,Cboe BZX,1,,nasdaqtrader
GTOP,Goldman Sachs Technology Opportunities ETF,Nasdaq,1,,nasdaqtrader
GTOQ,Invesco High Yield Systematic Bond ETF,Nasdaq,1,,nasdaqtrader
GTOS,Invesco Short Duration Total Return Bond ETF,Cboe BZX,1,,nasdaqtrader
GTPE,Goldman Sachs MSCI World Private Equity Return Tracker ETF,Nasdaq,1,,nasdaqtrader
GTR,WisdomTree Target Range Fund,Nasdaq,1,,nasdaqtrader
GTX,Garrett Motion Inc. - Common Stock,Nasdaq,0,,nasdaqtrader
GTY,Getty Realty Corporation Common Stock,NYSE,0,,nasdaqtrader
GUAC,Berto Acquisition Corp. II - Ordinary Shares,Nasdaq,0,,nasdaqtrader
GUACU,Berto Acquisition Corp. II - Units,Nasdaq,0,,nasdaqtrader
GUACW,Berto Acquisition Corp. II - Warrants,Nasdaq,0,,nasdaqtrader
GUG,Guggenheim Active Allocation Fund Common Shares of Beneficial Interest,NYSE,0,,nasdaqtrader
GUMI,Goldman Sachs Ultra Short Municipal Income ETF,NYSE Arca,1,,nasdaqtrader
GUNR,Northern Trust Morningstar Global Upstream Natural Resources ETF,NYSE Arca,1,,nasdaqtrader
GURE,"Gulf Resources, Inc. - Common Stock",Nasdaq,0,,nasdaqtrader
GURU,Global X Guru Index ETF,NYSE Arca,1,,nasdaqtrader
GUSA,Goldman Sachs MarketBeta U.S. 1000 Equity ETF,NYSE Arca,1,,nasdaqtrader
GUSE,Goldman Sachs Enhanced U.S. Equity ETF,Nasdaq,1,,nasdaqtrader
GUSH,Direxion Daily S&P Oil & Gas Exp. & Prod. Bull 2X ETF,NYSE Arca,1,,nasdaqtrader
GUT,Gabelli Utility Trust (The) Common Stock,NYSE,0,,nasdaqtrader
GUTS,"Fractyl Health, Inc. - Common Stock",Nasdaq,0,,nasdaqtrader
GVA,Granite Construction Incorporated Common Stock,NYSE,0,,nasdaqtrader
GVAL,Cambria Global Value ETF,Cboe BZX,1,,nasdaqtrader
GVH,Globavend Holdings Limited - Ord Shares,Nasdaq,0,,nasdaqtrader
GVI,iShares Intermediate Government/Credit Bond ETF,Cboe BZX,1,,nasdaqtrader
GVIP,Goldman Sachs Hedge Industry VIP ETF,NYSE Arca,1,,nasdaqtrader
GVLE,Goldman Sachs Value Opportunities ETF,Nasdaq,1,,nasdaqtrader
GVLU,Gotham 1000 Value ETF,NYSE Arca,1,,nasdaqtrader
GVUS,Goldman Sachs MarketBeta Russell 1000 Value Equity ETF,NYSE Arca,1,,nasdaqtrader
GWAV,"Greenwave Technology Solutions, Inc. - Common Stock",Nasdaq,0,,nasdaqtrader
GWH,"ESS Tech, Inc. Common Stock",NYSE,0,,nasdaqtrader
GWRE,"Guidewire Software, Inc. Common Stock",NYSE,0,,nasdaqtrader
GWRS,"Global Water Resources, Inc. - common stock",Nasdaq,0,,nasdaqtrader
GWW,"W.W. Grainger, Inc. Common Stock",NYSE,0,,nasdaqtrader
GWX,State Street SPDR S&P International Small Cap ETF,NYSE Arca,1,,nasdaqtrader
GXAI,Gaxos.ai Inc. - Common Stock,Nasdaq,0,,nasdaqtrader
GXC,State Street SPDR S&P China ETF,NYSE Arca,1,,nasdaqtrader
GXDW,Global X Dorsey Wright Thematic ETF,Nasdaq,1,,nasdaqtrader
GXIG,Global X Investment Grade Corporate Bond ETF,NYSE Arca,1,,nasdaqtrader
GXLC,Global X U.S. 500 ETF,NYSE Arca,1,,nasdaqtrader
GXO,"GXO Logistics, Inc. Common Stock",NYSE,0,,nasdaqtrader
GXPC,Global X PureCap MSCI Communication Services ETF,NYSE Arca,1,,nasdaqtrader
GXPD,Global X PureCap MSCI Consumer Discretionary ETF,NYSE Arca,1,,nasdaqtrader
GXPE,Global X PureCap MSCI Energy ETF,NYSE Arca,1,,nasdaqtrader
GXPS,Global X PureCap MSCI Consumer Staples ETF,NYSE Arca,1,,nasdaqtrader
GXPT,Global X PureCap MSCI Information Technology ETF,NYSE Arca,1,,nasdaqtrader
GXRP,Grayscale XRP Trust ETF,NYSE Arca,1,,nasdaqtrader
GXUS,Goldman Sachs MarketBeta Total International Equity ETF,NYSE Arca,1,,nasdaqtrader
GYGY,"Game Your Game, Inc. - Common Stock",Nasdaq,0,,nasdaqtrader
GYLD,Arrow Dow Jones Global Yield ETF ETF,NYSE,1,,nasdaqtrader
GYRE,"Gyre Therapeutics, Inc. - Common Stock",Nasdaq,0,,nasdaqtrader
GYRO,"Gyrodyne , LLC - Common Stock",Nasdaq,0,,nasdaqtrader
H,Hyatt Hotels Corporation Class A Common Stock,NYSE,0,,nasdaqtrader
HACK,Amplify Cybersecurity ETF,NYSE Arca,1,,nasdaqtrader
HACQ,HCM IV Acquisition Corp. - Class A Ordinary Share,Nasdaq,0,,nasdaqtrader
HACQU,HCM IV Acquisition Corp. - Unit,Nasdaq,0,,nasdaqtrader
HACQW,HCM IV Acquisition Corp. - Warrants,Nasdaq,0,,nasdaqtrader
HAE,Haemonetics Corporation Common Stock,NYSE,0,,nasdaqtrader
HAFC,Hanmi Financial Corporation - Common Stock,Nasdaq,0,,nasdaqtrader
HAFN,Hafnia Limited Common Shares,NYSE,0,,nasdaqtrader
HAIL,State Street SPDR S&P Kensho Smart Mobility ETF,NYSE Arca,1,,nasdaqtrader
HAIN,"The Hain Celestial Group, Inc. - Common Stock",Nasdaq,0,,nasdaqtrader
HAKY,Amplify HACK Cybersecurity Covered Call ETF,NYSE Arca,1,,nasdaqtrader
HAL,Halliburton Company Common Stock,NYSE,0,,nasdaqtrader
HALO,"Halozyme Therapeutics, Inc. - Common Stock",Nasdaq,0,,nasdaqtrader
HALX,Tuttle Capital Heavy Assets Low Obsolescence ETF,Cboe BZX,1,,nasdaqtrader
HAO,Haoxi Health Technology Limited - Class A Ord Share,Nasdaq,0,,nasdaqtrader
HAP,VanEck Natural Resources ETF,NYSE Arca,1,,nasdaqtrader
HAPI,Harbor Human Capital Factor US Large Cap ETF,NYSE Arca,1,,nasdaqtrader
HAPN,"Happen, Inc. - Common Stock",Nasdaq,0,,nasdaqtrader
HAPS,Harbor Human Capital Factor US Small Cap ETF,NYSE Arca,1,,nasdaqtrader
HARD,Simplify Commodities Strategy No K-1 ETF,NYSE Arca,1,,nasdaqtrader
HAS,"Hasbro, Inc. - Common Stock",Nasdaq,0,,nasdaqtrader
HASI,"HA Sustainable Infrastructure Capital, Inc. Common Stock",NYSE,0,,nasdaqtrader
HAUG,Corgi U.S. Equities 100% Structured Buffer ETF - August Series,Cboe BZX,1,,nasdaqtrader
HAUS,Residential REIT ETF,Cboe BZX,1,,nasdaqtrader
HAUZ,Xtrackers International Real Estate ETF,NYSE Arca,1,,nasdaqtrader
HAVA,Harvard Ave Acquisition Corporation - Class A Ordinary Share,Nasdaq,0,,nasdaqtrader
HAVAR,Harvard Ave Acquisition Corporation - Rights that convert on a 1/10th of 1 basis to Class A ordinary Shares,Nasdaq,0,,nasdaqtrader
HAVAU,Harvard Ave Acquisition Corporation - Unit,Nasdaq,0,,nasdaqtrader
HAWG,HCM Hedged Equity ETF,NYSE Arca,1,,nasdaqtrader
HAWK,"HawkEye 360, Inc. Common Stock",NYSE,0,,nasdaqtrader
HAWX,iShares Currency Hedged MSCI ACWI ex U.S. ETF,NYSE Arca,1,,nasdaqtrader
HAYW,"Hayward Holdings, Inc. Common Stock",NYSE,0,,nasdaqtrader
HBAN,Huntington Bancshares Incorporated - Common Stock,Nasdaq,0,,nasdaqtrader
HBANL,"Huntington Bancshares Incorporated - Depositary Shares, Each Representing a 1/40th Interest in a Share of 6.875% Series J Non-Cumulative Perpetual Preferred Stock",Nasdaq,0,,nasdaqtrader
HBANM,Huntington Bancshares Incorporated - Depositary Shares each representing a 1/1000th interest in a share of Huntington Series I Preferred Stock,Nasdaq,0,,nasdaqtrader
HBANP,Huntington Bancshares Incorporated - Depositary Shares 4.500% Series H Non-Cumulative Perpetual Preferred Stock,Nasdaq,0,,nasdaqtrader
HBANZ,"Huntington Bancshares Incorporated - Depositary Shares, Each Representing a 1/1000th Interest in a Share of 5.50% Series L Non-Cumulative Perpetual Preferred Stock",Nasdaq,0,,nasdaqtrader
HBB,Hamilton Beach Brands Holding Company Class A Common Stock,NYSE,0,,nasdaqtrader
HBCP,"Home Bancorp, Inc. - Common Stock",Nasdaq,0,,nasdaqtrader
HBDC,Hilton BDC Corporate Bond ETF,Nasdaq,1,,nasdaqtrader
HBIL,Harbor Short Term Treasury ETF,NYSE Arca,1,,nasdaqtrader
HBIO,"Harvard Bioscience, Inc. - Common Stock",Nasdaq,0,,nasdaqtrader
HBIT,Hedgeye Hedged Bitcoin ETF,NYSE Arca,1,,nasdaqtrader
HBM,Hudbay Minerals Inc. Ordinary Shares (Canada),NYSE,0,,nasdaqtrader
HBMX,Tuttle Capital Concentrated Memory Stack ETF,Cboe BZX,1,,nasdaqtrader
HBNB,Hotel101 Global Holdings Corp. - Class A Ordinary Shares,Nasdaq,0,,nasdaqtrader
HBNC,"Horizon Bancorp, Inc. - Common Stock",Nasdaq,0,,nasdaqtrader
HBR,Canary HBAR ETF,Nasdaq,1,,nasdaqtrader
HBRD,Invesco U.S. Hybrid Bond ETF,NYSE Arca,1,,nasdaqtrader
HBT,"HBT Financial, Inc. - Common Stock",Nasdaq,0,,nasdaqtrader
HBTA,Horizon Expedition Plus ETF,NYSE Arca,1,,nasdaqtrader
HBTC,Fortuna Hedged Bitcoin ETF,Cboe BZX,1,,nasdaqtrader
HCA,"HCA Healthcare, Inc. Common Stock",NYSE,0,,nasdaqtrader
HCAC,Hall Chadwick Acquisition Corp. - Class A Ordinary Shares,Nasdaq,0,,nasdaqtrader
HCACR,Hall Chadwick Acquisition Corp. - Rights,Nasdaq,0,,nasdaqtrader
HCACU,Hall Chadwick Acquisition Corp. - Unit,Nasdaq,0,,nasdaqtrader
HCAI,"Huachen AI Parking Management Technology Holding Co., Ltd. - Class A Ordinary Shares",Nasdaq,0,,nasdaqtrader
HCAT,"Health Catalyst, Inc - Common stock",Nasdaq,0,,nasdaqtrader
HCC,"Warrior Met Coal, Inc. Common Stock",NYSE,0,,nasdaqtrader
HCHL,Happy City Holdings Limited - Class A Ordinary shares,Nasdaq,0,,nasdaqtrader
HCI,"HCI Group, Inc. Common Stock",NYSE,0,,nasdaqtrader
HCIC,Hennessy Capital Investment Corp. VIII - Class A Ordinary Shares,Nasdaq,0,,nasdaqtrader
HCICR,Hennessy Capital Investment Corp. VIII - Share Rights,Nasdaq,0,,nasdaqtrader
HCICU,Hennessy Capital Investment Corp. VIII - Units,Nasdaq,0,,nasdaqtrader
HCKT,"The Hackett Group, Inc. - Common Stock",Nasdaq,0,,nasdaqtrader
HCM,HUTCHMED (China) Limited - American Depositary Shares,Nasdaq,0,,nasdaqtrader
HCMA,HCM III Acquisition Corp. - Class A Ordinary Share,Nasdaq,0,,nasdaqtrader
HCMAU,HCM III Acquisition Corp. - Units,Nasdaq,0,,nasdaqtrader
HCMAW,HCM III Acquisition Corp. - Warrants,Nasdaq,0,,nasdaqtrader
HCMT,Direxion HCM Tactical Enhanced US ETF,NYSE Arca,1,,nasdaqtrader
HCOW,Amplify COWS Covered Call ETF,Nasdaq,1,,nasdaqtrader
HCRB,Hartford Core Bond ETF,Cboe BZX,1,,nasdaqtrader
HCSG,"Healthcare Services Group, Inc. - Common Stock",Nasdaq,0,,nasdaqtrader
HCTI,"Healthcare Triangle, Inc. - Common Stock",Nasdaq,0,,nasdaqtrader
HCWB,HCW Biologics Inc. - Common Stock,Nasdaq,0,,nasdaqtrader
HCXY,"Hercules Capital, Inc. 6.25% Notes due 2033",NYSE,0,,nasdaqtrader
HD,"Home Depot, Inc. (The) Common Stock",NYSE,0,,nasdaqtrader
HDB,HDFC Bank Limited Common Stock,NYSE,0,,nasdaqtrader
HDEF,Xtrackers MSCI EAFE High Dividend Yield Equity ETF,NYSE Arca,1,,nasdaqtrader
HDG,ProShares Hedge Replication ETF,NYSE Arca,1,,nasdaqtrader
HDGE,Ranger Equity Bear Bear ETF,NYSE Arca,1,,nasdaqtrader
HDL,SUPER HI INTERNATIONAL HOLDING LTD. - American Depositary Shares,Nasdaq,0,,nasdaqtrader
HDLB,"ETRACS Monthly Pay 2xLeveraged US High Dividend Low Volatility ETN Series B due September 30, 2044",NYSE Arca,1,,nasdaqtrader
HDMV,First Trust Horizon Managed Volatility Developed International ETF,NYSE Arca,1,,nasdaqtrader
HDRN,"Hadron Energy, Inc. - Common Stock",Nasdaq,0,,nasdaqtrader
HDRNW,"Hadron Energy, Inc. - Warrant",Nasdaq,0,,nasdaqtrader
HDSN,"Hudson Technologies, Inc. - Common Stock",Nasdaq,0,,nasdaqtrader
HDUS,Hartford Disciplined US Equity ETF,NYSE Arca,1,,nasdaqtrader
HDV,iShares Core High Dividend ETF,NYSE Arca,1,,nasdaqtrader
HE,"Hawaiian Electric Industries, Inc. Common Stock",NYSE,0,,nasdaqtrader
HEAL,Global X HealthTech ETF,Nasdaq,1,,nasdaqtrader
HECA,Hedgeye Capital Allocation ETF,NYSE Arca,1,,nasdaqtrader
HECO,State Street Galaxy Hedged Digital Asset Ecosystem ETF,Nasdaq,1,,nasdaqtrader
HEDG,Equable Shares Hedged Equity ETF,NYSE Arca,1,,nasdaqtrader
HEDJ,WisdomTree Europe Hedged Equity Fund,NYSE Arca,1,,nasdaqtrader
HEEM,iShares Currency Hedged MSCI Emerging Markets ETF,Cboe BZX,1,,nasdaqtrader
HEFA,iShares Currency Hedged MSCI EAFE ETF,Cboe BZX,1,,nasdaqtrader
HEFT,Hedgeye Fourth Turning ETF,NYSE Arca,1,,nasdaqtrader
HEGD,Swan Hedged Equity US Large Cap ETF,Cboe BZX,1,,nasdaqtrader
HEI,Heico Corporation Common Stock,NYSE,0,,nasdaqtrader
HEI.A,Heico Corporation Common Stock,NYSE,0,,nasdaqtrader
HELE,Helen of Troy Limited - Common Stock,Nasdaq,0,,nasdaqtrader
HELO,JPMorgan Hedged Equity Laddered Overlay ETF,NYSE Arca,1,,nasdaqtrader
HELP,Helus Pharma Inc.  - Common Stock,Nasdaq,0,,nasdaqtrader
HELS,Hedgeye 130/30 Equity ETF,NYSE Arca,1,,nasdaqtrader
HELX,Franklin Genomic Advancements ETF,Cboe BZX,1,,nasdaqtrader
HEMI,Hartford Equity Premium Income ETF,Cboe BZX,1,,nasdaqtrader
HEPS,D-Market Electronic Services & Trading - American Depositary Shares,Nasdaq,0,,nasdaqtrader
HEQ,John Hancock Diversified Income Fund Common Shares of Beneficial Interest,NYSE,0,,nasdaqtrader
HEQQ,JPMorgan Nasdaq Hedged Equity Laddered Overlay ETF,Nasdaq,1,,nasdaqtrader
HEQT,Simplify Hedged Equity ETF,NYSE Arca,1,,nasdaqtrader
HERD,Pacer Cash Cows Fund of Funds ETF,Nasdaq,1,,nasdaqtrader
HERE,Here Group Limited - American Depositary Shares,Nasdaq,0,,nasdaqtrader
HERO,Global X Video Games & Esports ETF,Nasdaq,1,,nasdaqtrader
HERZ,"Herzfeld Credit Income Fund, Inc.  - Closed End Fund",Nasdaq,0,,nasdaqtrader
HESM,Hess Midstream LP Class A Representing Limited Partner Interests,NYSE,0,,nasdaqtrader
HEWJ,iShares Currency Hedged MSCI Japan ETF,NYSE Arca,1,,nasdaqtrader
HEZU,iShares Currency Hedged MSCI Eurozone ETF,NYSE Arca,1,,nasdaqtrader
HF,DGA Core Plus Absolute Return ETF,NYSE,1,,nasdaqtrader
HFBL,"Home Federal Bancorp, Inc. of Louisiana - Common Stock",Nasdaq,0,,nasdaqtrader
HFEQ,Unlimited HFEQ Equity Long/Short ETF,NYSE,1,,nasdaqtrader
HFFG,HF Foods Group Inc. - Common Stock,Nasdaq,0,,nasdaqtrader
HFGM,Unlimited HFGM Global Macro ETF,NYSE,1,,nasdaqtrader
HFGO,Hartford Large Cap Growth ETF,Cboe BZX,1,,nasdaqtrader
HFMF,Unlimited HFMF Managed Futures ETF,NYSE,1,,nasdaqtrader
HFND,Unlimited HFND Multi-Strategy Return Tracker ETF,NYSE,1,,nasdaqtrader
HFRO,Highland Opportunities and Income Fund Common Shares of Beneficial Interest,NYSE,0,,nasdaqtrader
HFSI,Hartford Strategic Income ETF,Cboe BZX,1,,nasdaqtrader
HFSP,TradersAI Large Cap Equity & Cash ETF,Nasdaq,1,,nasdaqtrader
HFWA,Heritage Financial Corporation - Common Stock,Nasdaq,0,,nasdaqtrader
HFXI,NYLIM FTSE International Equity Currency Neutral ETF,NYSE Arca,1,,nasdaqtrader
HG,"Hamilton Insurance Group, Ltd. Class B Common Shares",NYSE,0,,nasdaqtrader
HGBL,Heritage Global Inc. - Common Stock,Nasdaq,0,,nasdaqtrader
HGER,Harbor Commodity All-Weather Strategy ETF,NYSE,1,,nasdaqtrader
HGLB,Highland Global Allocation Fund Common Stock,NYSE,0,,nasdaqtrader
HGRO,Hedgeye Quality Growth ETF,NYSE Arca,1,,nasdaqtrader
HGTY,"Hagerty, Inc. Class A Common Stock",NYSE,0,,nasdaqtrader
HGV,Hilton Grand Vacations Inc. Common Stock,NYSE,0,,nasdaqtrader
HHH,Howard Hughes Holdings Inc. Common Stock,NYSE,0,,nasdaqtrader
HHS,"Harte Hanks, Inc. - Common Stock",Nasdaq,0,,nasdaqtrader
HIAI,Ai Funds High Conviction US Equity AI-Managed ETF,Cboe BZX,1,,nasdaqtrader
HIBL,Direxion Daily S&P 500 High Beta Bull 3X ETF,NYSE Arca,1,,nasdaqtrader
HIBS,Direxion Daily S&P 500 High Beta Bear 3X ETF,NYSE Arca,1,,nasdaqtrader
HIDE,Alpha Architect High Inflation and Deflation ETF,Nasdaq,1,,nasdaqtrader
HIDV,AB US High Dividend ETF,NYSE Arca,1,,nasdaqtrader
HIFS,Hingham Institution for Savings - Common Stock,Nasdaq,0,,nasdaqtrader
HIG,"The Hartford Insurance Group, Inc. Common Stock",NYSE,0,,nasdaqtrader
HIGH,Simplify Enhanced Income ETF,NYSE Arca,1,,nasdaqtrader
HIHO,Highway Holdings Limited - Common Stock,Nasdaq,0,,nasdaqtrader
HII,"Huntington Ingalls Industries, Inc. Common Stock",NYSE,0,,nasdaqtrader
HIMC,Corgi HIMS 2x Daily ETF,Cboe BZX,1,,nasdaqtrader
HIMS,"Hims & Hers Health, Inc. Class A Common Stock",NYSE,0,,nasdaqtrader
HIMU,iShares High Yield Muni Active ETF,Cboe BZX,1,,nasdaqtrader
HIMX,"Himax Technologies, Inc. - American depositary shares, each of which represents two ordinary shares.",Nasdaq,0,,nasdaqtrader
HIMZ,Defiance Daily Target 2X Long HIMS ETF,Nasdaq,1,,nasdaqtrader
HIND,"Vyome Holdings, Inc. - Common Stock",Nasdaq,0,,nasdaqtrader
HIO,"Western Asset High Income Opportunity Fund, Inc. Common Stock",NYSE,0,,nasdaqtrader
HIPO,Hippo Holdings Inc. Common Stock,NYSE,0,,nasdaqtrader
HIPS,GraniteShares HIPS US High Income ETF,NYSE Arca,1,,nasdaqtrader
HIS,Humilis US Focused Opportunities ETF,Nasdaq,1,,nasdaqtrader
HISF,First Trust High Income Strategic Focus ETF,Nasdaq,1,,nasdaqtrader
HIT,"Health In Tech, Inc. - Class A Common Stock",Nasdaq,0,,nasdaqtrader
HITI,High Tide Inc. - Common Shares,Nasdaq,0,,nasdaqtrader
HIVE,HIVE Digital Technologies Ltd - Common Shares,Nasdaq,0,,nasdaqtrader
HIW,"Highwoods Properties, Inc. Common Stock",NYSE,0,,nasdaqtrader
HIX,Western Asset High Income Fund II Inc. Common Stock,NYSE,0,,nasdaqtrader
HIYY,YieldMax HIMS Option Income Strategy ETF,NYSE Arca,1,,nasdaqtrader
HJLY,Corgi U.S. Equities 100% Structured Buffer ETF - July Series,Cboe BZX,1,,nasdaqtrader
HJUN,Corgi U.S. Equities 100% Structured Buffer ETF - June Series,Cboe BZX,1,,nasdaqtrader
HKD,AMTD Digital Inc. American Depositary Shares (every five of which represent two Class A Ordinary Shares),NYSE,0,,nasdaqtrader
HKIT,Hitek Global Inc. - Class A Ordinary Share,Nasdaq,0,,nasdaqtrader
HKPD,"Cellyan Biotechnology Co., Ltd  - Class A Ordinary Shares",Nasdaq,0,,nasdaqtrader
HL,Hecla Mining Company Common Stock,NYSE,0,,nasdaqtrader
HLAL,Wahed FTSE USA Shariah ETF,Nasdaq,1,,nasdaqtrader
HLF,Herbalife Ltd. Common Shares,NYSE,0,,nasdaqtrader
HLI,"Houlihan Lokey, Inc. Class A Common Stock",NYSE,0,,nasdaqtrader
HLIO,"Helios Technologies, Inc. Common Stock",NYSE,0,,nasdaqtrader
HLIT,Harmonic Inc. - Common Stock,Nasdaq,0,,nasdaqtrader
HLLY,Holley Inc. Common Stock,NYSE,0,,nasdaqtrader
HLMN,Hillman Solutions Corp. - Common Stock,Nasdaq,0,,nasdaqtrader
HLN,Haleon plc American Depositary Shares (Each representing two Ordinary Shares),NYSE,0,,nasdaqtrader
HLNE,Hamilton Lane Incorporated - Class A Common Stock,Nasdaq,0,,nasdaqtrader
HLP,Hongli Group Inc. - Class A Ordinary Shares,Nasdaq,0,,nasdaqtrader
HLSQ,Tessera Defense and Homeland Security Inc. Common Stock,NYSE American,0,,nasdaqtrader
HLT,Hilton Worldwide Holdings Inc. Common Stock,NYSE,0,,nasdaqtrader
HLTH,Tema Healthcare AI ETF,Nasdaq,1,,nasdaqtrader
HLXC,Helix Acquisition Corp. III - Class A Ordinary Shares,Nasdaq,0,,nasdaqtrader
HMAY,Corgi U.S. Equities 100% Structured Buffer ETF - May Series,Cboe BZX,1,,nasdaqtrader
HMC,"Honda Motor Company, Ltd. Common Stock",NYSE,0,,nasdaqtrader
HMH,HMH Holding Inc. - Common Stock,Nasdaq,0,,nasdaqtrader
HMN,Horace Mann Educators Corporation Common Stock,NYSE,0,,nasdaqtrader
HMOP,Hartford Municipal Opportunities ETF,NYSE Arca,1,,nasdaqtrader
HMR,Heidmar Maritime Holdings Corp. - Common Stock,Nasdaq,0,,nasdaqtrader
HMY,Harmony Gold Mining Company Limited,NYSE,0,,nasdaqtrader
HMYY,GraniteShares YieldBoost HIMS ETF,Nasdaq,1,,nasdaqtrader
HNDL,Strategy Shares Nasdaq 7HANDL Index ETF,Nasdaq,1,,nasdaqtrader
HNGE,"Hinge Health, Inc. Class A Common Stock",NYSE,0,,nasdaqtrader
HNI,HNI Corporation Common Stock,NYSE,0,,nasdaqtrader
HNNA,"Hennessy Advisors, Inc. - Common Stock",Nasdaq,0,,nasdaqtrader
HNRG,Hallador Energy Company - Common Stock,Nasdaq,0,,nasdaqtrader
HNST,"The Honest Company, Inc. - Common Stock",Nasdaq,0,,nasdaqtrader
HNVR,"Hanover Bancorp, Inc. - Common Stock",Nasdaq,0,,nasdaqtrader
HODL,VanEck Bitcoin Trust,Cboe BZX,1,,nasdaqtrader
HODO,House of Doge Inc. - Common Stock,Nasdaq,0,,nasdaqtrader
HODU,Direxion Daily HOOD Bull 2X ETF,Nasdaq,1,,nasdaqtrader
HOFT,Hooker Furnishings Corporation - Common Stock,Nasdaq,0,,nasdaqtrader
HOG,"Harley-Davidson, Inc. Common Stock",NYSE,0,,nasdaqtrader
HOLA,JPMorgan International Hedged Equity Laddered Overlay ETF,NYSE Arca,1,,nasdaqtrader
HOLD,Harbor Alpha Layering ETF,NYSE Arca,1,,nasdaqtrader
HOLO,MicroCloud Hologram Inc. - Ordinary Shares,Nasdaq,0,,nasdaqtrader
HOLOW,MicroCloud Hologram Inc. - Warrant,Nasdaq,0,,nasdaqtrader
HOMB,"Home BancShares, Inc. Common Stock",NYSE,0,,nasdaqtrader
HOMZ,Hoya Capital Housing ETF,NYSE Arca,1,,nasdaqtrader
HON,Honeywell International Inc. - Common Stock,Nasdaq,0,,nasdaqtrader
HONA,Honeywell Aerospace Inc. - Common Stock,Nasdaq,0,,nasdaqtrader
HONG,Leverage Shares 2X Long HON Daily ETF,Cboe BZX,1,,nasdaqtrader
HOOC,Corgi HOOD 2x Daily ETF,Cboe BZX,1,,nasdaqtrader
HOOD,"Robinhood Markets, Inc. - Class A Common Stock",Nasdaq,0,,nasdaqtrader
HOOG,Leverage Shares 2X Long HOOD Daily ETF,Nasdaq,1,,nasdaqtrader
HOOW,Roundhill HOOD WeeklyPay ETF,Cboe BZX,1,,nasdaqtrader
HOOX,Defiance Daily Target 2X Long HOOD ETF,Nasdaq,1,,nasdaqtrader
HOOY,YieldMax HOOD Option Income Strategy ETF,NYSE Arca,1,,nasdaqtrader
HOPE,"Hope Bancorp, Inc. - Common Stock",Nasdaq,0,,nasdaqtrader
HOS,"Hornbeck Offshore Services, Inc. Common Stock",NYSE,0,,nasdaqtrader
HOST,Host Digital Inc. Class A Common Stock,NYSE American,0,,nasdaqtrader
HOUR,"Hour Loop, Inc. - common stock",Nasdaq,0,,nasdaqtrader
HOV,"Hovnanian Enterprises, Inc. Class A Common Stock",NYSE,0,,nasdaqtrader
HOVNP,Hovnanian Enterprises Inc - Depositary Share representing 1/1000th of 7.625% Series A Preferred Stock,Nasdaq,0,,nasdaqtrader
HOVR,New Horizon Aircraft Ltd. - Class A Ordinary Shares,Nasdaq,0,,nasdaqtrader
HOVRW,New Horizon Aircraft Ltd. - Warrant,Nasdaq,0,,nasdaqtrader
HOWL,"Werewolf Therapeutics, Inc. - Common Stock",Nasdaq,0,,nasdaqtrader
HOYY,GraniteShares YieldBOOST HOOD ETF,Nasdaq,1,,nasdaqtrader
HP,"Helmerich & Payne, Inc. Common Stock",NYSE,0,,nasdaqtrader
HPAI,Helport AI Limited - Ordinary Shares,Nasdaq,0,,nasdaqtrader
HPAIW,Helport AI Limited - Warrants,Nasdaq,0,,nasdaqtrader
HPE,Hewlett Packard Enterprise Company Common Stock,NYSE,0,,nasdaqtrader
HPEL,Leverage Shares 2X Long HPE Daily ETF,Cboe BZX,1,,nasdaqtrader
HPF,John Hancock Pfd Income Fund II Pfd Income Fund II,NYSE,0,,nasdaqtrader
HPI,John Hancock Preferred Income Fund Common Shares of Beneficial Interest,NYSE,0,,nasdaqtrader
HPK,"HighPeak Energy, Inc. - Common Stock",Nasdaq,0,,nasdaqtrader
HPP,"Hudson Pacific Properties, Inc. Common Stock",NYSE,0,,nasdaqtrader
HPQ,HP Inc. Common Stock,NYSE,0,,nasdaqtrader
HPS,John Hancock Preferred Income Fund III Preferred Income Fund III,NYSE,0,,nasdaqtrader
HQ,Horizon Quantum Holdings Ltd. - Class A Ordinary Shares,Nasdaq,0,,nasdaqtrader
HQDG,Raub Brock Dividend Growth ETF,Nasdaq,1,,nasdaqtrader
HQGO,Hartford US Quality Growth ETF,Nasdaq,1,,nasdaqtrader
HQH,abrdn Healthcare Investors Shares of Beneficial Interest,NYSE,0,,nasdaqtrader
HQI,"HireQuest, Inc. - Common Stock",Nasdaq,0,,nasdaqtrader
HQL,abrdn Life Sciences Investors Shares of Beneficial Interest,NYSE,0,,nasdaqtrader
HQWWW,Horizon Quantum Holdings Ltd. - Warrant,Nasdaq,0,,nasdaqtrader
HQY,"HealthEquity, Inc. - Common Stock",Nasdaq,0,,nasdaqtrader
HR,Healthcare Realty Trust Incorporated Common Stock,NYSE,0,,nasdaqtrader
HRB,"H&R Block, Inc. Common Stock",NYSE,0,,nasdaqtrader
HRI,Herc Holdings Inc. Common Stock,NYSE,0,,nasdaqtrader
HRL,Hormel Foods Corporation Common Stock,NYSE,0,,nasdaqtrader
HRMY,"Harmony Biosciences Holdings, Inc. - Common Stock",Nasdaq,0,,nasdaqtrader
HROW,"Harrow, Inc. - Common Stock",Nasdaq,0,,nasdaqtrader
HRSK,Toews Agility Shares Hedged Risk ETF,NYSE Arca,1,,nasdaqtrader
HRTG,"Heritage Insurance Holdings, Inc. Common Stock",NYSE,0,,nasdaqtrader
HRTS,Tema Heart & Health ETF,Nasdaq,1,,nasdaqtrader
HRTX,"Heron Therapeutics, Inc.   - Common Stock",Nasdaq,0,,nasdaqtrader
HRZN,Horizon Technology Finance Corporation - Common Stock,Nasdaq,0,,nasdaqtrader
HSAI,Hesai Group - American Depositary Share,Nasdaq,0,,nasdaqtrader
HSBC,"HSBC Holdings, plc. Common Stock",NYSE,0,,nasdaqtrader
HSBH,HSBC Holdings plc ADRhedged,NYSE Arca,1,,nasdaqtrader
HSCS,HeartSciences Inc. - Common Stock,Nasdaq,0,,nasdaqtrader
HSCSW,HeartSciences Inc. - Warrant,Nasdaq,0,,nasdaqtrader
HSCZ,iShares Currency Hedged MSCI EAFE Small-Cap ETF,NYSE Arca,1,,nasdaqtrader
HSDT,Solana Company - Class A Common Stock,Nasdaq,0,,nasdaqtrader
HSEP,Corgi U.S. Equities 100% Structured Buffer ETF - September Series,Cboe BZX,1,,nasdaqtrader
HSHP,Himalaya Shipping Ltd. Common Shares,NYSE,0,,nasdaqtrader
HSIC,"Henry Schein, Inc. - Common Stock",Nasdaq,0,,nasdaqtrader
HSLV,Highlander Silver Corp. Common Shares,NYSE American,0,,nasdaqtrader
HSMV,First Trust Horizon Managed Volatility Small/Mid ETF,NYSE Arca,1,,nasdaqtrader
HST,"Host Hotels & Resorts, Inc. - Common Stock",Nasdaq,0,,nasdaqtrader
HSTM,"HealthStream, Inc. - Common Stock",Nasdaq,0,,nasdaqtrader
HSY,The Hershey Company Common Stock,NYSE,0,,nasdaqtrader
HTAB,Hartford Schroders Tax-Aware Bond ETF,NYSE Arca,1,,nasdaqtrader
HTAX,Nomura National High-Yield Municipal Bond ETF,NYSE Arca,1,,nasdaqtrader
HTB,"HomeTrust Bancshares, Inc. Common Stock",NYSE,0,,nasdaqtrader
HTCO,High-Trend International Group - Class A Ordinary Shares,Nasdaq,0,,nasdaqtrader
HTCR,"Heartcore Enterprises, Inc. - Common Stock",Nasdaq,0,,nasdaqtrader
HTD,John Hancock Tax Advantaged Dividend Income Fund Common Shares of Beneficial Interest,NYSE,0,,nasdaqtrader
HTEC,ROBO Global Healthcare Technology and Innovation ETF,NYSE Arca,1,,nasdaqtrader
HTFC,Horizon Technology Finance Corporation 6.25% Notes due 2027,NYSE,0,,nasdaqtrader
HTFL,"Heartflow, Inc. - Common Stock",Nasdaq,0,,nasdaqtrader
HTGC,"Hercules Capital, Inc. Common Stock",NYSE,0,,nasdaqtrader
HTH,Hilltop Holdings Inc.,NYSE,0,,nasdaqtrader
HTHT,H World Group Limited - American Depositary Shares,Nasdaq,0,,nasdaqtrader
HTLD,"Heartland Express, Inc. - Common Stock",Nasdaq,0,,nasdaqtrader
HTLM,HomesToLife Ltd - Ordinary Shares,Nasdaq,0,,nasdaqtrader
HTO,H2O America  - Common Stock,Nasdaq,0,,nasdaqtrader
HTOO,Fusion Fuel Green PLC - Ordinary Shares,Nasdaq,0,,nasdaqtrader
HTRB,Hartford Total Return Bond ETF,NYSE Arca,1,,nasdaqtrader
HTT,"High Templar Tech Limited American depositary shares, each representing one Class A ordinary share",NYSE,0,,nasdaqtrader
HTUS,Hull Tactical US ETF,Cboe BZX,1,,nasdaqtrader
HTZ,"Hertz Global Holdings, Inc - Common Stock",Nasdaq,0,,nasdaqtrader
HTZWW,"Hertz Global Holdings, Inc - Warrant",Nasdaq,0,,nasdaqtrader
HUBB,Hubbell Inc Common Stock,NYSE,0,,nasdaqtrader
HUBC,Hub Cyber Security Ltd. - Ordinary Shares,Nasdaq,0,,nasdaqtrader
HUBCW,Hub Cyber Security Ltd. - Warrant expiring 2/27/28,Nasdaq,0,,nasdaqtrader
HUBCZ,Hub Cyber Security Ltd. - Warrant,Nasdaq,0,,nasdaqtrader
HUBG,"Hub Group, Inc. - Class A Common Stock",Nasdaq,0,,nasdaqtrader
HUBS,"HubSpot, Inc. Common Stock",NYSE,0,,nasdaqtrader
HUCK,"Huckleberry.ai, Inc. - Class B Common Stock",Nasdaq,0,,nasdaqtrader
HUDI,"Huadi International Group Co., Ltd. - Ordinary Shares",Nasdaq,0,,nasdaqtrader
HUHU,HUHUTECH International Group Inc. - Ordinary Shares,Nasdaq,0,,nasdaqtrader
HUIZ,Huize Holding Limited - American Depositary Shares,Nasdaq,0,,nasdaqtrader
HULL,Corgi Shipping & Global Logistics ETF,Cboe BZX,1,,nasdaqtrader
HUM,Humana Inc. Common Stock,NYSE,0,,nasdaqtrader
HUMA,"Humacyte, Inc. - Common Stock",Nasdaq,0,,nasdaqtrader
HUMM,800VDC AI Datacenter Ecosystem ETF,NYSE Arca,1,,nasdaqtrader
HUMN,Roundhill Humanoid Robotics ETF,Cboe BZX,1,,nasdaqtrader
HUN,Huntsman Corporation Common Stock,NYSE,0,,nasdaqtrader
HURA,"TuHURA Biosciences, Inc. - Common Stock",Nasdaq,0,,nasdaqtrader
HURC,"Hurco Companies, Inc. - Common Stock",Nasdaq,0,,nasdaqtrader
HURN,Huron Consulting Group Inc. - Common Stock,Nasdaq,0,,nasdaqtrader
HUSV,First Trust Horizon Managed Volatility Domestic ETF,NYSE Arca,1,,nasdaqtrader
HUT,Hut 8 Corp. - Common Stock,Nasdaq,0,,nasdaqtrader
HUTG,Leverage Shares 2X Long HUT Daily ETF,Nasdaq,1,,nasdaqtrader
HUYA,"HUYA Inc. American depositary shares, each  representing one Class A ordinary share",NYSE,0,,nasdaqtrader
HVAC,AdvisorShares HVAC and Industrials ETF,NYSE Arca,1,,nasdaqtrader
HVMC,Highview Merger Corp. - Class A Ordinary Share,Nasdaq,0,,nasdaqtrader
HVMCU,Highview Merger Corp. - Units,Nasdaq,0,,nasdaqtrader
HVMCW,Highview Merger Corp. - Warrants,Nasdaq,0,,nasdaqtrader
HVT,"Haverty Furniture Companies, Inc. Common Stock",NYSE,0,,nasdaqtrader
HVT.A,"Haverty Furniture Companies, Inc. Common Stock",NYSE,0,,nasdaqtrader
HWBK,"Hawthorn Bancshares, Inc. - Common Stock",Nasdaq,0,,nasdaqtrader
HWC,Hancock Whitney Corporation - Common Stock,Nasdaq,0,,nasdaqtrader
HWCPZ,Hancock Whitney Corporation - 6.25% Subordinated Notes due 2060,Nasdaq,0,,nasdaqtrader
HWGV,Hotchkis & Wiley Global Value Fund,Nasdaq,1,,nasdaqtrader
HWIV,Hotchkis & Wiley International Value Fund,Nasdaq,1,,nasdaqtrader
HWKN,"Hawkins, Inc. - Common Stock",Nasdaq,0,,nasdaqtrader
HWM,Howmet Aerospace Inc. Common Stock,NYSE,0,,nasdaqtrader
HWMV,Hotchkis & Wiley Mid-Cap Value Fund,Nasdaq,1,,nasdaqtrader
HWO,Hotchkis & Wiley Opportunities Fund,Nasdaq,1,,nasdaqtrader
HWSM,Hotchkis & Wiley SMID Cap Diversified Value Fund,Nasdaq,1,,nasdaqtrader
HXA,Mast HedgeIndex Corporate Arbitrage ETF,NYSE Arca,1,,nasdaqtrader
HXC,Mast HedgeIndex Strategic Commodities ETF,NYSE Arca,1,,nasdaqtrader
HXE,Mast HedgeIndex Adaptive Equities ETF,NYSE Arca,1,,nasdaqtrader
HXF,Mast HedgeIndex Managed Futures Strategy ETF,NYSE Arca,1,,nasdaqtrader
HXHX,Haoxin Holdings Limited - Class A Ordinary Shares,Nasdaq,0,,nasdaqtrader
HXL,Hexcel Corporation Common Stock,NYSE,0,,nasdaqtrader
HY,"Hyster-Yale, Inc. Class A common stock",NYSE,0,,nasdaqtrader
HYAC.U,"Haymaker Acquisition Corp V Units, each consisting of one Class A ordinary share and one-third of one redeemable warrant",NYSE,0,,nasdaqtrader
HYBB,iShares BB Rated Corporate Bond ETF,NYSE Arca,1,,nasdaqtrader
HYBI,NEOS Enhanced Income Credit Select ETF,Nasdaq,1,,nasdaqtrader
HYBL,State Street Blackstone High Income ETF,Cboe BZX,1,,nasdaqtrader
HYBX,TCW High Yield Bond ETF,NYSE,1,,nasdaqtrader
HYD,VanEck High Yield Muni ETF,Cboe BZX,1,,nasdaqtrader
HYDB,iShares High Yield Systematic Bond ETF,Cboe BZX,1,,nasdaqtrader
HYDR,Global X Hydrogen ETF,Nasdaq,1,,nasdaqtrader
HYDW,Xtrackers Low Beta High Yield Bond ETF,NYSE Arca,1,,nasdaqtrader
HYEM,VanEck Emerging Markets High Yield Bond ETF,NYSE Arca,1,,nasdaqtrader
HYFI,AB High Yield ETF,NYSE Arca,1,,nasdaqtrader
HYFM,"Hydrofarm Holdings Group, Inc. - Common Stock",Nasdaq,0,,nasdaqtrader
HYFT,MindWalk Holdings Corp. - Common Stock,Nasdaq,0,,nasdaqtrader
HYG,iShares iBoxx $ High Yield Corporate Bond ETF,NYSE Arca,1,,nasdaqtrader
HYGD,MicroSectors -3x Short High Yield Corporate Bond (HYG) ETNs,Cboe BZX,1,,nasdaqtrader
HYGH,iShares Interest Rate Hedged High Yield Bond ETF,NYSE Arca,1,,nasdaqtrader
HYGM,Amplify HYG High Yield 10% Target Income ETF,Cboe BZX,1,,nasdaqtrader
HYGU,MicroSectors 3x Long High Yield Corporate Bond (HYG) ETNs,Cboe BZX,1,,nasdaqtrader
HYGV,Northern Trust High Yield Value-Scored Bond ETF,NYSE Arca,1,,nasdaqtrader
HYGW,iShares High Yield Corporate Bond BuyWrite Strategy ETF,Cboe BZX,1,,nasdaqtrader
HYHG,ProShares High Yield Interest Rate Hedged,Cboe BZX,1,,nasdaqtrader
HYI,Western Asset High Yield Opportunity Fund Inc. Common Stock,NYSE,0,,nasdaqtrader
HYIN,WisdomTree Private Credit and Alternative Income Fund,Cboe BZX,1,,nasdaqtrader
HYLB,Xtrackers USD High Yield Corporate Bond ETF,NYSE Arca,1,,nasdaqtrader
HYLN,Hyliion Holdings Corp. Class A Common Stock,NYSE American,0,,nasdaqtrader
HYLS,First Trust Tactical High Yield ETF,Nasdaq,1,,nasdaqtrader
HYMB,State Street SPDR Nuveen ICE High Yield Municipal Bond ETF,NYSE Arca,1,,nasdaqtrader
HYMC,Hycroft Mining Holding Corporation - Class A Common Stock,Nasdaq,0,,nasdaqtrader
HYNE,"Hoyne Bancorp, Inc. - Common Stock",Nasdaq,0,,nasdaqtrader
HYNX,T-REX 2X Long SKHY Daily Target ETF,NYSE Arca,1,,nasdaqtrader
HYP,Golden Eagle Dynamic Hypergrowth ETF,Nasdaq,1,,nasdaqtrader
HYPD,"Hyperion DeFi, Inc. - Common Stock",Nasdaq,0,,nasdaqtrader
HYPG,Grayscale Hyperliquid Staking ETF,Nasdaq,1,,nasdaqtrader
HYPR,"Hyperfine, Inc.  - Class A Common Stock",Nasdaq,0,,nasdaqtrader
HYS,PIMCO 0-5 Year High Yield Corporat Bond Index Exchange-Traded Fund,NYSE Arca,1,,nasdaqtrader
HYSA,BondBloxx High Yield Income ETF,NYSE Arca,1,,nasdaqtrader
HYSD,Columbia Short Duration High Yield ETF,NYSE Arca,1,,nasdaqtrader
HYT,"Blackrock Corporate High Yield Fund, Inc. Common Stock",NYSE,0,,nasdaqtrader
HYTI,FT Vest High Yield & Target Income ETF,NYSE Arca,1,,nasdaqtrader
HYTR,Counterpoint High Yield Trend ETF,NYSE,1,,nasdaqtrader
HYUP,Xtrackers High Beta High Yield Bond ETF,NYSE Arca,1,,nasdaqtrader
HYXF,iShares ESG Advanced High Yield Corporate Bond ETF,Nasdaq,1,,nasdaqtrader
HYZD,WisdomTree Interest Rate Hedged High Yield Bond Fund,Nasdaq,1,,nasdaqtrader
HZO,"MarineMax, Inc.  (FL) Common Stock",NYSE,0,,nasdaqtrader
IA,"Innovative Solutions and Support, Inc. - Common Stock",Nasdaq,0,,nasdaqtrader
IACL,GraniteShares US 100 Autocallable Income ETF,Cboe BZX,1,,nasdaqtrader
IACO,Idea Acquisition Corp. - Class A Ordinary Shares,Nasdaq,0,,nasdaqtrader
IACOU,Idea Acquisition Corp. - Units,Nasdaq,0,,nasdaqtrader
IACOW,Idea Acquisition Corp. - Warrants,Nasdaq,0,,nasdaqtrader
IACQ,Irenic Acquisition Corp. - Class A Ordinary Shares,Nasdaq,0,,nasdaqtrader
IACQU,Irenic Acquisition Corp. - Unit,Nasdaq,0,,nasdaqtrader
IACQW,Irenic Acquisition Corp. - Warrants,Nasdaq,0,,nasdaqtrader
IAE,Voya Asia Pacific High Dividend Equity Income Fund ING Asia Pacific High Dividend Equity Income Fund Common Shares of Beneficial Interest,NYSE,0,,nasdaqtrader
IAF,"abrdn Australia Equity Fund, Inc. Common Stock",NYSE American,0,,nasdaqtrader
IAG,Iamgold Corporation Ordinary Shares,NYSE,0,,nasdaqtrader
IAGG,iShares International Aggregate Bond Fund,Cboe BZX,1,,nasdaqtrader
IAI,iShares U.S. Broker-Dealers & Securities Exchanges ETF,NYSE Arca,1,,nasdaqtrader
IAK,iShares U.S. Insurance ETF,NYSE Arca,1,,nasdaqtrader
IALT,iShares Systematic Alternatives Active ETF,Nasdaq,1,,nasdaqtrader
IAPR,Innovator International Developed Power Buffer ETF  April,NYSE Arca,1,,nasdaqtrader
IART,Integra LifeSciences Holdings Corporation - Common Stock,Nasdaq,0,,nasdaqtrader
IAT,iShares U.S. Regional Banks ETF,NYSE Arca,1,,nasdaqtrader
IAU,iShares Gold Trust Shares,NYSE Arca,1,,nasdaqtrader
IAUG,Innovator International Developed Power Buffer ETF  August,NYSE Arca,1,,nasdaqtrader
IAUI,NEOS Gold High Income ETF,Cboe BZX,1,,nasdaqtrader
IAUM,iShares Gold Trust Micro Shares,NYSE Arca,1,,nasdaqtrader
IAUX,i-80 Gold Corp. Common Shares,NYSE American,0,,nasdaqtrader
IAUX.W,"i-80 Gold Corp. Warrants, each warrant exercisable for one Common Share at an exercise price of $0.70",NYSE American,0,,nasdaqtrader
IBAC,IB Acquisition Corp. - Common Stock,Nasdaq,0,,nasdaqtrader
IBACR,IB Acquisition Corp. - Right,Nasdaq,0,,nasdaqtrader
IBAT,iShares Energy Storage & Materials ETF,Nasdaq,1,,nasdaqtrader
IBB,iShares Biotechnology ETF,Nasdaq,1,,nasdaqtrader
IBBQ,Invesco Nasdaq Biotechnology ETF,Nasdaq,1,,nasdaqtrader
IBCA,iShares iBonds Dec 2035 Term Corporate ETF,NYSE Arca,1,,nasdaqtrader
IBCB,iShares iBonds Dec 2036 Term Corporate ETF,NYSE Arca,1,,nasdaqtrader
IBCP,Independent Bank Corporation - Common Stock,Nasdaq,0,,nasdaqtrader
IBD,Inspire Corporate Bond ETF,NYSE Arca,1,,nasdaqtrader
IBDR,iShares iBonds Dec 2026 Term Corporate ETF,NYSE Arca,1,,nasdaqtrader
IBDS,iShares iBonds Dec 2027 Term Corporate ETF,NYSE Arca,1,,nasdaqtrader
IBDT,iShares iBonds Dec 2028 Term Corporate ETF,NYSE Arca,1,,nasdaqtrader
IBDU,iShares iBonds Dec 2029 Term Corporate ETF,NYSE Arca,1,,nasdaqtrader
IBDV,iShares iBonds Dec 2030 Term Corporate ETF,NYSE Arca,1,,nasdaqtrader
IBDW,iShares iBonds Dec 2031 Term Corporate ETF,NYSE Arca,1,,nasdaqtrader
IBDX,iShares iBonds Dec 2032 Term Corporate ETF,NYSE Arca,1,,nasdaqtrader
IBDY,iShares iBonds Dec 2033 Term Corporate ETF,NYSE Arca,1,,nasdaqtrader
IBDZ,iShares iBonds Dec 2034 Term Corporate ETF,NYSE Arca,1,,nasdaqtrader
IBEX,IBEX Limited - Common Share,Nasdaq,0,,nasdaqtrader
IBFR,Innovator International Developed Managed 10 Buffer ETF,NYSE Arca,1,,nasdaqtrader
IBG,Innovation Beverage Group Limited - Ordinary Shares,Nasdaq,0,,nasdaqtrader
IBGA,iShares iBonds Dec 2044 Term Treasury ETF,Nasdaq,1,,nasdaqtrader
IBGB,iShares iBonds Dec 2045 Term Treasury ETF,Nasdaq,1,,nasdaqtrader
IBGC,iShares iBonds Dec 2046 Term Treasury ETF,Nasdaq,1,,nasdaqtrader
IBGK,iShares iBonds Dec 2054 Term Treasury ETF,Nasdaq,1,,nasdaqtrader
IBGL,iShares iBonds Dec 2055 Term Treasury ETF,Nasdaq,1,,nasdaqtrader
IBGM,iShares iBonds Dec 2056 Term Treasury ETF,Nasdaq,1,,nasdaqtrader
IBHF,iShares iBonds 2026 Term High Yield and Income ETF,Cboe BZX,1,,nasdaqtrader
IBHG,iShares iBonds 2027 Term High Yield and Income ETF,Cboe BZX,1,,nasdaqtrader
IBHH,iShares iBonds 2028 Term High Yield and Income ETF,Cboe BZX,1,,nasdaqtrader
IBHI,iShares iBonds 2029 Term High Yield and Income ETF,Cboe BZX,1,,nasdaqtrader
IBHJ,iShares iBonds 2030 Term High Yield and Income ETF,Cboe BZX,1,,nasdaqtrader
IBHK,iShares iBonds 2031 Term High Yield and Income ETF,Cboe BZX,1,,nasdaqtrader
IBHL,iShares iBonds 2032 Term High Yield and Income ETF,Cboe BZX,1,,nasdaqtrader
IBHM,iShares iBonds 2033 Term High Yield and Income ETF,Cboe BZX,1,,nasdaqtrader
IBIC,iShares iBonds Oct 2026 Term TIPS ETF,NYSE Arca,1,,nasdaqtrader
IBID,iShares iBonds Oct 2027 Term TIPS ETF,NYSE Arca,1,,nasdaqtrader
IBIE,iShares iBonds Oct 2028 Term TIPS ETF,NYSE Arca,1,,nasdaqtrader
IBIF,iShares iBonds Oct 2029 Term TIPS ETF,NYSE Arca,1,,nasdaqtrader
IBIG,iShares iBonds Oct 2030 Term TIPS ETF,NYSE Arca,1,,nasdaqtrader
IBIH,iShares iBonds Oct 2031 Term TIPS ETF,NYSE Arca,1,,nasdaqtrader
IBII,iShares iBonds Oct 2032 Term TIPS ETF,NYSE Arca,1,,nasdaqtrader
IBIJ,iShares iBonds Oct 2033 Term TIPS ETF,NYSE Arca,1,,nasdaqtrader
IBIK,iShares iBonds Oct 2034 Term TIPS ETF,NYSE Arca,1,,nasdaqtrader
IBIL,iShares iBonds Oct 2035 Term TIPS ETF,NYSE Arca,1,,nasdaqtrader
IBIM,iShares iBonds Oct 2036 Term TIPS ETF,NYSE Arca,1,,nasdaqtrader
IBIO,"iBio, Inc. - Common Stock",Nasdaq,0,,nasdaqtrader
IBIT,iShares Bitcoin Trust ETF,Nasdaq,1,,nasdaqtrader
IBKR,"Interactive Brokers Group, Inc. - Class A Common Stock",Nasdaq,0,,nasdaqtrader
IBLC,iShares Blockchain and Tech ETF,NYSE Arca,1,,nasdaqtrader
IBM,International Business Machines Corporation Common Stock,NYSE,0,,nasdaqtrader
IBMO,iShares iBonds Dec 2026 Term Muni Bond ETF,Cboe BZX,1,,nasdaqtrader
IBMP,iShares iBonds Dec 2027 Term Muni Bond ETF,Cboe BZX,1,,nasdaqtrader
IBMQ,iShares iBonds Dec 2028 Term Muni Bond ETF,Cboe BZX,1,,nasdaqtrader
IBMR,iShares iBonds Dec 2029 Term Muni Bond ETF,Cboe BZX,1,,nasdaqtrader
IBMS,iShares iBonds Dec 2030 Term Muni Bond ETF,Cboe BZX,1,,nasdaqtrader
IBMT,iShares iBonds Dec 2031 Term Muni Bond ETF,Cboe BZX,1,,nasdaqtrader
IBMU,iShares iBonds Dec 2032 Term Muni Bond ETF,Cboe BZX,1,,nasdaqtrader
IBMV,iShares iBonds Dec 2033 Term Muni Bond ETF,Cboe BZX,1,,nasdaqtrader
IBMW,iShares iBonds Dec 2034 Term Muni Bond ETF,Cboe BZX,1,,nasdaqtrader
IBMX,iShares iBonds Dec 2035 Term Muni Bond ETF,Cboe BZX,1,,nasdaqtrader
IBN,ICICI Bank Limited Common Stock,NYSE,0,,nasdaqtrader
IBND,State Street SPDR Bloomberg International Corporate Bond ETF,NYSE Arca,1,,nasdaqtrader
IBO,"Impact BioMedical, Inc. Common Stock",NYSE American,0,,nasdaqtrader
IBOC,International Bancshares Corporation - Common Stock,Nasdaq,0,,nasdaqtrader
IBOT,VanEck Robotics ETF,Nasdaq,1,,nasdaqtrader
IBP,"Installed Building Products, Inc. Common Stock",NYSE,0,,nasdaqtrader
IBRN,iShares Neuroscience and Healthcare ETF,NYSE Arca,1,,nasdaqtrader
IBRX,"ImmunityBio, Inc. - Common Stock",Nasdaq,0,,nasdaqtrader
IBTA,"Ibotta, Inc. Class A Common Stock",NYSE,0,,nasdaqtrader
IBTG,iShares iBonds Dec 2026 Term Treasury ETF,Nasdaq,1,,nasdaqtrader
IBTH,iShares iBonds Dec 2027 Term Treasury ETF,Nasdaq,1,,nasdaqtrader
IBTI,iShares iBonds Dec 2028 Term Treasury ETF,Nasdaq,1,,nasdaqtrader
IBTJ,iShares iBonds Dec 2029 Term Treasury ETF,Nasdaq,1,,nasdaqtrader
IBTK,iShares iBonds Dec 2030 Term Treasury ETF,Nasdaq,1,,nasdaqtrader
IBTL,iShares iBonds Dec 2031 Term Treasury ETF,Nasdaq,1,,nasdaqtrader
IBTM,iShares iBonds Dec 2032 Term Treasury ETF,Nasdaq,1,,nasdaqtrader
IBTO,iShares iBonds Dec 2033 Term Treasury ETF,Nasdaq,1,,nasdaqtrader
IBTP,iShares iBonds Dec 2034 Term Treasury ETF,Nasdaq,1,,nasdaqtrader
IBTQ,iShares iBonds Dec 2035 Term Treasury ETF,Nasdaq,1,,nasdaqtrader
IBTR,iShares iBonds Dec 2036 Term Treasury ETF,Nasdaq,1,,nasdaqtrader
IBUF,Innovator International Developed 10 Buffer ETF - Quarterly,NYSE Arca,1,,nasdaqtrader
IBUY,Amplify Online Retail ETF,NYSE Arca,1,,nasdaqtrader
IBX,Tradr 2X Long IBM Daily ETF,Cboe BZX,1,,nasdaqtrader
ICAP,Infrastructure Capital Equity Income ETF,NYSE Arca,1,,nasdaqtrader
ICCC,ImmuCell Corporation - Common Stock,Nasdaq,0,,nasdaqtrader
ICCM,IceCure Medical Ltd. - Ordinary Shares,Nasdaq,0,,nasdaqtrader
ICE,Intercontinental Exchange Inc. Common Stock,NYSE,0,,nasdaqtrader
ICF,iShares Select U.S. REIT ETF,Cboe BZX,1,,nasdaqtrader
ICFI,"ICF International, Inc. - Common Stock",Nasdaq,0,,nasdaqtrader
ICG,Intchains Group Limited - American Depositary Shares,Nasdaq,0,,nasdaqtrader
ICHR,Ichor Holdings - Ordinary Shares,Nasdaq,0,,nasdaqtrader
ICL,ICL Group Ltd. Ordinary Shares,NYSE,0,,nasdaqtrader
ICLN,iShares Global Clean Energy ETF,Nasdaq,1,,nasdaqtrader
ICLO,Invesco AAA CLO Floating Rate Note ETF,Cboe BZX,1,,nasdaqtrader
ICLR,ICON plc - Ordinary Shares,Nasdaq,0,,nasdaqtrader
ICMB,"Investcorp Credit Management BDC, Inc. - Common Stock",Nasdaq,0,,nasdaqtrader
ICMO,Symmetry Panoramic International Country Momentum ETF,Nasdaq,1,,nasdaqtrader
ICON,Icon Energy Corp. - Common stock,Nasdaq,0,,nasdaqtrader
ICOP,iShares Copper and Metals Mining ETF,Nasdaq,1,,nasdaqtrader
ICOW,Pacer Developed Markets International Cash Cows 100 ETF,Cboe BZX,1,,nasdaqtrader
ICPI,iShares 0-1 Year TIPS Bond ETF,NYSE Arca,1,,nasdaqtrader
ICPY,"Tweedy, Browne International Insider + Value ETF",NYSE Arca,1,,nasdaqtrader
ICSH,iShares Ultra Short Duration Bond Active ETF,Cboe BZX,1,,nasdaqtrader
ICU,SeaStar Medical Holding Corporation - Common Stock,Nasdaq,0,,nasdaqtrader
ICUCW,SeaStar Medical Holding Corporation - Warrant,Nasdaq,0,,nasdaqtrader
ICUI,"ICU Medical, Inc. - Common Stock",Nasdaq,0,,nasdaqtrader
ICVT,iShares Convertible Bond ETF,Cboe BZX,1,,nasdaqtrader
IDA,"IDACORP, Inc. Common Stock",NYSE,0,,nasdaqtrader
IDAC,Iron Dome Acquisition I Corp. - Class A Ordinary Shares,Nasdaq,0,,nasdaqtrader
IDACU,Iron Dome Acquisition I Corp. - Units,Nasdaq,0,,nasdaqtrader
IDACW,Iron Dome Acquisition I Corp. - Warrant,Nasdaq,0,,nasdaqtrader
IDAI,T Stamp Inc. - Class A Common Stock,Nasdaq,0,,nasdaqtrader
IDAU,Corgi International Developed Equities 15% Structured Buffer ETF - August Series,Cboe BZX,1,,nasdaqtrader
IDCC,"InterDigital, Inc. - Common Stock",Nasdaq,0,,nasdaqtrader
IDE,"Voya Infrastructure, Industrials and Materials Fund Common Shares of Beneficial Interest",NYSE,0,,nasdaqtrader
IDEC,Innovator International Developed Power Buffer ETF  December,NYSE Arca,1,,nasdaqtrader
IDEF,iShares Defense Industrials and Tech Active ETF,Nasdaq,1,,nasdaqtrader
IDEQ,Lazard International Dynamic Equity ETF,NYSE Arca,1,,nasdaqtrader
IDEV,iShares Core MSCI International Developed Markets ETF,NYSE Arca,1,,nasdaqtrader
IDGT,iShares U.S. Digital Infrastructure and Real Estate ETF,NYSE Arca,1,,nasdaqtrader
IDHQ,Invesco S&P International Developed Quality ETF,NYSE Arca,1,,nasdaqtrader
IDJL,Corgi International Developed Equities 15% Structured Buffer ETF - July Series,Cboe BZX,1,,nasdaqtrader
IDJN,Corgi International Developed Equities 15% Structured Buffer ETF - June Series,Cboe BZX,1,,nasdaqtrader
IDLV,Invesco S&P International Developed Low Volatility ETF,NYSE Arca,1,,nasdaqtrader
IDMO,Invesco S&P International Developed Momentum ETF,NYSE Arca,1,,nasdaqtrader
IDMY,Corgi International Developed Equities 15% Structured Buffer ETF - May Series,Cboe BZX,1,,nasdaqtrader
IDN,"Intellicheck, Inc. - Common Stock",Nasdaq,0,,nasdaqtrader
IDNA,iShares Genomics Immunology and Healthcare ETF,NYSE Arca,1,,nasdaqtrader
IDOG,ALPS International Sector Dividend Dogs ETF,NYSE Arca,1,,nasdaqtrader
IDR,"Idaho Strategic Resources, Inc. Common Stock",NYSE American,0,,nasdaqtrader
IDRV,iShares Self-Driving EV and Tech ETF,NYSE Arca,1,,nasdaqtrader
IDSE,Corgi International Developed Equities 15% Structured Buffer ETF - September Series,Cboe BZX,1,,nasdaqtrader
IDT,IDT Corporation Class B Common Stock,NYSE,0,,nasdaqtrader
IDU,iShares U.S. Utilities ETF,NYSE Arca,1,,nasdaqtrader
IDUB,Aptus International Enhanced Yield ETF,Cboe BZX,1,,nasdaqtrader
IDV,iShares International Select Dividend ETF,Cboe BZX,1,,nasdaqtrader
IDVO,Amplify CWP International Enhanced Dividend Income ETF,NYSE Arca,1,,nasdaqtrader
IDVY,First Trust International Rising Dividend Achievers ETF,Nasdaq,1,,nasdaqtrader
IDVZ,Polen International Dividend Income Fund,Cboe BZX,1,,nasdaqtrader
IDX,VanEck Indonesia Index ETF,NYSE Arca,1,,nasdaqtrader
IDXX,"IDEXX Laboratories, Inc. - Common Stock",Nasdaq,0,,nasdaqtrader
IDYA,"IDEAYA Biosciences, Inc. - Common Stock",Nasdaq,0,,nasdaqtrader
IDYN,iShares International Equity Factor Rotation Active ETF,NYSE Arca,1,,nasdaqtrader
IE,Ivanhoe Electric Inc. Common Stock,NYSE American,0,,nasdaqtrader
IEAG,Infinite Eagle Acquisition Corp. - Class A Ordinary Shares,Nasdaq,0,,nasdaqtrader
IEAGR,Infinite Eagle Acquisition Corp. - Rights,Nasdaq,0,,nasdaqtrader
IEAGU,Infinite Eagle Acquisition Corp. - Unit,Nasdaq,0,,nasdaqtrader
IEF,iShares 7-10 Year Treasury Bond ETF,Nasdaq,1,,nasdaqtrader
IEFA,iShares Core MSCI EAFE ETF,Cboe BZX,1,,nasdaqtrader
IEI,iShares 3-7 Year Treasury Bond ETF,Nasdaq,1,,nasdaqtrader
IEMG,iShares Core MSCI Emerging Markets ETF,NYSE Arca,1,,nasdaqtrader
IEO,iShares U.S. Oil & Gas Exploration & Production ETF,Cboe BZX,1,,nasdaqtrader
IEP,Icahn Enterprises L.P. - Depositary Units representing Limited Partner Interests,Nasdaq,0,,nasdaqtrader
IESC,"IES Holdings, Inc. - Common Stock",Nasdaq,0,,nasdaqtrader
IETC,iShares U.S. Tech Independence Focused ETF,Cboe BZX,1,,nasdaqtrader
IEUR,iShares Core MSCI Europe ETF,NYSE Arca,1,,nasdaqtrader
IEUS,iShares MSCI Europe Small-Cap ETF,Nasdaq,1,,nasdaqtrader
IEV,iShares Europe ETF,NYSE Arca,1,,nasdaqtrader
IEX,IDEX Corporation Common Stock,NYSE,0,,nasdaqtrader
IEZ,iShares U.S. Oil Equipment & Services ETF,NYSE Arca,1,,nasdaqtrader
IFBD,"Infobird Co., Ltd - Ordinary Shares",Nasdaq,0,,nasdaqtrader
IFEB,Innovator International Developed Power Buffer ETF  February,NYSE Arca,1,,nasdaqtrader
IFED,ETRACS IFED Invest with the Fed TR Index ETN,NYSE Arca,1,,nasdaqtrader
IFF,"International Flavors & Fragrances, Inc. Common Stock",NYSE,0,,nasdaqtrader
IFGL,iShares International Developed Real Estate ETF,Nasdaq,1,,nasdaqtrader
IFLN,Invesco Bloomberg Enhanced Fallen Angels ETF,NYSE Arca,1,,nasdaqtrader
IFLO,VictoryShares International Free Cash Flow ETF,Nasdaq,1,,nasdaqtrader
IFLR,Innovator International Developed Managed Floor ETF,NYSE Arca,1,,nasdaqtrader
IFN,"Aberdeen India Fund, Inc. Common Stock",NYSE,0,,nasdaqtrader
IFRA,iShares U.S. Infrastructure ETF,Cboe BZX,1,,nasdaqtrader
IFRX,InflaRx N.V. - Common Stock,Nasdaq,0,,nasdaqtrader
IFS,Intercorp Financial Services Inc. Common Shares,NYSE,0,,nasdaqtrader
IFV,First Trust Dorsey Wright International Focus 5 ETF,Nasdaq,1,,nasdaqtrader
IG,Principal Investment Grade Corporate Active ETF,Cboe BZX,1,,nasdaqtrader
IGA,Voya Global Advantage and Premium Opportunity Fund Common Shares of Beneficial Interest,NYSE,0,,nasdaqtrader
IGAC,Invest Green Acquisition Corporation - Class A Ordinary Shares,Nasdaq,0,,nasdaqtrader
IGACR,Invest Green Acquisition Corporation - Rights,Nasdaq,0,,nasdaqtrader
IGACU,Invest Green Acquisition Corporation - Units,Nasdaq,0,,nasdaqtrader
IGBH,iShares Interest Rate Hedged Long-Term Corporate Bond ETF,NYSE Arca,1,,nasdaqtrader
IGC,"IGC Pharma, Inc. Common Stock",NYSE American,0,,nasdaqtrader
IGCB,TCW Corporate Bond ETF,NYSE,1,,nasdaqtrader
IGD,Voya Global Equity Dividend and Premium Opportunity Fund,NYSE,0,,nasdaqtrader
IGE,iShares North American Natural Resources ETF,Cboe BZX,1,,nasdaqtrader
IGEB,iShares Investment Grade Systematic Bond ETF,Cboe BZX,1,,nasdaqtrader
IGF,iShares Global Infrastructure ETF,Nasdaq,1,,nasdaqtrader
IGGY,AB International Growth ETF,NYSE Arca,1,,nasdaqtrader
IGHG,ProShares Investment Grade-Interest Rate Hedged,Cboe BZX,1,,nasdaqtrader
IGI,Western Asset Investment Grade Opportunity Trust Inc. Common Stock,NYSE,0,,nasdaqtrader
IGIB,iShares 5-10 Year Investment Grade Corporate Bond ETF,Nasdaq,1,,nasdaqtrader
IGIC,International General Insurance Holdings Ltd. - Ordinary Shares,Nasdaq,0,,nasdaqtrader
IGLB,iShares 10  Year Investment Grade Corporate Bond ETF,NYSE Arca,1,,nasdaqtrader
IGLD,FT Vest Gold Strategy Target Income ETF,Cboe BZX,1,,nasdaqtrader
IGM,iShares Expanded Tech Sector ETF,NYSE Arca,1,,nasdaqtrader
IGOV,iShares International Treasury Bond ETF,Nasdaq,1,,nasdaqtrader
IGPT,Invesco AI and Next Gen Software ETF,NYSE Arca,1,,nasdaqtrader
IGR,CBRE Global Real Estate Income Fund Common Shares of Beneficial Interest,NYSE,0,,nasdaqtrader
IGRO,iShares International Dividend Growth ETF,Cboe BZX,1,,nasdaqtrader
IGSB,iShares 1-5 Year Investment Grade Corporate Bond ETF,Nasdaq,1,,nasdaqtrader
IGV,iShares Expanded Tech-Software Sector ETF,Cboe BZX,1,,nasdaqtrader
IH,"iHuman Inc. American depositary shares, each representing five Class A ordinary shares",NYSE,0,,nasdaqtrader
IHAK,iShares Cybersecurity and Tech ETF,NYSE Arca,1,,nasdaqtrader
IHD,Voya Emerging Markets High Income Dividend Equity Fund Common Shares,NYSE,0,,nasdaqtrader
IHDG,WisdomTree International Hedged Quality Dividend Growth Fund,NYSE Arca,1,,nasdaqtrader
IHE,iShares U.S. Pharmaceutical ETF,NYSE Arca,1,,nasdaqtrader
IHF,iShares U.S. Health Care Providers ETF,NYSE Arca,1,,nasdaqtrader
IHG,Intercontinental Hotels Group American Depositary Shares (Each representing one Ordinary Share),NYSE,0,,nasdaqtrader
IHI,iShares U.S. Medical Devices ETF,NYSE Arca,1,,nasdaqtrader
IHRT,"iHeartMedia, Inc. - Class A Common Stock",Nasdaq,0,,nasdaqtrader
IHS,IHS Holding Limited Ordinary Shares,NYSE,0,,nasdaqtrader
IHT,InnSuites Hospitality Trust Shares of Beneficial Interest,NYSE American,0,,nasdaqtrader
IHY,VanEck International High Yield Bond ETF,NYSE Arca,1,,nasdaqtrader
IIF,"Morgan Stanley India Investment Fund, Inc. Common Stock",NYSE,0,,nasdaqtrader
IIGD,Invesco Investment Grade Defensive ETF,NYSE Arca,1,,nasdaqtrader
III,"Information Services Group, Inc. - Common Stock",Nasdaq,0,,nasdaqtrader
IIIN,"Insteel Industries, Inc. Common Stock",NYSE,0,,nasdaqtrader
IIIV,"i3 Verticals, Inc. - Common Stock",Nasdaq,0,,nasdaqtrader
IIM,Invesco Value Municipal Income Trust Common Stock,NYSE,0,,nasdaqtrader
IINC,Alki Consolidated Income ETF,NYSE Arca,1,,nasdaqtrader
IIPR,"Innovative Industrial Properties, Inc. Common Stock",NYSE,0,,nasdaqtrader
IJAN,Innovator International Developed Power Buffer ETF January,NYSE Arca,1,,nasdaqtrader
IJH,iShares Core S&P Mid-Cap ETF,NYSE Arca,1,,nasdaqtrader
IJJ,iShares S&P Mid-Cap 400 Value ETF,NYSE Arca,1,,nasdaqtrader
IJK,iShares S&P Mid-Cap 400 Growth ETF,NYSE Arca,1,,nasdaqtrader
IJR,iShares Core S&P Small-Cap ETF,NYSE Arca,1,,nasdaqtrader
IJS,iShares S&P SmallCap 600 Value ETF,NYSE Arca,1,,nasdaqtrader
IJT,iShares S&P SmallCap 600 Growth ETF,Nasdaq,1,,nasdaqtrader
IJUL,Innovator International Developed Power Buffer ETF  July,NYSE Arca,1,,nasdaqtrader
IJUN,Innovator International Developed Power Buffer ETF June,NYSE Arca,1,,nasdaqtrader
IKT,"Inhibikase Therapeutics, Inc. - Common Stock",Nasdaq,0,,nasdaqtrader
ILAG,Intelligent Living Application Group Inc. - Ordinary Shares,Nasdaq,0,,nasdaqtrader
ILCB,iShares Morningstar Large-Cap ETF,NYSE Arca,1,,nasdaqtrader
ILCG,iShares Morningstar Large-Cap Growth ETF,NYSE Arca,1,,nasdaqtrader
ILCV,iShares Morningstar Large-Cap  Value ETF,NYSE Arca,1,,nasdaqtrader
ILDR,First Trust Innovation Leaders ETF,NYSE Arca,1,,nasdaqtrader
ILF,iShares Latin America 40 ETF,NYSE Arca,1,,nasdaqtrader
ILIT,iShares Lithium Miners and Producers ETF,Nasdaq,1,,nasdaqtrader
ILLR,Triller Group Inc. - Common Stock,Nasdaq,0,,nasdaqtrader
ILLRW,Triller Group Inc. - Warrant,Nasdaq,0,,nasdaqtrader
ILLU,Illumination Acquisition Corp I - Class A Ordinary Shares,Nasdaq,0,,nasdaqtrader
ILLUU,Illumination Acquisition Corp I - Units,Nasdaq,0,,nasdaqtrader
ILLUW,Illumination Acquisition Corp I - Warrant,Nasdaq,0,,nasdaqtrader
ILMN,"Illumina, Inc. - Common Stock",Nasdaq,0,,nasdaqtrader
ILOW,AB International Low Volatility Equity ETF,NYSE Arca,1,,nasdaqtrader
ILPT,Industrial Logistics Properties Trust - Common Shares of Beneficial Interest,Nasdaq,0,,nasdaqtrader
ILS,Brookmont Catastrophic Bond ETF,F,1,,nasdaqtrader
ILTB,iShares Core 10  Year USD Bond ETF,NYSE Arca,1,,nasdaqtrader
IMA,"ImageneBio, Inc. - Common Stock",Nasdaq,0,,nasdaqtrader
IMAR,Innovator International Developed Power Buffer ETF  March,NYSE Arca,1,,nasdaqtrader
IMAX,Imax Corporation Common Stock,NYSE,0,,nasdaqtrader
IMAY,Innovator International Developed Power Buffer ETF - May,NYSE Arca,1,,nasdaqtrader
IMC,IMC Rare Earths Ltd Ordinary Shares,NYSE American,0,,nasdaqtrader
IMCB,iShares Morningstar Mid-Cap ETF,NYSE Arca,1,,nasdaqtrader
IMCC,IM Cannabis Corp. - Common Shares,Nasdaq,0,,nasdaqtrader
IMCG,iShares Morningstar Mid-Cap Growth ETF,NYSE Arca,1,,nasdaqtrader
IMCR,Immunocore Holdings plc - American Depositary Shares,Nasdaq,0,,nasdaqtrader
IMCV,iShares Morningstar Mid-Cap Value ETF,Nasdaq,1,,nasdaqtrader
IMDX,Insight Molecular Diagnostics Inc. - Common Stock,Nasdaq,0,,nasdaqtrader
IMF,Invesco Managed Futures Strategy ETF,Cboe BZX,1,,nasdaqtrader
IMFL,Invesco International Developed Dynamic Multifactor ETF,Cboe BZX,1,,nasdaqtrader
IMKTA,"Ingles Markets, Incorporated - Class A Common Stock",Nasdaq,0,,nasdaqtrader
IMMP,Immutep Limited - American Depositary Shares,Nasdaq,0,,nasdaqtrader
IMMR,Immersion Corporation - Common Stock,Nasdaq,0,,nasdaqtrader
IMMX,"Immix Biopharma, Inc. - Common Stock",Nasdaq,0,,nasdaqtrader
IMNM,"Immunome, Inc. - Common Stock",Nasdaq,0,,nasdaqtrader
IMNN,"Imunon, Inc. - Common Stock",Nasdaq,0,,nasdaqtrader
IMO,Imperial Oil Limited Common Stock,NYSE American,0,,nasdaqtrader
IMOM,Alpha Architect International Quantitative Momentum ETF,Nasdaq,1,,nasdaqtrader
IMOS,ChipMOS TECHNOLOGIES INC. - American Depositary Shares,Nasdaq,0,,nasdaqtrader
IMPP,Imperial Petroleum Inc. - Common Shares,Nasdaq,0,,nasdaqtrader
IMPPP,Imperial Petroleum Inc. - 8.75% Series A Cumulative Redeemable Perpetual Preferred Shares,Nasdaq,0,,nasdaqtrader
IMRN,Immuron Limited - American Depositary Shares,Nasdaq,0,,nasdaqtrader
IMRX,Immuneering Corporation - Class A Common Stock,Nasdaq,0,,nasdaqtrader
IMSR,Terrestrial Energy Inc. - Common Stock,Nasdaq,0,,nasdaqtrader
IMSRW,Terrestrial Energy Inc. - Warrant,Nasdaq,0,,nasdaqtrader
IMTB,iShares Core 5-10 Year USD Bond ETF,NYSE Arca,1,,nasdaqtrader
IMTE,Integrated Media Technology Limited - Ordinary Shares,Nasdaq,0,,nasdaqtrader
IMTG,Invesco Agency MBS ETF,Cboe BZX,1,,nasdaqtrader
IMTM,iShares MSCI Intl Momentum Factor ETF,NYSE Arca,1,,nasdaqtrader
IMTX,Immatics N.V. - Ordinary Shares,Nasdaq,0,,nasdaqtrader
IMUX,"Immunic, Inc.  - Common Stock",Nasdaq,0,,nasdaqtrader
IMVP,Invesco India ETF,NYSE Arca,1,,nasdaqtrader
IMVT,"Immunovant, Inc.  - Common Stock",Nasdaq,0,,nasdaqtrader
IMXI,"International Money Express, Inc. - Common Stock",Nasdaq,0,,nasdaqtrader
INAB,"IN8bio, Inc. - Common Stock",Nasdaq,0,,nasdaqtrader
INAC,Indigo Acquisition Corp. - Ordinary Shares,Nasdaq,0,,nasdaqtrader
INACR,Indigo Acquisition Corp. - Right,Nasdaq,0,,nasdaqtrader
INACU,Indigo Acquisition Corp. - Unit,Nasdaq,0,,nasdaqtrader
INBK,First Internet Bancorp - Common Stock,Nasdaq,0,,nasdaqtrader
INBKZ,First Internet Bancorp - Fixed-to-Floating Rate Subordinated Notes Due 2029,Nasdaq,0,,nasdaqtrader
INBS,Intelligent Bio Solutions Inc.  - Common Stock,Nasdaq,0,,nasdaqtrader
INBX,"Inhibrx Biosciences, Inc. - Common Stock",Nasdaq,0,,nasdaqtrader
INCE,Franklin Income Equity Focus ETF,NYSE Arca,1,,nasdaqtrader
INCM,Franklin Income Focus ETF,NYSE Arca,1,,nasdaqtrader
INCO,Columbia India Consumer ETF,NYSE Arca,1,,nasdaqtrader
INCR,Intercure Ltd. - ordinary shares,Nasdaq,0,,nasdaqtrader
INCY,Incyte Corporation - Common Stock,Nasdaq,0,,nasdaqtrader
IND,Xtrackers Nifty 500 India ETF,Nasdaq,1,,nasdaqtrader
INDA,iShares MSCI India ETF,Cboe BZX,1,,nasdaqtrader
INDB,Independent Bank Corp. - Common Stock,Nasdaq,0,,nasdaqtrader
INDE,Matthews India Active ETF,NYSE Arca,1,,nasdaqtrader
INDH,WisdomTree India Hedged Equity Fund,Nasdaq,1,,nasdaqtrader
INDI,"indie Semiconductor, Inc. - Class A Common Stock",Nasdaq,0,,nasdaqtrader
INDL,Direxion Daily MSCI India Bull 2X ETF,NYSE Arca,1,,nasdaqtrader
INDO,Indonesia Energy Corporation Limited Ordinary Shares,NYSE American,0,,nasdaqtrader
INDP,"Indaptus Therapeutics, Inc. - Common Stock",Nasdaq,0,,nasdaqtrader
INDQ,Pacer ActiveAlpha India Quality ETF,Nasdaq,1,,nasdaqtrader
INDS,Pacer Industrial Real Estate ETF,NYSE Arca,1,,nasdaqtrader
INDV,"Indivior Pharmaceuticals, Inc.  - Common Stock",Nasdaq,0,,nasdaqtrader
INDY,iShares India 50 ETF,Nasdaq,1,,nasdaqtrader
INDZ,VanEck India Select ETF,NYSE Arca,1,,nasdaqtrader
INEO,INNEOVA Holdings Limited - Class A Ordinary Shares,Nasdaq,0,,nasdaqtrader
INEQ,Columbia International Equity Income ETF,NYSE Arca,1,,nasdaqtrader
INFH,Defiance Daily Target 2X Long INFQ ETF,Cboe BZX,1,,nasdaqtrader
INFL,Horizon Kinetics Inflation Beneficiaries ETF,NYSE Arca,1,,nasdaqtrader
INFO,Harbor PanAgora Dynamic Large Cap Core ETF,NYSE,1,,nasdaqtrader
INFQ,"Infleqtion, Inc. Common Stock",NYSE,0,,nasdaqtrader
INFQ.W,"Infleqtion, Inc. Warrants, each whole warrant exercisable for one share of Common Stock at an exercise price of $11.50 per share",NYSE,0,,nasdaqtrader
INFU,"InfuSystems Holdings, Inc. Common Stock",NYSE American,0,,nasdaqtrader
INFY,Infosys Limited American Depositary Shares,NYSE,0,,nasdaqtrader
ING,"ING Group, N.V. Common Stock",NYSE,0,,nasdaqtrader
INGM,Ingram Micro Holding Corporation Common Stock,NYSE,0,,nasdaqtrader
INGN,"Inogen, Inc - Common Stock",Nasdaq,0,,nasdaqtrader
INGR,Ingredion Incorporated Common Stock,NYSE,0,,nasdaqtrader
INHD,Inno Holdings Inc. - Common Stock,Nasdaq,0,,nasdaqtrader
INIO,INNIO N.V. - Ordinary Shares,Nasdaq,0,,nasdaqtrader
INKM,State Street Income Allocation ETF,NYSE Arca,1,,nasdaqtrader
INKT,"MiNK Therapeutics, Inc. - Common Stock",Nasdaq,0,,nasdaqtrader
INLF,INLIF LIMITED - Class A Ordinary shares,Nasdaq,0,,nasdaqtrader
INLX,"Intellinetics, Inc. Common Stock",NYSE American,0,,nasdaqtrader
INM,InMed Pharmaceuticals Inc. - Common Shares,Nasdaq,0,,nasdaqtrader
INMB,INmune Bio Inc. - Common stock,Nasdaq,0,,nasdaqtrader
INMD,InMode Ltd.  - Ordinary Shares,Nasdaq,0,,nasdaqtrader
INMU,iShares Intermediate Muni Income Active ETF,NYSE Arca,1,,nasdaqtrader
INN,"Summit Hotel Properties, Inc. Common Stock",NYSE,0,,nasdaqtrader
INNV,InnovAge Holding Corp. - Common Stock,Nasdaq,0,,nasdaqtrader
INO,"Inovio Pharmaceuticals, Inc. - Common Stock",Nasdaq,0,,nasdaqtrader
INOD,Innodata Inc. - Common Stock,Nasdaq,0,,nasdaqtrader
INOV,Innovator International Developed Power Buffer ETF  November,NYSE Arca,1,,nasdaqtrader
INQQ,INQQ The India Internet ETF,NYSE Arca,1,,nasdaqtrader
INR,"Infinity Natural Resources, Inc. Class A Common Stock",NYSE,0,,nasdaqtrader
INRO,iShares U.S. Industry Rotation Active ETF,Nasdaq,1,,nasdaqtrader
INSE,"Inspired Entertainment, Inc. - Common Stock",Nasdaq,0,,nasdaqtrader
INSG,Inseego Corp. - Common Stock,Nasdaq,0,,nasdaqtrader
INSM,Insmed Incorporated - Common Stock,Nasdaq,0,,nasdaqtrader
INSP,"Inspire Medical Systems, Inc. Common Stock",NYSE,0,,nasdaqtrader
INSW,"International Seaways, Inc. Common Stock",NYSE,0,,nasdaqtrader
INT,Corgi INTC 2x Daily ETF,Cboe BZX,1,,nasdaqtrader
INTA,"Intapp, Inc. - Common Stock",Nasdaq,0,,nasdaqtrader
INTC,Intel Corporation - Common Stock,Nasdaq,0,,nasdaqtrader
INTF,iShares International Equity Factor ETF,NYSE Arca,1,,nasdaqtrader
INTG,The Intergroup Corporation - Common Stock,Nasdaq,0,,nasdaqtrader
INTJ,Intelligent Group Limited - Class A Ordinary Shares,Nasdaq,0,,nasdaqtrader
INTL,Main International ETF,Cboe BZX,1,,nasdaqtrader
INTM,Invesco Intermediate Municipal ETF,Cboe BZX,1,,nasdaqtrader
INTR,Inter & Co. Inc. - Class A Common Shares,Nasdaq,0,,nasdaqtrader
INTS,"Intensity Therapeutics, Inc. - Common Stock",Nasdaq,0,,nasdaqtrader
INTT,inTest Corporation Common Stock,NYSE American,0,,nasdaqtrader
INTU,Intuit Inc. - Common Stock,Nasdaq,0,,nasdaqtrader
INTW,GraniteShares 2x Long INTC Daily ETF,Nasdaq,1,,nasdaqtrader
INTZ,Intrusion Inc. - Common Stock,Nasdaq,0,,nasdaqtrader
INUV,"Inuvo, Inc.",NYSE American,0,,nasdaqtrader
INV,"Innventure, Inc. - Common Stock",Nasdaq,0,,nasdaqtrader
INVA,"Innoviva, Inc. - Common Stock",Nasdaq,0,,nasdaqtrader
INVE,"INVE Technologies, Inc. - Common Stock",Nasdaq,0,,nasdaqtrader
INVG,GMO Systematic Investment Grade Credit ETF,NYSE Arca,1,,nasdaqtrader
INVH,Invitation Homes Inc. Common Stock,NYSE,0,,nasdaqtrader
INVN,Alger Russell Innovation ETF,NYSE Arca,1,,nasdaqtrader
INVX,"Innovex International, Inc. Common Stock",NYSE,0,,nasdaqtrader
INVZ,Innoviz Technologies Ltd. - Ordinary shares,Nasdaq,0,,nasdaqtrader
INYY,YieldMax INTC Option Income Strategy ETF,NYSE Arca,1,,nasdaqtrader
IOCT,Innovator International Developed Power Buffer ETF - October,NYSE Arca,1,,nasdaqtrader
ION,ProShares S&P Global Core Battery Metals ETF,NYSE Arca,1,,nasdaqtrader
IONC,Corgi IONQ 2x Daily ETF,Cboe BZX,1,,nasdaqtrader
IOND,Ionic Digital Inc. - Class A Common Stock,Nasdaq,0,,nasdaqtrader
IONL,GraniteShares 2x Long IONQ Daily ETF,Nasdaq,1,,nasdaqtrader
IONQ,"IonQ, Inc. Common Stock",NYSE,0,,nasdaqtrader
IONR,ioneer Ltd - American Depositary Shares,Nasdaq,0,,nasdaqtrader
IONS,"Ionis Pharmaceuticals, Inc. - Common Stock",Nasdaq,0,,nasdaqtrader
IONX,Defiance Daily Target 2X Long IONQ ETF,Nasdaq,1,,nasdaqtrader
IONZ,Defiance Daily Target 2x Short IONQ ETF,Nasdaq,1,,nasdaqtrader
IOO,iShares Global 100 ETF,NYSE Arca,1,,nasdaqtrader
IOPP,Simplify Tara India Opportunities ETF,NYSE Arca,1,,nasdaqtrader
IOR,"Income Opportunity Realty Investors, Inc. Common Stock",NYSE American,0,,nasdaqtrader
IOSP,Innospec Inc. - Common Stock,Nasdaq,0,,nasdaqtrader
IOSX,Corgi AAPL 2x Daily ETF,Cboe BZX,1,,nasdaqtrader
IOT,Samsara Inc. Class A Common Stock,NYSE,0,,nasdaqtrader
IOTR,iOThree Limited - Ordinary Shares,Nasdaq,0,,nasdaqtrader
IOVA,"Iovance Biotherapeutics, Inc. - Common Stock",Nasdaq,0,,nasdaqtrader
IOYY,GraniteShares YieldBOOST IONQ ETF,Nasdaq,1,,nasdaqtrader
IP,International Paper Company Common Stock,NYSE,0,,nasdaqtrader
IPAC,iShares Core MSCI Pacific ETF,NYSE Arca,1,,nasdaqtrader
IPAR,"Interparfums, Inc. - Common Stock",Nasdaq,0,,nasdaqtrader
IPAV,Global X Infrastructure Development ex-U.S. ETF,Cboe BZX,1,,nasdaqtrader
IPAY,Amplify Digital Payments ETF,NYSE Arca,1,,nasdaqtrader
IPB,"Merrill Lynch & Co., Inc. 6.0518% Index Plus Trust Certificates Series 2003-1",NYSE,1,,nasdaqtrader
IPDN,"Professional Diversity Network, Inc. - Common Stock",Nasdaq,0,,nasdaqtrader
IPFX,Inflection Point Acquisition Corp. VI - Class A Ordinary Shares,Nasdaq,0,,nasdaqtrader
IPFXU,Inflection Point Acquisition Corp. VI - Units,Nasdaq,0,,nasdaqtrader
IPFXW,Inflection Point Acquisition Corp. VI - Warrant,Nasdaq,0,,nasdaqtrader
IPGP,IPG Photonics Corporation - Common Stock,Nasdaq,0,,nasdaqtrader
IPHA,Innate Pharma S.A. - American Depositary Shares,Nasdaq,0,,nasdaqtrader
IPHXU,Inflection Point Acquisition Corp. VIII - Unit,Nasdaq,0,,nasdaqtrader
IPI,"Intrepid Potash, Inc Common Stock",NYSE,0,,nasdaqtrader
IPKW,Invesco International BuyBack Achievers ETF,Nasdaq,1,,nasdaqtrader
IPM,Intelligent Protection Management Corp.  - Common Stock,Nasdaq,0,,nasdaqtrader
IPO,Renaissance IPO ETF,NYSE Arca,1,,nasdaqtrader
IPOS,Renaissance Capital Greenwich Fund,NYSE Arca,1,,nasdaqtrader
IPSC,"Century Therapeutics, Inc. - Common Stock",Nasdaq,0,,nasdaqtrader
IPST,"IP Strategy Holdings, Inc. - Common Stock",Nasdaq,0,,nasdaqtrader
IPVV,"InterPrivate Investment Partners V, Inc. - Class A Ordinary Shares",Nasdaq,0,,nasdaqtrader
IPVVU,"InterPrivate Investment Partners V, Inc. - Units",Nasdaq,0,,nasdaqtrader
IPVVW,"InterPrivate Investment Partners V, Inc. - Warrants",Nasdaq,0,,nasdaqtrader
IPW,iPower Inc. - Common Stock,Nasdaq,0,,nasdaqtrader
IPWR,Ideal Power Inc. - Common Stock,Nasdaq,0,,nasdaqtrader
IPX,IperionX Limited - American Depositary Share,Nasdaq,0,,nasdaqtrader
IPXG,Inection Point Acquisition Corp. VII  - Class A Ordinary Shares,Nasdaq,0,,nasdaqtrader
IPXGU,Inection Point Acquisition Corp. VII  - Unit,Nasdaq,0,,nasdaqtrader
IPXGW,Inection Point Acquisition Corp. VII  - Warrant,Nasdaq,0,,nasdaqtrader
IQ,"iQIYI, Inc. - American Depositary Shares",Nasdaq,0,,nasdaqtrader
IQDF,Northern Trust International Quality Dividend ETF,NYSE Arca,1,,nasdaqtrader
IQDG,WisdomTree International Quality Dividend Growth Fund,Cboe BZX,1,,nasdaqtrader
IQDY,Northern Trust International Quality Dividend Dynamic ETF,NYSE Arca,1,,nasdaqtrader
IQGR,Astoria International Quality Growth Kings ETF,Nasdaq,1,,nasdaqtrader
IQHI,NYLIM MacKay High Income ETF,NYSE Arca,1,,nasdaqtrader
IQI,Invesco Quality Municipal Income Trust Common Stock,NYSE,0,,nasdaqtrader
IQLT,iShares MSCI Intl Quality Factor ETF,NYSE Arca,1,,nasdaqtrader
IQM,Franklin Intelligent Machines ETF,Cboe BZX,1,,nasdaqtrader
IQMM,ProShares GENIUS Money Market ETF,NYSE Arca,1,,nasdaqtrader
IQMX,IQM Quantum Computers Oyj - American Depositary Shares,Nasdaq,0,,nasdaqtrader
IQMXW,IQM Quantum Computers Oyj - Warrants to purchase American Depositary Shares,Nasdaq,0,,nasdaqtrader
IQQ,iShares Nasdaq 100 ETF,Nasdaq,1,,nasdaqtrader
IQQQ,ProShares Nasdaq-100 High Income ETF,Nasdaq,1,,nasdaqtrader
IQSI,NYLIM Candriam International Equity ETF,NYSE Arca,1,,nasdaqtrader
IQSM,NYLIM Candriam U.S. Mid Cap Equity ETF,NYSE Arca,1,,nasdaqtrader
IQST,iQSTEL Inc. - Common Stock,Nasdaq,0,,nasdaqtrader
IQSU,NYLIM Candriam U.S. Large Cap Equity ETF,NYSE Arca,1,,nasdaqtrader
IQSZ,Invesco Global Equity Net Zero ETF,NYSE Arca,1,,nasdaqtrader
IQV,"IQVIA Holdings, Inc. Common Stock",NYSE,0,,nasdaqtrader
IR,Ingersoll Rand Inc. Common Stock,NYSE,0,,nasdaqtrader
IRAB,Iris Acquisition Corp II Class A Ordinary Shares,NYSE,0,,nasdaqtrader
IRAB.U,"Iris Acquisition Corp II Units, each consisting of one Class A Ordinary Share and one-half of one redeemable Warrant",NYSE,0,,nasdaqtrader
IRAB.W,"Iris Acquisition Corp II Redeemable Warrants, each whole warrant exercisable for one Class A Ordinary Share at an exercise price of $11.50 per share",NYSE,0,,nasdaqtrader
IRD,"Opus Genetics, Inc. - Common Stock",Nasdaq,0,,nasdaqtrader
IRDM,Iridium Communications Inc - Common Stock,Nasdaq,0,,nasdaqtrader
IRE,Defiance Daily Target 2X Long IREN ETF,NYSE Arca,1,,nasdaqtrader
IREC,Corgi IREN 2x Daily ETF,Cboe BZX,1,,nasdaqtrader
IREG,Leverage Shares 2X Long IREN Daily ETF,Nasdaq,1,,nasdaqtrader
IREN,IREN Limited - Ordinary Shares,Nasdaq,0,,nasdaqtrader
IREX,Tradr 2X Long IREN Daily ETF,Cboe BZX,1,,nasdaqtrader
IREZ,Tradr 2X Short IREN Daily ETF,Cboe BZX,1,,nasdaqtrader
IRHO,Iron Horse Acquisitions II Corp. - Common Stock,Nasdaq,0,,nasdaqtrader
IRHOR,Iron Horse Acquisitions II Corp. - Rights,Nasdaq,0,,nasdaqtrader
IRHOU,Iron Horse Acquisitions II Corp. - Units,Nasdaq,0,,nasdaqtrader
IRIX,IRIDEX Corporation - Common Stock,Nasdaq,0,,nasdaqtrader
IRM,Iron Mountain Incorporated (Delaware)Common Stock REIT,NYSE,0,,nasdaqtrader
IRMD,iRadimed Corporation - Common Stock,Nasdaq,0,,nasdaqtrader
IROC,Invesco Rochester High Yield Municipal ETF,Cboe BZX,1,,nasdaqtrader
IRON,"Disc Medicine, Inc. - Common Stock",Nasdaq,0,,nasdaqtrader
IRS,IRSA Inversiones Y Representaciones S.A. Global Depositary Shares (Each representing ten shares of Common Stock),NYSE,0,,nasdaqtrader
IRT,"Independence Realty Trust, Inc. Common Stock",NYSE,0,,nasdaqtrader
IRTC,"iRhythm Holdings, Inc.  - Common Stock",Nasdaq,0,,nasdaqtrader
IRTR,iShares LifePath Retirement ETF,NYSE Arca,1,,nasdaqtrader
IRVH,Global X Interest Rate Volatility & Inflation Hedge ETF,NYSE Arca,1,,nasdaqtrader
IRWD,"Ironwood Pharmaceuticals, Inc. - Class A Common Stock",Nasdaq,0,,nasdaqtrader
ISBA,Isabella Bank Corporation - Common stock,Nasdaq,0,,nasdaqtrader
ISBG,IncomeSTKd 1x Bitcoin & 1x Gold Premium ETF,Cboe BZX,1,,nasdaqtrader
ISCB,iShares Morningstar Small-Cap ETF,NYSE Arca,1,,nasdaqtrader
ISCF,iShares International Small-Cap Equity Factor ETF,NYSE Arca,1,,nasdaqtrader
ISCG,iShares Morningstar Small-Cap Growth ETF,NYSE Arca,1,,nasdaqtrader
ISCV,iShares Morningstar Small-Cap Value ETF,NYSE Arca,1,,nasdaqtrader
ISD,"PGIM High Yield Bond Fund, Inc.",NYSE,0,,nasdaqtrader
ISEP,Innovator International Developed Power Buffer ETF  September,NYSE Arca,1,,nasdaqtrader
ISHG,iShares 1-3 Year International Treasury Bond ETF,Nasdaq,1,,nasdaqtrader
ISHP,First Trust S-Network E-Commerce ETF,Nasdaq,1,,nasdaqtrader
ISMD,Inspire Small/Mid Cap ETF,NYSE Arca,1,,nasdaqtrader
ISMF,iShares Managed Futures Active ETF,Cboe BZX,1,,nasdaqtrader
ISNR,Snow Rothschild Acquisition Corp. - Class A Ordinary Shares,Nasdaq,0,,nasdaqtrader
ISNRU,Snow Rothschild Acquisition Corp. - Units,Nasdaq,0,,nasdaqtrader
ISNRW,Snow Rothschild Acquisition Corp. - Warrants,Nasdaq,0,,nasdaqtrader
ISOU,IsoEnergy Ltd. Common Shares,NYSE American,0,,nasdaqtrader
ISPC,iSpecimen Inc. - Common Stock,Nasdaq,0,,nasdaqtrader
ISPR,Ispire Technology Inc. - Common Stock,Nasdaq,0,,nasdaqtrader
ISPY,ProShares S&P 500 High Income ETF,Cboe BZX,1,,nasdaqtrader
ISRA,VanEck Israel ETF,NYSE Arca,1,,nasdaqtrader
ISRG,"Intuitive Surgical, Inc. - Common Stock",Nasdaq,0,,nasdaqtrader
ISRL,Defiance KSM Israel 120 ETF,Nasdaq,1,,nasdaqtrader
ISSB,IncomeSTKd 1x US Stocks & 1x Bitcoin Premium ETF,Cboe BZX,1,,nasdaqtrader
ISTB,iShares Core 1-5 Year USD Bond ETF,Nasdaq,1,,nasdaqtrader
ISTM,iShares Strategic Metals ETF,Nasdaq,1,,nasdaqtrader
ISTR,Investar Holding Corporation - Common Stock,Nasdaq,0,,nasdaqtrader
ISUL,GraniteShares 2x Long ISRG Daily ETF,Nasdaq,1,,nasdaqtrader
ISVL,iShares International Developed Small Cap Value Factor ETF,Cboe BZX,1,,nasdaqtrader
ISWN,Amplify BlackSwan ISWN ETF,NYSE Arca,1,,nasdaqtrader
IT,"Gartner, Inc. Common Stock",NYSE,0,,nasdaqtrader
ITA,iShares U.S. Aerospace & Defense ETF,Cboe BZX,1,,nasdaqtrader
ITAN,Sparkline Intangible Value ETF,NYSE Arca,1,,nasdaqtrader
ITB,iShares U.S. Home Construction ETF,Cboe BZX,1,,nasdaqtrader
ITDB,iShares LifePath Target Date 2030 ETF,NYSE Arca,1,,nasdaqtrader
ITDC,iShares LifePath Target Date 2035 ETF,NYSE Arca,1,,nasdaqtrader
ITDD,iShares LifePath Target Date 2040 ETF,NYSE Arca,1,,nasdaqtrader
ITDE,iShares LifePath Target Date 2045 ETF,NYSE Arca,1,,nasdaqtrader
ITDF,iShares LifePath Target Date 2050 ETF,NYSE Arca,1,,nasdaqtrader
ITDG,iShares LifePath Target Date 2055 ETF,NYSE Arca,1,,nasdaqtrader
ITDH,iShares LifePath Target Date 2060 ETF,NYSE Arca,1,,nasdaqtrader
ITDI,iShares LifePath Target Date 2065 ETF,NYSE Arca,1,,nasdaqtrader
ITDJ,iShares LifePath Target Date 2070 ETF,NYSE Arca,1,,nasdaqtrader
ITEQ,Amplify BlueStar Israel Technology ETF,NYSE Arca,1,,nasdaqtrader
ITG,"ITG, Inc. - Class A Common Stock",Nasdaq,0,,nasdaqtrader
ITGR,Integer Holdings Corporation Common Stock,NYSE,0,,nasdaqtrader
ITHA,ITHAX Acquisition Corp III - Class A Ordinary Shares,Nasdaq,0,,nasdaqtrader
ITHAU,ITHAX Acquisition Corp III - Units,Nasdaq,0,,nasdaqtrader
ITHAW,ITHAX Acquisition Corp III - Warrants,Nasdaq,0,,nasdaqtrader
ITIC,Investors Title Company - Common Stock,Nasdaq,0,,nasdaqtrader
ITM,VanEck Intermediate Muni ETF,Cboe BZX,1,,nasdaqtrader
ITOC,iTonic Holdings Ltd - Class A Ordinary Shares,Nasdaq,0,,nasdaqtrader
ITOT,iShares Core S&P Total U.S. Stock Market ETF,NYSE Arca,1,,nasdaqtrader
ITP,"IT Tech Packaging, Inc. Common Stock",NYSE American,0,,nasdaqtrader
ITRG,Integra Resources Corp. Common Shares,NYSE American,0,,nasdaqtrader
ITRI,"Itron, Inc. - Common Stock",Nasdaq,0,,nasdaqtrader
ITRN,Ituran Location and Control Ltd. - Ordinary Shares,Nasdaq,0,,nasdaqtrader
ITT,ITT Inc. Common Stock,NYSE,0,,nasdaqtrader
ITUB,Itau Unibanco Banco Holding SA American Depositary Shares (Each repstg 500 Preferred shares),NYSE,0,,nasdaqtrader
ITW,Illinois Tool Works Inc. Common Stock,NYSE,0,,nasdaqtrader
ITWO,ProShares Russell 2000 High Income ETF,Cboe BZX,1,,nasdaqtrader
IUS,Invesco RAFI Strategic US ETF,Nasdaq,1,,nasdaqtrader
IUSB,iShares Core Universal USD Bond ETF,Nasdaq,1,,nasdaqtrader
IUSG,iShares Core S&P U.S. Growth ETF,Nasdaq,1,,nasdaqtrader
IUSV,iShares Core S&P U.S. Value ETF,Nasdaq,1,,nasdaqtrader
IVA,Inventiva S.A. - American Depository Shares,Nasdaq,0,,nasdaqtrader
IVAI,Ives Ultra AI Opportunities Inc. Common Stock,NYSE,0,,nasdaqtrader
IVAL,Alpha Architect International Quantitative Value ETF,Nasdaq,1,,nasdaqtrader
IVDA,"Iveda Solutions, Inc. - Common Stock",Nasdaq,0,,nasdaqtrader
IVDAW,"Iveda Solutions, Inc. - Warrant",Nasdaq,0,,nasdaqtrader
IVE,iShares S&P 500 Value ETF,NYSE Arca,1,,nasdaqtrader
IVEP,Dan IVES Wedbush AI Power & Infrastructure ETF,NYSE Arca,1,,nasdaqtrader
IVES,Dan IVES Wedbush AI Revolution ETF,NYSE Arca,1,,nasdaqtrader
IVF,"INVO Fertility, Inc. - Common Stock",Nasdaq,0,,nasdaqtrader
IVLU,iShares MSCI Intl Value Factor ETF,NYSE Arca,1,,nasdaqtrader
IVOG,Vanguard S&P Mid-Cap 400 Growth ETF,NYSE Arca,1,,nasdaqtrader
IVOL,Quadratic Interest Rate Volatility and Inflation Hedge ETF,NYSE Arca,1,,nasdaqtrader
IVOO,Vanguard S&P Mid-Cap 400 ETF,NYSE Arca,1,,nasdaqtrader
IVOV,Vanguard S&P Mid-Cap 400 Value ETF,NYSE Arca,1,,nasdaqtrader
IVR,INVESCO MORTGAGE CAPITAL INC Common Stock,NYSE,0,,nasdaqtrader
IVSI,Applied Finance IVS International Large ETF,Nasdaq,1,,nasdaqtrader
IVSS,Applied Finance IVS US SMID ETF,Nasdaq,1,,nasdaqtrader
IVSX,Applied Finance IVS International SMID ETF,Nasdaq,1,,nasdaqtrader
IVT,InvenTrust Properties Corp. Common Stock,NYSE,0,,nasdaqtrader
IVV,iShares Core S&P 500 ETF,NYSE Arca,1,,nasdaqtrader
IVVB,iShares Large Cap Deep Quarterly Laddered ETF,Cboe BZX,1,,nasdaqtrader
IVVD,"Invivyd, Inc. - Common Stock",Nasdaq,0,,nasdaqtrader
IVVM,iShares Large Cap Moderate Quarterly Laddered ETF,Cboe BZX,1,,nasdaqtrader
IVVW,iShares S&P 500 BuyWrite ETF,Cboe BZX,1,,nasdaqtrader
IVW,iShares S&P 500 Growth ETF,NYSE Arca,1,,nasdaqtrader
IVZ,Invesco Ltd Common Stock,NYSE,0,,nasdaqtrader
IWB,iShares Russell 1000 ETF,NYSE Arca,1,,nasdaqtrader
IWC,iShares Microcap ETF,NYSE Arca,1,,nasdaqtrader
IWD,iShares Russell 1000 Value ETF,NYSE Arca,1,,nasdaqtrader
IWF,iShares Russell 1000 Growth Fund,NYSE Arca,1,,nasdaqtrader
IWFG,NYLIM Winslow Focused Large Cap Growth ETF,NYSE Arca,1,,nasdaqtrader
IWL,iShares Russell Top 200 ETF,NYSE Arca,1,,nasdaqtrader
IWLG,NYLIM Winslow Large Cap Growth ETF,NYSE Arca,1,,nasdaqtrader
IWM,iShares Russell 2000 Index Fund,NYSE Arca,1,,nasdaqtrader
IWMI,NEOS Russell 2000 High Income ETF,Cboe BZX,1,,nasdaqtrader
IWMW,iShares Russell 2000 BuyWrite ETF,Cboe BZX,1,,nasdaqtrader
IWMY,Defiance R2000 Weekly Distribution ETF,NYSE Arca,1,,nasdaqtrader
IWN,iShares Russell 2000 Value ETF,NYSE Arca,1,,nasdaqtrader
IWO,iShares Russell 2000 Growth Fund,NYSE Arca,1,,nasdaqtrader
IWP,iShares Russell Midcap Growth ETF,NYSE Arca,1,,nasdaqtrader
IWR,iShares Russell Mid-Cap ETF,NYSE Arca,1,,nasdaqtrader
IWS,iShares Russell Mid-Cap Value ETF,NYSE Arca,1,,nasdaqtrader
IWV,iShares Russell 3000 Fund,NYSE Arca,1,,nasdaqtrader
IWX,iShares Russell Top 200 Value ETF,NYSE Arca,1,,nasdaqtrader
IWY,iShares Russell Top 200 Growth ETF,NYSE Arca,1,,nasdaqtrader
IX,ORIX Corporation American Depositary Shares,NYSE,0,,nasdaqtrader
IXC,iShares Global Energy ETF,NYSE Arca,1,,nasdaqtrader
IXG,iShares Global Financial ETF,NYSE Arca,1,,nasdaqtrader
IXHL,Incannex Healthcare Inc. - Common Stock,Nasdaq,0,,nasdaqtrader
IXJ,iShares Global Healthcare ETF,NYSE Arca,1,,nasdaqtrader
IXN,iShares Global Tech ETF,NYSE Arca,1,,nasdaqtrader
IXP,iShares Global Comm Services ETF,NYSE Arca,1,,nasdaqtrader
IXUS,iShares Core MSCI Total International Stock ETF,Nasdaq,1,,nasdaqtrader
IYC,iShares U.S. Consumer Discretionary ETF,NYSE Arca,1,,nasdaqtrader
IYE,iShares U.S. Energy ETF,NYSE Arca,1,,nasdaqtrader
IYF,iShares U.S. Financial ETF,NYSE Arca,1,,nasdaqtrader
IYG,iShares U.S. Financial Services ETF,NYSE Arca,1,,nasdaqtrader
IYH,iShares U.S. Healthcare ETF,NYSE Arca,1,,nasdaqtrader
IYJ,iShares U.S. Industrials ETF,Cboe BZX,1,,nasdaqtrader
IYK,iShares U.S. Consumer Staples ETF,NYSE Arca,1,,nasdaqtrader
IYLD,iShares Morningstar Multi-Asset Income ETF,Cboe BZX,1,,nasdaqtrader
IYM,iShares U.S. Basic Materials ETF,NYSE Arca,1,,nasdaqtrader
IYR,iShares U.S. Real Estate ETF,NYSE Arca,1,,nasdaqtrader
IYRI,NEOS Real Estate High Income ETF,Cboe BZX,1,,nasdaqtrader
IYT,iShares U.S. Transportation ETF,Cboe BZX,1,,nasdaqtrader
IYW,iShares U.S. Technology ETF,NYSE Arca,1,,nasdaqtrader
IYY,iShares Dow Jones U.S. ETF,NYSE Arca,1,,nasdaqtrader
IYZ,iShares U.S. Telecommunications ETF,Cboe BZX,1,,nasdaqtrader
IZEA,"IZEA Worldwide, Inc. - Common Stock",Nasdaq,0,,nasdaqtrader
IZM,ICZOOM Group Inc. - Class A Ordinary Shares,Nasdaq,0,,nasdaqtrader
IZRL,ARK Israel Innovative Technology ETF,Cboe BZX,1,,nasdaqtrader
J,Jacobs Solutions Inc. Common Stock,NYSE,0,,nasdaqtrader
JA,Janus Henderson AA-A CLO ETF,NYSE Arca,1,,nasdaqtrader
JAAA,Janus Henderson AAA CLO ETF,NYSE Arca,1,,nasdaqtrader
JABS,Janus Henderson Asset-Backed Securities ETF,NYSE Arca,1,,nasdaqtrader
JACK,Jack In The Box Inc. - Common Stock,Nasdaq,0,,nasdaqtrader
JACS,Jackson Acquisition Company II Class A Ordinary Shares,NYSE,0,,nasdaqtrader
JACS.R,"Jackson Acquisition Company II Rights, each right to acquire one-tenth (1/10) of one Class A ordinary share",NYSE,0,,nasdaqtrader
JACS.U,"Jackson Acquisition Company II Units, each consisting of one Class A ordinary share and one right to acquire one-tenth (1/10) of one Class A ordinary share",NYSE,0,,nasdaqtrader
JADB,Aptus January Deep Buffer ETF,Cboe BZX,1,,nasdaqtrader
JADE,JPMorgan Active Developing Markets Equity ETF,NYSE Arca,1,,nasdaqtrader
JAGU,Jaguar Uranium Corp. Class A Common Shares,NYSE American,0,,nasdaqtrader
JAGX,"Jaguar Health, Inc. - Common Stock",Nasdaq,0,,nasdaqtrader
JAJL,Innovator Equity Defined Protection ETF - 6mo Jan/Jul,Cboe BZX,1,,nasdaqtrader
JAKK,"JAKKS Pacific, Inc. - Common Stock",Nasdaq,0,,nasdaqtrader
JAN,"Janus Living, Inc. Class A-1 Common Stock",NYSE,0,,nasdaqtrader
JANB,Aptus January Buffer ETF,Cboe BZX,1,,nasdaqtrader
JANH,Innovator Premium Income 20 Barrier ETF - January,Cboe BZX,1,,nasdaqtrader
JANI,AllianzIM International Equity Buffer15 Uncapped Jan ETF,Cboe BZX,1,,nasdaqtrader
JANJ,Innovator Premium Income 30 Barrier ETF - January,Cboe BZX,1,,nasdaqtrader
JANM,FT Vest U.S. Equity Max Buffer ETF - January,Cboe BZX,1,,nasdaqtrader
JANP,PGIM S&P 500 Buffer 12 ETF - January,Cboe BZX,1,,nasdaqtrader
JANT,AllianzIM U.S. Large Cap Buffer10 Jan ETF,Cboe BZX,1,,nasdaqtrader
JANU,AllianzIM U.S. Equity Buffer15 Uncapped Jan ETF,Cboe BZX,1,,nasdaqtrader
JANW,AllianzIM U.S. Large Cap Buffer20 Jan ETF,Cboe BZX,1,,nasdaqtrader
JANX,"Janux Therapeutics, Inc. - Common Stock",Nasdaq,0,,nasdaqtrader
JANZ,TrueShares Structured Outcome (January) ETF,Cboe BZX,1,,nasdaqtrader
JAPN,Horizon Kinetics Japan Owner Operator ETF,Nasdaq,1,,nasdaqtrader
JATT,JATT II Acquisition Corp - Ordinary Shares,Nasdaq,0,,nasdaqtrader
JAVA,JPMorgan Active Value ETF,NYSE Arca,1,,nasdaqtrader
JAZZ,Jazz Pharmaceuticals plc - Ordinary Shares,Nasdaq,0,,nasdaqtrader
JBBB,Janus Henderson B-BBB CLO ETF,Cboe BZX,1,,nasdaqtrader
JBDI,JBDI Holdings Limited - Ordinary Shares,Nasdaq,0,,nasdaqtrader
JBGS,JBG SMITH Properties Common Shares,NYSE,0,,nasdaqtrader
JBHT,"J.B. Hunt Transport Services, Inc. - Common Stock",Nasdaq,0,,nasdaqtrader
JBI,"Janus International Group, Inc. Common Stock",NYSE,0,,nasdaqtrader
JBIO,"Jade Biosciences, Inc. - Common Stock",Nasdaq,0,,nasdaqtrader
JBK,Lehman ABS 3.50 3.50% Adjustable Corp Backed Tr Certs GS Cap I,NYSE,0,,nasdaqtrader
JBL,Jabil Inc. Common Stock,NYSE,0,,nasdaqtrader
JBLG,Leverage Shares 2X Long JBL Daily ETF,Cboe BZX,1,,nasdaqtrader
JBLU,JetBlue Airways Corporation - Common Stock,Nasdaq,0,,nasdaqtrader
JBND,JPMorgan Active Bond ETF,NYSE,1,,nasdaqtrader
JBS,JBS N.V. Class A Common Shares,NYSE,0,,nasdaqtrader
JBSS,"John B. Sanfilippo & Son, Inc. - Common Stock",Nasdaq,0,,nasdaqtrader
JBTM,JBT Marel Corporation Common Stock,NYSE,0,,nasdaqtrader
JCAL,JPMorgan California Tax Free Bond ETF,NYSE Arca,1,,nasdaqtrader
JCAP,"Jefferson Capital, Inc. - Common Stock",Nasdaq,0,,nasdaqtrader
JCE,Nuveen Core Equity Alpha Fund Common Shares of Beneficial Interest,NYSE,0,,nasdaqtrader
JCHI,JPMorgan Active China ETF,NYSE Arca,1,,nasdaqtrader
JCI,Johnson Controls International plc Ordinary Share,NYSE,0,,nasdaqtrader
JCPB,JPMorgan Core Plus Bond ETF,NYSE Arca,1,,nasdaqtrader
JCPI,JPMorgan Inflation Managed Bond ETF,NYSE Arca,1,,nasdaqtrader
JCSE,JE Cleantech Holdings Limited - Ordinary Shares,Nasdaq,0,,nasdaqtrader
JCTC,Jewett-Cameron Trading Company - Common Shares,Nasdaq,0,,nasdaqtrader
JD,"JD.com, Inc. - American Depositary Shares",Nasdaq,0,,nasdaqtrader
JDIV,JPMorgan Dividend Leaders ETF,NYSE Arca,1,,nasdaqtrader
JDOC,JPMorgan Healthcare Leaders ETF,Nasdaq,1,,nasdaqtrader
JDST,Direxion Daily Junior Gold Miners Index Bear 2X ETF,NYSE Arca,1,,nasdaqtrader
JDVI,John Hancock Disciplined Value International Select ETF,NYSE Arca,1,,nasdaqtrader
JDVL,John Hancock Disciplined Value Select ETF,NYSE Arca,1,,nasdaqtrader
JDZG,JIADE LIMITED - Class A Ordinary Shares,Nasdaq,0,,nasdaqtrader
JEDI,Defiance Drone and Modern Warfare ETF,NYSE Arca,1,,nasdaqtrader
JEF,Jefferies Financial Group Inc. Common Stock,NYSE,0,,nasdaqtrader
JELD,"JELD-WEN Holding, Inc. Common Stock",NYSE,0,,nasdaqtrader
JELH,Janus Henderson Equity Linked High Income ETF,Cboe BZX,1,,nasdaqtrader
JELM,Janus Henderson Equity Linked Moderate Income ETF,Cboe BZX,1,,nasdaqtrader
JEM,707 Cayman Holdings Limited - Ordinary Shares,Nasdaq,0,,nasdaqtrader
JEMA,JPMorgan ActiveBuilders Emerging Markets Equity ETF,Nasdaq,1,,nasdaqtrader
JEMB,Janus Henderson Emerging Markets Debt Hard Currency ETF,NYSE Arca,1,,nasdaqtrader
JENA,Jena Acquisition Corporation II Class A Ordinary Shares,NYSE,0,,nasdaqtrader
JENA.R,"Jena Acquisition Corporation II Rights, each right to acquire one-twentieth (1/20) of one Class A ordinary share",NYSE,0,,nasdaqtrader
JENA.U,"Jena Acquisition Corporation II Units, each consisting of one Class A ordinary share and one right",NYSE,0,,nasdaqtrader
JEPI,JPMorgan Equity Premium Income ETF,NYSE Arca,1,,nasdaqtrader
JEPQ,JPMorgan Nasdaq Equity Premium Income ETF,Nasdaq,1,,nasdaqtrader
JETD,MAX Airlines -3X Inverse Leveraged ETNs,NYSE Arca,1,,nasdaqtrader
JETS,U.S. Global Jets ETF,NYSE Arca,1,,nasdaqtrader
JETU,MAX Airlines 3X Leveraged ETNs,NYSE Arca,1,,nasdaqtrader
JF,J and Friends Holdings Limited - American Depositary Shares,Nasdaq,0,,nasdaqtrader
JFIN,Jiayin Group Inc. - American Depositary Shares,Nasdaq,0,,nasdaqtrader
JFLI,JPMorgan Flexible Income ETF,NYSE Arca,1,,nasdaqtrader
JFLX,JPMorgan Flexible Debt ETF,NYSE Arca,1,,nasdaqtrader
JFR,Nuveen Floating Rate Income Fund Common Stock,NYSE,0,,nasdaqtrader
JFU,9F Inc. - American Depositary Shares,Nasdaq,0,,nasdaqtrader
JG,Aurora Mobile Limited - American Depositary Shares,Nasdaq,0,,nasdaqtrader
JGH,Nuveen Global High Income Fund Common Shares of Beneficial Interest,NYSE,0,,nasdaqtrader
JGLO,JPMorgan Global Select Equity ETF,Nasdaq,1,,nasdaqtrader
JGRO,JPMorgan Active Growth ETF,NYSE Arca,1,,nasdaqtrader
JGRW,Jensen Quality Growth ETF,NYSE Arca,1,,nasdaqtrader
JHAC,John Hancock Fundamental All Cap Core ETF,NYSE Arca,1,,nasdaqtrader
JHAI,Janus Henderson Global Artificial Intelligence ETF,Nasdaq,1,,nasdaqtrader
JHCB,John Hancock Corporate Bond ETF,NYSE Arca,1,,nasdaqtrader
JHCP,John Hancock Core Plus Bond ETF,NYSE Arca,1,,nasdaqtrader
JHCR,John Hancock Core Bond ETF,NYSE Arca,1,,nasdaqtrader
JHDG,John Hancock Hedged Equity ETF,NYSE Arca,1,,nasdaqtrader
JHDV,John Hancock U.S. High Dividend ETF,NYSE Arca,1,,nasdaqtrader
JHEM,John Hancock Multifactor Emerging Markets ETF,NYSE Arca,1,,nasdaqtrader
JHHY,John Hancock High Yield ETF,NYSE Arca,1,,nasdaqtrader
JHI,John Hancock Investors Trust Common Stock,NYSE,0,,nasdaqtrader
JHID,John Hancock International High Dividend ETF,NYSE Arca,1,,nasdaqtrader
JHLN,John Hancock Global Senior Loan ETF,NYSE Arca,1,,nasdaqtrader
JHMB,John Hancock Mortgage-Backed Securities ETF,NYSE Arca,1,,nasdaqtrader
JHMD,John Hancock Multifactor Developed International ETF,NYSE Arca,1,,nasdaqtrader
JHML,John Hancock Multifactor Large Cap ETF,NYSE Arca,1,,nasdaqtrader
JHMM,John Hancock Multifactor Mid Cap ETF,NYSE Arca,1,,nasdaqtrader
JHMU,John Hancock Dynamic Municipal Bond ETF,NYSE Arca,1,,nasdaqtrader
JHPI,John Hancock Preferred Income ETF,NYSE Arca,1,,nasdaqtrader
JHS,John Hancock Income Securities Trust Common Stock,NYSE,0,,nasdaqtrader
JHSC,John Hancock Multifactor Small Cap ETF,NYSE Arca,1,,nasdaqtrader
JHX,James Hardie Industries plc. Ordinary Shares,NYSE,0,,nasdaqtrader
JIDE,JPMorgan International Dynamic ETF,NYSE Arca,1,,nasdaqtrader
JIG,JPMorgan International Growth ETF,NYSE Arca,1,,nasdaqtrader
JIII,Janus Henderson Income ETF,NYSE Arca,1,,nasdaqtrader
JILL,"J. Jill, Inc. Common Stock",NYSE,0,,nasdaqtrader
JINT,Janus Henderson International Core Alpha ETF,Nasdaq,1,,nasdaqtrader
JIRE,JPMorgan International Research Enhanced Equity ETF,NYSE Arca,1,,nasdaqtrader
JIVE,JPMorgan International Value ETF,Nasdaq,1,,nasdaqtrader
JJSF,J & J Snack Foods Corp. - Common Stock,Nasdaq,0,,nasdaqtrader
JKHY,"Jack Henry & Associates, Inc. - Common Stock",Nasdaq,0,,nasdaqtrader
JKS,JinkoSolar Holding Company Limited American Depositary Shares (each representing 4 Common Shares),NYSE,0,,nasdaqtrader
JL,J-Long Group Limited - Class A Ordinary Shares,Nasdaq,0,,nasdaqtrader
JLCO,John Hancock Large Cap Opportunities ETF,NYSE Arca,1,,nasdaqtrader
JLHL,Julong Holding Limited - Class A Ordinary Shares,Nasdaq,0,,nasdaqtrader
JLL,Jones Lang LaSalle Incorporated Common Stock,NYSE,0,,nasdaqtrader
JLQD,Janus Henderson Corporate Bond ETF,NYSE Arca,1,,nasdaqtrader
JLS,Nuveen Mortgage and Income Fund,NYSE,0,,nasdaqtrader
JLVP,JPMorgan U.S. Large Cap Value Plus ETF,Nasdaq,1,,nasdaqtrader
JMBS,Janus Henderson Mortgage-Backed Securities ETF,NYSE Arca,1,,nasdaqtrader
JMEE,JPMorgan Small & Mid Cap Enhanced Equity ETF,NYSE Arca,1,,nasdaqtrader
JMHI,JPMorgan High Yield Municipal ETF,NYSE Arca,1,,nasdaqtrader
JMIA,"Jumia Technologies AG American Depositary Shares, each representing two Ordinary Shares",NYSE,0,,nasdaqtrader
JMID,Janus Henderson Mid Cap Growth Alpha ETF,Nasdaq,1,,nasdaqtrader
JMKE,Jersey Mike's Subs Inc. Class A Common Stock,NYSE,0,,nasdaqtrader
JMM,Nuveen Multi-Market Income Fund (MA),NYSE,0,,nasdaqtrader
JMMF,JPMorgan 100% U.S. Treasury Securities Money Market ETF,NYSE Arca,1,,nasdaqtrader
JMOM,JPMorgan U.S. Momentum Factor ETF,NYSE Arca,1,,nasdaqtrader
JMSB,"John Marshall Bancorp, Inc. - Common Stock",Nasdaq,0,,nasdaqtrader
JMSI,JPMorgan Sustainable Municipal Income ETF,NYSE Arca,1,,nasdaqtrader
JMST,JPMorgan Ultra-Short Municipal Income ETF,NYSE Arca,1,,nasdaqtrader
JMTG,JPMorgan Mortgage-Backed Securities ETF,NYSE Arca,1,,nasdaqtrader
JMUB,JPMorgan Municipal ETF,NYSE Arca,1,,nasdaqtrader
JNEU,AllianzIM U.S. Equity Buffer15 Uncapped June ETF,Cboe BZX,1,,nasdaqtrader
JNJ,Johnson & Johnson Common Stock,NYSE,0,,nasdaqtrader
JNK,State Street SPDR Bloomberg High Yield Bond ETF,NYSE Arca,1,,nasdaqtrader
JNUG,Direxion Daily Junior Gold Miners Index Bull 2X ETF,NYSE Arca,1,,nasdaqtrader
JOB,GEE Group Inc. Common Stock,NYSE American,0,,nasdaqtrader
JOBC,Corgi JOBY 2x Daily ETF,Cboe BZX,1,,nasdaqtrader
JOBX,Tradr 2X Long JOBY Daily ETF,Cboe BZX,1,,nasdaqtrader
JOBY,"Joby Aviation, Inc. Common Stock",NYSE,0,,nasdaqtrader
JOE,St. Joe Company (The) Common Stock,NYSE,0,,nasdaqtrader
JOET,Virtus Terranova U.S. Quality Momentum ETF,NYSE Arca,1,,nasdaqtrader
JOF,Japan Smaller Capitalization Fund Inc Common Stock,NYSE,0,,nasdaqtrader
JOJO,ATAC Credit Rotation ETF,NYSE Arca,1,,nasdaqtrader
JONE,Jones Ventures INTL Acquisition1 Corp - Class A Ordinary Shares,Nasdaq,0,,nasdaqtrader
JONER,Jones Ventures INTL Acquisition1 Corp - Rights,Nasdaq,0,,nasdaqtrader
JONEU,Jones Ventures INTL Acquisition1 Corp - Units,Nasdaq,0,,nasdaqtrader
JOUL,Corgi High Voltage Grid Equipment ETF,Cboe BZX,1,,nasdaqtrader
JOUT,Johnson Outdoors Inc. - Class A Common Stock,Nasdaq,0,,nasdaqtrader
JOYT,JPMorgan Equity and Options Total Return ETF,Nasdaq,1,,nasdaqtrader
JOYY,JOYY Inc. - American Depositary Shares,Nasdaq,0,,nasdaqtrader
JPAN,Matthews Japan Active ETF,NYSE Arca,1,,nasdaqtrader
JPC,Nuveen Preferred & Income Opportunities Fund,NYSE,0,,nasdaqtrader
JPEF,JPMorgan Equity Focus ETF,Nasdaq,1,,nasdaqtrader
JPEM,JPMorgan Diversified Return Emerging Markets Equity ETF,NYSE Arca,1,,nasdaqtrader
JPFP,JPMorgan Managed Futures Plus ETF,Nasdaq,1,,nasdaqtrader
JPHY,JPMorgan Active High Yield ETF,NYSE Arca,1,,nasdaqtrader
JPIB,JPMorgan International Bond Opportunities ETF,NYSE Arca,1,,nasdaqtrader
JPIE,JPMorgan Income ETF,NYSE Arca,1,,nasdaqtrader
JPIN,JPMorgan Diversified Return International Equity ETF,NYSE Arca,1,,nasdaqtrader
JPLD,JPMorgan Limited Duration Bond ETF,NYSE Arca,1,,nasdaqtrader
JPM,JP Morgan Chase & Co. Common Stock,NYSE,0,,nasdaqtrader
JPMB,JPMorgan USD Emerging Markets Sovereign Bond ETF,NYSE Arca,1,,nasdaqtrader
JPME,JPMorgan Diversified Return U.S. Mid Cap Equity ETF,NYSE Arca,1,,nasdaqtrader
JPND,MicroSectors -3x Short Japan ETNs,Cboe BZX,1,,nasdaqtrader
JPNU,MicroSectors 3x Long Japan ETNs,Cboe BZX,1,,nasdaqtrader
JPO,YieldMax JP Option Income Strategy ETF,NYSE Arca,1,,nasdaqtrader
JPRE,JPMorgan Realty Income ETF,NYSE Arca,1,,nasdaqtrader
JPRF,JPMorgan Preferred and Income Securities ETF,NYSE Arca,1,,nasdaqtrader
JPSE,JPMorgan Diversified Return U.S. Small Cap Equity ETF,NYSE Arca,1,,nasdaqtrader
JPST,JPMorgan Ultra-Short Income ETF,NYSE Arca,1,,nasdaqtrader
JPSV,JPMorgan Active Small Cap Value ETF,NYSE Arca,1,,nasdaqtrader
JPUS,JPMorgan Diversified Return U.S. Equity ETF,NYSE Arca,1,,nasdaqtrader
JPXN,iShares JPX-Nikkei 400 ETF,NYSE Arca,1,,nasdaqtrader
JPY,Lazard Japanese Equity ETF,Nasdaq,1,,nasdaqtrader
JQC,Nuveen Credit Strategies Income Fund Shares of Beneficial Interest,NYSE,0,,nasdaqtrader
JQTY,Jensen U.S. Quality Index ETF,NYSE Arca,1,,nasdaqtrader
JQUA,JPMorgan U.S. Quality Factor ETF,NYSE Arca,1,,nasdaqtrader
JRI,Nuveen Real Asset Income and Growth Fund Common Shares of Beneficial Interest,NYSE,0,,nasdaqtrader
JRS,Nuveen Real Estate Income Fund Common Shares of Beneficial Interest,NYSE,0,,nasdaqtrader
JRSH,"Jerash Holdings (US), Inc. - Common Stock",Nasdaq,0,,nasdaqtrader
JRVR,"James River Group Holdings, Inc. - Common Stock",Nasdaq,0,,nasdaqtrader
JSCP,JPMorgan Short Duration Core Plus ETF,NYSE Arca,1,,nasdaqtrader
JSI,Janus Henderson Securitized Income ETF,NYSE Arca,1,,nasdaqtrader
JSM,"Navient Corporation - 6% Senior Notes due December 15, 2043",Nasdaq,0,,nasdaqtrader
JSMD,Janus Henderson Small/Mid Cap Growth Alpha ETF,Nasdaq,1,,nasdaqtrader
JSML,Janus Henderson Small Cap Growth Alpha ETF,Nasdaq,1,,nasdaqtrader
JSPR,"Jasper Therapeutics, Inc. - Class A Common Stock",Nasdaq,0,,nasdaqtrader
JSTC,Adasina Social Justice All Cap Global ETF,NYSE Arca,1,,nasdaqtrader
JTAI,Jet.AI Inc. - Common Stock,Nasdaq,0,,nasdaqtrader
JTEK,JPMorgan U.S. Tech Leaders ETF,Nasdaq,1,,nasdaqtrader
JTNY,JPMorgan New York Tax Free Bond ETF,NYSE Arca,1,,nasdaqtrader
JTTT,JATT III Acquisition Corp - Ordinary Shares,Nasdaq,0,,nasdaqtrader
JUCY,Aptus Enhanced Yield ETF,Cboe BZX,1,,nasdaqtrader
JUDB,Aptus July Deep Buffer ETF,Cboe BZX,1,,nasdaqtrader
JUDO,Janus Henderson U.S. Equity Enhanced Income ETF,Cboe BZX,1,,nasdaqtrader
JULB,Aptus July Buffer ETF,Cboe BZX,1,,nasdaqtrader
JULC,Corgi U.S. Equities 10% Structured Buffer ETF - July Series,Cboe BZX,1,,nasdaqtrader
JULH,Innovator Premium Income 20 Barrier ETF - July,Cboe BZX,1,,nasdaqtrader
JULI,AllianzIM International Equity Buffer15 Uncapped Jul ETF,Cboe BZX,1,,nasdaqtrader
JULJ,Innovator Premium Income 30 Barrier ETF - July,Cboe BZX,1,,nasdaqtrader
JULM,FT Vest U.S. Equity Max Buffer ETF - July,Cboe BZX,1,,nasdaqtrader
JULP,PGIM S&P 500 Buffer 12 ETF - July,Cboe BZX,1,,nasdaqtrader
JULT,AllianzIM U.S. Large Cap Buffer10 Jul ETF,Cboe BZX,1,,nasdaqtrader
JULU,AllianzIM U.S. Equity Buffer15 Uncapped Jul ETF,Cboe BZX,1,,nasdaqtrader
JULV,VanEck U.S. Equity Buffer ETF - July,NYSE Arca,1,,nasdaqtrader
JULW,AllianzIM U.S. Large Cap Buffer20 Jul ETF,Cboe BZX,1,,nasdaqtrader
JULZ,TrueShares Structured Outcome (July) ETF,Cboe BZX,1,,nasdaqtrader
JUNC,Corgi U.S. Equities 10% Structured Buffer ETF - June Series,Cboe BZX,1,,nasdaqtrader
JUNM,FT Vest U.S. Equity Max Buffer ETF - June,Cboe BZX,1,,nasdaqtrader
JUNP,PGIM S&P 500 Buffer 12 ETF - June,Cboe BZX,1,,nasdaqtrader
JUNS,"Jupiter Neurosciences, Inc. - Common Stock",Nasdaq,0,,nasdaqtrader
JUNT,AllianzIM U.S. Large Cap Buffer10 Jun ETF,Cboe BZX,1,,nasdaqtrader
JUNW,AllianzIM U.S. Large Cap Buffer20 Jun ETF,Cboe BZX,1,,nasdaqtrader
JUNZ,TrueShares Structured Outcome (June) ETF,Cboe BZX,1,,nasdaqtrader
JUSA,JPMorgan U.S. Research Enhanced Large Cap ETF,NYSE Arca,1,,nasdaqtrader
JUST,Goldman Sachs JUST U.S. Large Cap Equity ETF,NYSE Arca,1,,nasdaqtrader
JVA,"Coffee Holding Co., Inc. - Common Stock",Nasdaq,0,,nasdaqtrader
JVAL,JPMorgan U.S. Value Factor ETF,NYSE Arca,1,,nasdaqtrader
JWEL,Jowell Global Ltd. - Ordinary Shares,Nasdaq,0,,nasdaqtrader
JXG,JX Luxventure Group Inc. - Common Stock,Nasdaq,0,,nasdaqtrader
JXI,iShares Global Utilities ETF,NYSE Arca,1,,nasdaqtrader
JXN,Jackson Financial Inc. Class A Common Stock,NYSE,0,,nasdaqtrader
JXX,Janus Henderson Transformational Growth ETF,Cboe BZX,1,,nasdaqtrader
JYD,Jayud Global Logistics Limited - Class A Ordinary Shares,Nasdaq,0,,nasdaqtrader
JYNT,The Joint Corp. - Common Stock,Nasdaq,0,,nasdaqtrader
JZ,Jianzhi Education Technology Group Company Limited - American Depositary Shares,Nasdaq,0,,nasdaqtrader
JZXN,"Jiuzi Holdings, Inc. - Ordinary Shares",Nasdaq,0,,nasdaqtrader
KAI,Kadant Inc Common Stock,NYSE,0,,nasdaqtrader
KAIT,KraneShares Asia AI Technology ETF,NYSE Arca,1,,nasdaqtrader
KALA,"KALA BIO, Inc. - Common Stock",Nasdaq,0,,nasdaqtrader
KALU,Kaiser Aluminum Corporation - Common Stock,Nasdaq,0,,nasdaqtrader
KAMO,Kensington Credit Opportunities ETF,Cboe BZX,1,,nasdaqtrader
KAPA,"Kairos Pharma, Ltd. Common Stock",NYSE American,0,,nasdaqtrader
KAPR,Innovator U.S. Small Cap Power Buffer ETF - April,Cboe BZX,1,,nasdaqtrader
KARD,"Kardigan, Inc. - Common Stock",Nasdaq,0,,nasdaqtrader
KARO,Karooooo Ltd. - Ordinary shares,Nasdaq,0,,nasdaqtrader
KARS,KraneShares Electric Vehicles and Future Mobility Index ETF,NYSE Arca,1,,nasdaqtrader
KAT,Scharf ETF,Nasdaq,1,,nasdaqtrader
KATT,T-REX 2X Long PURR Daily Target ETF,Cboe BZX,1,,nasdaqtrader
KAUG,Innovator US Small Cap Power Buffer ETF - August,Cboe BZX,1,,nasdaqtrader
KAZR,Skyline Builders Group Holding Limited - Class A Ordinary Shares,Nasdaq,0,,nasdaqtrader
KB,KB Financial Group Inc,NYSE,0,,nasdaqtrader
KBA,KraneShares Bosera MSCI China A 50 Connect Index ETF,NYSE Arca,1,,nasdaqtrader
KBAB,KraneShares 2x Long BABA Daily ETF,Nasdaq,1,,nasdaqtrader
KBDC,"Kayne Anderson BDC, Inc. Common Stock",NYSE,0,,nasdaqtrader
KBDU,KraneShares 2x Long BIDU Daily ETF,Nasdaq,1,,nasdaqtrader
KBE,State Street SPDR S&P Bank ETF,NYSE Arca,1,,nasdaqtrader
KBFR,Innovator U.S. Small Cap Managed 10 Buffer ETF,NYSE Arca,1,,nasdaqtrader
KBH,KB Home Common Stock,NYSE,0,,nasdaqtrader
KBON,Karbon Capital Partners Corp. - Class A Ordinary Shares,Nasdaq,0,,nasdaqtrader
KBONU,Karbon Capital Partners Corp. - Units,Nasdaq,0,,nasdaqtrader
KBONW,Karbon Capital Partners Corp. - Warrant,Nasdaq,0,,nasdaqtrader
KBR,"KBR, Inc. Common Stock",NYSE,0,,nasdaqtrader
KBSX,FST Corp. - Ordinary Shares,Nasdaq,0,,nasdaqtrader
KBUF,KraneShares 90% KWEB Defined Outcome January 2027 ETF,NYSE Arca,1,,nasdaqtrader
KBWB,Invesco KBW Bank ETF,Nasdaq,1,,nasdaqtrader
KBWD,Invesco KBW High Dividend Yield Financial ETF,Nasdaq,1,,nasdaqtrader
KBWP,Invesco KBW Property & Casualty Insurance ETF,Nasdaq,1,,nasdaqtrader
KBWY,Invesco KBW Premium Yield Equity REIT ETF,Nasdaq,1,,nasdaqtrader
KC,Kingsoft Cloud Holdings Limited - American Depositary Shares,Nasdaq,0,,nasdaqtrader
KCA.U,"Kensington Capital Acquisition Corp. VI New Units, each consisting of one Class A Ordinary Share and three-quarters of one Class 2 Redeemable Warrant",NYSE,0,,nasdaqtrader
KCAC.U,"Kensington Capital Acquisition Corp. VI Units, each consisting of one Class A ordinary share, one-quarter of one Class 1 redeemable warrant and three-quarters of one Class 2 redeemable warrant",NYSE,0,,nasdaqtrader
KCAC.W,"Kensington Capital Acquisition Corp. VI Class 1 redeemable warrants, each exercisable for one Class A ordinary share at an exercise price of $11.50",NYSE,0,,nasdaqtrader
KCAI,KraneShares China Alpha Index ETF,NYSE Arca,1,,nasdaqtrader
KCCA,KraneShares California Carbon Allowance Strategy ETF,NYSE Arca,1,,nasdaqtrader
KCE,State Street SPDR S&P Capital Markets ETF,NYSE Arca,1,,nasdaqtrader
KCHP,KICK Korea Semiconductor Index ETF,NYSE Arca,1,,nasdaqtrader
KCHV,Kochav Defense Acquisition Corp. - Class A Ordinary Shares,Nasdaq,0,,nasdaqtrader
KCHVR,Kochav Defense Acquisition Corp. - Right,Nasdaq,0,,nasdaqtrader
KCHVU,Kochav Defense Acquisition Corp. - Units,Nasdaq,0,,nasdaqtrader
KCOP,Kurv Copper & Mining Enhanced Income ETF,Cboe BZX,1,,nasdaqtrader
KCSH,KraneShares Sustainable Ultra Short Duration Index ETF,NYSE Arca,1,,nasdaqtrader
KD,"Kyndryl Holdings, Inc. Common Stock",NYSE,0,,nasdaqtrader
KDEC,Innovator U.S. Small Cap Power Buffer ETF - December,Cboe BZX,1,,nasdaqtrader
KDEF,PLUS Korea Defense Industry Index ETF,NYSE Arca,1,,nasdaqtrader
KDK,"Kodiak AI, Inc. - Common Stock",Nasdaq,0,,nasdaqtrader
KDKRW,"Kodiak AI, Inc. - Warrant",Nasdaq,0,,nasdaqtrader
KDP,Keurig Dr Pepper Inc. - Common Stock,Nasdaq,0,,nasdaqtrader
KDRN,Kingsbarn Tactical Bond ETF,NYSE Arca,1,,nasdaqtrader
KDVD,Keeley Dividend ETF,NYSE Arca,1,,nasdaqtrader
KE,"Kimball Electronics, Inc. - Common Stock",Nasdaq,0,,nasdaqtrader
KEAT,Keating Active ETF,Nasdaq,1,,nasdaqtrader
KEEL,Keel Infrastructure Corp. - Common Stock,Nasdaq,0,,nasdaqtrader
KEEX,Defiance Daily Target 2x Long KEEL ETF,Cboe BZX,1,,nasdaqtrader
KELYA,"Kelly Services, Inc. - Class A Common Stock",Nasdaq,0,,nasdaqtrader
KELYB,"Kelly Services, Inc. - Class B Common Stock",Nasdaq,0,,nasdaqtrader
KEMQ,KraneShares Public-Private Emerging Markets Internet and Technology ETF,NYSE Arca,1,,nasdaqtrader
KEMX,KraneShares MSCI Emerging Markets ex China Index ETF,NYSE Arca,1,,nasdaqtrader
KEN,Kenon Holdings Ltd. Ordinary Shares,NYSE,0,,nasdaqtrader
KEO,Kurv Equity Option Income ETF,Cboe BZX,1,,nasdaqtrader
KEP,Korea Electric Power Corporation Common Stock,NYSE,0,,nasdaqtrader
KEQU,Kewaunee Scientific Corporation - Common Stock,Nasdaq,0,,nasdaqtrader
KEX,Kirby Corporation Common Stock,NYSE,0,,nasdaqtrader
KEY,KeyCorp Common Stock,NYSE,0,,nasdaqtrader
KEYG,Leverage Shares 2X Long KEYS Daily ETF,Cboe BZX,1,,nasdaqtrader
KEYS,Keysight Technologies Inc. Common Stock,NYSE,0,,nasdaqtrader
KEYX,Corgi KEYS 2x Daily ETF,Cboe BZX,1,,nasdaqtrader
KEYY,Keystone Acquisition Corp. - Class A Ordinary Shares,Nasdaq,0,,nasdaqtrader
KEYYU,Keystone Acquisition Corp. - Unit,Nasdaq,0,,nasdaqtrader
KEYYW,Keystone Acquisition Corp. - Warrants,Nasdaq,0,,nasdaqtrader
KF,"Korea Fund, Inc. (The) New Common Stock",NYSE,0,,nasdaqtrader
KFEB,Innovator U.S. Small Cap Power Buffer ETF - February,Cboe BZX,1,,nasdaqtrader
KFFB,Kentucky First Federal Bancorp - Common Stock,Nasdaq,0,,nasdaqtrader
KFII,K&F Growth Acquisition Corp. II - Class A Ordinary shares,Nasdaq,0,,nasdaqtrader
KFIIR,K&F Growth Acquisition Corp. II - Rights,Nasdaq,0,,nasdaqtrader
KFIIU,K&F Growth Acquisition Corp. II - Unit,Nasdaq,0,,nasdaqtrader
KFRC,"Kforce, Inc. Common Stock",NYSE,0,,nasdaqtrader
KFY,Korn Ferry Common Stock,NYSE,0,,nasdaqtrader
KG,"Kestrel Group, Ltd. - Common Stock",Nasdaq,0,,nasdaqtrader
KGC,Kinross Gold Corporation Common Stock,NYSE,0,,nasdaqtrader
KGEI,Kolibri Global Energy Inc. - Common stock,Nasdaq,0,,nasdaqtrader
KGLD,Kurv Gold Enhanced Income ETF,Cboe BZX,1,,nasdaqtrader
KGRN,KraneShares MSCI China Clean Technology Index ETF,NYSE Arca,1,,nasdaqtrader
KGS,"Kodiak Gas Services, Inc. Common Stock",NYSE,0,,nasdaqtrader
KHC,The Kraft Heinz Company Common Stock,NYSE,0,,nasdaqtrader
KHPI,Kensington Hedged Premium Income ETF,Cboe BZX,1,,nasdaqtrader
KHYB,KraneShares Asia Pacific High Income USD Bond ETF,NYSE Arca,1,,nasdaqtrader
KIDS,OrthoPediatrics Corp. - Common Stock,Nasdaq,0,,nasdaqtrader
KIDZ,KIDZ AI Inc. - Class B Common Stock,Nasdaq,0,,nasdaqtrader
KIDZW,KIDZ AI Inc. - Warrants,Nasdaq,0,,nasdaqtrader
KIE,State Street SPDR S&P Insurance ETF,NYSE Arca,1,,nasdaqtrader
KIM,Kimco Realty Corporation (HC) Common Stock,NYSE,0,,nasdaqtrader
KINS,"Kingstone Companies, Inc - Common Stock",Nasdaq,0,,nasdaqtrader
KIO,KKR Income Opportunities Fund Common Shares,NYSE,0,,nasdaqtrader
KIQQ,KraneShares InspereX Nasdaq Dynamic Buffered High Income Index ETF,Nasdaq,1,,nasdaqtrader
KITT,"Nauticus Robotics, Inc. - Common stock",Nasdaq,0,,nasdaqtrader
KITTW,"Nauticus Robotics, Inc. - Warrant",Nasdaq,0,,nasdaqtrader
KJAN,Innovator U.S. Small Cap Power Buffer ETF - January,Cboe BZX,1,,nasdaqtrader
KJD,KraneShares 2x Long JD Daily ETF,Nasdaq,1,,nasdaqtrader
KJUL,Innovator U.S. Small Cap Power Buffer ETF - July,Cboe BZX,1,,nasdaqtrader
KJUN,Innovator U.S. Small Cap Power Buffer ETF - June,Cboe BZX,1,,nasdaqtrader
KKR,KKR & Co. Inc. Common Stock,NYSE,0,,nasdaqtrader
KKRS,KKR Group Finance Co. IX LLC 4.625% Subordinated Notes due 2061,NYSE,0,,nasdaqtrader
KKRT,KKR & Co. Inc. 6.875% Subordinated Notes due 2065,NYSE,0,,nasdaqtrader
KLAC,KLA Corporation  - Common Stock,Nasdaq,0,,nasdaqtrader
KLAG,Leverage Shares 2x Long KLAC Daily ETF,Nasdaq,1,,nasdaqtrader
KLAR,Klarna Group plc Ordinary Shares,NYSE,0,,nasdaqtrader
KLC,"KinderCare Learning Companies, Inc. Common Stock",NYSE,0,,nasdaqtrader
KLIC,"Kulicke and Soffa Industries, Inc. - Common Stock",Nasdaq,0,,nasdaqtrader
KLIP,KraneShares KWEB Covered Call Strategy ETF,NYSE Arca,1,,nasdaqtrader
KLMN,Invesco MSCI North America Climate ETF,NYSE Arca,1,,nasdaqtrader
KLMT,Invesco MSCI Global Climate 500 ETF,NYSE Arca,1,,nasdaqtrader
KLRA,"Kailera Therapeutics, Inc. - Common stock",Nasdaq,0,,nasdaqtrader
KLRS,"Kalaris Therapeutics, Inc.  - Common Stock",Nasdaq,0,,nasdaqtrader
KLTR,"Kaltura, Inc. - Common Stock",Nasdaq,0,,nasdaqtrader
KLXE,"KLX Energy Services Holdings, Inc.  - Common Stock",Nasdaq,0,,nasdaqtrader
KMAR,Innovator U.S. Small Cap Power Buffer ETF - March,Cboe BZX,1,,nasdaqtrader
KMAY,Innovator U.S. Small Cap Power Buffer ETF - May,Cboe BZX,1,,nasdaqtrader
KMB,Kimberly-Clark Corporation - Common Stock,Nasdaq,0,,nasdaqtrader
KMCA,PLUS Korea Manufacturing Core Alliance Index ETF,NYSE Arca,1,,nasdaqtrader
KMDA,Kamada Ltd. - Ordinary Shares,Nasdaq,0,,nasdaqtrader
KMEM,Kurv Memory Select ETF,Cboe BZX,1,,nasdaqtrader
KMI,"Kinder Morgan, Inc. Common Stock",NYSE,0,,nasdaqtrader
KMID,Virtus KAR Mid-Cap ETF,NYSE Arca,1,,nasdaqtrader
KMLI,KraneShares 2x Long MELI Daily ETF,Nasdaq,1,,nasdaqtrader
KMLM,KraneShares Mount Lucas Managed Futures Index Strategy ETF,NYSE Arca,1,,nasdaqtrader
KMPB,Kemper Corporation 5.875% Fixed-Rate Reset Junior Subordinated Debentures due 2062,NYSE,0,,nasdaqtrader
KMPR,Kemper Corporation,NYSE,0,,nasdaqtrader
KMRK,K-Tech Solutions Company Limited - Class A Ordinary Shares,Nasdaq,0,,nasdaqtrader
KMT,Kennametal Inc. Common Stock,NYSE,0,,nasdaqtrader
KMTS,"Kestra Medical Technologies, Ltd. - Common Stock",Nasdaq,0,,nasdaqtrader
KMX,CarMax Inc,NYSE,0,,nasdaqtrader
KN,Knowles Corporation Common Stock,NYSE,0,,nasdaqtrader
KNCT,Invesco Next Gen Connectivity ETF,NYSE Arca,1,,nasdaqtrader
KNDI,"Kandi Technologies Group, Inc. - Ordinary Shares",Nasdaq,0,,nasdaqtrader
KNF,Knife Riv Holding Co. Common Stock,NYSE,0,,nasdaqtrader
KNG,FT Vest S&P 500 Dividend Aristocrats Target Income ETF,Cboe BZX,1,,nasdaqtrader
KNGZ,First Trust S&P 500 Diversified Dividend Aristocrats ETF,Nasdaq,1,,nasdaqtrader
KNO,AXS Knowledge Leaders ETF,NYSE Arca,1,,nasdaqtrader
KNOP,KNOT Offshore Partners LP Common Units representing Limited Partner Interests,NYSE,0,,nasdaqtrader
KNOV,Innovator U.S. Small Cap Power Buffer ETF - November,Cboe BZX,1,,nasdaqtrader
KNOW,Fundamentals First ETF,Cboe BZX,1,,nasdaqtrader
KNRG,Simplify Kayne Anderson Energy and Infrastructure Credit ETF,NYSE Arca,1,,nasdaqtrader
KNRX,KNOREX LTD. Class A Ordinary Shares,NYSE American,0,,nasdaqtrader
KNSA,"Kiniksa Pharmaceuticals International, plc - Class A Ordinary Shares",Nasdaq,0,,nasdaqtrader
KNSL,"Kinsale Capital Group, Inc. Common Stock",NYSE,0,,nasdaqtrader
KNTK,Kinetik Holdings Inc. Class A Common Stock,NYSE,0,,nasdaqtrader
KNX,Knight-Swift Transportation Holdings Inc.,NYSE,0,,nasdaqtrader
KO,Coca-Cola Company (The) Common Stock,NYSE,0,,nasdaqtrader
KOCT,Innovator U.S. Small Cap Power Buffer ETF - October,Cboe BZX,1,,nasdaqtrader
KOD,Kodiak Sciences Inc - Common Stock,Nasdaq,0,,nasdaqtrader
KODK,Eastman Kodak Company Common New,NYSE,0,,nasdaqtrader
KOF,"Coca Cola Femsa S.A.B. de C.V.  American Depositary Shares, each representing 10 Units (each Unit consists of 3 Series B Shares and 5 Series L Shares)",NYSE,0,,nasdaqtrader
KOID,KraneShares Global Humanoid Robotics and Physical AI Index ETF,Nasdaq,1,,nasdaqtrader
KOKU,Xtrackers MSCI Kokusai Equity ETF,NYSE Arca,1,,nasdaqtrader
KOLD,ProShares UltraShort Bloomberg Natural Gas,NYSE Arca,1,,nasdaqtrader
KOMP,State Street SPDR S&P Kensho New Economies Composite ETF,NYSE Arca,1,,nasdaqtrader
KONG,Formidable Fortress ETF,Cboe BZX,1,,nasdaqtrader
KOOL,North Shore Equity Rotation ETF,NYSE Arca,1,,nasdaqtrader
KOP,Koppers Holdings Inc. Common Stock,NYSE,0,,nasdaqtrader
KOPN,Kopin Corporation - Common Stock,Nasdaq,0,,nasdaqtrader
KORP,American Century Diversified Corporate Bond ETF,NYSE Arca,1,,nasdaqtrader
KORU,Direxion Daily South Korea Bull 3X ETF,NYSE Arca,1,,nasdaqtrader
KOS,Kosmos Energy Ltd. Common Shares (DE),NYSE,0,,nasdaqtrader
KOSS,Koss Corporation - Common Stock,Nasdaq,0,,nasdaqtrader
KOYN,CSLM Digital Asset Acquisition Corp III - Class A Ordinary Shares,Nasdaq,0,,nasdaqtrader
KOYNU,CSLM Digital Asset Acquisition Corp III - Units,Nasdaq,0,,nasdaqtrader
KOYNW,CSLM Digital Asset Acquisition Corp III - Warrants,Nasdaq,0,,nasdaqtrader
KPDD,KraneShares 2x Long PDD Daily ETF,Nasdaq,1,,nasdaqtrader
KPET,KPET Ultra Paceline Corporation Class A Ordinary Shares,NYSE,0,,nasdaqtrader
KPET.U,"KPET Ultra Paceline Corporation Units, each consisting of one Class A Ordinary Share and one-sixth of one Warrant",NYSE,0,,nasdaqtrader
KPET.W,"KPET Ultra Paceline Corporation Warrants, each whole warrant exercisable for one Class A ordinary share at an exercise price of $11.50 per share",NYSE,0,,nasdaqtrader
KPHO,KraneShares Dragon Capital Growth of Vietnam Index ETF,NYSE Arca,1,,nasdaqtrader
KPLT,"Katapult Holdings, Inc. - Common Stock",Nasdaq,0,,nasdaqtrader
KPO,Kensington Premium Opportunities ETF,Cboe BZX,1,,nasdaqtrader
KPRO,KraneShares 100% KWEB Defined Outcome January 2027 ETF,NYSE Arca,1,,nasdaqtrader
KPRX,"Kiora Pharmaceuticals, Inc.  - Common Stock",Nasdaq,0,,nasdaqtrader
KPTI,Karyopharm Therapeutics Inc. - Common Stock,Nasdaq,0,,nasdaqtrader
KQQQ,Kurv Technology Titans Select ETF,Nasdaq,1,,nasdaqtrader
KR,Kroger Company (The) Common Stock,NYSE,0,,nasdaqtrader
KRAQ,KRAKacquisition Corp - Class A Ordinary Shares,Nasdaq,0,,nasdaqtrader
KRAQU,KRAKacquisition Corp - Unit,Nasdaq,0,,nasdaqtrader
KRAQW,KRAKacquisition Corp - Warrants,Nasdaq,0,,nasdaqtrader
KRBN,KraneShares Global Carbon Strategy ETF,NYSE Arca,1,,nasdaqtrader
KRC,Kilroy Realty Corporation Common Stock,NYSE,0,,nasdaqtrader
KRE,State Street SPDR S&P Regional Banking ETF,NYSE Arca,1,,nasdaqtrader
KREF,KKR Real Estate Finance Trust Inc. Common Stock,NYSE,0,,nasdaqtrader
KRG,Kite Realty Group Trust Common Stock,NYSE,0,,nasdaqtrader
KRKR,36Kr Holdings Inc. - American Depositary Shares,Nasdaq,0,,nasdaqtrader
KRMD,"KORU Medical Systems, Inc. - Common Stock",Nasdaq,0,,nasdaqtrader
KRMN,Karman Holdings Inc. Common Stock,NYSE,0,,nasdaqtrader
KRNT,Kornit Digital Ltd. - Ordinary Shares,Nasdaq,0,,nasdaqtrader
KRNY,Kearny Financial - Common Stock,Nasdaq,0,,nasdaqtrader
KRO,Kronos Worldwide Inc Common Stock,NYSE,0,,nasdaqtrader
KROP,Global X AgTech & Food Innovation ETF,Nasdaq,1,,nasdaqtrader
KROS,"Keros Therapeutics, Inc. - common stock",Nasdaq,0,,nasdaqtrader
KRP,Kimbell Royalty Partners Common Units Representing Limited Partner Interests,NYSE,0,,nasdaqtrader
KRRO,"Korro Bio, Inc. - Common Stock",Nasdaq,0,,nasdaqtrader
KRSA,"Korsana Biosciences, Inc. - Common Stock",Nasdaq,0,,nasdaqtrader
KRSP,Rice Acquisition Corporation 3 Class A Ordinary Shares,NYSE,0,,nasdaqtrader
KRSP.U,"Rice Acquisition Corporation 3 Units, each consisting of one Class A ordinary share, and one-sixth of one redeemable warrant",NYSE,0,,nasdaqtrader
KRSP.W,"Rice Acquisition Corporation 3 Redeemable warrants, each whole warrant exercisable for one Class A ordinary share at an exercise price of $11.50",NYSE,0,,nasdaqtrader
KRT,Karat Packaging Inc. - Common Stock,Nasdaq,0,,nasdaqtrader
KRUS,"Kura Sushi USA, Inc. - Class A Common Stock",Nasdaq,0,,nasdaqtrader
KRWX,Corgi South Korea 2x Daily ETF,Cboe BZX,1,,nasdaqtrader
KRYP,ProShares CoinDesk 20 Crypto ETF,NYSE Arca,1,,nasdaqtrader
KRYS,"Krystal Biotech, Inc. - Common Stock",Nasdaq,0,,nasdaqtrader
KSA,iShares MSCI Saudi Arabia ETF,NYSE Arca,1,,nasdaqtrader
KSCP,"Knightscope, Inc. - Class A Common Stock",Nasdaq,0,,nasdaqtrader
KSEP,Innovator U.S. Small Cap Power Buffer ETF - September,Cboe BZX,1,,nasdaqtrader
KSLV,Kurv Silver Enhanced Income ETF,Cboe BZX,1,,nasdaqtrader
KSMH,xETFs Korea AI Semiconductor,Nasdaq,1,,nasdaqtrader
KSPI,Joint Stock Company Kaspi.kz - American Depository Shares,Nasdaq,0,,nasdaqtrader
KSPY,KraneShares Hedgeye Hedged Equity Index ETF,NYSE Arca,1,,nasdaqtrader
KSS,Kohl's Corporation Common Stock,NYSE,0,,nasdaqtrader
KSTR,KraneShares China Technology & Semiconductor STAR 50 Index ETF,NYSE Arca,1,,nasdaqtrader
KT,KT Corporation Common Stock,NYSE,0,,nasdaqtrader
KTB,"Kontoor Brands, Inc. Common Stock",NYSE,0,,nasdaqtrader
KTCC,Key Tronic Corporation - Common Stock,Nasdaq,0,,nasdaqtrader
KTEC,KraneShares Hang Seng TECH Index ETF,NYSE Arca,1,,nasdaqtrader
KTF,DWS Municipal Income Trust,NYSE,0,,nasdaqtrader
KTH,Structures Products Cp 8% CorTS Issued by Peco Energy Cap Tr II Preferred Stock,NYSE,0,,nasdaqtrader
KTN,Structured Products Corp 8.205% CorTS 8.205% Corporate Backed Trust Securities (CorTS),NYSE,0,,nasdaqtrader
KTOS,"Kratos Defense & Security Solutions, Inc. - Common Stock",Nasdaq,0,,nasdaqtrader
KTTA,Pasithea Therapeutics Corp. - Common Stock,Nasdaq,0,,nasdaqtrader
KTUP,T-REX 2X Long KTOS Daily Target ETF,Cboe BZX,1,,nasdaqtrader
KTWO,K2 Capital Acquisition Corporation - Class A Ordinary Share,Nasdaq,0,,nasdaqtrader
KTWOR,K2 Capital Acquisition Corporation - Rights,Nasdaq,0,,nasdaqtrader
KTWOU,K2 Capital Acquisition Corporation - Units,Nasdaq,0,,nasdaqtrader
KULR,"KULR Technology Group, Inc. Common Stock",NYSE American,0,,nasdaqtrader
KURA,"Kura Oncology, Inc. - Common Stock",Nasdaq,0,,nasdaqtrader
KURE,KraneShares MSCI All China Health Care Index ETF,NYSE Arca,1,,nasdaqtrader
KUST,"Kustom Entertainment, Inc. - Common Stock",Nasdaq,0,,nasdaqtrader
KVHI,"KVH Industries, Inc. - Common Stock",Nasdaq,0,,nasdaqtrader
KVLE,KraneShares Value Line Dynamic Dividend Equity Index ETF,NYSE Arca,1,,nasdaqtrader
KVUE,Kenvue Inc. Common Stock,NYSE,0,,nasdaqtrader
KVYO,"Klaviyo, Inc. Series A Common Stock",NYSE,0,,nasdaqtrader
KWEB,KraneShares CSI China Internet ETF,NYSE Arca,1,,nasdaqtrader
KWH,GMO Power Infrastructure ETF,NYSE Arca,1,,nasdaqtrader
KWIN,KraneShares Wahed Alternative Income Index ETF,NYSE Arca,1,,nasdaqtrader
KWR,Quaker Houghton Common Stock,NYSE,0,,nasdaqtrader
KWT,iShares MSCI Kuwait ETF,Cboe BZX,1,,nasdaqtrader
KWY,Kingsway Corporation Common Stock,NYSE,0,,nasdaqtrader
KXI,iShares Global Consumer Staples ETF,NYSE Arca,1,,nasdaqtrader
KXIN,Kaixin Holdings - Ordinary Shares,Nasdaq,0,,nasdaqtrader
KYC,Corgi Digital Banking & Fintech Infrastructure ETF,Cboe BZX,1,,nasdaqtrader
KYIV,Kyivstar Group Ltd. - Common Shares,Nasdaq,0,,nasdaqtrader
KYIVW,Kyivstar Group Ltd. - Warrant,Nasdaq,0,,nasdaqtrader
KYLD,Kurv High Income ETF,Cboe BZX,1,,nasdaqtrader
KYMR,"Kymera Therapeutics, Inc. - Common Stock",Nasdaq,0,,nasdaqtrader
KYN,"Kayne Anderson Energy Infrastructure Fund, Inc.",NYSE,0,,nasdaqtrader
KYNB,"Kyntra Bio, Inc. - Common Stock",Nasdaq,0,,nasdaqtrader
KYTX,"Kyverna Therapeutics, Inc. - Common Stock",Nasdaq,0,,nasdaqtrader
KZIA,Kazia Therapeutics Limited - American Depositary Shares,Nasdaq,0,,nasdaqtrader
L,Loews Corporation Common Stock,NYSE,0,,nasdaqtrader
LAB,Standard BioTools Inc. - Common Stock,Nasdaq,0,,nasdaqtrader
LABD,Direxion Daily S&P Biotech Bear 3X ETF,NYSE Arca,1,,nasdaqtrader
LABT,Lakewood-Amedex Biotherapeutics Inc. - Common Stock,Nasdaq,0,,nasdaqtrader
LABU,Direxion Daily S&P Biotech Bull 3X ETF,NYSE Arca,1,,nasdaqtrader
LABX,Tradr 2X Long ALAB Daily ETF,Cboe BZX,1,,nasdaqtrader
LAC,Lithium Americas Corp. Common Shares,NYSE,0,,nasdaqtrader
LAD,"Lithia Motors, Inc. Common Stock",NYSE,0,,nasdaqtrader
LADM,Pacer Swan SOS Laddered Moderate ETF,Cboe BZX,1,,nasdaqtrader
LADR,Ladder Capital Corp Class A Common Stock,NYSE,0,,nasdaqtrader
LAES,SEALSQ Corp - Ordinary Shares,Nasdaq,0,,nasdaqtrader
LAFA,LaFayette Acquisition Corp. - Ordinary Share,Nasdaq,0,,nasdaqtrader
LAFAR,LaFayette Acquisition Corp. - Rights,Nasdaq,0,,nasdaqtrader
LAFAU,LaFayette Acquisition Corp. - Unit,Nasdaq,0,,nasdaqtrader
LAKE,"Lakeland Industries, Inc. - Common Stock",Nasdaq,0,,nasdaqtrader
LALT,First Trust Multi-Strategy Alternative ETF,NYSE Arca,1,,nasdaqtrader
LAMR,Lamar Advertising Company - Class A Common Stock,Nasdaq,0,,nasdaqtrader
LAND,Gladstone Land Corporation - Common Stock,Nasdaq,0,,nasdaqtrader
LANDO,Gladstone Land Corporation - 6.00% Series B Cumulative Redeemable Preferred Stock,Nasdaq,0,,nasdaqtrader
LANDP,Gladstone Land Corporation - 6.00% Series C Cumulative Redeemable Preferred Stock,Nasdaq,0,,nasdaqtrader
LANV,Lanvin Group Holdings Limited Ordinary Shares,NYSE,0,,nasdaqtrader
LAPR,Innovator Premium Income 15 Buffer ETF - April,Cboe BZX,1,,nasdaqtrader
LAR,Lithium Argentina AG Common Shares,NYSE,0,,nasdaqtrader
LARK,Landmark Bancorp Inc. - Common Stock,Nasdaq,0,,nasdaqtrader
LASC,Corgi LASR 2x Daily ETF,Cboe BZX,1,,nasdaqtrader
LASE,Laser Photonics Corporation - Common Stock,Nasdaq,0,,nasdaqtrader
LASR,"nLIGHT, Inc. - Common Stock",Nasdaq,0,,nasdaqtrader
LATA,Galata Acquisition Corp. II - Class A Ordinary Shares,Nasdaq,0,,nasdaqtrader
LATAU,Galata Acquisition Corp. II - Units,Nasdaq,0,,nasdaqtrader
LATAW,Galata Acquisition Corp. II - Warrant,Nasdaq,0,,nasdaqtrader
LATR,Corgi Buy Now Pay Later ETF,Cboe BZX,1,,nasdaqtrader
LAUR,"Laureate Education, Inc. - Common Stock",Nasdaq,0,,nasdaqtrader
LAW,"CS Disco, Inc. Common Stock",NYSE,0,,nasdaqtrader
LAWR,"Robot Consulting Co., Ltd. - ADS",Nasdaq,0,,nasdaqtrader
LAZ,"Lazard, Inc. Common Stock",NYSE,0,,nasdaqtrader
LAZR,Tema Photonics & Optical ETF,NYSE Arca,1,,nasdaqtrader
LB,LandBridge Company LLC Class A Shares Representing Limited Liability Company Interests,NYSE,0,,nasdaqtrader
LBAY,Leatherback Long/Short Alternative Yield ETF,NYSE Arca,1,,nasdaqtrader
LBGJ,Li Bang International Corporation Inc. - Class A Ordinary Shares,Nasdaq,0,,nasdaqtrader
LBO,WHITEWOLF Publicly Listed Private Equity ETF,Cboe BZX,1,,nasdaqtrader
LBOX,GraniteShares Short Term Box ETF,Cboe BZX,1,,nasdaqtrader
LBRT,Liberty Energy Inc. Class A common stock,NYSE,0,,nasdaqtrader
LBRX,LB Pharmaceuticals Inc - Common Stock,Nasdaq,0,,nasdaqtrader
LBTYA,Liberty Global Ltd. - Class A Common Shares,Nasdaq,0,,nasdaqtrader
LBTYB,Liberty Global Ltd. - Class B Common Shares,Nasdaq,0,,nasdaqtrader
LBTYK,Liberty Global Ltd. - Class C Common Shares,Nasdaq,0,,nasdaqtrader
LCAP,Principal Capital Appreciation Select ETF,Cboe BZX,1,,nasdaqtrader
LCCC,Lakeshore Acquisition III Corp. - Ordinary Shares,Nasdaq,0,,nasdaqtrader
LCCCR,Lakeshore Acquisition III Corp. - Rights,Nasdaq,0,,nasdaqtrader
LCCCU,Lakeshore Acquisition III Corp. - Unit,Nasdaq,0,,nasdaqtrader
LCDS,JPMorgan Fundamental Data Science Large Core ETF,Nasdaq,1,,nasdaqtrader
LCF,Touchstone US Large Cap Focused ETF,Cboe BZX,1,,nasdaqtrader
LCFY,Locafy Limited - Ordinary Share,Nasdaq,0,,nasdaqtrader
LCFYW,Locafy Limited - Warrant,Nasdaq,0,,nasdaqtrader
LCID,"Lucid Group, Inc. - Common Stock",Nasdaq,0,,nasdaqtrader
LCII,LCI Industries,NYSE,0,,nasdaqtrader
LCIV,Logan Capital International ETF,NYSE,1,,nasdaqtrader
LCLG,Logan Capital Large Cap Growth ETF,NYSE Arca,1,,nasdaqtrader
LCLN,"Lincoln International, Inc. Class A Common Stock",NYSE,0,,nasdaqtrader
LCNB,LCNB Corporation - Common Stock,Nasdaq,0,,nasdaqtrader
LCO,LOGIQ Contrarian Opportunities ETF,NYSE Arca,1,,nasdaqtrader
LCOW,Pacer S&P 500 Quality FCF Aristocrats ETF,Cboe BZX,1,,nasdaqtrader
LCR,Leuthold Core ETF,NYSE Arca,1,,nasdaqtrader
LCTD,iShares World ex U.S. Carbon Transition Readiness Aware Active ETF,NYSE Arca,1,,nasdaqtrader
LCTO,Kurv U.S. Large Cap TaxOptimized ETF,Cboe BZX,1,,nasdaqtrader
LCTU,iShares U.S. Carbon Transition Readiness Aware Active ETF,NYSE Arca,1,,nasdaqtrader
LCTX,"Lineage Cell Therapeutics, Inc. Common Stock",NYSE American,0,,nasdaqtrader
LCUT,"Lifetime Brands, Inc. - Common Stock",Nasdaq,0,,nasdaqtrader
LDDR,LifeX 2035 Income Bucket ETF,Cboe BZX,1,,nasdaqtrader
LDEM,iShares ESG MSCI EM Leaders ETF,Nasdaq,1,,nasdaqtrader
LDI,"loanDepot, Inc. Class A Common Stock",NYSE,0,,nasdaqtrader
LDOS,"Leidos Holdings, Inc. Common Stock",NYSE,0,,nasdaqtrader
LDP,"Cohen & Steers Limited Duration Preferred and Income Fund, Inc.",NYSE,0,,nasdaqtrader
LDRC,iShares iBonds 1-5 Year Corporate Ladder ETF,NYSE Arca,1,,nasdaqtrader
LDRH,iShares iBonds 1-5 Year High Yield and Income Ladder ETF,NYSE Arca,1,,nasdaqtrader
LDRI,iShares iBonds 1-5 Year TIPS Ladder ETF,NYSE Arca,1,,nasdaqtrader
LDRT,iShares iBonds 1-5 Year Treasury Ladder ETF,NYSE Arca,1,,nasdaqtrader
LDRX,SGI Enhanced Market Leaders ETF,Nasdaq,1,,nasdaqtrader
LDSF,First Trust Low Duration Strategic Focus ETF,Nasdaq,1,,nasdaqtrader
LDUR,PIMCO Enhanced Low Duration Active Exchange-Traded Fund,NYSE Arca,1,,nasdaqtrader
LE,"Lands' End, Inc. - Common Stock",Nasdaq,0,,nasdaqtrader
LEA,Lear Corporation Common Stock,NYSE,0,,nasdaqtrader
LECO,"Lincoln Electric Holdings, Inc. - Common Shares",Nasdaq,0,,nasdaqtrader
LEDRU,Leader's Advantage Acquisition Corp. - Units,Nasdaq,0,,nasdaqtrader
LEDS,SemiLEDS Corporation - Common Stock,Nasdaq,0,,nasdaqtrader
LEE,"Lee Enterprises, Incorporated - Common Stock",Nasdaq,0,,nasdaqtrader
LEGH,Legacy Housing Corporation - Common Stock,Nasdaq,0,,nasdaqtrader
LEGN,Legend Biotech Corporation - American Depositary Shares,Nasdaq,0,,nasdaqtrader
LEGO,Legato Merger Corp. IV Ordinary Shares,NYSE American,0,,nasdaqtrader
LEGO.U,"Legato Merger Corp. IV Units, each consisting of one ordinary share and one-third of one redeemable warrant",NYSE American,0,,nasdaqtrader
LEGO.W,"Legato Merger Corp. IV Redeemable Warrants, each whole warrant exercisable to purchase one ordinary share at an exercise price of $11.50 per share",NYSE American,0,,nasdaqtrader
LEGR,First Trust Indxx Innovative Transaction & Process ETF,Nasdaq,1,,nasdaqtrader
LEMB,iShares J.P. Morgan EM Local Currency Bond,NYSE Arca,1,,nasdaqtrader
LEN,Lennar Corporation Class A Common Stock,NYSE,0,,nasdaqtrader
LEN.B,Lennar Corporation Class B,NYSE,0,,nasdaqtrader
LEND,SEI High Yield Bond & Alternative Credit ETF,Nasdaq,1,,nasdaqtrader
LENS,Sarmaya Thematic ETF,Cboe BZX,1,,nasdaqtrader
LENZ,"LENZ Therapeutics, Inc. - Common Stock",Nasdaq,0,,nasdaqtrader
LEO,"BNY Mellon Strategic Municipals, Inc. Common Stock",NYSE,0,,nasdaqtrader
LESL,"Leslie's, Inc. - Common Stock",Nasdaq,0,,nasdaqtrader
LEU,Centrus Energy Corp. Class A Common Stock,NYSE,0,,nasdaqtrader
LEUX,Tradr 2X Long LEU Daily ETF,Cboe BZX,1,,nasdaqtrader
LEVI,Levi Strauss & Co Class A Common Stock,NYSE,0,,nasdaqtrader
LEXI,Alexis Practical Tactical ETF,Nasdaq,1,,nasdaqtrader
LEXX,Lexaria Bioscience Corp. - Common Stock,Nasdaq,0,,nasdaqtrader
LFAC,Leapfrog Acquisition Corporation - Class A Ordinary Shares,Nasdaq,0,,nasdaqtrader
LFACU,Leapfrog Acquisition Corporation - Units,Nasdaq,0,,nasdaqtrader
LFACW,Leapfrog Acquisition Corporation - Warrants,Nasdaq,0,,nasdaqtrader
LFAI,LifeX 2050 Longevity Income ETF,Cboe BZX,1,,nasdaqtrader
LFAO,LifeX 2055 Longevity Income ETF,Cboe BZX,1,,nasdaqtrader
LFAW,LifeX 2060 Longevity Income ETF,Cboe BZX,1,,nasdaqtrader
LFBE,LifeX 2065 Longevity Income ETF,Cboe BZX,1,,nasdaqtrader
LFCR,"Lifecore Biomedical, Inc. - Common Stock",Nasdaq,0,,nasdaqtrader
LFDR,LifeX Durable Income ETF,Cboe BZX,1,,nasdaqtrader
LFEQ,VanEck Long/Flat Trend ETF,NYSE Arca,1,,nasdaqtrader
LFGY,YieldMax Crypto Industry & Tech Portfolio Option Income ETF,NYSE Arca,1,,nasdaqtrader
LFMD,"LifeMD, Inc. - Common Stock",Nasdaq,0,,nasdaqtrader
LFMDP,"LifeMD, Inc. - 8.875% Series A Cumulative Perpetual Preferred Stock",Nasdaq,0,,nasdaqtrader
LFS,"LEIFRAS Co., Ltd. - American Depositary Shares",Nasdaq,0,,nasdaqtrader
LFSC,F/m Emerald Life Sciences Innovation ETF,Nasdaq,1,,nasdaqtrader
LFST,"LifeStance Health Group, Inc. - Common Stock",Nasdaq,0,,nasdaqtrader
LFT,"Lument Finance Trust, Inc. Common Stock",NYSE,0,,nasdaqtrader
LFTO,"Liftoff Mobile, Inc. - Common Stock",Nasdaq,0,,nasdaqtrader
LFUS,"Littelfuse, Inc. - Common Stock",Nasdaq,0,,nasdaqtrader
LFVN,Lifevantage Corporation - Common Stock,Nasdaq,0,,nasdaqtrader
LFWD,Lifeward Ltd. - Ordinary Shares,Nasdaq,0,,nasdaqtrader
LGCL,Lucas GC Limited - Class A Ordinary Shares,Nasdaq,0,,nasdaqtrader
LGCY,Legacy Education Inc. Common Stock,NYSE American,0,,nasdaqtrader
LGDS,JPMorgan Fundamental Data Science Large Growth ETF,Nasdaq,1,,nasdaqtrader
LGDX,Intech S&P Large Cap Diversified Alpha ETF,NYSE Arca,1,,nasdaqtrader
LGH,HCM Defender 500 Index ETF,NYSE Arca,1,,nasdaqtrader
LGHL,Lion Group Holding Ltd. - American Depositary Share,Nasdaq,0,,nasdaqtrader
LGHT,Langar Global HealthTech ETF,Cboe BZX,1,,nasdaqtrader
LGI,Lazard Global Total Return and Income Fund Common Stock,NYSE,0,,nasdaqtrader
LGIH,"LGI Homes, Inc. - Common Stock",Nasdaq,0,,nasdaqtrader
LGL,"LGL Group, Inc. (The) Common Stock",NYSE American,0,,nasdaqtrader
LGLV,State Street SPDR US Large Cap Low Volatility Index ETF,NYSE Arca,1,,nasdaqtrader
LGN,Legence Corp. - Class A Common stock,Nasdaq,0,,nasdaqtrader
LGND,Ligand Pharmaceuticals Incorporated - Common Stock,Nasdaq,0,,nasdaqtrader
LGO,Largo Inc. - Common Shares,Nasdaq,0,,nasdaqtrader
LGOV,First Trust Long Duration Opportunities ETF,NYSE Arca,1,,nasdaqtrader
LGPS,LogProstyle Inc. Common Shares,NYSE American,0,,nasdaqtrader
LGRO,Level Four Large Cap Growth Active ETF,Nasdaq,1,,nasdaqtrader
LGVN,Longeveron Inc. - Class A Common stock,Nasdaq,0,,nasdaqtrader
LH,Labcorp Holdings Inc. Common Stock,NYSE,0,,nasdaqtrader
LHAI,Linkhome Holdings Inc. - Common stock,Nasdaq,0,,nasdaqtrader
LHSW,Lianhe Sowell International Group Ltd - Class A Ordinary Shares,Nasdaq,0,,nasdaqtrader
LHX,"L3Harris Technologies, Inc. Common Stock",NYSE,0,,nasdaqtrader
LI,Li Auto Inc. - American Depositary Shares,Nasdaq,0,,nasdaqtrader
LIAE,LifeX 2050 Inflation-Protected Longevity Income ETF,Cboe BZX,1,,nasdaqtrader
LIAM,LifeX 2055 Inflation-Protected Longevity Income ETF,Cboe BZX,1,,nasdaqtrader
LIAU,LifeX 2060 Inflation-Protected Longevity Income ETF,Cboe BZX,1,,nasdaqtrader
LIBD,LifeX 2065 Inflation-Protected Longevity Income ETF,Cboe BZX,1,,nasdaqtrader
LICN,Lichen International Limited - Class A Ordinary Shares,Nasdaq,0,,nasdaqtrader
LIDR,"AEye, Inc. - Class A Common Stock",Nasdaq,0,,nasdaqtrader
LIEN,"Chicago Atlantic BDC, Inc. - Common Stock",Nasdaq,0,,nasdaqtrader
LIF,"Life360, Inc. - Common Stock",Nasdaq,0,,nasdaqtrader
LIFE,Ethos Technologies Inc. - Class A Common Stock,Nasdaq,0,,nasdaqtrader
LIFT,LifeX 2028 Income Bucket ETF,Cboe BZX,1,,nasdaqtrader
LII,"Lennox International, Inc. Common Stock",NYSE,0,,nasdaqtrader
LILA,Liberty Latin America Ltd. - Class A Common Stock,Nasdaq,0,,nasdaqtrader
LILAK,Liberty Latin America Ltd. - Class C Common Stock,Nasdaq,0,,nasdaqtrader
LILAP,Liberty Latin America Ltd. - 9.0% Fixed Rate Cumulative Perpetual Redeemable Series A Preference Shares,Nasdaq,0,,nasdaqtrader
LIME,"Neutron Holdings, Inc. - Common Stock",Nasdaq,0,,nasdaqtrader
LIMN,"Liminatus Pharma, Inc. - Class A Common Stock",Nasdaq,0,,nasdaqtrader
LIMNW,"Liminatus Pharma, Inc. - Warrants",Nasdaq,0,,nasdaqtrader
LIN,Linde plc - Ordinary Shares,Nasdaq,0,,nasdaqtrader
LINC,Lincoln Educational Services Corporation - Common Stock,Nasdaq,0,,nasdaqtrader
LIND,Lindblad Expeditions Holdings Inc.  - Common Stock,Nasdaq,0,,nasdaqtrader
LINE,"Lineage, Inc. - Common Stock",Nasdaq,0,,nasdaqtrader
LINK,"Interlink Electronics, Inc. - Common Stock",Nasdaq,0,,nasdaqtrader
LINT,Direxion Daily INTC Bull 2X ETF,Nasdaq,1,,nasdaqtrader
LION,Lionsgate Studios Corp Common Shares,NYSE,0,,nasdaqtrader
LIQT,"LiqTech International, Inc. - Common Stock",Nasdaq,0,,nasdaqtrader
LIT,Global X Lithium & Battery Tech ETF,NYSE Arca,1,,nasdaqtrader
LITB,"LightInTheBox Holding Co., Ltd. American Depositary Shares, each representing twelve ordinary shares",NYSE,0,,nasdaqtrader
LITC,Corgi LITE 2x Daily ETF,Cboe BZX,1,,nasdaqtrader
LITE,Lumentum Holdings Inc. - Common Stock,Nasdaq,0,,nasdaqtrader
LITG,Leverage Shares 2X Long LITE Daily ETF,Cboe BZX,1,,nasdaqtrader
LITL,Simplify Piper Sandler US Small-Cap PLUS Income ETF,NYSE Arca,1,,nasdaqtrader
LITP,Sprott Lithium Miners ETF,Nasdaq,1,,nasdaqtrader
LITS,"Lite Strategy, Inc. - Common Stock",Nasdaq,0,,nasdaqtrader
LITU,T-REX 2X Long LITE Daily Target ETF,Cboe BZX,1,,nasdaqtrader
LITX,Tradr 2X Long LITE Daily ETF,Cboe BZX,1,,nasdaqtrader
LITZ,Tradr 2X Short LITE Daily ETF,Cboe BZX,1,,nasdaqtrader
LIVE,Live Ventures Incorporated - Common Stock,Nasdaq,0,,nasdaqtrader
LIVN,LivaNova PLC - Ordinary Shares,Nasdaq,0,,nasdaqtrader
LJAN,Innovator Premium Income 15 Buffer ETF - January,Cboe BZX,1,,nasdaqtrader
LJUL,Innovator Premium Income 15 Buffer ETF - July,Cboe BZX,1,,nasdaqtrader
LKFN,Lakeland Financial Corporation - Common Stock,Nasdaq,0,,nasdaqtrader
LKFT,Lakefront Biotherapeutics - American Depositary Shares,Nasdaq,0,,nasdaqtrader
LKOR,Northern Trust Credit-Scored US Long Corporate Bond ETF,Cboe BZX,1,,nasdaqtrader
LKQ,LKQ Corporation - Common Stock,Nasdaq,0,,nasdaqtrader
LKSP,Lake Superior Acquisition Corp. - Class A Ordinary Shares,Nasdaq,0,,nasdaqtrader
LKSPR,Lake Superior Acquisition Corp. - Rights,Nasdaq,0,,nasdaqtrader
LKSPU,Lake Superior Acquisition Corp. - Units,Nasdaq,0,,nasdaqtrader
LLDR,Global X Long-Term Treasury Ladder ETF,NYSE Arca,1,,nasdaqtrader
LLMA,Global X LLM ETF,Cboe BZX,1,,nasdaqtrader
LLY,Eli Lilly and Company Common Stock,NYSE,0,,nasdaqtrader
LLYVA,"Liberty Live Holdings, Inc. - Series A Liberty Live Group Common Stock",Nasdaq,0,,nasdaqtrader
LLYVK,"Liberty Live Holdings, Inc. - Series C Liberty Live Group Common Stock",Nasdaq,0,,nasdaqtrader
LLYX,Defiance Daily Target 2X Long LLY ETF,NYSE Arca,1,,nasdaqtrader
LMAT,"LeMaitre Vascular, Inc. - Common Stock",Nasdaq,0,,nasdaqtrader
LMB,"Limbach Holdings, Inc. - Common Stock",Nasdaq,0,,nasdaqtrader
LMBS,First Trust Low Duration Opportunities ETF,Nasdaq,1,,nasdaqtrader
LMND,"Lemonade, Inc. Common Stock",NYSE,0,,nasdaqtrader
LMNR,Limoneira Co - Common Stock,Nasdaq,0,,nasdaqtrader
LMRI,"Lumexa Imaging Holdings, Inc. - Common Stock",Nasdaq,0,,nasdaqtrader
LMT,Lockheed Martin Corporation Common Stock,NYSE,0,,nasdaqtrader
LMTL,Direxion Daily LMT Bull 2X ETF,Nasdaq,1,,nasdaqtrader
LMUB,iShares Long-Term National Muni Bond ETF,NYSE Arca,1,,nasdaqtrader
LNAI,Lunai Bioworks Inc. - Common Stock,Nasdaq,0,,nasdaqtrader
LNC,Lincoln National Corporation Common Stock,NYSE,0,,nasdaqtrader
LND,Brasilagro Brazilian Agric Real Estate Co Sponsored ADR (Brazil),NYSE,0,,nasdaqtrader
LNG,"Cheniere Energy, Inc. Common Stock",NYSE,0,,nasdaqtrader
LNGX,Global X U.S. Natural Gas ETF,NYSE Arca,1,,nasdaqtrader
LNKS,Linkers Industries Limited - Class A Ordinary Shares,Nasdaq,0,,nasdaqtrader
LNN,Lindsay Corporation Common Stock,NYSE,0,,nasdaqtrader
LNOK,Defiance Daily Target 2X Long NOK ETF,Cboe BZX,1,,nasdaqtrader
LNSR,"LENSAR, Inc. - Common Stock",Nasdaq,0,,nasdaqtrader
LNT,Alliant Energy Corporation - Common Stock,Nasdaq,0,,nasdaqtrader
LNTH,"Lantheus Holdings, Inc. - Common Stock",Nasdaq,0,,nasdaqtrader
LNZA,"LanzaTech Global, Inc. - Common Stock",Nasdaq,0,,nasdaqtrader
LNZAW,"LanzaTech Global, Inc. - Warrant",Nasdaq,0,,nasdaqtrader
LOAN,"Manhattan Bridge Capital, Inc - Common Stock",Nasdaq,0,,nasdaqtrader
LOAR,Loar Holdings Inc. Common Stock,NYSE,0,,nasdaqtrader
LOB,"Live Oak Bancshares, Inc. Common Stock",NYSE,0,,nasdaqtrader
LOBO,LOBO TECHNOLOGIES LTD. - Class A Ordinary Shares,Nasdaq,0,,nasdaqtrader
LOCL,Local Bounti Corporation Common Stock,NYSE,0,,nasdaqtrader
LOCO,"El Pollo Loco Holdings, Inc. - Common Stock",Nasdaq,0,,nasdaqtrader
LOCT,Innovator Premium Income 15 Buffer ETF - October,Cboe BZX,1,,nasdaqtrader
LODE,Comstock Inc. Common Stock,NYSE American,0,,nasdaqtrader
LODI,AAM SLC Low Duration Income ETF,NYSE Arca,1,,nasdaqtrader
LOEV,Harding Loevner International Developed Markets Select Equity ETF,NYSE Arca,1,,nasdaqtrader
LOFD,Direxion Daily SpaceX Bear 2X ETF,NYSE Arca,1,,nasdaqtrader
LOFF,Direxion Daily SpaceX Bull 2X ETF,NYSE Arca,1,,nasdaqtrader
LOGI,Logitech International S.A. - Registered Shares,Nasdaq,0,,nasdaqtrader
LOGO,Alpha Brands Consumption Leaders ETF,Nasdaq,1,,nasdaqtrader
LOHA,Roundhill HALO ETF,Cboe BZX,1,,nasdaqtrader
LOMA,Loma Negra Compania Industrial Argentina Sociedad Anonima ADS,NYSE,0,,nasdaqtrader
LONA,"LeonaBio, Inc. - Common Stock",Nasdaq,0,,nasdaqtrader
LONZ,PIMCO Senior Loan Active Exchange-Traded Fund,NYSE Arca,1,,nasdaqtrader
LOOP,"Loop Industries, Inc. - Common Stock",Nasdaq,0,,nasdaqtrader
LOPE,"Grand Canyon Education, Inc. - Common Stock",Nasdaq,0,,nasdaqtrader
LOPP,Gabelli Love Our Planet & People ETF Gabelli Love Our Planet & People ETF,NYSE Arca,1,,nasdaqtrader
LOT,Lotus Technology Inc. - American Depositary Shares,Nasdaq,0,,nasdaqtrader
LOTI,Liberty One Tactical Income ETF,Nasdaq,1,,nasdaqtrader
LOTWW,Lotus Technology Inc. - Warrants,Nasdaq,0,,nasdaqtrader
LOUP,Innovator Deepwater Frontier Tech ETF,NYSE Arca,1,,nasdaqtrader
LOVE,The Lovesac Company - Common Stock,Nasdaq,0,,nasdaqtrader
LOVIU,Live Oak Acquisition Corp. VI - Units,Nasdaq,0,,nasdaqtrader
LOW,"Lowe's Companies, Inc. Common Stock",NYSE,0,,nasdaqtrader
LOWV,AB US Low Volatility Equity ETF,NYSE Arca,1,,nasdaqtrader
LPA,Logistic Properties of the Americas Ordinary Shares,NYSE American,0,,nasdaqtrader
LPAA,Launch One Acquisition Corp. - Class A Ordinary Shares,Nasdaq,0,,nasdaqtrader
LPAAU,Launch One Acquisition Corp. - Unit,Nasdaq,0,,nasdaqtrader
LPAAW,Launch One Acquisition Corp. - Warrant,Nasdaq,0,,nasdaqtrader
LPBB,Launch Two Acquisition Corp. - Class A Ordinary Shares,Nasdaq,0,,nasdaqtrader
LPBBU,Launch Two Acquisition Corp. - Unit,Nasdaq,0,,nasdaqtrader
LPBBW,Launch Two Acquisition Corp. - Warrant,Nasdaq,0,,nasdaqtrader
LPCN,Lipocine Inc. - Common Stock,Nasdaq,0,,nasdaqtrader
LPCV,Launchpad Cadenza Acquisition Corp I - Class A Ordinary Share,Nasdaq,0,,nasdaqtrader
LPCVU,Launchpad Cadenza Acquisition Corp I - Unit,Nasdaq,0,,nasdaqtrader
LPCVW,Launchpad Cadenza Acquisition Corp I - Warrant,Nasdaq,0,,nasdaqtrader
LPG,Dorian LPG Ltd. Common Stock,NYSE,0,,nasdaqtrader
LPL,"LG Display Co, Ltd AMERICAN DEPOSITORY SHARES",NYSE,0,,nasdaqtrader
LPLA,LPL Financial Holdings Inc. - Common Stock,Nasdaq,0,,nasdaqtrader
LPRE,Long Pond Real Estate Select ETF,NYSE Arca,1,,nasdaqtrader
LPSV,Lone Peak SMID Value ETF,NYSE Arca,1,,nasdaqtrader
LPTH,"LightPath Technologies, Inc. - Class A Common Stock",Nasdaq,0,,nasdaqtrader
LPX,Louisiana-Pacific Corporation Common Stock,NYSE,0,,nasdaqtrader
LQ,Simplify Tax Aware Alternatives ETF,Nasdaq,1,,nasdaqtrader
LQAI,LG QRAFT AI-Powered U.S. Large Cap Core ETF,NYSE Arca,1,,nasdaqtrader
LQD,iShares iBoxx $ Investment Grade Corporate Bond ETF,NYSE Arca,1,,nasdaqtrader
LQDA,Liquidia Corporation - Common Stock,Nasdaq,0,,nasdaqtrader
LQDB,iShares BBB Rated Corporate Bond ETF,NYSE Arca,1,,nasdaqtrader
LQDD,MicroSectors -3x Short Investment Grade Corporate Bond (LQD) ETNs,Cboe BZX,1,,nasdaqtrader
LQDH,iShares Interest Rate Hedged Corporate Bond ETF,NYSE Arca,1,,nasdaqtrader
LQDI,iShares Inflation Hedged Corporate Bond ETF,Cboe BZX,1,,nasdaqtrader
LQDM,Amplify LQD Investment Grade 12% Target Income ETF,Cboe BZX,1,,nasdaqtrader
LQDT,"Liquidity Services, Inc. - Common Stock",Nasdaq,0,,nasdaqtrader
LQDU,MicroSectors 3x Long Investment Grade Corporate Bond (LQD) ETNs,Cboe BZX,1,,nasdaqtrader
LQDW,iShares Investment Grade Corporate Bond BuyWrite Strategy ETF,Cboe BZX,1,,nasdaqtrader
LQID,Kurv Enhanced Short Maturity ETF,Cboe BZX,1,,nasdaqtrader
LQTI,FT Vest Investment Grade & Target Income ETF,NYSE Arca,1,,nasdaqtrader
LRCC,Corgi LRCX 2x Daily ETF,Cboe BZX,1,,nasdaqtrader
LRCU,Tradr 2X Long LRCX Daily ETF,Cboe BZX,1,,nasdaqtrader
LRCX,Lam Research Corporation - Common Stock,Nasdaq,0,,nasdaqtrader
LRE,"Lead Real Estate Co., Ltd - American Depositary Shares",Nasdaq,0,,nasdaqtrader
LRGC,AB US Large Cap Strategic Equities ETF,NYSE Arca,1,,nasdaqtrader
LRGE,ClearBridge Large Cap Growth Select ETF,Nasdaq,1,,nasdaqtrader
LRGF,iShares U.S. Equity Factor ETF,NYSE Arca,1,,nasdaqtrader
LRGG,Nomura Focused Large Growth ETF,NYSE Arca,1,,nasdaqtrader
LRHC,La Rosa Holdings Corp. - Common Stock,Nasdaq,0,,nasdaqtrader
LRMR,"Larimar Therapeutics, Inc. - Common Stock",Nasdaq,0,,nasdaqtrader
LRN,"Stride, Inc. Common Stock",NYSE,0,,nasdaqtrader
LRND,NYLIM U.S. Large Cap R&D Leaders ETF,Nasdaq,1,,nasdaqtrader
LRNX,Corgi LRN 2x Daily ETF,Cboe BZX,1,,nasdaqtrader
LRNZ,"TrueShares Technology, AI & Deep Learning ETF",Cboe BZX,1,,nasdaqtrader
LSAF,LeaderShares AlphaFactor US Core Equity ETF,NYSE Arca,1,,nasdaqtrader
LSAK,"Lesaka Technologies, Inc. - Common Stock",Nasdaq,0,,nasdaqtrader
LSAT,LeaderShares AlphaFactor Tactical Focused ETF,NYSE Arca,1,,nasdaqtrader
LSBK,"Lake Shore Bancorp, Inc. - Common Stock",Nasdaq,0,,nasdaqtrader
LSCC,Lattice Semiconductor Corporation - Common Stock,Nasdaq,0,,nasdaqtrader
LSCP,Natixis Loomis Sayles Dynamic Core Plus ETF,NYSE Arca,1,,nasdaqtrader
LSE,"Leishen Energy Holding Co., Ltd. - Class A Ordinary Shares",Nasdaq,0,,nasdaqtrader
LSEQ,Harbor Long-Short Equity ETF,NYSE Arca,1,,nasdaqtrader
LSF,"Laird Superfood, Inc. Common Stock",NYSE American,0,,nasdaqtrader
LSGR,Natixis Loomis Sayles Focused Growth ETF,NYSE Arca,1,,nasdaqtrader
LSPD,Lightspeed Commerce Inc. Subordinate Voting Shares,NYSE,0,,nasdaqtrader
LST,Leuthold Select Industries ETF,NYSE Arca,1,,nasdaqtrader
LSTA,"Lisata Therapeutics, Inc. - Common Stock",Nasdaq,0,,nasdaqtrader
LSTB,Natixis Loomis Sayles Total Return Bond ETF,NYSE Arca,1,,nasdaqtrader
LSTR,"Landstar System, Inc. - Common Stock",Nasdaq,0,,nasdaqtrader
LSVD,LSV Disciplined Value ETF,NYSE Arca,1,,nasdaqtrader
LTAX,Nomura Tax-Free USA ETF,NYSE Arca,1,,nasdaqtrader
LTBR,Lightbridge Corporation - Common Stock,Nasdaq,0,,nasdaqtrader
LTC,"LTC Properties, Inc. Common Stock",NYSE,0,,nasdaqtrader
LTCC,Canary Litecoin ETF,Nasdaq,1,,nasdaqtrader
LTGO,"Latigo Biotherapeutics, Inc. - Common Stock",Nasdaq,0,,nasdaqtrader
LTGR,Long Table Growth Corp. - Class A Ordinary Shares,Nasdaq,0,,nasdaqtrader
LTGRU,Long Table Growth Corp. - Units,Nasdaq,0,,nasdaqtrader
LTGRW,Long Table Growth Corp. - Warrants,Nasdaq,0,,nasdaqtrader
LTH,"Life Time Group Holdings, Inc. Common Stock",NYSE,0,,nasdaqtrader
LTL,ProShares Ultra Communication Services,NYSE Arca,1,,nasdaqtrader
LTM,"LATAM Airlines Group S.A. American Depositary Shares (each representing two thousand (2,000) shares of Common Stock)",NYSE,0,,nasdaqtrader
LTPZ,Pimco 15  Year U.S. TIPS Index Exchange-Traded Fund,NYSE Arca,1,,nasdaqtrader
LTRN,Lantern Pharma Inc. - Common Stock,Nasdaq,0,,nasdaqtrader
LTRX,"Lantronix, Inc. - Common Stock",Nasdaq,0,,nasdaqtrader
LTRYW,Sports Entertainment Gaming Global Corporation  - Warrant,Nasdaq,0,,nasdaqtrader
LTTI,FT Vest 20+ Year Treasury & Target Income ETF,NYSE Arca,1,,nasdaqtrader
LU,"Lufax Holding Ltd American Depositary Shares, each representing two (2) Ordinary Shares",NYSE,0,,nasdaqtrader
LUCD,Lucid Diagnostics Inc. - Common Stock,Nasdaq,0,,nasdaqtrader
LUCK,Lucky Strike Entertainment Corporation Class A Common Stock,NYSE,0,,nasdaqtrader
LUCY,"Innovative Eyewear, Inc. - Common Stock",Nasdaq,0,,nasdaqtrader
LUCYW,"Innovative Eyewear, Inc. - Warrants",Nasdaq,0,,nasdaqtrader
LUD,Luda Technology Group Limited Ordinary Shares,NYSE American,0,,nasdaqtrader
LULG,Leverage Shares 2X Long LULU Daily ETF,Nasdaq,1,,nasdaqtrader
LULU,lululemon athletica inc. - Common Stock,Nasdaq,0,,nasdaqtrader
LUMA,KraneShares Photonic and Optical ETF,NYSE Arca,1,,nasdaqtrader
LUMN,"Lumen Technologies, Inc. Common Stock",NYSE,0,,nasdaqtrader
LUNC,Longnook Uncommon Compounders ETF,NYSE Arca,1,,nasdaqtrader
LUNG,Pulmonx Corporation - Common Stock,Nasdaq,0,,nasdaqtrader
LUNL,Defiance Daily Target 2X Long LUNR ETF,Cboe BZX,1,,nasdaqtrader
LUNR,"Intuitive Machines, Inc. - Class A Common Stock",Nasdaq,0,,nasdaqtrader
LUV,Southwest Airlines Company Common Stock,NYSE,0,,nasdaqtrader
LUXE,"LuxExperience B.V. American Depositary Shares, each representing one Ordinary Share",NYSE,0,,nasdaqtrader
LVDS,JPMorgan Fundamental Data Science Large Value ETF,Nasdaq,1,,nasdaqtrader
LVHD,Franklin U.S. Low Volatility High Dividend Index ETF,Nasdaq,1,,nasdaqtrader
LVHI,Franklin International Low Volatility High Dividend Index ETF,Cboe BZX,1,,nasdaqtrader
LVIG,Longview Advantage Fixed Income ETF,Nasdaq,1,,nasdaqtrader
LVLN,State Street SPDR S&P Leveraged Loan ETF,NYSE Arca,1,,nasdaqtrader
LVLU,"Lulu's Fashion Lounge Holdings, Inc. - Common Stock",Nasdaq,0,,nasdaqtrader
LVO,"LiveOne, Inc. - Common Stock",Nasdaq,0,,nasdaqtrader
LVS,Las Vegas Sands Corp. Common Stock,NYSE,0,,nasdaqtrader
LVWR,"LiveWire Group, Inc. Common Stock",NYSE,0,,nasdaqtrader
LVWR.W,"LiveWire Group, Inc. Warrants, each exercisable for one share of Common Stock at an exercise price of $11.50 per share",NYSE,0,,nasdaqtrader
LW,"Lamb Weston Holdings, Inc. Common Stock",NYSE,0,,nasdaqtrader
LWAC,LightWave Acquisition Corp. - Class A Ordinary Shares,Nasdaq,0,,nasdaqtrader
LWACU,LightWave Acquisition Corp. - Units,Nasdaq,0,,nasdaqtrader
LWACW,LightWave Acquisition Corp. - Warrants,Nasdaq,0,,nasdaqtrader
LWAY,"Lifeway Foods, Inc. - Common Stock",Nasdaq,0,,nasdaqtrader
LWLG,"Lightwave Logic, Inc. - Common Stock",Nasdaq,0,,nasdaqtrader
LWLX,Tradr 2X Long LWLG Daily ETF,Cboe BZX,1,,nasdaqtrader
LX,LexinFintech Holdings Ltd. - American Depositary Shares,Nasdaq,0,,nasdaqtrader
LXEH,"Lixiang Education Holding Co., Ltd. - American Depositary Shares",Nasdaq,0,,nasdaqtrader
LXEO,"Lexeo Therapeutics, Inc. - Common Stock",Nasdaq,0,,nasdaqtrader
LXFR,Luxfer Holdings PLC Ordinary Shares,NYSE,0,,nasdaqtrader
LXP,LXP Industrial Trust Common Stock (Maryland REIT),NYSE,0,,nasdaqtrader
LXRX,"Lexicon Pharmaceuticals, Inc. - Common Stock",Nasdaq,0,,nasdaqtrader
LXU,"LSB Industries, Inc. Common Stock",NYSE,0,,nasdaqtrader
LYB,LyondellBasell Industries NV Ordinary Shares Class A (Netherlands),NYSE,0,,nasdaqtrader
LYEL,"Lyell Immunopharma, Inc. - Common Stock",Nasdaq,0,,nasdaqtrader
LYFT,"Lyft, Inc. - Class A Common Stock",Nasdaq,0,,nasdaqtrader
LYG,Lloyds Banking Group Plc American Depositary Shares,NYSE,0,,nasdaqtrader
LYLD,Cambria Large Cap Shareholder Yield ETF,Cboe BZX,1,,nasdaqtrader
LYNX,Lyntris Inc. Common Stock,NYSE,0,,nasdaqtrader
LYTE,Roundhill Photonics & Optics ETF,Cboe BZX,1,,nasdaqtrader
LYTS,LSI Industries Inc. - Common Stock,Nasdaq,0,,nasdaqtrader
LYV,"Live Nation Entertainment, Inc. Common Stock",NYSE,0,,nasdaqtrader
LZ,"LegalZoom.com, Inc. - Common Stock",Nasdaq,0,,nasdaqtrader
LZB,La-Z-Boy Incorporated Common Stock,NYSE,0,,nasdaqtrader
LZM,Lifezone Metals Limited Ordinary Shares,NYSE,0,,nasdaqtrader
LZM.W,Lifezone Metals Limited Warrants,NYSE,0,,nasdaqtrader
LZMH,LZ Technology Holdings Limited - Class B Ordinary Shares,Nasdaq,0,,nasdaqtrader
M,Macy's Inc Common Stock,NYSE,0,,nasdaqtrader
MA,Mastercard Incorporated Common Stock,NYSE,0,,nasdaqtrader
MAA,"Mid-America Apartment Communities, Inc. Common Stock",NYSE,0,,nasdaqtrader
MAAS,Maase Inc. - Class A Ordinary Shares,Nasdaq,0,,nasdaqtrader
MAAY,GraniteShares YieldBOOST MARA ETF,Nasdaq,1,,nasdaqtrader
MAC,Macerich Company (The) Common Stock,NYSE,0,,nasdaqtrader
MACI,Melar Acquisition Corp. I - Class A Ordinary Shares,Nasdaq,0,,nasdaqtrader
MACIU,Melar Acquisition Corp. I - Unit,Nasdaq,0,,nasdaqtrader
MACIW,Melar Acquisition Corp. I - Warrant,Nasdaq,0,,nasdaqtrader
MADE,iShares U.S. Manufacturing ETF,NYSE Arca,1,,nasdaqtrader
MAGA,Truth Social America First ETF,NYSE Arca,1,,nasdaqtrader
MAGC,Roundhill China Magnificent Seven ETF,Cboe BZX,1,,nasdaqtrader
MAGG,Madison Aggregate Bond ETF,NYSE Arca,1,,nasdaqtrader
MAGH,Magnitude International Ltd - Ordinary Shares,Nasdaq,0,,nasdaqtrader
MAGN,Magnera Corporation Common Stock,NYSE,0,,nasdaqtrader
MAGS,Roundhill Magnificent Seven ETF,Cboe BZX,1,,nasdaqtrader
MAGX,Roundhill Daily 2X Long Magnificent Seven ETF,Cboe BZX,1,,nasdaqtrader
MAGY,Roundhill Magnificent Seven Covered Call ETF,Cboe BZX,1,,nasdaqtrader
MAIA,"MAIA Biotechnology, Inc. Common Stock",NYSE American,0,,nasdaqtrader
MAIN,Main Street Capital Corporation Common Stock,NYSE,0,,nasdaqtrader
MAIR,Madison Air Solutions Corporation Class A Common Stock,NYSE,0,,nasdaqtrader
MAKO,Mako Mining Corp - Common Stock,Nasdaq,0,,nasdaqtrader
MAKX,ProShares S&P Kensho Smart Factories ETF,NYSE Arca,1,,nasdaqtrader
MAMA,"Mama's Creations, Inc. - Common Stock",Nasdaq,0,,nasdaqtrader
MAMB,Monarch Ambassador Income Index ETF,Cboe BZX,1,,nasdaqtrader
MAMK,MaxsMaking Inc. - Class A Ordinary Shares,Nasdaq,0,,nasdaqtrader
MAMO,Massimo Group - Common Stock,Nasdaq,0,,nasdaqtrader
MAN,ManpowerGroup Common Stock,NYSE,0,,nasdaqtrader
MANE,"Veradermics, Incorporated Common Stock",NYSE,0,,nasdaqtrader
MANH,"Manhattan Associates, Inc. - Common Stock",Nasdaq,0,,nasdaqtrader
MANI,Man Active Income ETF,NYSE Arca,1,,nasdaqtrader
MANU,Manchester United Ltd. Class A Ordinary Shares,NYSE,0,,nasdaqtrader
MAR,Marriott International - Class A Common Stock,Nasdaq,0,,nasdaqtrader
MARA,"MARA Holdings, Inc. - Common Stock",Nasdaq,0,,nasdaqtrader
MARM,FT Vest U.S. Equity Max Buffer ETF - March,Cboe BZX,1,,nasdaqtrader
MARO,YieldMax MARA Option Income Strategy ETF,NYSE Arca,1,,nasdaqtrader
MARPS,Marine Petroleum Trust - Units of Beneficial Interest,Nasdaq,0,,nasdaqtrader
MARS,Roundhill Space & Technology ETF,Cboe BZX,1,,nasdaqtrader
MART,AllianzIM U.S. Large Cap Buffer10 Mar ETF,Cboe BZX,1,,nasdaqtrader
MARU,AllianzIM U.S. Equity Buffer15 Uncapped Mar ETF,Cboe BZX,1,,nasdaqtrader
MARW,AllianzIM U.S. Large Cap Buffer20 Mar ETF,Cboe BZX,1,,nasdaqtrader
MARZ,TrueShares Structured Outcome (March) ETF,Cboe BZX,1,,nasdaqtrader
MAS,Masco Corporation Common Stock,NYSE,0,,nasdaqtrader
MASK,3 E Network Technology Group Ltd - Class A Ordinary Shares,Nasdaq,0,,nasdaqtrader
MASS,908 Devices Inc. - Common Stock,Nasdaq,0,,nasdaqtrader
MAT,"Mattel, Inc. - Common Stock",Nasdaq,0,,nasdaqtrader
MATE,Man Active Trend Enhanced ETF,Nasdaq,1,,nasdaqtrader
MATH,Metalpha Technology Holding Limited - Ordinary Shares,Nasdaq,0,,nasdaqtrader
MATR,Harbor Multi-Asset Explorer ETF,NYSE Arca,1,,nasdaqtrader
MATV,"Mativ Holdings, Inc. Common Stock",NYSE,0,,nasdaqtrader
MATW,Matthews International Corporation - Class A Common Stock,Nasdaq,0,,nasdaqtrader
MATX,"Matson, Inc. Common Stock",NYSE,0,,nasdaqtrader
MAUG,Pacer Swan SOS Moderate (August) ETF,Cboe BZX,1,,nasdaqtrader
MAVF,Matrix Advisors Value ETF,NYSE Arca,1,,nasdaqtrader
MAX,"MediaAlpha, Inc. Class A Common Stock",NYSE,0,,nasdaqtrader
MAXI,Simplify Bitcoin Strategy ETF,Nasdaq,1,,nasdaqtrader
MAXJ,iShares Large Cap Max Buffer Jun ETF,Cboe BZX,1,,nasdaqtrader
MAYC,Corgi U.S. Equities 10% Structured Buffer ETF - May Series,Cboe BZX,1,,nasdaqtrader
MAYM,FT Vest U.S. Equity Max Buffer ETF - May,Cboe BZX,1,,nasdaqtrader
MAYP,PGIM S&P 500 Buffer 12 ETF - May,Cboe BZX,1,,nasdaqtrader
MAYS,"J. W. Mays, Inc. - Common Stock",Nasdaq,0,,nasdaqtrader
MAYT,AllianzIM U.S. Large Cap Buffer10 May ETF,Cboe BZX,1,,nasdaqtrader
MAYU,AllianzIM U.S. Equity Buffer15 Uncapped May ETF,Cboe BZX,1,,nasdaqtrader
MAYW,AllianzIM U.S. Large Cap Buffer20 May ETF,Cboe BZX,1,,nasdaqtrader
MAYZ,TrueShares Structured Outcome (May) ETF,Cboe BZX,1,,nasdaqtrader
MAZE,"Maze Therapeutics, Inc. - Common Stock",Nasdaq,0,,nasdaqtrader
MB,MasterBeef Group - Ordinary Shares,Nasdaq,0,,nasdaqtrader
MBAI,MBody AI Ltd. - Ordinary Share,Nasdaq,0,,nasdaqtrader
MBB,iShares MBS ETF,Nasdaq,1,,nasdaqtrader
MBBA,iShares Mortgage-Backed Securities Active ETF,Cboe BZX,1,,nasdaqtrader
MBBB,VanEck Moody's Analytics BBB Corporate Bond ETF,Cboe BZX,1,,nasdaqtrader
MBBC,"Marathon Bancorp, Inc. - Common Stock",Nasdaq,0,,nasdaqtrader
MBC,"MasterBrand, Inc. Common Stock",NYSE,0,,nasdaqtrader
MBCE,Monarch Blue Chips Elite Index ETF,Cboe BZX,1,,nasdaqtrader
MBGL,Mobility Global Inc. Common Stock,NYSE,0,,nasdaqtrader
MBI,MBIA Inc. Common Stock,NYSE,0,,nasdaqtrader
MBIN,Merchants Bancorp - Common Stock,Nasdaq,0,,nasdaqtrader
MBINL,"Merchants Bancorp - Depositary Shares, Each Representing a 1/40th Interest in a Share of 7.625% Fixed Rate Series E Non-Cumulative Perpetual Preferred Stock, without par value",Nasdaq,0,,nasdaqtrader
MBINM,"Merchants Bancorp - Depositary Shares, Each Representing a 1/40th Interest in a Share of 8.25% Fixed-Rate Reset Series D Non-Cumulative Perpetual Preferred Stock",Nasdaq,0,,nasdaqtrader
MBINN,Merchants Bancorp - Depositary Shares 6.00% Fixed Rate Series C Non-Cumulative Perpetual Preferred Stock,Nasdaq,0,,nasdaqtrader
MBIO,"Mustang Bio, Inc. - Common Stock",Nasdaq,0,,nasdaqtrader
MBLY,Mobileye Global Inc. - Class A Common Stock,Nasdaq,0,,nasdaqtrader
MBND,State Street Nuveen Municipal Bond ETF,Cboe BZX,1,,nasdaqtrader
MBNKO,"Medallion Bank - Fixed-Rate Reset Non-Cumulative Perpetual Preferred Stock, Series G, par value $1.00 per share",Nasdaq,0,,nasdaqtrader
MBOT,Microbot Medical Inc.  - Common Stock,Nasdaq,0,,nasdaqtrader
MBOX,Freedom Day Dividend ETF,NYSE Arca,1,,nasdaqtrader
MBRX,"Moleculin Biotech, Inc. - Common Stock",Nasdaq,0,,nasdaqtrader
MBS,Angel Oak Mortgage-Backed Securities ETF,Nasdaq,1,,nasdaqtrader
MBSD,Northern Trust Disciplined Duration MBS ETF,NYSE Arca,1,,nasdaqtrader
MBSF,Regan Floating Rate MBS ETF,NYSE Arca,1,,nasdaqtrader
MBSX,Regan Fixed Rate MBS ETF,NYSE Arca,1,,nasdaqtrader
MBUU,"Malibu Boats, Inc. - Common Stock",Nasdaq,0,,nasdaqtrader
MBVI,M3-Brigade Acquisition VI Corp. - Class A Ordinary Shares,Nasdaq,0,,nasdaqtrader
MBVIU,M3-Brigade Acquisition VI Corp. - Units,Nasdaq,0,,nasdaqtrader
MBVIW,M3-Brigade Acquisition VI Corp. - Warrant,Nasdaq,0,,nasdaqtrader
MBWM,Mercantile Bank Corporation - Common Stock,Nasdaq,0,,nasdaqtrader
MBX,"MBX Biosciences, Inc. - Common Stock",Nasdaq,0,,nasdaqtrader
MC,Moelis & Company Class A Common Stock,NYSE,0,,nasdaqtrader
MCAH,Mountain Crest Acquisition 6 Corp. - Ordinary Shares,Nasdaq,0,,nasdaqtrader
MCAHR,Mountain Crest Acquisition 6 Corp. - Rights,Nasdaq,0,,nasdaqtrader
MCAHU,Mountain Crest Acquisition 6 Corp. - Units,Nasdaq,0,,nasdaqtrader
MCB,Metropolitan Bank Holding Corp. Common Stock,NYSE,0,,nasdaqtrader
MCBS,"MetroCity Bankshares, Inc. - Common Stock",Nasdaq,0,,nasdaqtrader
MCD,McDonald's Corporation Common Stock,NYSE,0,,nasdaqtrader
MCDS,JPMorgan Fundamental Data Science Mid Core ETF,Nasdaq,1,,nasdaqtrader
MCFT,"MasterCraft Boat Holdings, Inc. - Common Stock",Nasdaq,0,,nasdaqtrader
MCGA,Yorkville Acquisition Corp. - Class A Ordinary Share,Nasdaq,0,,nasdaqtrader
MCGAU,Yorkville Acquisition Corp. - Unit,Nasdaq,0,,nasdaqtrader
MCGAW,Yorkville Acquisition Corp. - Warrant,Nasdaq,0,,nasdaqtrader
MCH,Matthews China Active ETF,NYSE Arca,1,,nasdaqtrader
MCHB,Mechanics Bancorp - Class A Common Stock,Nasdaq,0,,nasdaqtrader
MCHG,Leverage Shares 2X Long MCHP Daily ETF,Cboe BZX,1,,nasdaqtrader
MCHI,iShares MSCI China ETF,Nasdaq,1,,nasdaqtrader
MCHP,Microchip Technology Incorporated - Common Stock,Nasdaq,0,,nasdaqtrader
MCHPP,Microchip Technology Incorporated - Depositary Shares Each Representing a 1/20th Interest in a Share of 7.50% Series A Mandatory Convertible Preferred Stock,Nasdaq,0,,nasdaqtrader
MCHS,Matthews China Innovators Active ETF,Nasdaq,1,,nasdaqtrader
MCHU,Tradr 2X Long MCHP Daily ETF,Cboe BZX,1,,nasdaqtrader
MCHX,"Marchex, Inc. - Class B Common Stock",Nasdaq,0,,nasdaqtrader
MCI,Barings Corporate Investors Common Stock,NYSE,0,,nasdaqtrader
MCK,McKesson Corporation Common Stock,NYSE,0,,nasdaqtrader
MCN,XAI Madison Equity Premium Income Fund Common Shares,NYSE,0,,nasdaqtrader
MCO,Moody's Corporation Common Stock,NYSE,0,,nasdaqtrader
MCOW,Pacer S&P MidCap 400 Quality FCF Aristocrats ETF,Cboe BZX,1,,nasdaqtrader
MCRB,"Seres Therapeutics, Inc. - Common Stock",Nasdaq,0,,nasdaqtrader
MCRI,"Monarch Casino & Resort, Inc. - Common Stock",Nasdaq,0,,nasdaqtrader
MCRP,Micropolis AI Robotics Ordinary Shares,NYSE American,0,,nasdaqtrader
MCS,Marcus Corporation (The) Common Stock,NYSE,0,,nasdaqtrader
MCTA,Charming Medical Limited - Class A Ordinary Shares,Nasdaq,0,,nasdaqtrader
MCVT,Miller Convertible Total Return ETF,NYSE Arca,1,,nasdaqtrader
MCY,Mercury General Corporation Common Stock,NYSE,0,,nasdaqtrader
MD,"Pediatrix Medical Group, Inc. Common Stock",NYSE,0,,nasdaqtrader
MDA,MDA Space Ltd. Common Shares,NYSE,0,,nasdaqtrader
MDAA,Myriad Dynamic Asset Allocation ETF,NYSE Arca,1,,nasdaqtrader
MDAI,"Spectral AI, Inc. - Class A Common Stock",Nasdaq,0,,nasdaqtrader
MDAIW,"Spectral AI, Inc. - Warrants",Nasdaq,0,,nasdaqtrader
MDB,"MongoDB, Inc. - Class A Common Stock",Nasdaq,0,,nasdaqtrader
MDBH,"MDB Capital Holdings, LLC - Class A common",Nasdaq,0,,nasdaqtrader
MDCR,Pacer Swan SOS Moderate December ETF,Cboe BZX,1,,nasdaqtrader
MDCX,Medicus Pharma Ltd. - Common Stock,Nasdaq,0,,nasdaqtrader
MDCXW,Medicus Pharma Ltd. - Warrant,Nasdaq,0,,nasdaqtrader
MDEV,First Trust Indxx Medical Devices ETF,Cboe BZX,1,,nasdaqtrader
MDGL,"Madrigal Pharmaceuticals, Inc. - Common Stock",Nasdaq,0,,nasdaqtrader
MDIA,Mediaco Holding Inc. - Class A Common Stock,Nasdaq,0,,nasdaqtrader
MDIV,Multi-Asset Diversified Income Index Fund,Nasdaq,1,,nasdaqtrader
MDLN,Medline Inc. - Class A common stock,Nasdaq,0,,nasdaqtrader
MDLV,Morgan Dempsey Large Cap Value ETF,Cboe BZX,1,,nasdaqtrader
MDLZ,"Mondelez International, Inc. - Class A Common Stock",Nasdaq,0,,nasdaqtrader
MDPL,Monarch Dividend Plus Index ETF,Cboe BZX,1,,nasdaqtrader
MDRR,"Medalist Diversified, Inc. - Common Stock",Nasdaq,0,,nasdaqtrader
MDST,Westwood Salient Enhanced Midstream Income ETF,NYSE,1,,nasdaqtrader
MDT,Medtronic plc. Ordinary Shares,NYSE,0,,nasdaqtrader
MDU,"MDU Resources Group, Inc. Common Stock (Holding Company)",NYSE,0,,nasdaqtrader
MDWD,MediWound Ltd. - Ordinary Shares,Nasdaq,0,,nasdaqtrader
MDXG,"MiMedx Group, Inc - Common Stock",Nasdaq,0,,nasdaqtrader
MDXH,MDxHealth SA - Ordinary Shares,Nasdaq,0,,nasdaqtrader
MDY,State Street SPDR S&P MIDCAP 400 ETF Trust,NYSE Arca,1,,nasdaqtrader
MDYG,State Street SPDR S&P 400 Mid Cap Growth ETF,NYSE Arca,1,,nasdaqtrader
MDYV,State Street SPDR S&P 400 Mid Cap Value ETF,NYSE Arca,1,,nasdaqtrader
MEAR,iShares Short Maturity Municipal Bond Active ETF,Cboe BZX,1,,nasdaqtrader
MEC,"Mayville Engineering Company, Inc. Common Stock",NYSE,0,,nasdaqtrader
MED,MEDIFAST INC Common Stock,NYSE,0,,nasdaqtrader
MEDI,Harbor Health Care ETF,NYSE Arca,1,,nasdaqtrader
MEDP,"Medpace Holdings, Inc. - Common Stock",Nasdaq,0,,nasdaqtrader
MEDS,"DataMeds AI, Inc. - Common Stock",Nasdaq,0,,nasdaqtrader
MEDX,Horizon Kinetics Medical ETF,Nasdaq,1,,nasdaqtrader
MEGI,NYLIM CBRE Global Infrastructure Megatrends Term Fund Common Shares,NYSE,0,,nasdaqtrader
MEGL,Magic Empire Global Limited - Class A Ordinary Shares,Nasdaq,0,,nasdaqtrader
MEGX,Corgi U.S. Mega-Cap Growth 2x Daily ETF,Cboe BZX,1,,nasdaqtrader
MEI,"Methode Electronics, Inc. Common Stock",NYSE,0,,nasdaqtrader
MEIB,Direxion META Defined Income Boost ETF,Cboe BZX,1,,nasdaqtrader
MELI,"MercadoLibre, Inc. - Common Stock",Nasdaq,0,,nasdaqtrader
MEM,Matthews Emerging Markets Equity Active ETF,NYSE Arca,1,,nasdaqtrader
MEMA,Man Active Emerging Markets Alternative ETF,Nasdaq,1,,nasdaqtrader
MEME,Roundhill Meme Stock ETF,NYSE Arca,1,,nasdaqtrader
MEMS,Matthews Emerging Markets Discovery Active ETF,Nasdaq,1,,nasdaqtrader
MEMX,Matthews Emerging Markets ex China Active ETF,NYSE Arca,1,,nasdaqtrader
MEMY,Tuttle Capital Meme Stock Income Blast ETF,Cboe BZX,1,,nasdaqtrader
MENS,Jyong Biotech Ltd. - Ordinary shares,Nasdaq,0,,nasdaqtrader
MEOH,Methanex Corporation - Common Stock,Nasdaq,0,,nasdaqtrader
MERC,Mercer International Inc. - Common Stock,Nasdaq,0,,nasdaqtrader
MESH,Meshflow Acquisition Corp. - Class A Ordinary Shares,Nasdaq,0,,nasdaqtrader
MESHU,Meshflow Acquisition Corp. - Units,Nasdaq,0,,nasdaqtrader
MESHW,Meshflow Acquisition Corp. - Warrants,Nasdaq,0,,nasdaqtrader
MESO,Mesoblast Limited - American Depositary Shares,Nasdaq,0,,nasdaqtrader
MET,"MetLife, Inc. Common Stock",NYSE,0,,nasdaqtrader
META,"Meta Platforms, Inc. - Class A Common Stock",Nasdaq,0,,nasdaqtrader
METC,"Ramaco Resources, Inc. - Class A Common Stock",Nasdaq,0,,nasdaqtrader
METCB,"Ramaco Resources, Inc. - Class B Common Stock",Nasdaq,0,,nasdaqtrader
METCI,"Ramaco Resources, Inc. - 8.250% Senior Notes due 2030",Nasdaq,0,,nasdaqtrader
METCZ,"Ramaco Resources, Inc. - 8.375% Senior Notes due 2029",Nasdaq,0,,nasdaqtrader
METD,Direxion Daily META Bear 1X ETF,Nasdaq,1,,nasdaqtrader
METG,Leverage Shares 2X Long META Daily ETF,Cboe BZX,1,,nasdaqtrader
METL,Sprott Active Metals & Miners ETF,Nasdaq,1,,nasdaqtrader
METQ,Tradr 2X Short META Daily ETF,Cboe BZX,1,,nasdaqtrader
METU,Direxion Daily META Bull 2X ETF,Nasdaq,1,,nasdaqtrader
METV,Roundhill Metaverse ETF,NYSE Arca,1,,nasdaqtrader
METW,Roundhill META WeeklyPay ETF,Cboe BZX,1,,nasdaqtrader
MEVO,M Evo Global Acquisition Corp II - Class A Ordinary Shares,Nasdaq,0,,nasdaqtrader
MEVOU,M Evo Global Acquisition Corp II - Units,Nasdaq,0,,nasdaqtrader
MEVOW,M Evo Global Acquisition Corp II - Warrants,Nasdaq,0,,nasdaqtrader
MEXX,Direxion Daily MSCI Mexico Bull 3X ETF,NYSE Arca,1,,nasdaqtrader
MF,MindForge Inc. - Class A Ordinary Shares,Nasdaq,0,,nasdaqtrader
MFA,"MFA Financial, Inc.",NYSE,0,,nasdaqtrader
MFAN,"MFA Financial, Inc. 8.875% Senior Notes due 2029",NYSE,0,,nasdaqtrader
MFAO,"MFA Financial, Inc. 9.000% Senior Notes due 2029",NYSE,0,,nasdaqtrader
MFC,Manulife Financial Corporation Common Stock,NYSE,0,,nasdaqtrader
MFDX,PIMCO RAFI Dynamic Multi-Factor International Equity ETF,NYSE Arca,1,,nasdaqtrader
MFEB,Pacer Swan SOS Moderate (February) ETF,Cboe BZX,1,,nasdaqtrader
MFEM,PIMCO RAFI Dynamic Multi-Factor Emerging Markets Equity ETF,NYSE Arca,1,,nasdaqtrader
MFG,"Mizuho Financial Group, Inc. Sponosred ADR (Japan)",NYSE,0,,nasdaqtrader
MFI,mF International Limited - Class A Ordinary Shares,Nasdaq,0,,nasdaqtrader
MFIC,MidCap Financial Investment Corporation - Closed End Fund,Nasdaq,0,,nasdaqtrader
MFICL,MidCap Financial Investment Corporation - 8.00% Notes due 2028,Nasdaq,0,,nasdaqtrader
MFIG,Motley Fool Innovative Growth ETF,Nasdaq,1,,nasdaqtrader
MFIN,Medallion Financial Corp. - Common Stock,Nasdaq,0,,nasdaqtrader
MFLX,First Trust Flexible Municipal High Income ETF,Nasdaq,1,,nasdaqtrader
MFM,Aberdeen Municipal Income Fund Common Shares of Beneficial Interest,NYSE,0,,nasdaqtrader
MFMO,Motley Fool Momentum Factor ETF,Nasdaq,1,,nasdaqtrader
MFP,"Midera Food Processing, Inc. - Common Stock",Nasdaq,0,,nasdaqtrader
MFSB,MFS Active Core Plus Bond ETF,NYSE,1,,nasdaqtrader
MFSD,MFS Active Short Duration Income ETF,NYSE Arca,1,,nasdaqtrader
MFSG,MFS Active Growth ETF,NYSE,1,,nasdaqtrader
MFSI,MFS Active International ETF,NYSE,1,,nasdaqtrader
MFSM,MFS Active Intermediate Muni Bond ETF,NYSE,1,,nasdaqtrader
MFSV,MFS Active Value ETF,NYSE,1,,nasdaqtrader
MFSX,MFS Active Short Muni Bond ETF,NYSE Arca,1,,nasdaqtrader
MFUL,Mindful Conservative ETF,Cboe BZX,1,,nasdaqtrader
MFUS,PIMCO RAFI Dynamic Multi-Factor U.S. Equity ETF,NYSE Arca,1,,nasdaqtrader
MFUT,Cambria Chesapeake Pure Trend ETF,Cboe BZX,1,,nasdaqtrader
MFVL,Motley Fool Value Factor ETF,Nasdaq,1,,nasdaqtrader
MG,Mistras Group Inc Common Stock,NYSE,0,,nasdaqtrader
MGA,"Magna International, Inc. Common Stock",NYSE,0,,nasdaqtrader
MGC,Vanguard Morningstar Mega Cap ETF,NYSE Arca,1,,nasdaqtrader
MGEE,MGE Energy Inc. - Common Stock,Nasdaq,0,,nasdaqtrader
MGF,Aberdeen Government Markets Income Fund Common Shares of Beneficial Interest,NYSE,0,,nasdaqtrader
MGIH,Millennium Group International Holdings Limited - Ordinary Shares,Nasdaq,0,,nasdaqtrader
MGIN,Man Active Global Infrastructure ETF,NYSE Arca,1,,nasdaqtrader
MGK,Vanguard Morningstar Mega Cap Growth ETF,NYSE Arca,1,,nasdaqtrader
MGLD,"The Marygold Companies, Inc. Common Stock",NYSE American,0,,nasdaqtrader
MGM,MGM Resorts International Common Stock,NYSE,0,,nasdaqtrader
MGMT,Ballast Small/Mid Cap ETF,NYSE Arca,1,,nasdaqtrader
MGN,Megan Holdings Limited - Class A Ordinary Shares,Nasdaq,0,,nasdaqtrader
MGNI,"Magnite, Inc. - Common Stock",Nasdaq,0,,nasdaqtrader
MGNR,American Beacon Select Funds American Beacon GLG Natural Resources ETF,NYSE Arca,1,,nasdaqtrader
MGNX,"MacroGenics, Inc. - Common Stock",Nasdaq,0,,nasdaqtrader
MGOV,First Trust Intermediate Government Opportunities ETF,NYSE Arca,1,,nasdaqtrader
MGPI,"MGP Ingredients, Inc. - Common Stock",Nasdaq,0,,nasdaqtrader
MGR,"Affiliated Managers Group, Inc. 5.875% Junior Subordinated Notes due 2059",NYSE,0,,nasdaqtrader
MGRB,"Affiliated Managers Group, Inc. 4.750% Junior Subordinated Notes due 2060",NYSE,0,,nasdaqtrader
MGRC,McGrath RentCorp - Common Stock,Nasdaq,0,,nasdaqtrader
MGRD,"Affiliated Managers Group, Inc. 4.200% Junior Subordinated Notes due 2061",NYSE,0,,nasdaqtrader
MGRE,"Affiliated Managers Group, Inc. 6.750% Junior Subordinated Notes due 2064",NYSE,0,,nasdaqtrader
MGRT,Mega Fortune Company Limited - Ordinary Shares,Nasdaq,0,,nasdaqtrader
MGRX,"Mangoceuticals, Inc. - Common Stock",Nasdaq,0,,nasdaqtrader
MGTX,MeiraGTx Holdings plc - Ordinary Shares,Nasdaq,0,,nasdaqtrader
MGV,Vanguard Morningstar Mega Cap Value ETF,NYSE Arca,1,,nasdaqtrader
MGX,"Metagenomi Therapeutics, Inc. - Common Stock",Nasdaq,0,,nasdaqtrader
MGY,Magnolia Oil & Gas Corporation Class A Common Stock,NYSE,0,,nasdaqtrader
MGYR,"Magyar Bancorp, Inc. - Common Stock",Nasdaq,0,,nasdaqtrader
MH,"McGraw Hill, Inc. Common Stock",NYSE,0,,nasdaqtrader
MHD,"Blackrock MuniHoldings Fund, Inc. Common Stock",NYSE,0,,nasdaqtrader
MHF,"Western Asset Municipal High Income Fund, Inc. Common Stock",NYSE,0,,nasdaqtrader
MHH,"Mastech Digital, Inc Common Stock",NYSE American,0,,nasdaqtrader
MHIG,Milliman Healthcare Inflation Guard ETF,NYSE Arca,1,,nasdaqtrader
MHIP,Milliman Healthcare Inflation Plus ETF,NYSE Arca,1,,nasdaqtrader
MHK,"Mohawk Industries, Inc. Common Stock",NYSE,0,,nasdaqtrader
MHLA,"Maiden Holdings, Ltd. 6.625% Notes due 2046",NYSE,0,,nasdaqtrader
MHNC,"Maiden Holdings North America, Ltd. 7.75% Notes due 2043",NYSE,0,,nasdaqtrader
MHO,"M/I Homes, Inc. Common Stock",NYSE,0,,nasdaqtrader
MHX,Corgi MARA 2x Daily ETF,Cboe BZX,1,,nasdaqtrader
MHY,Man Active High Yield ETF,NYSE Arca,1,,nasdaqtrader
MI,NFT Limited Class A Ordinary Share,NYSE American,0,,nasdaqtrader
MIAC,Meridian3 Industrials Acquisition Corp - Class A Ordinary Shares,Nasdaq,0,,nasdaqtrader
MIACU,Meridian3 Industrials Acquisition Corp - Units,Nasdaq,0,,nasdaqtrader
MIACW,Meridian3 Industrials Acquisition Corp - Warrant,Nasdaq,0,,nasdaqtrader
MIAX,"Miami International Holdings, Inc. Common Stock",NYSE,0,,nasdaqtrader
MIC,Corgi MU 2x Daily ETF,Cboe BZX,1,,nasdaqtrader
MICC,The Magnum Ice Cream Company N.V. Ordinary Shares,NYSE,0,,nasdaqtrader
MID,American Century Mid Cap Growth Impact ETF,NYSE Arca,1,,nasdaqtrader
MIDD,The Middleby Corporation - Common Stock,Nasdaq,0,,nasdaqtrader
MIDE,Xtrackers S&P MidCap 400 Scored & Screened ETF,NYSE Arca,1,,nasdaqtrader
MIDU,Direxion Mid Cap Bull 3X ETF,NYSE Arca,1,,nasdaqtrader
MIG,VanEck Moody's Analytics IG Corporate Bond ETF,Cboe BZX,1,,nasdaqtrader
MIGO,MIG Core ETF,NYSE Arca,1,,nasdaqtrader
MILK,Pacer US Cash Cows Bond ETF,Cboe BZX,1,,nasdaqtrader
MILN,Global X Millennial Consumer ETF,Nasdaq,1,,nasdaqtrader
MIMI,Mint Incorporation Limited - Class A Ordinary Shares,Nasdaq,0,,nasdaqtrader
MIN,Aberdeen Intermediate Income Fund Common Shares of Beneficial Interest,NYSE,0,,nasdaqtrader
MIND,"MIND Technology, Inc. - Common Stock",Nasdaq,0,,nasdaqtrader
MINE,Mayfair Gold Corp. Common Shares,NYSE American,0,,nasdaqtrader
MINN,Mairs & Power Minnesota Municipal Bond ETF,Cboe BZX,1,,nasdaqtrader
MINO,PIMCO Municipal Income Opportunities Active Exchange-Traded Fund,NYSE Arca,1,,nasdaqtrader
MINT,PIMCO Enhanced Short Maturity Active Exchange-Traded Fund,NYSE Arca,1,,nasdaqtrader
MINV,Matthews Asia Innovators Active ETF,NYSE Arca,1,,nasdaqtrader
MINY,YieldMax Strategic Metals & Mining Portfolio Option Income ETF,NYSE Arca,1,,nasdaqtrader
MIR,"Mirion Technologies, Inc. Class A Common Stock",NYSE,0,,nasdaqtrader
MIRA,"MIRA Pharmaceuticals, Inc. - Common Stock",Nasdaq,0,,nasdaqtrader
MIRM,"Mirum Pharmaceuticals, Inc. - common stock",Nasdaq,0,,nasdaqtrader
MISL,First Trust Indxx Aerospace & Defense ETF,NYSE Arca,1,,nasdaqtrader
MIST,Milestone Pharmaceuticals Inc. - Common Shares,Nasdaq,0,,nasdaqtrader
MITK,"Mitek Systems, Inc. - Common Stock",Nasdaq,0,,nasdaqtrader
MITN,"TPG Mortgage Investment Trust, Inc. 9.500% Senior Notes due 2029",NYSE,0,,nasdaqtrader
MITP,"TPG Mortgage Investment Trust, Inc. 9.500% Senior Notes due 2029",NYSE,0,,nasdaqtrader
MITQ,"Moving iMage Technologies, Inc. Common Stock",NYSE American,0,,nasdaqtrader
MITT,"TPG Mortgage Investment Trust, Inc. Common Stock",NYSE,0,,nasdaqtrader
MIVL,MFS Active International Value ETF,NYSE Arca,1,,nasdaqtrader
MIY,"Blackrock MuniYield Michigan Quality Fund, Inc. Common Stock",NYSE,0,,nasdaqtrader
MJ,Amplify Alternative Harvest ETF,NYSE Arca,1,,nasdaqtrader
MJSC,MUFG Japan Small Cap Active ETF,NYSE Arca,1,,nasdaqtrader
MJUN,Pacer Swan SOS Moderate June ETF,Cboe BZX,1,,nasdaqtrader
MKAM,MKAM ETF,Nasdaq,1,,nasdaqtrader
MKC,"McCormick & Company, Incorporated Common Stock",NYSE,0,,nasdaqtrader
MKC.V,"McCormick & Company, Incorporated Common Stock",NYSE,0,,nasdaqtrader
MKDW,MKDWELL Tech Inc. - Ordinary Shares,Nasdaq,0,,nasdaqtrader
MKDWW,MKDWELL Tech Inc. - Warrants,Nasdaq,0,,nasdaqtrader
MKL,Markel Group Inc. Common Stock,NYSE,0,,nasdaqtrader
MKLY,McKinley Acquisition Corporation - Class A Ordinary Shares,Nasdaq,0,,nasdaqtrader
MKLYR,McKinley Acquisition Corporation - Rights,Nasdaq,0,,nasdaqtrader
MKLYU,McKinley Acquisition Corporation - Units,Nasdaq,0,,nasdaqtrader
MKOR,Matthews Korea Active ETF,NYSE Arca,1,,nasdaqtrader
MKSI,MKS Inc. - Common Stock,Nasdaq,0,,nasdaqtrader
MKTN,Federated Hermes MDT Market Neutral ETF,NYSE Arca,1,,nasdaqtrader
MKTW,"MarketWise, Inc. - Class A Common Stock",Nasdaq,0,,nasdaqtrader
MKTX,"MarketAxess Holdings, Inc. - Common Stock",Nasdaq,0,,nasdaqtrader
MKZR,"MacKenzie Realty Capital, Inc. - Common Stock",Nasdaq,0,,nasdaqtrader
MLAA,Mountain Lake Acquisition Corp. II - Class A Ordinary Shares,Nasdaq,0,,nasdaqtrader
MLAAU,Mountain Lake Acquisition Corp. II - Units,Nasdaq,0,,nasdaqtrader
MLAAW,Mountain Lake Acquisition Corp. II - Warrants,Nasdaq,0,,nasdaqtrader
MLAB,"Mesa Laboratories, Inc. - Common Stock",Nasdaq,0,,nasdaqtrader
MLCC,Global X MLCC & Electronic Components ETF,Cboe BZX,1,,nasdaqtrader
MLCI,Mount Logan Capital Inc. - Common Stock,Nasdaq,0,,nasdaqtrader
MLCIL,Mount Logan Capital Inc. - 8.00% Notes Due 2031,Nasdaq,0,,nasdaqtrader
MLCO,Melco Resorts & Entertainment Limited - American Depositary Shares,Nasdaq,0,,nasdaqtrader
MLDR,Global X Intermediate-Term Treasury Ladder ETF,NYSE Arca,1,,nasdaqtrader
MLEC,Moolec Science SA - Ordinary Shares,Nasdaq,0,,nasdaqtrader
MLECW,Moolec Science SA - Warrant,Nasdaq,0,,nasdaqtrader
MLGO,"MicroAlgo, Inc. - Ordinary Shares",Nasdaq,0,,nasdaqtrader
MLI,"Mueller Industries, Inc. Common Stock",NYSE,0,,nasdaqtrader
MLKN,"MillerKnoll, Inc. - Common Stock",Nasdaq,0,,nasdaqtrader
MLM,"Martin Marietta Materials, Inc. Common Stock",NYSE,0,,nasdaqtrader
MLN,VanEck Long Muni ETF,Cboe BZX,1,,nasdaqtrader
MLP,"Maui Land & Pineapple Company, Inc. Common Stock",NYSE,0,,nasdaqtrader
MLPA,Global X MLP ETF,NYSE Arca,1,,nasdaqtrader
MLPB,"ETRACS Alerian MLP Infrastructure Index ETN Series B due April 2, 2040",NYSE Arca,0,,nasdaqtrader
MLPD,Global X MLP & Energy Infrastructure Covered Call ETF,NYSE Arca,1,,nasdaqtrader
MLPI,NEOS MLP & Energy Infrastructure High Income ETF,Cboe BZX,1,,nasdaqtrader
MLPR,ETRACS Quarterly Pay 1.5X Leveraged Alerian MLP Index ETN,NYSE Arca,1,,nasdaqtrader
MLPX,Global X MLP & Energy Infrastructure ETF,NYSE Arca,1,,nasdaqtrader
MLR,"Miller Industries, Inc. Common Stock",NYSE,0,,nasdaqtrader
MLSS,"Milestone Scientific, Inc. Common Stock",NYSE American,0,,nasdaqtrader
MLTX,MoonLake Immunotherapeutics - Class A Ordinary Shares,Nasdaq,0,,nasdaqtrader
MLYS,"Mineralys Therapeutics, Inc. - Common Stock",Nasdaq,0,,nasdaqtrader
MMA,Mixed Martial Arts Group Limited Ordinary Shares,NYSE American,0,,nasdaqtrader
MMAR,Pacer Swan SOS Moderate March ETF,Cboe BZX,1,,nasdaqtrader
MMAX,iShares Large Cap Max Buffer Mar ETF,Cboe BZX,1,,nasdaqtrader
MMAY,Pacer Swan SOS Moderate (May) ETF,Cboe BZX,1,,nasdaqtrader
MMCA,NYLIM MacKay California Muni Intermediate ETF,NYSE Arca,1,,nasdaqtrader
MMD,NYLIM MacKay DefinedTerm Muni Opportunities Fund Common Shares,NYSE,0,,nasdaqtrader
MMED,"MiniMed Group, Inc. - Common Stock",Nasdaq,0,,nasdaqtrader
MMEDV,"MiniMed Group, Inc. - Common Stock When Issued",Nasdaq,0,,nasdaqtrader
MMHI,NYLIM MacKay Muni High Income ETF,NYSE Arca,1,,nasdaqtrader
MMI,"Marcus & Millichap, Inc. Common Stock",NYSE,0,,nasdaqtrader
MMID,MFS Active Mid Cap ETF,NYSE,1,,nasdaqtrader
MMIN,NYLIM MacKay Muni Insured ETF,NYSE Arca,1,,nasdaqtrader
MMIT,NYLIM MacKay Muni Intermediate ETF,NYSE Arca,1,,nasdaqtrader
MMK,State Street Prime Money Market ETF,NYSE,1,,nasdaqtrader
MMKT,Texas Capital Government Money Market ETF,NYSE,1,,nasdaqtrader
MMLP,Martin Midstream Partners L.P. - Common Units Representing Limited Partnership Interests,Nasdaq,0,,nasdaqtrader
MMM,3M Company Common Stock,NYSE,0,,nasdaqtrader
MMMA,NYLIM MacKay Muni Allocation ETF,NYSE Arca,1,,nasdaqtrader
MMS,"Maximus, Inc. Common Stock",NYSE,0,,nasdaqtrader
MMSC,First Trust Multi-Manager Small Cap Opportunities ETF,NYSE Arca,1,,nasdaqtrader
MMSD,NYLIM MacKay Muni Short Duration ETF,NYSE Arca,1,,nasdaqtrader
MMSI,"Merit Medical Systems, Inc. - Common Stock",Nasdaq,0,,nasdaqtrader
MMT,Aberdeen Multi-Market Income Fund Common Shares of Beneficial Interest,NYSE,0,,nasdaqtrader
MMTM,State Street SPDR S&P 1500 Momentum Tilt ETF,NYSE Arca,1,,nasdaqtrader
MMTX,Miluna Acquisition Corp - Class A Ordinary Shares,Nasdaq,0,,nasdaqtrader
MMTXU,Miluna Acquisition Corp - Units,Nasdaq,0,,nasdaqtrader
MMTXW,Miluna Acquisition Corp - Warrant,Nasdaq,0,,nasdaqtrader
MMU,"Western Asset Managed Municipals Fund, Inc. Common Stock",NYSE,0,,nasdaqtrader
MMYT,MakeMyTrip Limited - Ordinary Shares,Nasdaq,0,,nasdaqtrader
MN,Corgi MANGOS ETF,Cboe BZX,1,,nasdaqtrader
MNA,NYLIM Merger Arbitrage ETF,NYSE Arca,1,,nasdaqtrader
MNBD,ALPS BBH Intermediate Municipal Bond ETF,NYSE Arca,1,,nasdaqtrader
MNDO,MIND C.T.I. Ltd. - Ordinary Shares,Nasdaq,0,,nasdaqtrader
MNDR,Mobile-health Network Solutions - Class A Ordinary Shares,Nasdaq,0,,nasdaqtrader
MNDY,monday.com Ltd. - Ordinary Shares,Nasdaq,0,,nasdaqtrader
MNGB,Yorkville America 2X Inverse MANGOS Plus Daily Target ETF,NYSE Arca,1,,nasdaqtrader
MNGU,MicroSectors 3x Long MANGOS+ ex Private Companies ETNs,NYSE Arca,1,,nasdaqtrader
MNGZ,Yorkville America 2X Long MANGOS Plus Daily Target ETF,NYSE Arca,1,,nasdaqtrader
MNKD,MannKind Corporation - Common Stock,Nasdaq,0,,nasdaqtrader
MNOV,"MediciNova, Inc. - Common Stock",Nasdaq,0,,nasdaqtrader
MNPR,Monopar Therapeutics Inc. - Common Stock,Nasdaq,0,,nasdaqtrader
MNR,Mach Natural Resources LP Common Units representing Limited Partner Interests,NYSE,0,,nasdaqtrader
MNRO,"Monro, Inc.  - Common Stock",Nasdaq,0,,nasdaqtrader
MNSB,"MainStreet Bancshares, Inc. - Common Stock",Nasdaq,0,,nasdaqtrader
MNSBP,"MainStreet Bancshares, Inc. - Depositary Shares",Nasdaq,0,,nasdaqtrader
MNSO,"MINISO Group Holding Limited American Depositary Shares, each representing four Ordinary Shares",NYSE,0,,nasdaqtrader
MNST,Monster Beverage Corporation - Common Stock,Nasdaq,0,,nasdaqtrader
MNSX,Corgi MNST 2x Daily ETF,Cboe BZX,1,,nasdaqtrader
MNTK,"Montauk Renewables, Inc. - Common Stock",Nasdaq,0,,nasdaqtrader
MNTN,"MNTN, Inc. Class A Common Stock",NYSE,0,,nasdaqtrader
MNTS,Momentus Inc. - Class A Common Stock,Nasdaq,0,,nasdaqtrader
MNVR,Pacer Swan SOS Moderate (November) ETF,Cboe BZX,1,,nasdaqtrader
MNVT,Moonvest ETF,Nasdaq,1,,nasdaqtrader
MNY,MoneyHero Limited - Class A Ordinary Shares,Nasdaq,0,,nasdaqtrader
MNYWW,MoneyHero Limited - Warrants,Nasdaq,0,,nasdaqtrader
MNZL,Manzil Russell Halal USA Broad Market ETF,Nasdaq,1,,nasdaqtrader
MO,"Altria Group, Inc.",NYSE,0,,nasdaqtrader
MOAT,VanEck Morningstar Wide Moat ETF,Cboe BZX,1,,nasdaqtrader
MOB,Mobilicom Limited - Ordinary Shares,Nasdaq,0,,nasdaqtrader
MOBBW,Mobilicom Limited - Warrants,Nasdaq,0,,nasdaqtrader
MOBI,"Mobia Medical, Inc. - Common Stock",Nasdaq,0,,nasdaqtrader
MOBX,"Mobix Labs, Inc. - Class A Common Stock",Nasdaq,0,,nasdaqtrader
MOBXW,"Mobix Labs, Inc. - Warrants",Nasdaq,0,,nasdaqtrader
MOD,Modine Manufacturing Company Common Stock,NYSE,0,,nasdaqtrader
MODD,"Modular Medical, Inc. - common stock",Nasdaq,0,,nasdaqtrader
MODL,VictoryShares WestEnd U.S. Sector ETF,Nasdaq,1,,nasdaqtrader
MOG.A,Moog Inc. Class A Common Stock,NYSE,0,,nasdaqtrader
MOG.B,Moog Inc. Class B Common Stock,NYSE,0,,nasdaqtrader
MOGU,MOGU Inc. American Depositary Shares (each  representing 25 Class A Ordinary Shares),NYSE,0,,nasdaqtrader
MOH,Molina Healthcare Inc Common Stock,NYSE,0,,nasdaqtrader
MOLN,Molecular Partners AG - American Depositary Shares,Nasdaq,0,,nasdaqtrader
MOMO,Hello Group Inc.  - American Depositary Shares,Nasdaq,0,,nasdaqtrader
MOO,VanEck Agribusiness ETF,NYSE Arca,1,,nasdaqtrader
MOOD,Relative Sentiment Tactical Allocation ETF,Nasdaq,1,,nasdaqtrader
MORN,"Morningstar, Inc. - Common Stock",Nasdaq,0,,nasdaqtrader
MORT,VanEck Mortgage REIT Income ETF,NYSE Arca,1,,nasdaqtrader
MOS,Mosaic Company (The) Common Stock,NYSE,0,,nasdaqtrader
MOTG,VanEck Morningstar Global Wide Moat ETF,Cboe BZX,1,,nasdaqtrader
MOTI,VanEck Morningstar International Moat ETF,Cboe BZX,1,,nasdaqtrader
MOTO,Guinness Atkinson Smart Transportation & Technology ETF,NYSE Arca,1,,nasdaqtrader
MOV,Movado Group Inc. Common Stock,NYSE,0,,nasdaqtrader
MOVE,"Corvex, Inc. - Common Stock",Nasdaq,0,,nasdaqtrader
MP,MP Materials Corp. Common Stock,NYSE,0,,nasdaqtrader
MPA,Blackrock MuniYield Pennsylvania Quality Fund Common Stock,NYSE,0,,nasdaqtrader
MPAA,"Motorcar Parts of America, Inc. - Common Stock",Nasdaq,0,,nasdaqtrader
MPB,Mid Penn Bancorp - Common Stock,Nasdaq,0,,nasdaqtrader
MPC,Marathon Petroleum Corporation Common Stock,NYSE,0,,nasdaqtrader
MPDB,m+ DynaBuffer ETF,Cboe BZX,1,,nasdaqtrader
MPDY,m+ DualYield Autocall ETF,NYSE Arca,1,,nasdaqtrader
MPG,Leverage Shares 2X Long MP Daily ETF,Nasdaq,1,,nasdaqtrader
MPIA,m+ Nasdaq-100 Accelerator Autocall ETF,Nasdaq,1,,nasdaqtrader
MPIM,m+ Income Momentum Autocall ETF,NYSE Arca,1,,nasdaqtrader
MPLT,"MapLight Therapeutics, Inc. - Common Stock",Nasdaq,0,,nasdaqtrader
MPLX,MPLX LP Common Units Representing Limited Partner Interests,NYSE,0,,nasdaqtrader
MPLY,Monopoly ETF,Cboe BZX,1,,nasdaqtrader
MPRO,Monarch ProCap Index ETF,Cboe BZX,1,,nasdaqtrader
MPT,"Medical Properties Trust, Inc. common stock",NYSE,0,,nasdaqtrader
MPTI,"M-tron Industries, Inc. Common Stock",NYSE American,0,,nasdaqtrader
MPU,Mega Matrix Inc. Class A Ordinary Shares,NYSE American,0,,nasdaqtrader
MPV,Barings Participation Investors Common Stock,NYSE,0,,nasdaqtrader
MPWC,Corgi MPWR 2x Daily ETF,Cboe BZX,1,,nasdaqtrader
MPWR,"Monolithic Power Systems, Inc. - Common Stock",Nasdaq,0,,nasdaqtrader
MPWX,Tradr 2X Long MPWR Daily ETF,Cboe BZX,1,,nasdaqtrader
MQ,"Marqeta, Inc. - Class A Common Stock",Nasdaq,0,,nasdaqtrader
MQQQ,Tradr 2X Long Innovation 100 Monthly ETF,Nasdaq,1,,nasdaqtrader
MQY,"Blackrock MuniYield Quality Fund, Inc. Common Stock",NYSE,0,,nasdaqtrader
MRA,GraniteShares Autocallable MARA ETF,Nasdaq,1,,nasdaqtrader
MRAL,GraniteShares 2x Long MARA Daily ETF,Nasdaq,1,,nasdaqtrader
MRAM,"Everspin Technologies, Inc. - Common Stock",Nasdaq,0,,nasdaqtrader
MRAX,Tradr 2X Long MRAM Daily ETF,Cboe BZX,1,,nasdaqtrader
MRBK,Meridian Corporation - Common Stock,Nasdaq,0,,nasdaqtrader
MRCO,Mercator Acquisition Corp. - Class A Ordinary Shares,Nasdaq,0,,nasdaqtrader
MRCOU,Mercator Acquisition Corp. - Units,Nasdaq,0,,nasdaqtrader
MRCOW,Mercator Acquisition Corp. - Warrant,Nasdaq,0,,nasdaqtrader
MRCP,PGIM S&P 500 Buffer 12 ETF - March,Cboe BZX,1,,nasdaqtrader
MRCY,Mercury Systems Inc - Common Stock,Nasdaq,0,,nasdaqtrader
MRDN,Meridian Holdings Inc. - Common Stock,Nasdaq,0,,nasdaqtrader
MREO,Mereo BioPharma Group plc - American Depositary Shares,Nasdaq,0,,nasdaqtrader
MRGR,ProShares Merger ETF,Cboe BZX,1,,nasdaqtrader
MRK,"Merck & Company, Inc. Common Stock (new)",NYSE,0,,nasdaqtrader
MRKR,"Marker Therapeutics, Inc. - Common Stock",Nasdaq,0,,nasdaqtrader
MRLN,"Merlin, Inc. - Common Stock",Nasdaq,0,,nasdaqtrader
MRM,MEDIROM Healthcare Technologies Inc. - American Depositary Share,Nasdaq,0,,nasdaqtrader
MRNA,"Moderna, Inc. - Common Stock",Nasdaq,0,,nasdaqtrader
MRNO,Murano Global Investments PLC - Ordinary Shares,Nasdaq,0,,nasdaqtrader
MRNOW,Murano Global Investments PLC - Warrants,Nasdaq,0,,nasdaqtrader
MRNX,Defiance Daily Target 2X Long MRNA ETF,NYSE Arca,1,,nasdaqtrader
MRNY,YieldMax MRNA Option Income Strategy ETF,NYSE Arca,1,,nasdaqtrader
MRP,"Millrose Properties, Inc. Class A Common Stock",NYSE,0,,nasdaqtrader
MRSH,Marsh Common Stock,NYSE,0,,nasdaqtrader
MRSK,Toews Agility Shares Managed Risk ETF,NYSE Arca,1,,nasdaqtrader
MRT,"Marti Technologies, Inc. Class A Ordinary Shares",NYSE American,0,,nasdaqtrader
MRTN,"Marten Transport, Ltd. - Common Stock",Nasdaq,0,,nasdaqtrader
MRVI,"Maravai LifeSciences Holdings, Inc. - Class A common stock",Nasdaq,0,,nasdaqtrader
MRVL,"Marvell Technology, Inc. - Common Stock",Nasdaq,0,,nasdaqtrader
MRVU,Direxion Daily MRVL Bull 2X ETF,Nasdaq,1,,nasdaqtrader
MRVX,Corgi MRVL 2x Daily ETF,Cboe BZX,1,,nasdaqtrader
MRX,Marex Group Limited - Ordinary Shares,Nasdaq,0,,nasdaqtrader
MS,Morgan Stanley Common Stock,NYSE,0,,nasdaqtrader
MSA,MSA Safety Incorporated Common Stock,NYSE,0,,nasdaqtrader
MSAI,"MultiSensor AI Holdings, Inc. - Common Stock",Nasdaq,0,,nasdaqtrader
MSAIW,"MultiSensor AI Holdings, Inc. - Warrants",Nasdaq,0,,nasdaqtrader
MSB,Mesabi Trust Common Stock,NYSE,0,,nasdaqtrader
MSBI,"Midland States Bancorp, Inc. - Common Stock",Nasdaq,0,,nasdaqtrader
MSBIP,"Midland States Bancorp, Inc. - Depositary Shares Each Representing a 1/40th Interest in a Share of 7.750% Fixed-Rate Reset Non-Cumulative Perpetual Preferred Stock, Series A",Nasdaq,0,,nasdaqtrader
MSBT,Common Units of Beneficial Interest of Morgan Stanley Bitcoin Trust,NYSE Arca,1,,nasdaqtrader
MSC,"Studio City International Holdings Limited American depositary shares, each representing four  Class A ordinary shares",NYSE,0,,nasdaqtrader
MSCI,MSCI Inc. Common Stock,NYSE,0,,nasdaqtrader
MSD,"Morgan Stanley Emerging Markets Debt Fund, Inc. Common Stock",NYSE,0,,nasdaqtrader
MSDL,Morgan Stanley Direct Lending Fund Common Stock,NYSE,0,,nasdaqtrader
MSEP,Pacer Swan SOS Moderate September ETF,Cboe BZX,1,,nasdaqtrader
MSEX,Middlesex Water Company - Common Stock,Nasdaq,0,,nasdaqtrader
MSFC,Corgi MSFT 2x Daily ETF,Cboe BZX,1,,nasdaqtrader
MSFD,Direxion Daily MSFT Bear 1X ETF,Nasdaq,1,,nasdaqtrader
MSFL,GraniteShares 2x Long MSFT Daily ETF,Nasdaq,1,,nasdaqtrader
MSFO,YieldMax MSFT Option Income Strategy ETF,NYSE Arca,1,,nasdaqtrader
MSFT,Microsoft Corporation - Common Stock,Nasdaq,0,,nasdaqtrader
MSFU,Direxion Daily MSFT Bull 2X ETF,Nasdaq,1,,nasdaqtrader
MSFW,Roundhill MSFT WeeklyPay ETF,Cboe BZX,1,,nasdaqtrader
MSFX,T-Rex 2X Long Microsoft Daily Target ETF,Cboe BZX,1,,nasdaqtrader
MSFY,Kurv Yield Premium Strategy Microsoft (MSFT) ETF,Cboe BZX,1,,nasdaqtrader
MSGE,Madison Square Garden Entertainment Corp. Class A Common Stock,NYSE,0,,nasdaqtrader
MSGM,Motorsport Games Inc. - Class A Common Stock,Nasdaq,0,,nasdaqtrader
MSGS,Madison Square Garden Sports Corp. Class A Common Stock (New),NYSE,0,,nasdaqtrader
MSGY,Masonglory Limited - Class A Ordinary Shares,Nasdaq,0,,nasdaqtrader
MSI,"Motorola Solutions, Inc. Common Stock",NYSE,0,,nasdaqtrader
MSIF,"MSC Income Fund, Inc. Common Stock",NYSE,0,,nasdaqtrader
MSIX,Corgi MSI 2x Daily ETF,Cboe BZX,1,,nasdaqtrader
MSLC,Morgan Stanley Pathway Large Cap Equity ETF,NYSE Arca,1,,nasdaqtrader
MSLE,Satellos Bioscience Inc. - Common Stock,Nasdaq,0,,nasdaqtrader
MSM,"MSC Industrial Direct Company, Inc. Common Stock",NYSE,0,,nasdaqtrader
MSMR,McElhenny Sheffield Managed Risk ETF,Cboe BZX,1,,nasdaqtrader
MSN,Emerson Radio Corporation Common Stock,NYSE American,0,,nasdaqtrader
MSOL,Morgan Stanley Solana Trust,NYSE Arca,1,,nasdaqtrader
MSOS,AdvisorShares Pure US Cannabis ETF,NYSE Arca,1,,nasdaqtrader
MSOX,AdvisorShares MSOS Daily Leveraged ETF,NYSE Arca,1,,nasdaqtrader
MSR,GraniteShares Autocallable MSTR ETF,Nasdaq,1,,nasdaqtrader
MSS,Maison Solutions Inc. - Class A Common Stock,Nasdaq,0,,nasdaqtrader
MSSE,Morgan Stanley Ethereum Trust,NYSE Arca,1,,nasdaqtrader
MSSM,Morgan Stanley Pathway Small-Mid Cap Equity ETF,NYSE Arca,1,,nasdaqtrader
MSSS,Monarch Select Subsector Index ETF,Cboe BZX,1,,nasdaqtrader
MSST,YieldMax MSTR Performance & Distribution Target 25 ETF,Cboe BZX,1,,nasdaqtrader
MST,Defiance Leveraged Long + Income MSTR ETF,Nasdaq,1,,nasdaqtrader
MSTB,LHA Market State Tactical Beta ETF,Cboe BZX,1,,nasdaqtrader
MSTC,Corgi MSTR 2x Daily ETF,Cboe BZX,1,,nasdaqtrader
MSTI,Madison Short Term Strategic Income ETF,NYSE Arca,1,,nasdaqtrader
MSTP,GraniteShares 2x Long MSTR Daily ETF,Nasdaq,1,,nasdaqtrader
MSTQ,LHA Market State Tactical Q ETF,Cboe BZX,1,,nasdaqtrader
MSTR,Strategy Inc - Class A Common Stock,Nasdaq,0,,nasdaqtrader
MSTU,T-Rex 2X Long MSTR Daily Target ETF,Cboe BZX,1,,nasdaqtrader
MSTW,Roundhill MSTR WeeklyPay ETF,Cboe BZX,1,,nasdaqtrader
MSTX,Defiance Daily Target 2x Long MSTR ETF,Nasdaq,1,,nasdaqtrader
MSTY,YieldMax MSTR Option Income Strategy ETF,NYSE Arca,1,,nasdaqtrader
MSTZ,T-Rex 2X Inverse MSTR Daily Target ETF,Cboe BZX,1,,nasdaqtrader
MT,Arcelor Mittal NY Registry Shares NEW,NYSE,0,,nasdaqtrader
MTA,Metalla Royalty & Streaming Ltd. Common Shares,NYSE American,0,,nasdaqtrader
MTAK,Market Technology Acquisition Corp - Class A Ordinary Shares,Nasdaq,0,,nasdaqtrader
MTAKU,Market Technology Acquisition Corp - Unit,Nasdaq,0,,nasdaqtrader
MTAKW,Market Technology Acquisition Corp - Warrants,Nasdaq,0,,nasdaqtrader
MTAL,Metals Acquisition Corp. II Class A Ordinary Shares,NYSE,0,,nasdaqtrader
MTAL.U,"Metals Acquisition Corp. II Units, each consisting of one Class A ordinary share and one-third of one redeemable warrant",NYSE,0,,nasdaqtrader
MTAL.W,"Metals Acquisition Corp. II Warrants, each whole warrant exercisable for one Class A ordinary share at an exercise price of $11.50 per share",NYSE,0,,nasdaqtrader
MTAW,Meta AI Lab Ecosystem ETF,NYSE Arca,1,,nasdaqtrader
MTB,M&T Bank Corporation Common Stock,NYSE,0,,nasdaqtrader
MTBA,Simplify MBS ETF,NYSE Arca,1,,nasdaqtrader
MTC,"MMTec, Inc. - Common Shares",Nasdaq,0,,nasdaqtrader
MTCH,"Match Group, Inc. - Common Stock",Nasdaq,0,,nasdaqtrader
MTD,"Mettler-Toledo International, Inc. Common Stock",NYSE,0,,nasdaqtrader
MTDR,Matador Resources Company Common Stock,NYSE,0,,nasdaqtrader
MTEK,Maris-Tech Ltd. - ordinary shares,Nasdaq,0,,nasdaqtrader
MTEKW,Maris-Tech Ltd. - Warrants,Nasdaq,0,,nasdaqtrader
MTEN,Mingteng International Corporation Inc. - Class A Ordinary Shares,Nasdaq,0,,nasdaqtrader
MTEX,"Mannatech, Incorporated - Common Stock",Nasdaq,0,,nasdaqtrader
MTG,MGIC Investment Corporation Common Stock,NYSE,0,,nasdaqtrader
MTGP,WisdomTree Mortgage Plus Bond Fund,NYSE Arca,1,,nasdaqtrader
MTH,Meritage Homes Corporation Common Stock,NYSE,0,,nasdaqtrader
MTLS,Materialise NV - American Depositary Shares,Nasdaq,0,,nasdaqtrader
MTN,"Vail Resorts, Inc. Common Stock",NYSE,0,,nasdaqtrader
MTNB,"Matinas Biopharma Holdings, Inc. Common Stock",NYSE American,0,,nasdaqtrader
MTNE,CH4 Natural Solutions Corporation Class A Ordinary Shares,NYSE,0,,nasdaqtrader
MTNE.U,"CH4 Natural Solutions Corporation Units, each consisting of one Class A ordinary share and one-half of one Warrant",NYSE,0,,nasdaqtrader
MTNE.W,"CH4 Natural Solutions Corporation Warrants, each whole warrant exercisable for one Class A Ordinary Share at an exercise price of $11.50 per share",NYSE,0,,nasdaqtrader
MTR,Mesa Royalty Trust Common Stock,NYSE,0,,nasdaqtrader
MTRA,Invesco International Growth Focus ETF,Cboe BZX,1,,nasdaqtrader
MTRN,Materion Corporation,NYSE,0,,nasdaqtrader
MTRX,Matrix Service Company - Common Stock,Nasdaq,0,,nasdaqtrader
MTSG,Leverage Shares 2X Long MTSI Daily ETF,Cboe BZX,1,,nasdaqtrader
MTSI,"MACOM Technology Solutions Holdings, Inc. - Common Stock",Nasdaq,0,,nasdaqtrader
MTUM,iShares MSCI USA Momentum Factor ETF,Cboe BZX,1,,nasdaqtrader
MTUS,Metallus Inc. Common Shares,NYSE,0,,nasdaqtrader
MTVA,MetaVia Inc.  - Common Stock,Nasdaq,0,,nasdaqtrader
MTW,"Manitowoc Company, Inc. (The) Common Stock",NYSE,0,,nasdaqtrader
MTX,Minerals Technologies Inc. Common Stock,NYSE,0,,nasdaqtrader
MTYY,GraniteShares YieldBOOST MSTR ETF,Nasdaq,1,,nasdaqtrader
MTZ,"MasTec, Inc. Common Stock",NYSE,0,,nasdaqtrader
MU,"Micron Technology, Inc. - Common Stock",Nasdaq,0,,nasdaqtrader
MUA,"Blackrock MuniAssets Fund, Inc Common Stock",NYSE,0,,nasdaqtrader
MUB,iShares National Muni Bond ETF,NYSE Arca,1,,nasdaqtrader
MUC,"Blackrock MuniHoldings California Quality Fund, Inc.  Common Stock",NYSE,0,,nasdaqtrader
MUD,Direxion Daily MU Bear 1X ETF,Nasdaq,1,,nasdaqtrader
MUFG,"Mitsubishi UFJ Financial Group, Inc. Common Stock",NYSE,0,,nasdaqtrader
MUG,Leverage Shares 2X Long MU Daily ETF,Cboe BZX,1,,nasdaqtrader
MUIB,Direxion MU Defined Income Boost ETF,Cboe BZX,1,,nasdaqtrader
MUJ,"Blackrock MuniHoldings New Jersey Quality Fund, Inc. Common Stock",NYSE,0,,nasdaqtrader
MULL,GraniteShares 2x Long MU Daily ETF,Nasdaq,1,,nasdaqtrader
MULT,Franklin Multisector Income ETF,Nasdaq,1,,nasdaqtrader
MUNA,Northern Trust 2030 Tax-Exempt Distributing Ladder ETF,NYSE Arca,1,,nasdaqtrader
MUNB,Northern Trust 2035 Tax-Exempt Distributing Ladder ETF,NYSE Arca,1,,nasdaqtrader
MUNC,Northern Trust 2045 Tax-Exempt Distributing Ladder ETF,NYSE Arca,1,,nasdaqtrader
MUND,Northern Trust 2055 Tax-Exempt Distributing Ladder ETF,NYSE Arca,1,,nasdaqtrader
MUNF,Northern Trust 2036 Tax-Exempt Distributing Ladder ETF,NYSE Arca,1,,nasdaqtrader
MUNG,Northern Trust 2046 Tax-Exempt Distributing Ladder ETF,NYSE Arca,1,,nasdaqtrader
MUNH,Northern Trust 2056 Tax-Exempt Distributing Ladder ETF,NYSE Arca,1,,nasdaqtrader
MUNI,PIMCO Intermediate Municipal Bond Active Exchange-Traded Fund,NYSE Arca,1,,nasdaqtrader
MUNJ,Northern Trust 2031 Tax-Exempt Distributing Ladder ETF,NYSE Arca,1,,nasdaqtrader
MUNX,AMG GW&K Muni Income ETF,NYSE Arca,1,,nasdaqtrader
MUNY,Vanguard New York Tax-Exempt Bond ETF,Cboe BZX,1,,nasdaqtrader
MUR,Murphy Oil Corporation Common Stock,NYSE,0,,nasdaqtrader
MUSA,Murphy USA Inc. Common Stock,NYSE,0,,nasdaqtrader
MUSE,TCW Multisector Credit Income ETF,NYSE,1,,nasdaqtrader
MUSQ,MUSQ Global Music Industry Index ETF,NYSE Arca,1,,nasdaqtrader
MUST,Columbia Multi-Sector Municipal Income ETF,NYSE Arca,1,,nasdaqtrader
MUU,Direxion Daily MU Bull 2X ETF,Nasdaq,1,,nasdaqtrader
MUX,McEwen Inc. Common Stock,NYSE,0,,nasdaqtrader
MUY,YieldMax MU Option Income Strategy ETF,Nasdaq,1,,nasdaqtrader
MUYY,GraniteShares YieldBOOST MU ETF,Nasdaq,1,,nasdaqtrader
MUZ,Defiance Daily Target 2X Short MU ETF,NYSE Arca,1,,nasdaqtrader
MUZE,Muzero Acquisition Corp - Class A Ordinary Shares,Nasdaq,0,,nasdaqtrader
MUZEU,Muzero Acquisition Corp - Unit,Nasdaq,0,,nasdaqtrader
MUZEW,Muzero Acquisition Corp - Warrant,Nasdaq,0,,nasdaqtrader
MVAL,VanEck Morningstar Wide Moat Value ETF,Cboe BZX,1,,nasdaqtrader
MVBF,MVB Financial Corp. - Common Stock,Nasdaq,0,,nasdaqtrader
MVFD,Monarch Volume Factor Dividend Tree Index ETF,Cboe BZX,1,,nasdaqtrader
MVFG,Monarch Volume Factor Global Unconstrained Index ETF,Cboe BZX,1,,nasdaqtrader
MVIS,"MicroVision, Inc. - Common Stock",Nasdaq,0,,nasdaqtrader
MVLL,GraniteShares 2x Long MRVL Daily ETF,Nasdaq,1,,nasdaqtrader
MVPA,Miller Value Partners Appreciation ETF,NYSE,1,,nasdaqtrader
MVPL,Miller Value Partners Leverage ETF,NYSE Arca,1,,nasdaqtrader
MVRL,ETRACS Monthly Pay 1.5X Leveraged Mortgage REIT ETN,NYSE Arca,1,,nasdaqtrader
MVST,"Microvast Holdings, Inc. - Common Stock",Nasdaq,0,,nasdaqtrader
MVV,ProShares Ultra MidCap400,NYSE Arca,1,,nasdaqtrader
MWA,MUELLER WATER PRODUCTS Common Stock,NYSE,0,,nasdaqtrader
MWC,"Micware Co., Ltd. - American Depositary Shares",Nasdaq,0,,nasdaqtrader
MWG,Multi Ways Holdings Limited Class A Ordinary Shares,NYSE American,0,,nasdaqtrader
MWH,"SOLV Energy, Inc. - Class A common stock",Nasdaq,0,,nasdaqtrader
MWHS,Skylar Electricity Futures ETF,NYSE Arca,1,,nasdaqtrader
MWYN,"Marwynn Holdings, Inc. - Common stock",Nasdaq,0,,nasdaqtrader
MX,Magnachip Semiconductor Corporation Common Stock,NYSE,0,,nasdaqtrader
MXC,Mexco Energy Corporation Common Stock,NYSE American,0,,nasdaqtrader
MXCT,"MaxCyte, Inc. - Common Stock",Nasdaq,0,,nasdaqtrader
MXE,"Mexico Equity and Income Fund, Inc. (The) Common Stock",NYSE,0,,nasdaqtrader
MXF,"Mexico Fund, Inc. (The) Common Stock",NYSE,0,,nasdaqtrader
MXI,iShares Global Materials ETF,NYSE Arca,1,,nasdaqtrader
MXL,"MaxLinear, Inc - Common Stock",Nasdaq,0,,nasdaqtrader
MXLL,Leverage Shares 2X Long MXL Daily ETF,Cboe BZX,1,,nasdaqtrader
MYCF,State Street My2026 Corporate Bond ETF,Nasdaq,1,,nasdaqtrader
MYCG,State Street My2027 Corporate Bond ETF,Nasdaq,1,,nasdaqtrader
MYCH,State Street My2028 Corporate Bond ETF,Nasdaq,1,,nasdaqtrader
MYCI,State Street My2029 Corporate Bond ETF,Nasdaq,1,,nasdaqtrader
MYCJ,State Street My2030 Corporate Bond ETF,Nasdaq,1,,nasdaqtrader
MYCK,State Street My2031 Corporate Bond ETF,Nasdaq,1,,nasdaqtrader
MYCL,State Street My2032 Corporate Bond ETF,Nasdaq,1,,nasdaqtrader
MYCM,State Street My2033 Corporate Bond ETF,Nasdaq,1,,nasdaqtrader
MYCN,State Street My2034 Corporate Bond ETF,Nasdaq,1,,nasdaqtrader
MYCO,State Street My2035 Corporate Bond ETF,Nasdaq,1,,nasdaqtrader
MYCP,State Street My2036 Corporate Bond ETF,Nasdaq,1,,nasdaqtrader
MYE,"Myers Industries, Inc. Common Stock",NYSE,0,,nasdaqtrader
MYFW,"First Western Financial, Inc. - Common Stock",Nasdaq,0,,nasdaqtrader
MYGN,"Myriad Genetics, Inc. - Common Stock",Nasdaq,0,,nasdaqtrader
MYHA,State Street My2027 High Yield Corporate Bond ETF,Nasdaq,1,,nasdaqtrader
MYHB,State Street My2028 High Yield Corporate Bond ETF,Nasdaq,1,,nasdaqtrader
MYHC,State Street My2029 High Yield Corporate Bond ETF,Nasdaq,1,,nasdaqtrader
MYHD,State Street My2030 High Yield Corporate Bond ETF,Nasdaq,1,,nasdaqtrader
MYHE,State Street My2031 High Yield Corporate Bond ETF,Nasdaq,1,,nasdaqtrader
MYHF,State Street My2032 High Yield Corporate Bond ETF,Nasdaq,1,,nasdaqtrader
MYI,"Blackrock MuniYield Quality Fund III, Inc Common Stock",NYSE,0,,nasdaqtrader
MYLD,Cambria Micro and SmallCap Shareholder Yield ETF,Cboe BZX,1,,nasdaqtrader
MYMF,State Street My2026 Municipal Bond ETF,Nasdaq,1,,nasdaqtrader
MYMG,State Street My2027 Municipal Bond ETF,Nasdaq,1,,nasdaqtrader
MYMH,State Street My2028 Municipal Bond ETF,Nasdaq,1,,nasdaqtrader
MYMI,State Street My2029 Municipal Bond ETF,Nasdaq,1,,nasdaqtrader
MYMJ,State Street My2030 Municipal Bond ETF,Nasdaq,1,,nasdaqtrader
MYMK,State Street My2031 Municipal Bond ETF,Nasdaq,1,,nasdaqtrader
MYML,State Street My2032 Municipal Bond ETF,Nasdaq,1,,nasdaqtrader
MYN,"Blackrock MuniYield New York Quality Fund, Inc.Common Stock",NYSE,0,,nasdaqtrader
MYND,"Mynd.ai, Inc. American Depositary Shares",NYSE American,0,,nasdaqtrader
MYO,Myomo Inc. Common Stock,NYSE American,0,,nasdaqtrader
MYPS,"PLAYSTUDIOS, Inc.  - Class A Common Stock",Nasdaq,0,,nasdaqtrader
MYRG,"MYR Group, Inc. - Common Stock",Nasdaq,0,,nasdaqtrader
MYSE,"Myseum.AI, Inc. - Common Stock",Nasdaq,0,,nasdaqtrader
MYSZ,"My Size, Inc. - Common Stock",Nasdaq,0,,nasdaqtrader
MYX,Maywood Acquisition Corp. 2 - Class A Ordinary Share,Nasdaq,0,,nasdaqtrader
MYXXR,Maywood Acquisition Corp. 2 - Rights,Nasdaq,0,,nasdaqtrader
MYXXU,Maywood Acquisition Corp. 2 - Units,Nasdaq,0,,nasdaqtrader
MYXXW,Maywood Acquisition Corp. 2 - Warrants,Nasdaq,0,,nasdaqtrader
MYY,ProShares Short MidCap400,NYSE Arca,1,,nasdaqtrader
MZTI,The Marzetti Company - Common Stock,Nasdaq,0,,nasdaqtrader
MZYX,MOZAYYX Acquisition Corp. Class A Ordinary Shares,NYSE,0,,nasdaqtrader
MZYX.U,"MOZAYYX Acquisition Corp. Units, each consisting of one Class A ordinary share and one-quarter of one redeemable warrant",NYSE,0,,nasdaqtrader
MZYX.W,"MOZAYYX Acquisition Corp. Redeemable warrants, each whole warrant exercisable for one Class A ordinary share at an exercise price of $11.50",NYSE,0,,nasdaqtrader
MZZ,ProShares UltraShort MidCap400,NYSE Arca,1,,nasdaqtrader
NA,Nano Labs Ltd - Class A Ordinary Shares,Nasdaq,0,,nasdaqtrader
NAAS,NaaS Technology Inc. - American Depositary Shares,Nasdaq,0,,nasdaqtrader
NABL,"N-able, Inc. Common Stock",NYSE,0,,nasdaqtrader
NAC,Nuveen California Quality Municipal Income Fund,NYSE,0,,nasdaqtrader
NACP,Impact Shares NAACP Minority Empowerment ETF,NYSE Arca,1,,nasdaqtrader
NAD,Nuveen Quality Municipal Income Fund Common Stock,NYSE,0,,nasdaqtrader
NAGE,"Niagen Bioscience, Inc. - Common Stock",Nasdaq,0,,nasdaqtrader
NAII,"Natural Alternatives International, Inc. - Common Stock",Nasdaq,0,,nasdaqtrader
NAIL,Direxion Daily Homebuilders & Supplies Bull 3X ETF,NYSE Arca,1,,nasdaqtrader
NAK,"Northern Dynasty Minerals, Ltd. Common Stock",NYSE American,0,,nasdaqtrader
NAKA,Nakamoto Inc. - Common Stock,Nasdaq,0,,nasdaqtrader
NAMI,Jinxin Technology Holding Company - American Depositary Shares,Nasdaq,0,,nasdaqtrader
NAMM,Namib Minerals - Ordinary Shares,Nasdaq,0,,nasdaqtrader
NAMMW,Namib Minerals - Warrants,Nasdaq,0,,nasdaqtrader
NAMS,NewAmsterdam Pharma Company N.V. - Ordinary Shares,Nasdaq,0,,nasdaqtrader
NAMSW,NewAmsterdam Pharma Company N.V. - Warrant,Nasdaq,0,,nasdaqtrader
NAN,Nuveen New York Quality Municipal Income Fund Common Stock,NYSE,0,,nasdaqtrader
NANC,Subversive Congressional Democrats Trading ETF,Cboe BZX,1,,nasdaqtrader
NANR,State Street SPDR S&P North American Natural Resources ETF,NYSE Arca,1,,nasdaqtrader
NAPR,Innovator Growth-100 Power Buffer ETF - April,Cboe BZX,1,,nasdaqtrader
NASA,Tema Space Innovators ETF,NYSE Arca,1,,nasdaqtrader
NAT,Nordic American Tankers Limited Common Stock,NYSE,0,,nasdaqtrader
NATH,"Nathan's Famous, Inc. - Common Stock",Nasdaq,0,,nasdaqtrader
NATL,NCR Atleos Corporation Common Stock,NYSE,0,,nasdaqtrader
NATO,Themes Transatlantic Defense ETF,Nasdaq,1,,nasdaqtrader
NATR,"Nature's Sunshine Products, Inc. - Common Stock",Nasdaq,0,,nasdaqtrader
NAUG,Innovator Growth-100 Power Buffer ETF - August,Cboe BZX,1,,nasdaqtrader
NAUT,"Nautilus Biotechnology, Inc. - Common Stock",Nasdaq,0,,nasdaqtrader
NAVI,Navient Corporation - Common Stock,Nasdaq,0,,nasdaqtrader
NAVN,"Navan, Inc. - Class A Common Stock",Nasdaq,0,,nasdaqtrader
NAZ,Nuveen Arizona Quality Municipal Income Fund Common Stock,NYSE,0,,nasdaqtrader
NB,NioCorp Developments Ltd. - Common Stock,Nasdaq,0,,nasdaqtrader
NBB,Nuveen Taxable Municipal Income Fund Common Shares of Beneficial Interest,NYSE,0,,nasdaqtrader
NBBK,"NB Bancorp, Inc. - Common Stock",Nasdaq,0,,nasdaqtrader
NBCE,Neuberger China Equity ETF,NYSE Arca,1,,nasdaqtrader
NBCM,Neuberger Commodity Strategy ETF,NYSE Arca,1,,nasdaqtrader
NBCR,Neuberger Core Equity ETF,NYSE Arca,1,,nasdaqtrader
NBDS,Neuberger Disrupters ETF,NYSE Arca,1,,nasdaqtrader
NBET,Neuberger Energy Transition & Infrastructure ETF,NYSE Arca,1,,nasdaqtrader
NBFC,Neuberger Flexible Credit Income ETF,NYSE Arca,1,,nasdaqtrader
NBFR,Innovator Nasdaq-100 Managed 10 Buffer ETF,NYSE Arca,1,,nasdaqtrader
NBGX,Neuberger Growth ETF,NYSE Arca,1,,nasdaqtrader
NBH,Neuberger Municipal Fund Inc. Common Stock,NYSE American,0,,nasdaqtrader
NBHC,National Bank Holdings Corporation Common Stock,NYSE,0,,nasdaqtrader
NBIC,Corgi NBIS 2x Daily ETF,Cboe BZX,1,,nasdaqtrader
NBIE,Neuberger International Core Equity ETF,NYSE Arca,1,,nasdaqtrader
NBIG,Leverage Shares 2X Long NBIS Daily ETF,Nasdaq,1,,nasdaqtrader
NBIL,GraniteShares 2x Long NBIS Daily ETF,Nasdaq,1,,nasdaqtrader
NBIS,Nebius Group N.V. - Class A Ordinary Shares,Nasdaq,0,,nasdaqtrader
NBIX,"Neurocrine Biosciences, Inc. - Common Stock",Nasdaq,0,,nasdaqtrader
NBIZ,Tradr 2X Short NBIS Daily ETF,Cboe BZX,1,,nasdaqtrader
NBJP,Neuberger Japan Equity ETF,NYSE Arca,1,,nasdaqtrader
NBN,Northeast Bank - Common Stock,Nasdaq,0,,nasdaqtrader
NBOS,Neuberger Option Strategy ETF,NYSE Arca,1,,nasdaqtrader
NBP,NovaBridge Biosciences - American Depositary Shares,Nasdaq,0,,nasdaqtrader
NBR,Nabors Industries Ltd.,NYSE,0,,nasdaqtrader
NBRG,Newbridge Acquisition Limited - Class A Ordinary Share,Nasdaq,0,,nasdaqtrader
NBRGR,Newbridge Acquisition Limited - Rights,Nasdaq,0,,nasdaqtrader
NBRGU,Newbridge Acquisition Limited - Unit,Nasdaq,0,,nasdaqtrader
NBSD,Neuberger Short Duration Income ETF,NYSE Arca,1,,nasdaqtrader
NBSM,Neuberger Small-Mid Cap ETF,NYSE Arca,1,,nasdaqtrader
NBTB,NBT Bancorp Inc. - Common Stock,Nasdaq,0,,nasdaqtrader
NBTR,Neuberger Total Return Bond ETF,NYSE Arca,1,,nasdaqtrader
NBTX,Nanobiotix S.A. - ADSs,Nasdaq,0,,nasdaqtrader
NBXG,Neuberger Next Generation Connectivity Fund Inc. Common Stock,NYSE,0,,nasdaqtrader
NC,"NACCO Industries, Inc. Common Stock",NYSE,0,,nasdaqtrader
NCA,Nuveen California Municipal Value Fund,NYSE,0,,nasdaqtrader
NCDL,Nuveen Churchill Direct Lending Corp. Common Stock,NYSE,0,,nasdaqtrader
NCEL,NewcelX Ltd. - Ordinary Shares,Nasdaq,0,,nasdaqtrader
NCEW,New Century Logistics (BVI) Limited - Ordinary Shares,Nasdaq,0,,nasdaqtrader
NCI,Neo-Concept International Group Holdings Limited - Class A Ordinary Shares,Nasdaq,0,,nasdaqtrader
NCIQ,Hashdex Nasdaq CME Crypto Index ETF,Nasdaq,1,,nasdaqtrader
NCLD,Roundhill Neocloud ETF,Nasdaq,1,,nasdaqtrader
NCLH,Norwegian Cruise Line Holdings Ltd. Ordinary Shares,NYSE,0,,nasdaqtrader
NCLO,Nuveen AA-BBB CLO ETF,NYSE Arca,1,,nasdaqtrader
NCMI,"National CineMedia, Inc. - Common Stock",Nasdaq,0,,nasdaqtrader
NCNA,NuCana plc - American Depositary Shares,Nasdaq,0,,nasdaqtrader
NCNO,"nCino, Inc. - Common Stock",Nasdaq,0,,nasdaqtrader
NCO,Southern Cross Acquisition I Corp. - Ordinary Shares,Nasdaq,0,,nasdaqtrader
NCOOR,Southern Cross Acquisition I Corp. - Rights,Nasdaq,0,,nasdaqtrader
NCOOU,Southern Cross Acquisition I Corp. - Units,Nasdaq,0,,nasdaqtrader
NCOOW,Southern Cross Acquisition I Corp. - Warrants,Nasdaq,0,,nasdaqtrader
NCPB,Nuveen Core Plus Bond ETF,Nasdaq,1,,nasdaqtrader
NCPL,Netcapital Inc. - Common Stock,Nasdaq,0,,nasdaqtrader
NCPLW,Netcapital Inc. - warrants,Nasdaq,0,,nasdaqtrader
NCRA,"Nocera, Inc. - common stock",Nasdaq,0,,nasdaqtrader
NCT,Intercont (Cayman) Limited - Class A Ordinary shares,Nasdaq,0,,nasdaqtrader
NCTY,The9 Limited - American Depository Shares,Nasdaq,0,,nasdaqtrader
NCV,Virtus Convertible & Income Fund Common Shares of Beneficial Interest,NYSE,0,,nasdaqtrader
NCZ,Virtus Convertible & Income Fund II Common Shares of Beneficial Interest,NYSE,0,,nasdaqtrader
NDAA,Ned Davis Research 360 Dynamic Allocation ETF,Nasdaq,1,,nasdaqtrader
NDAQ,"Nasdaq, Inc. - Common Stock",Nasdaq,0,,nasdaqtrader
NDEC,Innovator Growth-100 Power Buffer ETF - December,Cboe BZX,1,,nasdaqtrader
NDIA,Global X India Active ETF,NYSE Arca,1,,nasdaqtrader
NDIV,Amplify Energy & Natural Resources Covered Call ETF,NYSE Arca,1,,nasdaqtrader
NDLS,Noodles & Company - Class A Common Stock,Nasdaq,0,,nasdaqtrader
NDMO,Nuveen Dynamic Municipal Opportunities Fund Common Shares of Beneficial Interest,NYSE,0,,nasdaqtrader
NDOW,Anydrus Advantage ETF,Cboe BZX,1,,nasdaqtrader
NDRA,ENDRA Life Sciences Inc. - Common Stock,Nasdaq,0,,nasdaqtrader
NDSN,Nordson Corporation - Common Stock,Nasdaq,0,,nasdaqtrader
NE,Noble Corporation plc A Ordinary Shares,NYSE,0,,nasdaqtrader
NE.A,Noble Corporation plc Tranche 2 Warrants,NYSE,0,,nasdaqtrader
NE.W,Noble Corporation plc Tranche 1 Warrants,NYSE,0,,nasdaqtrader
NEA,Nuveen AMT-Free Quality Municipal Income Fund Common Shares of Beneficial Interest Par Value $.01,NYSE,0,,nasdaqtrader
NEAR,iShares Short Duration Bond Active ETF,Cboe BZX,1,,nasdaqtrader
NEBX,Tradr 2X Long NBIS Daily ETF,Cboe BZX,1,,nasdaqtrader
NECB,"NorthEast Community Bancorp, Inc. - Common Stock",Nasdaq,0,,nasdaqtrader
NECK,xETFs AI Bottlenecks ETF,NYSE Arca,1,,nasdaqtrader
NEE,"NextEra Energy, Inc. Common Stock",NYSE,0,,nasdaqtrader
NEGG,"Newegg Commerce, Inc. - Common Shares",Nasdaq,0,,nasdaqtrader
NEHI,NEOS Ethereum High Income ETF,Cboe BZX,1,,nasdaqtrader
NELS,Nelson Select ETF,Cboe BZX,1,,nasdaqtrader
NEM,Newmont Corporation,NYSE,0,,nasdaqtrader
NEMD,Neuberger Emerging Markets Debt Hard Currency ETF,NYSE Arca,1,,nasdaqtrader
NEMG,Leverage Shares 2x Long NEM Daily ETF,Nasdaq,1,,nasdaqtrader
NEN,New England Realty Associates Limited Partnership Class A Depositary Receipts Evidencing Units of Limited Partnership,NYSE American,0,,nasdaqtrader
NEO,"NeoGenomics, Inc. - Common Stock",Nasdaq,0,,nasdaqtrader
NEOG,Neogen Corporation - Common Stock,Nasdaq,0,,nasdaqtrader
NEON,Neonode Inc. - Common Stock,Nasdaq,0,,nasdaqtrader
NEOV,NeoVolta Inc. - Common Stock,Nasdaq,0,,nasdaqtrader
NEOVW,NeoVolta Inc. - Warrant,Nasdaq,0,,nasdaqtrader
NEPH,"Nephros, Inc. - Common Stock",Nasdaq,0,,nasdaqtrader
NERD,Roundhill Video Games ETF,Cboe BZX,1,,nasdaqtrader
NERV,"Minerva Neurosciences, Inc - Common Stock",Nasdaq,0,,nasdaqtrader
NESR,National Energy Services Reunited Corp - Ordinary Shares,Nasdaq,0,,nasdaqtrader
NET,"Cloudflare, Inc. Class A Common Stock",NYSE,0,,nasdaqtrader
NETG,Leverage Shares 2X Long NET Daily ETF,Nasdaq,1,,nasdaqtrader
NETL,Colterpoint Net Lease Real Estate ETF,NYSE Arca,1,,nasdaqtrader
NEU,NewMarket Corp Common Stock,NYSE,0,,nasdaqtrader
NEUP,Neuphoria Therapeutics Inc. - Common Stock,Nasdaq,0,,nasdaqtrader
NEWP,New Pacific Metals Corp. Common Shares,NYSE American,0,,nasdaqtrader
NEWT,"NewtekOne, Inc. - Common Stock",Nasdaq,0,,nasdaqtrader
NEWTG,"NewtekOne, Inc. - 8.50% Fixed Rate Senior Notes due 2029",Nasdaq,0,,nasdaqtrader
NEWTH,"NewtekOne, Inc. - 8.625% Fixed Rate Senior Notes due 2029",Nasdaq,0,,nasdaqtrader
NEWTI,"NewtekOne, Inc. - 8.00% Fixed Rate Senior Notes due 2028",Nasdaq,0,,nasdaqtrader
NEWTO,"NewtekOne, Inc. - 8.50% Fixed Rate Senior Notes due 2031",Nasdaq,0,,nasdaqtrader
NEWTP,"NewtekOne, Inc. - Depositary Shares, Each Representing a 1/40th Interest in a Share of 8.500% Fixed Rate Reset Non-Cumulative Perpetual Preferred Stock, Series B",Nasdaq,0,,nasdaqtrader
NEWZ,StockSnips AI-Powered Sentiment US All Cap ETF,Nasdaq,1,,nasdaqtrader
NEXA,Nexa Resources S.A. Common Shares,NYSE,0,,nasdaqtrader
NEXM,NexMetals Mining Corp. - Common Stock,Nasdaq,0,,nasdaqtrader
NEXN,Nexxen International Ltd. - Ordinary Shares,Nasdaq,0,,nasdaqtrader
NEXR,Nexera Technologies Ltd - Ordinary Shares,Nasdaq,0,,nasdaqtrader
NEXRW,Nexera Technologies Ltd - Warrant,Nasdaq,0,,nasdaqtrader
NEXT,NextDecade Corporation - Common Stock,Nasdaq,0,,nasdaqtrader
NFE,New Fortress Energy Inc. - Class A Common Stock,Nasdaq,0,,nasdaqtrader
NFEB,Innovator Growth-100 Power Buffer ETF - February,Cboe BZX,1,,nasdaqtrader
NFEGP,New Fortress Energy Inc. - Series A Mandatorily Convertible Preferred Stock,Nasdaq,0,,nasdaqtrader
NFG,National Fuel Gas Company Common Stock,NYSE,0,,nasdaqtrader
NFGC,New Found Gold Corp Common Shares,NYSE American,0,,nasdaqtrader
NFJ,"Virtus Dividend, Interest & Premium Strategy Fund Common Shares of Beneficial Interest",NYSE,0,,nasdaqtrader
NFLP,Kurv Yield Premium Strategy Netflix (NFLX) ETF,Cboe BZX,1,,nasdaqtrader
NFLT,Virtus Newfleet Multi-Sector Bond ETF,NYSE Arca,1,,nasdaqtrader
NFLU,T-Rex 2X Long NFLX Daily Target ETF,Cboe BZX,1,,nasdaqtrader
NFLW,Roundhill NFLX WeeklyPay ETF,Cboe BZX,1,,nasdaqtrader
NFLX,"Netflix, Inc. - Common Stock",Nasdaq,0,,nasdaqtrader
NFLY,YieldMax NFLX Option Income Strategy ETF,NYSE Arca,1,,nasdaqtrader
NFRA,Northern Trust STOXX Global Broad Infrastructure ETF,NYSE Arca,1,,nasdaqtrader
NFRX,Harrison Street Infrastructure Active ETF,Nasdaq,1,,nasdaqtrader
NFTY,First Trust India Nifty 50 Equal Weight ETF,Nasdaq,1,,nasdaqtrader
NFX,Corgi NFLX 2x Daily ETF,Cboe BZX,1,,nasdaqtrader
NFXL,Direxion Daily NFLX Bull 2X ETF,Nasdaq,1,,nasdaqtrader
NFXS,Direxion Daily NFLX Bear 1X ETF,Nasdaq,1,,nasdaqtrader
NG,Novagold Resources Inc.,NYSE American,0,,nasdaqtrader
NGEN,NervGen Pharma Corp. - Common stock,Nasdaq,0,,nasdaqtrader
NGG,"National Grid Transco, PLC National Grid PLC (NEW) American Depositary Shares",NYSE,0,,nasdaqtrader
NGHT,Nicholas Bitcoin and Treasuries AfterDark ETF,Nasdaq,1,,nasdaqtrader
NGIF,Nuveen Global Infrastructure Fund: ETF Class Shares,NYSE Arca,1,,nasdaqtrader
NGL,NGL ENERGY PARTNERS LP Common Units representing Limited Partner Interests,NYSE,0,,nasdaqtrader
NGNE,Neurogene Inc. - Common Stock,Nasdaq,0,,nasdaqtrader
NGS,"Natural Gas Services Group, Inc. Common Stock",NYSE,0,,nasdaqtrader
NGVC,"Natural Grocers by Vitamin Cottage, Inc. Common Stock",NYSE,0,,nasdaqtrader
NGVT,Ingevity Corporation Common Stock,NYSE,0,,nasdaqtrader
NHC,National HealthCare Corporation Common Stock,NYSE American,0,,nasdaqtrader
NHI,"National Health Investors, Inc. Common Stock",NYSE,0,,nasdaqtrader
NHIV,NewHold Investment Corp IV - Class A Ordinary Shares,Nasdaq,0,,nasdaqtrader
NHIVU,NewHold Investment Corp IV - Units,Nasdaq,0,,nasdaqtrader
NHIVW,NewHold Investment Corp IV - Warrants,Nasdaq,0,,nasdaqtrader
NHP,"National Healthcare Properties, Inc. - Class A Common Stock",Nasdaq,0,,nasdaqtrader
NHPBP,"National Healthcare Properties, Inc. - 7.125% Series B Cumulative Redeemable Perpetual Preferred Stock",Nasdaq,0,,nasdaqtrader
NHS,Neuberger High Yield Strategies Fund Inc. Common Stock,NYSE American,0,,nasdaqtrader
NHTC,Natural Health Trends Corp. - Common Stock,Nasdaq,0,,nasdaqtrader
NHYB,Nuveen High Yield Corporate Bond ETF,NYSE Arca,1,,nasdaqtrader
NHYM,Nuveen High Yield Municipal Income ETF,NYSE Arca,1,,nasdaqtrader
NI,NiSource Inc Common Stock,NYSE,0,,nasdaqtrader
NIC,Nicolet Bankshares Inc. Common Stock,NYSE,0,,nasdaqtrader
NICE,NICE Ltd - American Depositary Shares each representing one Ordinary Share,Nasdaq,0,,nasdaqtrader
NICM,Nicola Mining Inc. - American Depositary Shares,Nasdaq,0,,nasdaqtrader
NICO,Hexis Active Nicotine Engagement ETF,NYSE Arca,1,,nasdaqtrader
NIE,Virtus Equity & Convertible Income Fund Common Shares of Beneficial Interest,NYSE,0,,nasdaqtrader
NIHI,NEOS MSCI EAFE High Income ETF,Cboe BZX,1,,nasdaqtrader
NIKI,"Niki BioSolutions, Inc. - Common Stock",Nasdaq,0,,nasdaqtrader
NIKL,Sprott Nickel Miners ETF,Nasdaq,1,,nasdaqtrader
NIM,Nuveen Select Maturities Municipal Fund Common Stock,NYSE,0,,nasdaqtrader
NINE,"Nine Energy Service, Inc. Common Stock",NYSE American,0,,nasdaqtrader
NIO,"NIO Inc. American depositary shares, each  representing one Class A ordinary share",NYSE,0,,nasdaqtrader
NIOBW,NioCorp Developments Ltd. - Warrant,Nasdaq,0,,nasdaqtrader
NIOG,Leverage Shares 2X Long NIO Daily ETF,Nasdaq,1,,nasdaqtrader
NIPG,NIP Group Inc. - American Depositary Shares,Nasdaq,0,,nasdaqtrader
NIQ,NIQ Global Intelligence plc Ordinary Shares,NYSE,0,,nasdaqtrader
NISM,NYLIM International Small-Mid Cap Equity ETF,NYSE Arca,1,,nasdaqtrader
NITE,The Nightview Fund NITE,NYSE Arca,1,,nasdaqtrader
NIU,Niu Technologies - American Depositary Shares,Nasdaq,0,,nasdaqtrader
NIVF,NewGenIvf Group Limited - Class A Ordinary Shares,Nasdaq,0,,nasdaqtrader
NIVFW,NewGenIvf Group Limited - Warrants,Nasdaq,0,,nasdaqtrader
NIXT,Research Affiliates Deletions ETF,Nasdaq,1,,nasdaqtrader
NIXX,"Nixxy, Inc. - Common Stock",Nasdaq,0,,nasdaqtrader
NJAN,Innovator Growth-100 Power Buffer ETF - January,Cboe BZX,1,,nasdaqtrader
NJNK,Columbia U.S. High Yield ETF,NYSE Arca,1,,nasdaqtrader
NJR,NewJersey Resources Corporation Common Stock,NYSE,0,,nasdaqtrader
NJUL,Innovator Growth-100 Power Buffer ETF - July,Cboe BZX,1,,nasdaqtrader
NJUN,Innovator Growth-100 Power Buffer ETF - June,Cboe BZX,1,,nasdaqtrader
NKE,"Nike, Inc. Common Stock",NYSE,0,,nasdaqtrader
NKLR,Terra Innovatum Global N.V. - Ordinary shares,Nasdaq,0,,nasdaqtrader
NKSH,"National Bankshares, Inc. - Common Stock",Nasdaq,0,,nasdaqtrader
NKTR,Nektar Therapeutics - Common Stock,Nasdaq,0,,nasdaqtrader
NKTX,"Nkarta, Inc. - Common Stock",Nasdaq,0,,nasdaqtrader
NKX,Nuveen California AMT-Free Quality Municipal Income Fund,NYSE,0,,nasdaqtrader
NL,"NLI Holdings, Inc. Common Stock",NYSE,0,,nasdaqtrader
NLOP,Net Lease Office Properties Common Shares of Beneficial Interest,NYSE,0,,nasdaqtrader
NLR,VanEck Uranium and Nuclear ETF,NYSE Arca,1,,nasdaqtrader
NLSI,NEOS Long/Short Equity Income ETF,Cboe BZX,1,,nasdaqtrader
NLY,Annaly Capital Management Inc. Common Stock,NYSE,0,,nasdaqtrader
NMAD,"Nomad Power Solutions, Inc. - Common Stock",Nasdaq,0,,nasdaqtrader
NMAI,Nuveen Multi-Asset Income Fund Common Shares of Beneficial Interest,NYSE,0,,nasdaqtrader
NMAR,Innovator Growth-100 Power Buffer ETF - March,Cboe BZX,1,,nasdaqtrader
NMAX,"Newsmax, Inc. Class B Common Stock",NYSE,0,,nasdaqtrader
NMAY,Innovator Growth-100 Power Buffer ETF - May,Cboe BZX,1,,nasdaqtrader
NMB,Simplify National Muni Bond ETF,NYSE Arca,1,,nasdaqtrader
NMBL,NovaTide Flexible Allocation ETF,NYSE Arca,1,,nasdaqtrader
NMCO,Nuveen Municipal Credit Opportunities Fund Common Shares,NYSE,0,,nasdaqtrader
NMCO.R,"Nuveen Municipal Credit Opportunities Fund Rights (expiring October 7, 2026) Rights",NYSE,0,,nasdaqtrader
NMFC,New Mountain Finance Corporation - Common Stock,Nasdaq,0,,nasdaqtrader
NMFCZ,New Mountain Finance Corporation - 8.250% Notes due 2028,Nasdaq,0,,nasdaqtrader
NMG,Nouveau Monde Graphite Inc. Common Shares,NYSE,0,,nasdaqtrader
NMI,"Nuveen Municipal Income Fund, Inc. Common Stock",NYSE,0,,nasdaqtrader
NMIH,NMI Holdings Inc - Common Stock,Nasdaq,0,,nasdaqtrader
NML,Neuberger Energy Infrastructure and Income Fund Inc. Common Stock,NYSE American,0,,nasdaqtrader
NMM,Navios Maritime Partners LP Common Units Representing Limited Partner Interests,NYSE,0,,nasdaqtrader
NMP,NMP Acquisition Corp. - Class A Ordinary Shares,Nasdaq,0,,nasdaqtrader
NMPAR,NMP Acquisition Corp. - Right,Nasdaq,0,,nasdaqtrader
NMPAU,NMP Acquisition Corp. - Units,Nasdaq,0,,nasdaqtrader
NMR,Nomura Holdings Inc ADR American Depositary Shares,NYSE,0,,nasdaqtrader
NMRA,"Neumora Therapeutics, Inc. - Common Stock",Nasdaq,0,,nasdaqtrader
NMRK,"Newmark Group, Inc. - Class A Common Stock",Nasdaq,0,,nasdaqtrader
NMS,Nuveen Minnesota Quality Municipal Income Fund,NYSE,0,,nasdaqtrader
NMT,Nuveen Massachusetts Quality Municipal Income Fund Common Stock,NYSE,0,,nasdaqtrader
NMTC,NeuroOne Medical Technologies Corporation - Common Stock,Nasdaq,0,,nasdaqtrader
NMZ,"Nuveen Municipal High Income Opportunity Fund Common Stock, $0.01 par value, per share",NYSE,0,,nasdaqtrader
NN,NextNav Inc. - Common stock,Nasdaq,0,,nasdaqtrader
NNBR,"NN, Inc. - Common Stock",Nasdaq,0,,nasdaqtrader
NNDM,Nano Dimension Ltd. - American Depositary Shares,Nasdaq,0,,nasdaqtrader
NNE,Nano Nuclear Energy Inc. - common stock,Nasdaq,0,,nasdaqtrader
NNI,"Nelnet, Inc. Common Stock",NYSE,0,,nasdaqtrader
NNN,"NNN REIT, Inc. Common Stock",NYSE,0,,nasdaqtrader
NNNN,Anbio Biotechnology - Class A Ordinary Shares,Nasdaq,0,,nasdaqtrader
NNOV,Innovator Growth-100 Power Buffer ETF - November,Cboe BZX,1,,nasdaqtrader
NNOX,NANO-X IMAGING LTD - Ordinary Shares,Nasdaq,0,,nasdaqtrader
NNVC,"NanoViricides, Inc. Common Stock",NYSE American,0,,nasdaqtrader
NNY,Nuveen New York Municipal Value Fund Common Stock,NYSE,0,,nasdaqtrader
NOA,North American Construction Group Ltd. Common Shares (no par),NYSE,0,,nasdaqtrader
NOAH,Noah Holdings Limited American Depositary Shares,NYSE,0,,nasdaqtrader
NOBL,ProShares S&P 500 Dividend Aristocrats ETF,Cboe BZX,1,,nasdaqtrader
NOC,Northrop Grumman Corporation Common Stock,NYSE,0,,nasdaqtrader
NOCT,Innovator Growth-100 Power Buffer ETF- October,Cboe BZX,1,,nasdaqtrader
NODE,VanEck Onchain Economy ETF,Cboe BZX,1,,nasdaqtrader
NODK,"NI Holdings, Inc. - Common Stock",Nasdaq,0,,nasdaqtrader
NOEM,CO2 Energy Transition Corp. - Common Stock,Nasdaq,0,,nasdaqtrader
NOEMR,CO2 Energy Transition Corp. - Right,Nasdaq,0,,nasdaqtrader
NOEMU,CO2 Energy Transition Corp. - Unit,Nasdaq,0,,nasdaqtrader
NOEMW,CO2 Energy Transition Corp. - Warrant,Nasdaq,0,,nasdaqtrader
NOEQ,Northern Trust US Equity ETF,NYSE Arca,1,,nasdaqtrader
NOG,"Northern Oil and Gas, Inc. Common Stock",NYSE,0,,nasdaqtrader
NOK,Nokia Corporation Sponsored American Depositary Shares,NYSE,0,,nasdaqtrader
NOMA,NOMADAR Corp. - Class A Common Stock,Nasdaq,0,,nasdaqtrader
NOMD,Nomad Foods Limited Ordinary Shares,NYSE,0,,nasdaqtrader
NORW,Global X MSCI Norway ETF,NYSE Arca,1,,nasdaqtrader
NOV,NOV Inc. Common Stock,NYSE,0,,nasdaqtrader
NOVM,FT Vest U.S. Equity Max Buffer ETF - November,Cboe BZX,1,,nasdaqtrader
NOVP,PGIM S&P 500 Buffer 12 ETF - November,Cboe BZX,1,,nasdaqtrader
NOVT,Novanta Inc. - Common Shares,Nasdaq,0,,nasdaqtrader
NOVTU,Novanta Inc. - Tangible Equity Units,Nasdaq,0,,nasdaqtrader
NOVZ,TrueShares Structured Outcome (November) ETF,Cboe BZX,1,,nasdaqtrader
NOW,"ServiceNow, Inc. Common Stock",NYSE,0,,nasdaqtrader
NOWL,GraniteShares 2x Long NOW Daily ETF,Nasdaq,1,,nasdaqtrader
NOWX,Corgi NOW 2x Daily ETF,Cboe BZX,1,,nasdaqtrader
NP,Neptune Insurance Holdings Inc. Class A Common Stock,NYSE,0,,nasdaqtrader
NPAC,New Providence Acquisition Corp. III - Ordinary Shares,Nasdaq,0,,nasdaqtrader
NPACU,New Providence Acquisition Corp. III - Units,Nasdaq,0,,nasdaqtrader
NPACW,New Providence Acquisition Corp. III - Warrants,Nasdaq,0,,nasdaqtrader
NPB,"Northpointe Bancshares, Inc. Common Stock",NYSE,0,,nasdaqtrader
NPCE,"Neuropace, Inc. - Common Stock",Nasdaq,0,,nasdaqtrader
NPCT,Nuveen Core Plus Impact Fund Common Shares of Beneficial Interest,NYSE,0,,nasdaqtrader
NPFD,Nuveen Variable Rate Preferred & Income Fund Common Shares,NYSE,0,,nasdaqtrader
NPFE,NPF Core Equity ETF,Cboe BZX,1,,nasdaqtrader
NPFI,Nuveen Preferred and Income ETF,Nasdaq,1,,nasdaqtrader
NPK,"National Presto Industries, Inc. Common Stock",NYSE,0,,nasdaqtrader
NPKI,NPK International Inc. Common Stock,NYSE,0,,nasdaqtrader
NPO,Enpro Inc. Common Stock,NYSE,0,,nasdaqtrader
NPT,Texxon Holding Limited - Ordinary shares,Nasdaq,0,,nasdaqtrader
NPV,Nuveen Virginia Quality Municipal Income Fund Common Stock,NYSE,0,,nasdaqtrader
NPWR,NET Power Inc. Class A Common Stock,NYSE,0,,nasdaqtrader
NPWR.W,"NET Power Inc. Redeemable warrants, each whole warrant exercisable for one share of Class A Common Stock at an exercise price of $11.50",NYSE,0,,nasdaqtrader
NQLT,Neuberger Quality Select ETF,NYSE Arca,1,,nasdaqtrader
NRAM,Yorkville America Next Generation Memory Index ETF,NYSE Arca,1,,nasdaqtrader
NRC,NRC Health - Common Stock,Nasdaq,0,,nasdaqtrader
NRDS,"NerdWallet, Inc. - Class A Common Stock",Nasdaq,0,,nasdaqtrader
NRDY,Nerdy Inc. Class A Common Stock,NYSE,0,,nasdaqtrader
NREF,"NexPoint Real Estate Finance, Inc. Common Stock",NYSE,0,,nasdaqtrader
NRES,Xtrackers RREEF Global Natural Resources ETF,Nasdaq,1,,nasdaqtrader
NRG,"NRG Energy, Inc. Common Stock",NYSE,0,,nasdaqtrader
NRGD,"MicroSectors U.S. Big Oil -3 Inverse Leveraged ETNs due February 17, 2045",NYSE Arca,1,,nasdaqtrader
NRGU,"MicroSectors U.S. Big Oil 3 Leveraged ETNs due February 17, 2045",NYSE Arca,1,,nasdaqtrader
NRGV,"Energy Vault Holdings, Inc. Common Stock",NYSE,0,,nasdaqtrader
NRIM,Northrim BanCorp Inc - Common Stock,Nasdaq,0,,nasdaqtrader
NRIX,"Nurix Therapeutics, Inc. - Common stock",Nasdaq,0,,nasdaqtrader
NRK,Nuveen New York AMT-Free Quality Municipal Income Fund,NYSE,0,,nasdaqtrader
NRO,Neuberger Real Estate Securities Income Fund Inc. Common Stock,NYSE American,0,,nasdaqtrader
NRP,Natural Resource Partners LP Limited Partnership,NYSE,0,,nasdaqtrader
NRR,Common Shares of Beneficial Interest of Bitwise NEAR ETF,NYSE Arca,1,,nasdaqtrader
NRSH,Aztlan North America Nearshoring Stock Selection ETF,NYSE Arca,1,,nasdaqtrader
NRSN,NeuroSense Therapeutics Ltd. - Ordinary Shares,Nasdaq,0,,nasdaqtrader
NRSNW,NeuroSense Therapeutics Ltd. - Warrant,Nasdaq,0,,nasdaqtrader
NRT,North European Oil Royality Trust Common Stock,NYSE,0,,nasdaqtrader
NRUC,National Rural Utilities Cooperative Finance Corporation 5.500% Subordinated Notes due 2064 (Subordinated Deferrable Interest Notes),NYSE,0,,nasdaqtrader
NRXP,"NRX Pharmaceuticals, Inc. - Common Stock",Nasdaq,0,,nasdaqtrader
NRXS,"Neuraxis, Inc. Common Stock",NYSE American,0,,nasdaqtrader
NSAI,NorthStrive Acquisition Corp I. - Class A Ordinary Shares,Nasdaq,0,,nasdaqtrader
NSAIR,NorthStrive Acquisition Corp I. - Rights,Nasdaq,0,,nasdaqtrader
NSAIU,NorthStrive Acquisition Corp I. - Units,Nasdaq,0,,nasdaqtrader
NSAIW,NorthStrive Acquisition Corp I. - Warrants,Nasdaq,0,,nasdaqtrader
NSC,Norfolk Southern Corporation Common Stock,NYSE,0,,nasdaqtrader
NSCI,Nuveen Securitized Income ETF,NYSE Arca,1,,nasdaqtrader
NSEP,Innovator Growth-100 Power Buffer ETF - September,Cboe BZX,1,,nasdaqtrader
NSI,National Security Emerging Markets Index ETF,Nasdaq,1,,nasdaqtrader
NSIG,North Square Growth Opportunities ETF,NYSE Arca,1,,nasdaqtrader
NSIT,"Insight Enterprises, Inc. - Common Stock",Nasdaq,0,,nasdaqtrader
NSIV,North Square Disciplined Value ETF,NYSE Arca,1,,nasdaqtrader
NSLR,Neostellar Capital Corp. - Closed End Fund,Nasdaq,0,,nasdaqtrader
NSLRL,Neostellar Capital Corp. - 6.00% Notes due 2026,Nasdaq,0,,nasdaqtrader
NSP,"Insperity, Inc. Common Stock",NYSE,0,,nasdaqtrader
NSPR,InspireMD Inc. - Common Stock,Nasdaq,0,,nasdaqtrader
NSRX,Nasus Pharma Ltd. Ordinary Shares,NYSE American,0,,nasdaqtrader
NSSC,"NAPCO Security Technologies, Inc. - Common Stock",Nasdaq,0,,nasdaqtrader
NSTR,"NorthStar Earth & Space Enterprises, Inc. Common Shares",NYSE American,0,,nasdaqtrader
NSTR.W,"NorthStar Earth & Space Enterprises, Inc. Warrants",NYSE American,0,,nasdaqtrader
NSYS,Nortech Systems Incorporated - Common Stock,Nasdaq,0,,nasdaqtrader
NTAL,GraniteShares 2x Long NTAP Daily ETF,Nasdaq,1,,nasdaqtrader
NTAP,"NetApp, Inc. - Common Stock",Nasdaq,0,,nasdaqtrader
NTB,Bank of N.T. Butterfield & Son Limited (The) Voting Ordinary Shares,NYSE,0,,nasdaqtrader
NTCL,NETCLASS TECHNOLOGY INC - Class A Ordinary Shares,Nasdaq,0,,nasdaqtrader
NTCT,"NetScout Systems, Inc. - Common Stock",Nasdaq,0,,nasdaqtrader
NTES,"NetEase, Inc. - American Depositary Shares, each representing 5 ordinary shares",Nasdaq,0,,nasdaqtrader
NTGR,"NETGEAR, Inc. - Common Stock",Nasdaq,0,,nasdaqtrader
NTHI,"NeOnc Technologies Holdings, Inc. - Common Stock",Nasdaq,0,,nasdaqtrader
NTIC,Northern Technologies International Corporation - Common Stock,Nasdaq,0,,nasdaqtrader
NTIP,"Network-1 Technologies, Inc. Common Stock",NYSE American,0,,nasdaqtrader
NTLA,"Intellia Therapeutics, Inc. - Common Stock",Nasdaq,0,,nasdaqtrader
NTNX,"Nutanix, Inc. - Class A Common Stock",Nasdaq,0,,nasdaqtrader
NTR,Nutrien Ltd. Common Shares,NYSE,0,,nasdaqtrader
NTRA,"Natera, Inc. - Common Stock",Nasdaq,0,,nasdaqtrader
NTRB,Nutriband Inc. - Common Stock,Nasdaq,0,,nasdaqtrader
NTRL,First Trust Equity Market Neutral ETF,NYSE Arca,1,,nasdaqtrader
NTRP,"NextTrip, Inc. - Common Stock",Nasdaq,0,,nasdaqtrader
NTRS,Northern Trust Corporation - Common Stock,Nasdaq,0,,nasdaqtrader
NTRSO,"Northern Trust Corporation - Depositary Shares Each Representing a 1/1,000th Interest in a Share of Series E Non-Cumulative Perpetual Preferred Stock",Nasdaq,0,,nasdaqtrader
NTSD,WisdomTree Efficient U.S. Plus International Equity Fund,NYSE Arca,1,,nasdaqtrader
NTSE,WisdomTree Emerging Markets Efficient Core Fund,NYSE Arca,1,,nasdaqtrader
NTSI,WisdomTree International Efficient Core Fund,NYSE Arca,1,,nasdaqtrader
NTSK,"Netskope, Inc. - Class A Common Stock",Nasdaq,0,,nasdaqtrader
NTST,NetSTREIT Corp. Common Stock,NYSE,0,,nasdaqtrader
NTSX,WisdomTree U.S. Efficient Core Fund,NYSE Arca,1,,nasdaqtrader
NTWK,NETSOL Technologies Inc. - Common Stock,Nasdaq,0,,nasdaqtrader
NTWO,Newbury Street II Acquisition Corp - Class A Ordinary Shares,Nasdaq,0,,nasdaqtrader
NTWOU,Newbury Street II Acquisition Corp - Unit,Nasdaq,0,,nasdaqtrader
NTWOW,Newbury Street II Acquisition Corp - Warrant,Nasdaq,0,,nasdaqtrader
NU,Nu Holdings Ltd. Class A Ordinary Shares,NYSE,0,,nasdaqtrader
NUAG,Nuveen Enhanced Yield U.S. Aggregate Bond ETF,NYSE Arca,1,,nasdaqtrader
NUAI,"New Era Energy & Digital, Inc. - Common Stock",Nasdaq,0,,nasdaqtrader
NUAIW,"New Era Energy & Digital, Inc. - Warrants",Nasdaq,0,,nasdaqtrader
NUBD,Nuveen ESG U.S. Aggregate Bond ETF,NYSE Arca,1,,nasdaqtrader
NUCL,Eagle Nuclear Energy Corp. - Common stock,Nasdaq,0,,nasdaqtrader
NUCLW,Eagle Nuclear Energy Corp. - Warrants,Nasdaq,0,,nasdaqtrader
NUDG,Nuveen Dividend Growth Fund: ETF Class Shares,NYSE Arca,1,,nasdaqtrader
NUDM,Nuveen ESG International Developed Markets Equity ETF,Cboe BZX,1,,nasdaqtrader
NUDV,Nuveen ESG Dividend ETF,Cboe BZX,1,,nasdaqtrader
NUE,Nucor Corporation Common Stock,NYSE,0,,nasdaqtrader
NUEM,Nuveen ESG Emerging Markets Equity ETF,Cboe BZX,1,,nasdaqtrader
NUG,Leverage Shares 2X Long NU Daily ETF,Nasdaq,1,,nasdaqtrader
NUGO,Nuveen Growth Opportunities ETF,NYSE Arca,1,,nasdaqtrader
NUGT,Direxion Daily Gold Miners Index Bull 2X ETF,NYSE Arca,1,,nasdaqtrader
NUGY,GraniteShares YieldBOOST Gold Miners ETF,Nasdaq,1,,nasdaqtrader
NUHY,Nuveen ESG High Yield Corporate Bond ETF,NYSE Arca,1,,nasdaqtrader
NUIB,Nuveen Impact Bond ETF,Nasdaq,1,,nasdaqtrader
NUIF,Nuveen US Infrastructure ETF,Nasdaq,1,,nasdaqtrader
NUKX,Nicholas Nuclear Income ETF,NYSE Arca,1,,nasdaqtrader
NUKZ,Range Nuclear Renaissance Index ETF,NYSE Arca,1,,nasdaqtrader
NULC,Nuveen ESG Large-Cap ETF,Cboe BZX,1,,nasdaqtrader
NULG,Nuveen ESG Large-Cap Growth ETF,Cboe BZX,1,,nasdaqtrader
NULV,Nuveen ESG Large-Cap Value ETF,Cboe BZX,1,,nasdaqtrader
NUMG,Nuveen ESG Mid-Cap Growth ETF,Cboe BZX,1,,nasdaqtrader
NUMI,Nuveen Municipal Income ETF,NYSE Arca,1,,nasdaqtrader
NUMV,Nuveen ESG Mid-Cap Value ETF,Cboe BZX,1,,nasdaqtrader
NUR,Nuran Wireless Inc. - Common Shares,Nasdaq,0,,nasdaqtrader
NURE,Nuveen Short-Term REIT ETF,Cboe BZX,1,,nasdaqtrader
NUS,"Nu Skin Enterprises, Inc. Common Stock",NYSE,0,,nasdaqtrader
NUSA,Nuveen ESG 1-5 Year U.S. Aggregate Bond ETF,NYSE Arca,1,,nasdaqtrader
NUSB,Nuveen Ultra Short Income ETF,Nasdaq,1,,nasdaqtrader
NUSC,Nuveen ESG Small-Cap ETF,Cboe BZX,1,,nasdaqtrader
NUTX,Nutex Health Inc. - Common Stock,Nasdaq,0,,nasdaqtrader
NUV,"Nuveen Municipal Value Fund, Inc. Common Stock",NYSE,0,,nasdaqtrader
NUVB,Nuvation Bio Inc. Class A Common Stock,NYSE,0,,nasdaqtrader
NUW,Nuveen AMT-Free Municipal Value Fund,NYSE,0,,nasdaqtrader
NUWE,"Nuwellis, Inc. - Common Stock",Nasdaq,0,,nasdaqtrader
NVA,Nova Minerals Corp Common Stock,NYSE American,0,,nasdaqtrader
NVA.W,Nova Minerals Corp Warrants to Purchase Common Stock,NYSE American,0,,nasdaqtrader
NVAX,"Novavax, Inc. - Common Stock",Nasdaq,0,,nasdaqtrader
NVBT,AllianzIM U.S. Large Cap Buffer10 Nov ETF,Cboe BZX,1,,nasdaqtrader
NVBU,AllianzIM U.S. Equity Buffer15 Uncapped Nov ETF,Cboe BZX,1,,nasdaqtrader
NVBW,AllianzIM U.S. Large Cap Buffer20 Nov ETF,Cboe BZX,1,,nasdaqtrader
NVC,Corgi NVDA 2x Daily ETF,Cboe BZX,1,,nasdaqtrader
NVCR,NovoCure Limited - Ordinary Shares,Nasdaq,0,,nasdaqtrader
NVCT,"Nuvectis Pharma, Inc. - Common Stock",Nasdaq,0,,nasdaqtrader
NVD,GraniteShares 2x Short NVDA Daily ETF,Nasdaq,1,,nasdaqtrader
NVDA,NVIDIA Corporation - Common Stock,Nasdaq,0,,nasdaqtrader
NVDB,ProShares Ultra NVDA,NYSE Arca,1,,nasdaqtrader
NVDD,Direxion Daily NVDA Bear 1X ETF,Nasdaq,1,,nasdaqtrader
NVDG,Leverage Shares 2X Long NVDA Daily ETF,Nasdaq,1,,nasdaqtrader
NVDL,GraniteShares 2x Long NVDA Daily ETF,Nasdaq,1,,nasdaqtrader
NVDQ,T-Rex 2X Inverse NVIDIA Daily Target ETF,Cboe BZX,1,,nasdaqtrader
NVDS,Tradr 1.5X Short NVDA Daily ETF,Nasdaq,1,,nasdaqtrader
NVDU,Direxion Daily NVDA Bull 2X ETF,Nasdaq,1,,nasdaqtrader
NVDW,Roundhill NVDA WeeklyPay ETF,Cboe BZX,1,,nasdaqtrader
NVDX,T-Rex 2X Long NVIDIA Daily Target ETF,Cboe BZX,1,,nasdaqtrader
NVDY,YieldMax NVDA Option Income Strategy ETF,NYSE Arca,1,,nasdaqtrader
NVEC,NVE Corporation - Common Stock,Nasdaq,0,,nasdaqtrader
NVG,Nuveen AMT-Free Municipal Credit Income Fund,NYSE,0,,nasdaqtrader
NVGS,Navigator Holdings Ltd. Ordinary Shares (Marshall Islands),NYSE,0,,nasdaqtrader
NVIB,Direxion NVDA Defined Income Boost ETF,Cboe BZX,1,,nasdaqtrader
NVII,REX NVDA Growth & Income ETF,Cboe BZX,1,,nasdaqtrader
NVIR,Horizon Kinetics Energy and Remediation ETF,NYSE Arca,1,,nasdaqtrader
NVIT,YieldMax NVDA Performance & Distribution Target 25 ETF,Cboe BZX,1,,nasdaqtrader
NVMI,Nova Ltd. - Ordinary Shares,Nasdaq,0,,nasdaqtrader
NVNI,Nvni Group Limited - Ordinary Shares,Nasdaq,0,,nasdaqtrader
NVNIW,Nvni Group Limited - Warrants,Nasdaq,0,,nasdaqtrader
NVNO,enVVeno Medical Corporation - Common Stock,Nasdaq,0,,nasdaqtrader
NVO,Novo Nordisk A/S Common Stock,NYSE,0,,nasdaqtrader
NVOC,Corgi NVO 2x Daily ETF,Cboe BZX,1,,nasdaqtrader
NVOH,Novo Nordisk A/S B Shares ADRhedged,NYSE Arca,1,,nasdaqtrader
NVOX,Defiance Daily Target 2X Long NVO ETF,NYSE Arca,1,,nasdaqtrader
NVPS,PurePlay Nvidia Ecosystem Picks & Shovels Index ETF,Nasdaq,1,,nasdaqtrader
NVR,"NVR, Inc. Common Stock",NYSE,0,,nasdaqtrader
NVRI,Enviri Corporation Common Stock,NYSE,0,,nasdaqtrader
NVS,Novartis AG Common Stock,NYSE,0,,nasdaqtrader
NVST,Envista Holdings Corporation Common Stock,NYSE,0,,nasdaqtrader
NVT,nVent Electric plc Ordinary Shares,NYSE,0,,nasdaqtrader
NVTC,Corgi NVTS 2x Daily ETF,Cboe BZX,1,,nasdaqtrader
NVTS,Navitas Semiconductor Corporation - Common Stock,Nasdaq,0,,nasdaqtrader
NVTX,Tradr 2X Long NVTS Daily ETF,Cboe BZX,1,,nasdaqtrader
NVX,NOVONIX Limited - American Depository Shares,Nasdaq,0,,nasdaqtrader
NVYY,GraniteShares YieldBOOST NVDA ETF,Nasdaq,1,,nasdaqtrader
NWAX,New America Acquisition I Corp. Class A Common Stock,NYSE,0,,nasdaqtrader
NWAX.U,"New America Acquisition I Corp. Units, each consisting of one share of Class A Common Stock and one-half of one redeemable warrant",NYSE,0,,nasdaqtrader
NWAX.W,"New America Acquisition I Corp. Warrants, each whole warrant is exercisable to purchase one share of Class A common stock",NYSE,0,,nasdaqtrader
NWBI,"Northwest Bancshares, Inc. - Common Stock",Nasdaq,0,,nasdaqtrader
NWCL,newcleo plc - Ordinary Shares,Nasdaq,0,,nasdaqtrader
NWCLW,newcleo plc - Warrants,Nasdaq,0,,nasdaqtrader
NWE,"NorthWestern Energy Group, Inc.  - Common Stock",Nasdaq,0,,nasdaqtrader
NWFL,Norwood Financial Corp. - Common Stock,Nasdaq,0,,nasdaqtrader
NWG,"NatWest Group plc American Depositary Shares, (each representing two (2) Ordinary Shares)",NYSE,0,,nasdaqtrader
NWGL,CL Workshop Group Limited - American Depositary Shares,Nasdaq,0,,nasdaqtrader
NWL,Newell Brands Inc. - Common Stock,Nasdaq,0,,nasdaqtrader
NWN,Northwest Natural Holding Company Common Stock,NYSE,0,,nasdaqtrader
NWPX,"NWPX Infrastructure, Inc. - Common Stock",Nasdaq,0,,nasdaqtrader
NWS,News Corporation - Class B Common Stock,Nasdaq,0,,nasdaqtrader
NWSA,News Corporation - Class A Common Stock,Nasdaq,0,,nasdaqtrader
NWTG,"Newton Golf Company, Inc. - Common Stock",Nasdaq,0,,nasdaqtrader
NX,Quanex Building Products Corporation Common Stock,NYSE,0,,nasdaqtrader
NXAT,Nexus Advanced Technologies Inc. - Ordinary Shares,Nasdaq,0,,nasdaqtrader
NXATW,Nexus Advanced Technologies Inc. - Warrant,Nasdaq,0,,nasdaqtrader
NXB,NextBoat Inc. Common Stcok,NYSE American,0,,nasdaqtrader
NXDR,"Nextdoor Holdings, Inc. Class A Common Stock",NYSE,0,,nasdaqtrader
NXDT,NexPoint Diversified Real Estate Trust Common Stock,NYSE,0,,nasdaqtrader
NXE,Nexgen Energy Ltd. Common Shares,NYSE,0,,nasdaqtrader
NXG,NXG NextGen Infrastructure Income Fund Common Shares of Beneficial Interest,NYSE,0,,nasdaqtrader
NXGL,"NexGel, Inc - Common Stock",Nasdaq,0,,nasdaqtrader
NXGLW,"NexGel, Inc - Warrant",Nasdaq,0,,nasdaqtrader
NXH,"Neighborhood Intelligence, Inc.  - Common Stock",Nasdaq,0,,nasdaqtrader
NXL,"Nexalin Technology, Inc. - Common Stock",Nasdaq,0,,nasdaqtrader
NXP,Nuveen Select Tax Free Income Portfolio Common Stock,NYSE,0,,nasdaqtrader
NXPG,Leverage Shares 2X Long NXPI Daily ETF,Cboe BZX,1,,nasdaqtrader
NXPI,NXP Semiconductors N.V. - Common Stock,Nasdaq,0,,nasdaqtrader
NXPL,NextPlat Corp - Common Stock,Nasdaq,0,,nasdaqtrader
NXPX,Tradr 2X Long NXPI Daily ETF,Cboe BZX,1,,nasdaqtrader
NXRT,"NexPoint Residential Trust, Inc. Common Stock",NYSE,0,,nasdaqtrader
NXST,"Nexstar Media Group, Inc. - Common Stock",Nasdaq,0,,nasdaqtrader
NXT,Nextpower Inc. - Common Stock,Nasdaq,0,,nasdaqtrader
NXTC,"NextCure, Inc. - Common Stock",Nasdaq,0,,nasdaqtrader
NXTE,AXS Green Alpha ETF,NYSE Arca,1,,nasdaqtrader
NXTG,First Trust Indxx NextG ETF,Nasdaq,1,,nasdaqtrader
NXTI,Simplify Next Intangible Core Index ETF,Cboe BZX,1,,nasdaqtrader
NXTS,Nexentis Technologies Inc. - Common Stock,Nasdaq,0,,nasdaqtrader
NXTT,Next Technology Holding Inc. - Ordinary Shares,Nasdaq,0,,nasdaqtrader
NXUS,Nuveen International Aggregate Bond ETF,NYSE Arca,1,,nasdaqtrader
NXXT,"NextNRG, Inc. - Common Stock",Nasdaq,0,,nasdaqtrader
NYAX,Nayax Ltd. - Ordinary Shares,Nasdaq,0,,nasdaqtrader
NYC,American Strategic Investment Co. Class A Common Stock,NYSE,0,,nasdaqtrader
NYF,iShares New York Muni Bond ETF,NYSE Arca,1,,nasdaqtrader
NYM,AB New York Intermediate Municipal ETF,NYSE Arca,1,,nasdaqtrader
NYNY,Corgi NYC Based ETF,Cboe BZX,1,,nasdaqtrader
NYSX,Global X NYSE 100 ETF,NYSE Arca,1,,nasdaqtrader
NYT,New York Times Company (The) Common Stock,NYSE,0,,nasdaqtrader
NYXH,Nyxoah SA - Ordinary Shares,Nasdaq,0,,nasdaqtrader
NYYY,xETFs NVDA Daily Income ETF,NYSE Arca,1,,nasdaqtrader
NZAC,State Street SPDR MSCI ACWI Climate Paris Aligned ETF,Nasdaq,1,,nasdaqtrader
NZF,Nuveen Municipal Credit Income Fund,NYSE,0,,nasdaqtrader
O,Realty Income Corporation Common Stock,NYSE,0,,nasdaqtrader
OABI,"OmniAb, Inc. - Common Stock",Nasdaq,0,,nasdaqtrader
OABIW,"OmniAb, Inc. - Warrant",Nasdaq,0,,nasdaqtrader
OACC,Oaktree Acquisition Corp. III Life Sciences - Class A Ordinary Share,Nasdaq,0,,nasdaqtrader
OACCU,Oaktree Acquisition Corp. III Life Sciences - Unit,Nasdaq,0,,nasdaqtrader
OACCW,Oaktree Acquisition Corp. III Life Sciences - Warrant,Nasdaq,0,,nasdaqtrader
OACP,OneAscent Core Plus Bond ETF,NYSE Arca,1,,nasdaqtrader
OAEM,OneAscent Emerging Markets ETF,NYSE Arca,1,,nasdaqtrader
OAIM,OneAscent International Equity ETF,NYSE Arca,1,,nasdaqtrader
OAIW,OpenAI Lab Ecosystem ETF,NYSE Arca,1,,nasdaqtrader
OAKG,Oakmark Global Large Cap ETF,NYSE Arca,1,,nasdaqtrader
OAKI,Oakmark International Large Cap ETF,NYSE Arca,1,,nasdaqtrader
OAKM,Oakmark U.S. Large Cap ETF,NYSE Arca,1,,nasdaqtrader
OALC,OneAscent Large Cap Core ETF,NYSE Arca,1,,nasdaqtrader
OARK,YieldMax Innovation Option Income Strategy ETF,NYSE Arca,1,,nasdaqtrader
OASC,OneAscent Enhanced Small and Mid Cap ETF,NYSE Arca,1,,nasdaqtrader
OBA,Oxley Bridge Acquisition Limited - Class A Ordinary Shares,Nasdaq,0,,nasdaqtrader
OBAI,"Our Bond, Inc. - Common Stock",Nasdaq,0,,nasdaqtrader
OBAWU,Oxley Bridge Acquisition Limited - Unit,Nasdaq,0,,nasdaqtrader
OBAWW,Oxley Bridge Acquisition Limited - Warrants,Nasdaq,0,,nasdaqtrader
OBDC,Blue Owl Capital Corporation Common Stock,NYSE,0,,nasdaqtrader
OBE,Obsidian Energy Ltd. Common Shares,NYSE American,0,,nasdaqtrader
OBIL,US Treasury 12 Month Bill ETF,Nasdaq,1,,nasdaqtrader
OBIO,"Orchestra BioMed Holdings, Inc. - Ordinary Shares",Nasdaq,0,,nasdaqtrader
OBK,"Origin Bancorp, Inc. Common Stock",NYSE,0,,nasdaqtrader
OBND,State Street Loomis Sayles Opportunistic Bond ETF,Cboe BZX,1,,nasdaqtrader
OBOR,KraneShares MSCI One Belt One Road Index ETF,NYSE Arca,1,,nasdaqtrader
OBT,"Orange County Bancorp, Inc. - Common Stock",Nasdaq,0,,nasdaqtrader
OBTC,Osprey Bitcoin Trust,Nasdaq,1,,nasdaqtrader
OBX,"Obsidian Therapeutics, Inc. - Common Stock",Nasdaq,0,,nasdaqtrader
OC,Owens Corning Inc Common Stock New,NYSE,0,,nasdaqtrader
OCAC,Ocean Capital Acquisition Corporation Ordinary Shares,NYSE,0,,nasdaqtrader
OCAC.R,"Ocean Capital Acquisition Corporation Rights, each entitling the holder to receive one ordinary share",NYSE,0,,nasdaqtrader
OCAC.U,"Ocean Capital Acquisition Corporation Units, each consisting of one Class A Ordinary Share, one redeemable Warrant and one Right",NYSE,0,,nasdaqtrader
OCAC.W,"Ocean Capital Acquisition Corporation Warrants, each exercisable for one ordinary share",NYSE,0,,nasdaqtrader
OCC,Optical Cable Corporation - Common Stock,Nasdaq,0,,nasdaqtrader
OCCI,"OFS Credit Company, Inc. - Closed End Fund",Nasdaq,0,,nasdaqtrader
OCCIM,"OFS Credit Company, Inc. - 7.875% Series F Term Preferred Stock",Nasdaq,0,,nasdaqtrader
OCCIN,"OFS Credit Company, Inc. - 5.25% Series E Term Preferred Stock Due 2026",Nasdaq,0,,nasdaqtrader
OCDB,Aptus October Deep Buffer ETF,Cboe BZX,1,,nasdaqtrader
OCFC,OceanFirst Financial Corp. - Common Stock,Nasdaq,0,,nasdaqtrader
OCG,Oriental Culture Holding LTD - Ordinary Shares,Nasdaq,0,,nasdaqtrader
OCGN,"Ocugen, Inc. - Common Stock",Nasdaq,0,,nasdaqtrader
OCIO,ClearShares OCIO ETF,NYSE Arca,1,,nasdaqtrader
OCLT,OceanLight Acquisition Corporation - Ordinary Shares,Nasdaq,0,,nasdaqtrader
OCLTR,OceanLight Acquisition Corporation - Rights,Nasdaq,0,,nasdaqtrader
OCLTU,OceanLight Acquisition Corporation - Units,Nasdaq,0,,nasdaqtrader
OCLTW,OceanLight Acquisition Corporation - Warrants,Nasdaq,0,,nasdaqtrader
OCNL,T-REX 2X Long DOCN Daily Target ETF,Cboe BZX,1,,nasdaqtrader
OCS,Oculis Holding AG - Ordinary shares,Nasdaq,0,,nasdaqtrader
OCSAW,Oculis Holding AG - Warrants,Nasdaq,0,,nasdaqtrader
OCSL,Oaktree Specialty Lending Corporation - Closed End Fund,Nasdaq,0,,nasdaqtrader
OCT,VanEck U.S. Equity Buffer ETF - October,NYSE Arca,1,,nasdaqtrader
OCTB,Aptus October Buffer ETF,Cboe BZX,1,,nasdaqtrader
OCTH,Innovator Premium Income 20 Barrier ETF - October,Cboe BZX,1,,nasdaqtrader
OCTI,AllianzIM International Equity Buffer15 Uncapped Oct ETF,Cboe BZX,1,,nasdaqtrader
OCTJ,Innovator Premium Income 30 Barrier ETF - October,Cboe BZX,1,,nasdaqtrader
OCTM,FT Vest U.S. Equity Max Buffer ETF - October,Cboe BZX,1,,nasdaqtrader
OCTP,PGIM S&P 500 Buffer 12 ETF - October,Cboe BZX,1,,nasdaqtrader
OCTT,AllianzIM U.S. Large Cap Buffer10 Oct ETF,Cboe BZX,1,,nasdaqtrader
OCTU,AllianzIM U.S. Equity Buffer15 Uncapped Oct ETF,Cboe BZX,1,,nasdaqtrader
OCTV,Octave Intelligence plc - Class B Ordinary Shares,Nasdaq,0,,nasdaqtrader
OCTW,AllianzIM U.S. Large Cap Buffer20 Oct ETF,Cboe BZX,1,,nasdaqtrader
OCTZ,TrueShares Structured Outcome (October) ETF,Cboe BZX,1,,nasdaqtrader
OCUL,"Ocular Therapeutix, Inc. - Common Stock",Nasdaq,0,,nasdaqtrader
ODC,Oil-Dri Corporation Of America Common Stock,NYSE,0,,nasdaqtrader
ODD,ODDITY Tech Ltd. - Class A Ordinary Shares,Nasdaq,0,,nasdaqtrader
ODDS,Pacer BlueStar Digital Entertainment ETF,Nasdaq,1,,nasdaqtrader
ODDZ,Corgi Sports Betting & Gambling ETF,Cboe BZX,1,,nasdaqtrader
ODFL,"Old Dominion Freight Line, Inc. - Common Stock",Nasdaq,0,,nasdaqtrader
ODHY,Obra Defensive High Yield ETF,NYSE Arca,1,,nasdaqtrader
ODTE,VegaShares SPX NDX RTY Premium Income ETF,Nasdaq,1,,nasdaqtrader
ODTX,"Odyssey Therapeutics, Inc. - Common Stock",Nasdaq,0,,nasdaqtrader
ODYS,Odysight.ai Inc. - Common Stock,Nasdaq,0,,nasdaqtrader
OEC,Orion S.A. Common Shares,NYSE,0,,nasdaqtrader
OEF,iShares S&P 100 Fund,NYSE Arca,1,,nasdaqtrader
OEFA,ALPS O'Shares International Developed Quality Dividend ETF,NYSE Arca,1,,nasdaqtrader
OEI,Optimized Equity Income ETF,NYSE Arca,1,,nasdaqtrader
OESX,"Orion Energy Systems, Inc. - Common Stock",Nasdaq,0,,nasdaqtrader
OFAL,OFA Group - Class A Ordinary Shares,Nasdaq,0,,nasdaqtrader
OFG,OFG Bancorp Common Stock,NYSE,0,,nasdaqtrader
OFIX,Orthofix Medical Inc.  - Common Stock,Nasdaq,0,,nasdaqtrader
OFLX,"Omega Flex, Inc. - Common Stock",Nasdaq,0,,nasdaqtrader
OFRM,"Once Upon a Farm, PBC Common Stock",NYSE,0,,nasdaqtrader
OFS,OFS Capital Corporation - Closed End Fund,Nasdaq,0,,nasdaqtrader
OFSSH,OFS Capital Corporation - 4.95% Notes due 2028,Nasdaq,0,,nasdaqtrader
OFSSO,OFS Capital Corporation - 7.50% Notes due 2028,Nasdaq,0,,nasdaqtrader
OGC,OceanaGold Corporation Common Shares,NYSE,0,,nasdaqtrader
OGCP,"Empire State Realty OP, L.P. Series 60 Operating Partnership Units Representing Limited Partnership Interests",NYSE Arca,0,,nasdaqtrader
OGE,OGE Energy Corp Common Stock,NYSE,0,,nasdaqtrader
OGEN,Oragenics Inc. Common Stock,NYSE American,0,,nasdaqtrader
OGG,Osisko Gold Group Inc. Common Shares,NYSE,0,,nasdaqtrader
OGGWZ,Osisko Gold Group Inc. - Warrant,Nasdaq,0,,nasdaqtrader
OGI,Organigram Global Inc. - Common Shares,Nasdaq,0,,nasdaqtrader
OGIG,ALPS O'Shares Global Internet Giants ETF,NYSE Arca,1,,nasdaqtrader
OGN,Organon & Co. Common Stock,NYSE,0,,nasdaqtrader
OGS,"ONE Gas, Inc. Common Stock",NYSE,0,,nasdaqtrader
OGSP,Obra High Grade Structured Products ETF,NYSE Arca,1,,nasdaqtrader
OHAC,Oceanhawk Acquisition Corp. - Class A Ordinary Shares,Nasdaq,0,,nasdaqtrader
OHACR,Oceanhawk Acquisition Corp. - Rights,Nasdaq,0,,nasdaqtrader
OHACU,Oceanhawk Acquisition Corp. - Units,Nasdaq,0,,nasdaqtrader
OHI,"Omega Healthcare Investors, Inc. Common Stock",NYSE,0,,nasdaqtrader
OI,"O-I Glass, Inc. Common Stock",NYSE,0,,nasdaqtrader
OIA,Invesco Municipal Income Opportunities Trust Common Stock,NYSE,0,,nasdaqtrader
OIG,Orion180 Insurance Group Inc. - Class A Common Stock,Nasdaq,0,,nasdaqtrader
OIH,VanEck Oil Services ETF,NYSE Arca,1,,nasdaqtrader
OII,"Oceaneering International, Inc. Common Stock",NYSE,0,,nasdaqtrader
OILD,MicroSectors Oil & Gas Exp. & Prod. -3x Inverse Leveraged ETN,NYSE Arca,1,,nasdaqtrader
OILK,ProShares K-1 Free Crude Oil ETF,Cboe BZX,1,,nasdaqtrader
OILT,Texas Capital Texas Oil Index ETF,F,1,,nasdaqtrader
OILU,MicroSectors Oil & Gas Exp. & Prod. 3x Leveraged ETN,NYSE Arca,1,,nasdaqtrader
OIM,OneIM Acquisition Corp. - Class A Ordinary Shares,Nasdaq,0,,nasdaqtrader
OIMAU,OneIM Acquisition Corp. - Units,Nasdaq,0,,nasdaqtrader
OIMAW,OneIM Acquisition Corp. - Warrant,Nasdaq,0,,nasdaqtrader
OIO,OIO Group - Ordinary Shares,Nasdaq,0,,nasdaqtrader
OIOWW,OIO Group - Warrants,Nasdaq,0,,nasdaqtrader
OIS,"Oil States International, Inc. Common Stock",NYSE,0,,nasdaqtrader
OKE,"ONEOK, Inc. Common Stock",NYSE,0,,nasdaqtrader
OKLC,Corgi OKLO 2x Daily ETF,Cboe BZX,1,,nasdaqtrader
OKLL,Defiance Daily Target 2x Long OKLO ETF,Nasdaq,1,,nasdaqtrader
OKLO,Oklo Inc. Class A common stock,NYSE,0,,nasdaqtrader
OKTA,"Okta, Inc. - Class A Common Stock",Nasdaq,0,,nasdaqtrader
OKTG,Leverage Shares 2X Long OKTA Daily ETF,Nasdaq,1,,nasdaqtrader
OKUR,"OnKure Therapeutics, Inc. - Class A Common Stock",Nasdaq,0,,nasdaqtrader
OKYO,OKYO Pharma Limited - Ordinary Shares,Nasdaq,0,,nasdaqtrader
OLB,"The OLB Group, Inc. - Common Stock",Nasdaq,0,,nasdaqtrader
OLED,Universal Display Corporation - Common Stock,Nasdaq,0,,nasdaqtrader
OLLI,"Ollie's Bargain Outlet Holdings, Inc. - Common Stock",Nasdaq,0,,nasdaqtrader
OLMA,"Olema Pharmaceuticals, Inc. - Common Stock",Nasdaq,0,,nasdaqtrader
OLN,Olin Corporation Common Stock,NYSE,0,,nasdaqtrader
OLOX,Olenox Industries Inc. - Common Stock,Nasdaq,0,,nasdaqtrader
OLP,"One Liberty Properties, Inc. Common Stock",NYSE,0,,nasdaqtrader
OM,"Outset Medical, Inc. - Common Stock",Nasdaq,0,,nasdaqtrader
OMAB,Grupo Aeroportuario del Centro Norte S.A.B. de C.V. - American Depositary Shares each representing 8 Series B shares,Nasdaq,0,,nasdaqtrader
OMAH,VistaShares Target 15 Berkshire Select Income ETF,NYSE Arca,1,,nasdaqtrader
OMC,Omnicom Group Inc. Common Stock,NYSE,0,,nasdaqtrader
OMCL,"Omnicell, Inc. - Common Stock",Nasdaq,0,,nasdaqtrader
OMDA,"Omada Health, Inc. - Common Stock",Nasdaq,0,,nasdaqtrader
OMER,Omeros Corporation - Common Stock,Nasdaq,0,,nasdaqtrader
OMEX,"Odyssey Marine Exploration, Inc. - Common Stock",Nasdaq,0,,nasdaqtrader
OMF,"OneMain Holdings, Inc. Common Stock",NYSE,0,,nasdaqtrader
OMFL,Invesco Russell 1000 Dynamic Multifactor ETF,Cboe BZX,1,,nasdaqtrader
OMFS,Invesco Russell 2000 Dynamic Multifactor ETF,Cboe BZX,1,,nasdaqtrader
OMH,Ohmyhome Limited - Class A Ordinary Shares,Nasdaq,0,,nasdaqtrader
OMSE,OMS Energy Technologies Inc. - Ordinary Shares,Nasdaq,0,,nasdaqtrader
ON,ON Semiconductor Corporation - Common Stock,Nasdaq,0,,nasdaqtrader
ONB,Old National Bancorp - Common Stock,Nasdaq,0,,nasdaqtrader
ONBPO,"Old National Bancorp - Depositary Shares, Each Representing a 1/40th Interest in a Share of Series C Preferred Stock",Nasdaq,0,,nasdaqtrader
ONBPP,"Old National Bancorp - Depositary Shares, Each Representing a 1/40th Interest in a Share of Series A Preferred Stock",Nasdaq,0,,nasdaqtrader
ONC,BeOne Medicines Ltd. - American Depositary Shares,Nasdaq,0,,nasdaqtrader
ONCH,1RT Acquisition Corp. - Class A Ordinary Share,Nasdaq,0,,nasdaqtrader
ONCHU,1RT Acquisition Corp. - Units,Nasdaq,0,,nasdaqtrader
ONCHW,1RT Acquisition Corp. - Warrant,Nasdaq,0,,nasdaqtrader
ONCO,"Onconetix, Inc.  - Common Stock",Nasdaq,0,,nasdaqtrader
ONCY,Oncolytics Biotech Inc. - Common Stock,Nasdaq,0,,nasdaqtrader
OND,ProShares On-Demand ETF,NYSE Arca,1,,nasdaqtrader
ONDC,Corgi ONDS 2x Daily ETF,Cboe BZX,1,,nasdaqtrader
ONDG,Leverage Shares 2X Long ONDS Daily ETF,Nasdaq,1,,nasdaqtrader
ONDL,Defiance Daily Target 2X Long ONDS ETF,Cboe BZX,1,,nasdaqtrader
ONDS,Ondas Inc - Common Stock,Nasdaq,0,,nasdaqtrader
ONDU,Tradr 2X Long ONDS Daily ETF,Cboe BZX,1,,nasdaqtrader
ONEG,OneConstruction Group Limited - Ordinary Shares,Nasdaq,0,,nasdaqtrader
ONEH,TrueShares Equity Hedge ETF,Cboe BZX,1,,nasdaqtrader
ONEN,ONE Nuclear Energy Inc. - Common Stock,Nasdaq,0,,nasdaqtrader
ONEO,State Street SPDR Russell 1000 Momentum Focus ETF,NYSE Arca,1,,nasdaqtrader
ONEQ,Fidelity Nasdaq Composite Index ETF,Nasdaq,1,,nasdaqtrader
ONEV,State Street SPDR Russell 1000 Low Volatility Focus ETF,NYSE Arca,1,,nasdaqtrader
ONEW,OneWater Marine Inc. - Class A Common Stock,Nasdaq,0,,nasdaqtrader
ONEY,State Street SPDR Russell 1000 Yield Focus ETF,NYSE Arca,1,,nasdaqtrader
ONEZ,TrueShares Seasonality Laddered Buffered ETF,Cboe BZX,1,,nasdaqtrader
ONFO,Onfolio Holdings Inc. - Common Stock,Nasdaq,0,,nasdaqtrader
ONFOW,Onfolio Holdings Inc. - Warrant,Nasdaq,0,,nasdaqtrader
ONG,Leverage Shares 2X Long ON Daily ETF,Cboe BZX,1,,nasdaqtrader
ONIT,Onity Group Inc. Common Stock,NYSE,0,,nasdaqtrader
ONL,Orion Properties Inc. Common Stock,NYSE,0,,nasdaqtrader
ONLN,ProShares Online Retail ETF,NYSE Arca,1,,nasdaqtrader
ONMD,OneMedNet Corp - Class A Common Stock,Nasdaq,0,,nasdaqtrader
ONMDW,OneMedNet Corp - Warrant,Nasdaq,0,,nasdaqtrader
ONOF,Global X Adaptive U.S. Risk Management ETF,NYSE Arca,1,,nasdaqtrader
ONON,On Holding AG Class A Ordinary Shares,NYSE,0,,nasdaqtrader
ONT,"Onterris, Inc. Common Stock",NYSE,0,,nasdaqtrader
ONTO,Onto Innovation Inc. Common Stock,NYSE,0,,nasdaqtrader
ONTX,Corgi ONTO 2x Daily ETF,Cboe BZX,1,,nasdaqtrader
ONX,Tradr 2X Long ON Daily ETF,Cboe BZX,1,,nasdaqtrader
OOMA,"Ooma, Inc. Common Stock",NYSE,0,,nasdaqtrader
OOSP,Obra Opportunistic Structured Products ETF,NYSE Arca,1,,nasdaqtrader
OPAD,Offerpad Solutions Inc.  - Class A Common Stock,Nasdaq,0,,nasdaqtrader
OPAL,OPAL Fuels Inc. - Class A Common Stock,Nasdaq,0,,nasdaqtrader
OPBK,OP Bancorp - Common Stock,Nasdaq,0,,nasdaqtrader
OPCH,"Option Care Health, Inc. - Common Stock",Nasdaq,0,,nasdaqtrader
OPEG,Leverage Shares 2X Long OPEN Daily ETF,Nasdaq,1,,nasdaqtrader
OPEN,Opendoor Technologies Inc  - Common Stock,Nasdaq,0,,nasdaqtrader
OPENL,"Opendoor Technologies Inc  - Series A Warrants, each whole warrant exercisable to purchase one share of Common Stock at an exercise price of $13.00 per warrant",Nasdaq,0,,nasdaqtrader
OPENW,"Opendoor Technologies Inc  - Series K Warrants, each whole warrant exercisable to purchase one share of Common Stock at an exercise price of $9.00 per warrant",Nasdaq,0,,nasdaqtrader
OPENZ,"Opendoor Technologies Inc  - Series Z Warrants, each whole warrant exercisable to purchase one share of Common Stock at an exercise price of $17.00 per warrant",Nasdaq,0,,nasdaqtrader
OPER,ETF ClearShares Ultra-Short Maturity ETF,NYSE Arca,1,,nasdaqtrader
OPEX,Tradr 2X Long OPEN Daily ETF,Cboe BZX,1,,nasdaqtrader
OPFI,OppFi Inc. Class A Common Stock,NYSE,0,,nasdaqtrader
OPHC,"OptimumBank Holdings, Inc. Common Stock",NYSE American,0,,nasdaqtrader
OPI,Office Properties Income Trust - Common shares of beneficial interest,Nasdaq,0,,nasdaqtrader
OPK,"Opko Health, Inc. - Common Stock",Nasdaq,0,,nasdaqtrader
OPLN,"OPENLANE, Inc. Common Stock",NYSE,0,,nasdaqtrader
OPNW,"OpenWorld, Inc. - Common Stock",Nasdaq,0,,nasdaqtrader
OPP,"RiverNorth/DoubleLine Strategic Opportunity Fund, Inc. Common Stock",NYSE,0,,nasdaqtrader
OPPE,WisdomTree European Opportunities Fund,NYSE Arca,1,,nasdaqtrader
OPPG,WisdomTree GeoAlpha Opportunities Fund,NYSE Arca,1,,nasdaqtrader
OPPJ,WisdomTree Japan Opportunities Fund,Nasdaq,1,,nasdaqtrader
OPRA,Opera Limited - American Depositary Shares,Nasdaq,0,,nasdaqtrader
OPRT,Oportun Financial Corporation - common stock,Nasdaq,0,,nasdaqtrader
OPRX,OptimizeRx Corporation - Common Stock,Nasdaq,0,,nasdaqtrader
OPTH,Optimi Health Corp. - Common Shares,Nasdaq,0,,nasdaqtrader
OPTT,"Ocean Power Technologies, Inc. Common Stock",NYSE American,0,,nasdaqtrader
OPTU,"Optimum Communications, Inc. Class A common stock",NYSE,0,,nasdaqtrader
OPTX,"Syntec Optics Holdings, Inc. - Class A Common Stock",Nasdaq,0,,nasdaqtrader
OPTXW,"Syntec Optics Holdings, Inc. - Warrant",Nasdaq,0,,nasdaqtrader
OPTZ,Optimize Strategy Index ETF,Nasdaq,1,,nasdaqtrader
OPXS,"Optex Systems Holdings, Inc. - Common Stock",Nasdaq,0,,nasdaqtrader
OPY,"Oppenheimer Holdings, Inc. Class A Common Stock (DE)",NYSE,0,,nasdaqtrader
OR,OR Royalties Inc. Common Shares,NYSE,0,,nasdaqtrader
ORA,"Ormat Technologies, Inc. Common Stock",NYSE,0,,nasdaqtrader
ORAC,Corgi ORCL 2x Daily ETF,Cboe BZX,1,,nasdaqtrader
ORBS,Eightco Holdings Inc. - Common Stock,Nasdaq,0,,nasdaqtrader
ORBX,Global X Space Tech ETF,Nasdaq,1,,nasdaqtrader
ORC,"Orchid Island Capital, Inc. Common Stock",NYSE,0,,nasdaqtrader
ORCL,Oracle Corporation Common Stock,NYSE,0,,nasdaqtrader
ORCS,Direxion Daily ORCL Bear 1X ETF,Nasdaq,1,,nasdaqtrader
ORCU,Direxion Daily ORCL Bull 2X ETF,Nasdaq,1,,nasdaqtrader
ORCX,Defiance Daily Target 2X Long ORCL ETF,Nasdaq,1,,nasdaqtrader
ORCZ,Tradr 2X Short ORCL Daily ETF,Cboe BZX,1,,nasdaqtrader
ORGO,Organogenesis Holdings Inc.  - Class A,Nasdaq,0,,nasdaqtrader
ORI,Old Republic International Corporation Common Stock,NYSE,0,,nasdaqtrader
ORIC,"Oric Pharmaceuticals, Inc. - Common Stock",Nasdaq,0,,nasdaqtrader
ORIO,Orion Digital Corp. - Common Shares,Nasdaq,0,,nasdaqtrader
ORIQ,Origin Investment Corp I - Ordinary Shares,Nasdaq,0,,nasdaqtrader
ORIQU,Origin Investment Corp I - Units,Nasdaq,0,,nasdaqtrader
ORIQW,Origin Investment Corp I - Redeemable Warrant,Nasdaq,0,,nasdaqtrader
ORKA,"Oruka Therapeutics, Inc. - Common Stock",Nasdaq,0,,nasdaqtrader
ORKT,Orangekloud Technology Inc. - Class A Ordinary Shares,Nasdaq,0,,nasdaqtrader
ORLY,"O'Reilly Automotive, Inc. - Common Stock",Nasdaq,0,,nasdaqtrader
ORMP,Oramed Pharmaceuticals Inc. - Common Stock,Nasdaq,0,,nasdaqtrader
ORN,"Orion Group Holdings, Inc. Common",NYSE,0,,nasdaqtrader
ORO,Arrow Valtoro ETF,Cboe BZX,1,,nasdaqtrader
ORR,Militia Long/Short Equity ETF,Nasdaq,1,,nasdaqtrader
ORRF,"Orrstown Financial Services, Inc. - Common Stock",Nasdaq,0,,nasdaqtrader
OSBC,"Old Second Bancorp, Inc. - Common Stock",Nasdaq,0,,nasdaqtrader
OSCR,"Oscar Health, Inc. Class A Common Stock",NYSE,0,,nasdaqtrader
OSCV,Opus Small Cap Value ETF,Cboe BZX,1,,nasdaqtrader
OSCX,Defiance Daily Target 2x Long OSCR ETF,Nasdaq,1,,nasdaqtrader
OSEA,Harbor International Compounders ETF,NYSE Arca,1,,nasdaqtrader
OSG,"Octave Specialty Group, Inc. Common Stock",NYSE,0,,nasdaqtrader
OSIS,"OSI Systems, Inc. - Common Stock",Nasdaq,0,,nasdaqtrader
OSK,Oshkosh Corporation (Holding Company)Common Stock,NYSE,0,,nasdaqtrader
OSPN,OneSpan Inc. - Common Stock,Nasdaq,0,,nasdaqtrader
OSPR,Osprey Acquisition Corp. III - Class A Ordinary Shares,Nasdaq,0,,nasdaqtrader
OSPRU,Osprey Acquisition Corp. III - Units,Nasdaq,0,,nasdaqtrader
OSPRW,Osprey Acquisition Corp. III - Warrants,Nasdaq,0,,nasdaqtrader
OSS,"One Stop Systems, Inc. - Common Stock",Nasdaq,0,,nasdaqtrader
OSSL,Defiance Daily Target 2X Long OSS ETF,Cboe BZX,1,,nasdaqtrader
OST,"Ostin Technology Group Co., Ltd. - Class A Ordinary Shares",Nasdaq,0,,nasdaqtrader
OSTX,OS Therapies Incorporated Common Stock,NYSE American,0,,nasdaqtrader
OSUR,"OraSure Technologies, Inc. - Common Stock",Nasdaq,0,,nasdaqtrader
OSW,OneSpaWorld Holdings Limited - Common Shares,Nasdaq,0,,nasdaqtrader
OTAI,Starlink AI Acquisition Corporation Ordinary Shares,NYSE,0,,nasdaqtrader
OTAI.R,"Starlink AI Acquisition Corporation Rights, each entitling the holder to receive one-fourth (1/4) of one ordinary share",NYSE,0,,nasdaqtrader
OTAI.U,"Starlink AI Acquisition Corporation Units, each consisting of one Ordinary Share, and one Right to receive one-fourth (1/4) of one ordinary share",NYSE,0,,nasdaqtrader
OTAX,Optimal Tax Managed Equity ETF,NYSE,1,,nasdaqtrader
OTEX,Open Text Corporation - Common Shares,Nasdaq,0,,nasdaqtrader
OTF,Blue Owl Technology Finance Corp. Common Stock,NYSE,0,,nasdaqtrader
OTGA,OTG Acquisition Corp. I - Class A Ordinary Share,Nasdaq,0,,nasdaqtrader
OTGAU,OTG Acquisition Corp. I - Unit,Nasdaq,0,,nasdaqtrader
OTGAW,OTG Acquisition Corp. I - Warrants,Nasdaq,0,,nasdaqtrader
OTGL,OTG Latin America ETF,Nasdaq,1,,nasdaqtrader
OTIS,Otis Worldwide Corporation Common Stock,NYSE,0,,nasdaqtrader
OTLK,"Outlook Therapeutics, Inc. - Common Stock",Nasdaq,0,,nasdaqtrader
OTLY,Oatly Group AB - American Depositary Shares,Nasdaq,0,,nasdaqtrader
OTTR,Otter Tail Corporation - Common Stock,Nasdaq,0,,nasdaqtrader
OUNZ,VanEck Merk Gold ETF,NYSE Arca,1,,nasdaqtrader
OUSA,ALPS O'Shares U.S. Quality Dividend ETF,NYSE Arca,1,,nasdaqtrader
OUSL,Defiance Daily Target 2X Long OUST ETF,Cboe BZX,1,,nasdaqtrader
OUSM,ALPS O'Shares U.S. Small-Cap Quality Dividend ETF,NYSE Arca,1,,nasdaqtrader
OUST,"Ouster, Inc. - Common Stock",Nasdaq,0,,nasdaqtrader
OUT,OUTFRONT Media Inc. Common Stock,NYSE,0,,nasdaqtrader
OVB,Overlay Shares Core Bond ETF,Cboe BZX,1,,nasdaqtrader
OVBC,Ohio Valley Banc Corp. - Common Stock,Nasdaq,0,,nasdaqtrader
OVF,Overlay Shares Foreign Equity ETF,Cboe BZX,1,,nasdaqtrader
OVID,Ovid Therapeutics Inc. - Common Stock,Nasdaq,0,,nasdaqtrader
OVL,Overlay Shares Large Cap Equity ETF,Cboe BZX,1,,nasdaqtrader
OVLH,Overlay Shares Hedged Large Cap Equity ETF,Cboe BZX,1,,nasdaqtrader
OVLY,Oak Valley Bancorp (CA) - Common Stock,Nasdaq,0,,nasdaqtrader
OVM,Overlay Shares Municipal Bond ETF,Cboe BZX,1,,nasdaqtrader
OVS,Overlay Shares Small Cap Equity ETF,Cboe BZX,1,,nasdaqtrader
OVT,Overlay Shares Short Term Bond ETF,Cboe BZX,1,,nasdaqtrader
OVV,Ovintiv Inc. (DE),NYSE,0,,nasdaqtrader
OWL,Blue Owl Capital Inc. Class A Common Stock,NYSE,0,,nasdaqtrader
OWLS,OBOOK Holdings Inc. - Class A Common Shares,Nasdaq,0,,nasdaqtrader
OWLT,"Owlet, Inc. Class A Common Stock",NYSE,0,,nasdaqtrader
OWN,Inside Ownership 100 ETF,Cboe BZX,1,,nasdaqtrader
OWNB,Bitwise Bitcoin Standard Corporations ETF,NYSE Arca,1,,nasdaqtrader
OWNS,Quaker Investment Trust CCM Affordable Housing MBS ETF,NYSE Arca,1,,nasdaqtrader
OXBR,Oxbridge Re Holdings Limited - Ordinary Shares,Nasdaq,0,,nasdaqtrader
OXBRW,Oxbridge Re Holdings Limited - Warrant,Nasdaq,0,,nasdaqtrader
OXLC,Oxford Lane Capital Corp. - Closed End Fund,Nasdaq,0,,nasdaqtrader
OXLCG,Oxford Lane Capital Corp. - 7.95% Notes due 2032,Nasdaq,0,,nasdaqtrader
OXLCI,Oxford Lane Capital Corp. - 8.75% Notes due 2030,Nasdaq,0,,nasdaqtrader
OXLCL,Oxford Lane Capital Corp. - 6.75% Notes due 2031,Nasdaq,0,,nasdaqtrader
OXLCM,"Oxford Lane Capital Corp. - Preferred Stock Shares, 8.25% Series 2031",Nasdaq,0,,nasdaqtrader
OXLCN,Oxford Lane Capital Corp. - 7.125% Series 2029 Term Preferred Stock,Nasdaq,0,,nasdaqtrader
OXLCO,"Oxford Lane Capital Corp. - Preferred Stock Shares, 6.00% Series 2029",Nasdaq,0,,nasdaqtrader
OXLCZ,Oxford Lane Capital Corp. - 5.00% Notes due 2027,Nasdaq,0,,nasdaqtrader
OXM,"Oxford Industries, Inc. Common Stock",NYSE,0,,nasdaqtrader
OXSQ,Oxford Square Capital Corp. - Closed End Fund,Nasdaq,0,,nasdaqtrader
OXSQG,Oxford Square Capital Corp. - 5.50% Notes due 2028,Nasdaq,0,,nasdaqtrader
OXSQH,Oxford Square Capital Corp. - 7.75% Notes due 2030,Nasdaq,0,,nasdaqtrader
OXY,Occidental Petroleum Corporation Common Stock,NYSE,0,,nasdaqtrader
OXY.W,Occidental Petroleum Corporation Warrants,NYSE,0,,nasdaqtrader
OYSE,Oyster Enterprises II Acquisition Corp - Class A Ordinary Shares,Nasdaq,0,,nasdaqtrader
OYSER,Oyster Enterprises II Acquisition Corp - Rights,Nasdaq,0,,nasdaqtrader
OYSEU,Oyster Enterprises II Acquisition Corp - Units,Nasdaq,0,,nasdaqtrader
OZ,"Belpointe PREP, LLC Class A Units",NYSE American,0,,nasdaqtrader
OZEM,Roundhill GLP-1 & Weight Loss ETF,Nasdaq,1,,nasdaqtrader
OZK,Bank OZK - Common Stock,Nasdaq,0,,nasdaqtrader
OZKAP,Bank OZK - 4.625% Series A Non-Cumulative Perpetual Preferred Stock,Nasdaq,0,,nasdaqtrader
P,"Everpure, Inc. Class A common stock",NYSE,0,,nasdaqtrader
PAA,"Plains All American Pipeline, L.P. - Common Units representing Limited Partner Interests",Nasdaq,0,,nasdaqtrader
PAAA,PGIM AAA CLO ETF,NYSE Arca,1,,nasdaqtrader
PAAC,Proem Acquisition Corp I - Ordinary Shares,Nasdaq,0,,nasdaqtrader
PAACU,Proem Acquisition Corp I - Units,Nasdaq,0,,nasdaqtrader
PAACW,Proem Acquisition Corp I - Warrants,Nasdaq,0,,nasdaqtrader
PAAI,"Paradium.AI, Inc. Common Stock",NYSE American,0,,nasdaqtrader
PAAS,Pan American Silver Corp. Common Stock,NYSE,0,,nasdaqtrader
PAB,PGIM Active Aggregate Bond ETF,NYSE Arca,1,,nasdaqtrader
PABD,iShares Paris-Aligned Climate Optimized MSCI World ex USA ETF,Nasdaq,1,,nasdaqtrader
PABU,iShares Paris-Aligned Climate Optimized MSCI USA ETF,Nasdaq,1,,nasdaqtrader
PAC,"Grupo Aeroportuario Del Pacifico, S.A. B. de C.V. Grupo Aeroportuario Del Pacifico, S.A. de C.V. (each representing 10 Series B shares)",NYSE,0,,nasdaqtrader
PACB,"Pacific Biosciences of California, Inc. - Common Stock",Nasdaq,0,,nasdaqtrader
PACH,Pioneer Acquisition I Corp - Class A Ordinary Shares,Nasdaq,0,,nasdaqtrader
PACHU,Pioneer Acquisition I Corp - Units,Nasdaq,0,,nasdaqtrader
PACHW,Pioneer Acquisition I Corp - Warrants,Nasdaq,0,,nasdaqtrader
PACK,Ranpak Holdings Corp Class A Common Stock,NYSE,0,,nasdaqtrader
PACS,"PACS Group, Inc. Common Stock",NYSE,0,,nasdaqtrader
PAG,"Penske Automotive Group, Inc. Common Stock",NYSE,0,,nasdaqtrader
PAGP,"Plains GP Holdings, L.P. - Class A Shares representing limited partner interests",Nasdaq,0,,nasdaqtrader
PAGS,PagSeguro Digital Ltd. Class A Common Shares,NYSE,0,,nasdaqtrader
PAHC,Phibro Animal Health Corporation - Class A Common Stock,Nasdaq,0,,nasdaqtrader
PAI,Western Asset Investment Grade Income Fund Inc.,NYSE,0,,nasdaqtrader
PAII,Pyrophyte Acquisition Corp. II Class A Ordinary Shares,NYSE,0,,nasdaqtrader
PAII.U,"Pyrophyte Acquisition Corp. II Units, each consisting of one Class A ordinary share and one-half of one redeemable warrant",NYSE,0,,nasdaqtrader
PAII.W,"Pyrophyte Acquisition Corp. II Warrants, each whole warrant exercisable for one Class A Ordinary Share at an exercise price of $11.50 per share",NYSE,0,,nasdaqtrader
PAL,"Proficient Auto Logistics, Inc. - Common Stock",Nasdaq,0,,nasdaqtrader
PALC,Pacer Lunt Large Cap Multi-Factor Alternator ETF,NYSE Arca,1,,nasdaqtrader
PALD,Direxion Daily PANW Bear 1X ETF,Nasdaq,1,,nasdaqtrader
PALI,"Palisade Bio, Inc. - Common Stock",Nasdaq,0,,nasdaqtrader
PALL,abrdn Physical Palladium Shares ETF,NYSE Arca,1,,nasdaqtrader
PALO,Paloma Acquisition Corp I - Class A Ordinary Shares,Nasdaq,0,,nasdaqtrader
PALOU,Paloma Acquisition Corp I - Units,Nasdaq,0,,nasdaqtrader
PALOW,Paloma Acquisition Corp I - Warrants,Nasdaq,0,,nasdaqtrader
PALU,Direxion Daily PANW Bull 2X ETF,Nasdaq,1,,nasdaqtrader
PAM,Pampa Energia S.A.,NYSE,0,,nasdaqtrader
PAMC,Pacer Lunt MidCap Multi-Factor Alternator ETF,NYSE Arca,1,,nasdaqtrader
PAMT,PAMT CORP - Common Stock,Nasdaq,0,,nasdaqtrader
PANG,Leverage Shares 2X Long PANW Daily ETF,Nasdaq,1,,nasdaqtrader
PANL,Pangaea Logistics Solutions Ltd. - Common Stock,Nasdaq,0,,nasdaqtrader
PANW,"Palo Alto Networks, Inc. - Common Stock",Nasdaq,0,,nasdaqtrader
PAPI,Parametric Equity Premium Income ETF,NYSE Arca,1,,nasdaqtrader
PAPL,Pineapple Financial Inc. Common Stock,NYSE American,0,,nasdaqtrader
PAPR,Innovator U.S. Equity Power Buffer ETF - April,Cboe BZX,1,,nasdaqtrader
PAR,PAR Technology Corporation Common Stock,NYSE,0,,nasdaqtrader
PARA,"Banzai International, Inc. - Class A Common Stock",Nasdaq,0,,nasdaqtrader
PARAW,"Banzai International, Inc. - Warrant",Nasdaq,0,,nasdaqtrader
PARK,"Park Dental Partners, Inc. - Common Stock",Nasdaq,0,,nasdaqtrader
PARR,"Par Pacific Holdings, Inc.  Common Stock",NYSE,0,,nasdaqtrader
PASG,"Passage Bio, Inc. - Common Stock",Nasdaq,0,,nasdaqtrader
PASW,"Ping An Biomedical Co., Ltd. - Class A Ordinary Shares",Nasdaq,0,,nasdaqtrader
PATH,"UiPath, Inc. Class A Common Stock",NYSE,0,,nasdaqtrader
PATK,"Patrick Industries, Inc. - Common Stock",Nasdaq,0,,nasdaqtrader
PATN,Pacer Nasdaq International Patent Leaders ETF,Nasdaq,1,,nasdaqtrader
PATX,Tradr 2X Long PATH Daily ETF,Cboe BZX,1,,nasdaqtrader
PAUG,Innovator U.S. Equity Power Buffer ETF - August,Cboe BZX,1,,nasdaqtrader
PAVE,Global X U.S. Infrastructure Development ETF,Cboe BZX,1,,nasdaqtrader
PAVM,PAVmed Inc. - Common Stock,Nasdaq,0,,nasdaqtrader
PAVS,Paranovus Entertainment Technology Ltd. - Class A Ordinary Shares,Nasdaq,0,,nasdaqtrader
PAWZ,ProShares Pet Care ETF,Cboe BZX,1,,nasdaqtrader
PAX,Patria Investments Limited - Class A Common Shares,Nasdaq,0,,nasdaqtrader
PAXS,PIMCO Access Income Fund Common Shares of Beneficial Interest,NYSE,0,,nasdaqtrader
PAY,"Paymentus Holdings, Inc. Class A Common Stock",NYSE,0,,nasdaqtrader
PAYC,"Paycom Software, Inc. Common Stock",NYSE,0,,nasdaqtrader
PAYH,TrueShares S&P Autocallable High Income ETF,Cboe BZX,1,,nasdaqtrader
PAYM,TrueShares S&P Autocallable Defensive Income ETF,Cboe BZX,1,,nasdaqtrader
PAYO,Payoneer Global Inc. - Common Stock,Nasdaq,0,,nasdaqtrader
PAYP,PayPay Corporation - American Depository Shares,Nasdaq,0,,nasdaqtrader
PAYR,Federated Hermes Enhanced Income ETF,Cboe BZX,1,,nasdaqtrader
PAYS,"Paysign, Inc. - Common Stock",Nasdaq,0,,nasdaqtrader
PAYX,"Paychex, Inc. - Common Stock",Nasdaq,0,,nasdaqtrader
PB,"Prosperity Bancshares, Inc. Common Stock",NYSE,0,,nasdaqtrader
PBA,Pembina Pipeline Corp. Ordinary Shares (Canada),NYSE,0,,nasdaqtrader
PBAM,"Private Bancorp of America, Inc. - Common Stock",Nasdaq,0,,nasdaqtrader
PBAP,PGIM S&P 500 Buffer 20 ETF - April,Cboe BZX,1,,nasdaqtrader
PBAU,PGIM S&P 500 Buffer 20 ETF - August,Cboe BZX,1,,nasdaqtrader
PBCS,Portfolio Building Block World Consumer Staples ETF,Nasdaq,1,,nasdaqtrader
PBD,Invesco Global Clean Energy ETF,NYSE Arca,1,,nasdaqtrader
PBDC,Putnam BDC Income ETF,NYSE Arca,1,,nasdaqtrader
PBDE,PGIM S&P 500 Buffer 20 ETF - December,Cboe BZX,1,,nasdaqtrader
PBE,Invesco Biotechnology & Genome ETF,NYSE Arca,1,,nasdaqtrader
PBEU,Portfolio Building Block European Banks Index ETF,Nasdaq,1,,nasdaqtrader
PBF,PBF Energy Inc. Class A Common Stock,NYSE,0,,nasdaqtrader
PBFB,PGIM S&P 500 Buffer 20 ETF - February,Cboe BZX,1,,nasdaqtrader
PBFR,PGIM Laddered S&P 500 Buffer 20 ETF,Cboe BZX,1,,nasdaqtrader
PBFS,"Pioneer Bancorp, Inc. - Common Stock",Nasdaq,0,,nasdaqtrader
PBH,Prestige Consumer Healthcare Inc. Common Stock,NYSE,0,,nasdaqtrader
PBHC,"Pathfinder Bancorp, Inc. - Common Stock",Nasdaq,0,,nasdaqtrader
PBI,Pitney Bowes Inc. Common Stock,NYSE,0,,nasdaqtrader
PBJ,Invesco Food & Beverage ETF,NYSE Arca,1,,nasdaqtrader
PBJA,PGIM S&P 500 Buffer 20 ETF - January,Cboe BZX,1,,nasdaqtrader
PBJL,PGIM S&P 500 Buffer 20 ETF - July,Cboe BZX,1,,nasdaqtrader
PBJN,PGIM S&P 500 Buffer 20 ETF - June,Cboe BZX,1,,nasdaqtrader
PBK,PowerBank Corporation - Common Stock,Nasdaq,0,,nasdaqtrader
PBL,PGIM Portfolio Ballast ETF,Cboe BZX,1,,nasdaqtrader
PBLS,"Parabilis Medicines, Inc. - Common Stock",Nasdaq,0,,nasdaqtrader
PBM,Psyence Biomedical Ltd. - Common Shares,Nasdaq,0,,nasdaqtrader
PBMR,PGIM S&P 500 Buffer 20 ETF - March,Cboe BZX,1,,nasdaqtrader
PBMWW,Psyence Biomedical Ltd. - Warrant,Nasdaq,0,,nasdaqtrader
PBMY,PGIM S&P 500 Buffer 20 ETF - May,Cboe BZX,1,,nasdaqtrader
PBNV,PGIM S&P 500 Buffer 20 ETF - November,Cboe BZX,1,,nasdaqtrader
PBOC,PGIM S&P 500 Buffer 20 ETF - October,Cboe BZX,1,,nasdaqtrader
PBOG,Portfolio Building Block Integrated Oil and Gas and Exploration and Production Index ETF,Nasdaq,1,,nasdaqtrader
PBOT,Pictet AI & Automation ETF,NYSE Arca,1,,nasdaqtrader
PBP,Invesco S&P 500 BuyWrite ETF,Cboe BZX,1,,nasdaqtrader
PBPH,Portfolio Building Block World Pharma and Biotech Index ETF,Nasdaq,1,,nasdaqtrader
PBQQ,PGIM Laddered Nasdaq-100 Buffer 12 ETF,Nasdaq,1,,nasdaqtrader
PBR,Petroleo Brasileiro S.A. Petrobras ADS,NYSE,0,,nasdaqtrader
PBR.A,Petroleo Brasileiro S.A. Petrobras American Depositary Shares representing Preferred Shares,NYSE,0,,nasdaqtrader
PBRG,Leverage Shares 2X Long PBR Daily ETF,Nasdaq,1,,nasdaqtrader
PBSC,Pacer Barings Secured Credit Flex ETF,Nasdaq,1,,nasdaqtrader
PBSE,PGIM S&P 500 Buffer 20 ETF - September,Cboe BZX,1,,nasdaqtrader
PBT,Permian Basin Royalty Trust Common Stock,NYSE,0,,nasdaqtrader
PBTP,Invesco 0-5 Yr US TIPS ETF,Cboe BZX,1,,nasdaqtrader
PBUB,Portfolio Building Block US Banks ETF,Nasdaq,1,,nasdaqtrader
PBUS,Invesco MSCI USA ETF,Cboe BZX,1,,nasdaqtrader
PBW,Invesco WilderHill Clean Energy ETF,NYSE Arca,1,,nasdaqtrader
PBWN,Portfolio Building Block World Ex US Industrials ETF,Nasdaq,1,,nasdaqtrader
PBYI,Puma Biotechnology Inc - Common Stock,Nasdaq,0,,nasdaqtrader
PC,Premium Catering (Holdings) Limited - Ordinary Shares,Nasdaq,0,,nasdaqtrader
PCAP,ProCap Acquisition Corp - Class A Ordinary Shares,Nasdaq,0,,nasdaqtrader
PCAPU,ProCap Acquisition Corp - Unit,Nasdaq,0,,nasdaqtrader
PCAPW,ProCap Acquisition Corp - Warrant,Nasdaq,0,,nasdaqtrader
PCAR,PACCAR Inc. - Common Stock,Nasdaq,0,,nasdaqtrader
PCB,PCB Bancorp - Common Stock,Nasdaq,0,,nasdaqtrader
PCEB,Polen Euro High Yield Bond ETF,NYSE Arca,1,,nasdaqtrader
PCEF,Invesco CEF Income Composite ETF,NYSE Arca,1,,nasdaqtrader
PCF,High Income Securities Fund Common Stock,NYSE,0,,nasdaqtrader
PCFI,Polen Floating Rate Income ETF,NYSE Arca,1,,nasdaqtrader
PCG,Pacific Gas & Electric Co. Common Stock,NYSE,0,,nasdaqtrader
PCHI,Polen High Income ETF,NYSE Arca,1,,nasdaqtrader
PCI,PGIM Corporate Bond 5-10 Year ETF,Cboe BZX,1,,nasdaqtrader
PCL,PGIM Corporate Bond 10+ Year ETF,Cboe BZX,1,,nasdaqtrader
PCLA,PicoCELA Inc. - American Depositary Shares,Nasdaq,0,,nasdaqtrader
PCLC,Polen 5Perspectives Large Growth ETF,NYSE Arca,1,,nasdaqtrader
PCLG,Polen Focus Growth ETF,NYSE Arca,1,,nasdaqtrader
PCLN,Pictet Cleaner Planet ETF,NYSE Arca,1,,nasdaqtrader
PCLO,VIRTUS SEIX AAA Private Credit CLO ETF,NYSE Arca,1,,nasdaqtrader
PCM,"PCM Fund, Inc. Common Stock",NYSE,0,,nasdaqtrader
PCMM,BondBloxx Private Credit CLO ETF,Nasdaq,1,,nasdaqtrader
PCN,Pimco Corporate & Income Strategy Fund Common Stock,NYSE,0,,nasdaqtrader
PCOR,"Procore Technologies, Inc. Common Stock",NYSE,0,,nasdaqtrader
PCOV,Principal Equity Premium Income ETF,Cboe BZX,1,,nasdaqtrader
PCPC,Porter & Company Property & Casualty Index ETF,Cboe BZX,1,,nasdaqtrader
PCPI,PIMCO Inflation PLUS Active Exchange-Traded Fund,Nasdaq,1,,nasdaqtrader
PCPP,Porter & Company Porter Portfolio Index ETF,Cboe BZX,1,,nasdaqtrader
PCQ,PIMCO California Municipal Income Fund Common Stock,NYSE,0,,nasdaqtrader
PCR,Simplify VettaFi Private Credit Strategy ETF,NYSE Arca,1,,nasdaqtrader
PCRX,"Pacira BioSciences, Inc. - Common Stock",Nasdaq,0,,nasdaqtrader
PCS,PGIM Corporate Bond 0-5 Year ETF,Cboe BZX,1,,nasdaqtrader
PCSA,"Processa Pharmaceuticals, Inc. - Common Stock",Nasdaq,0,,nasdaqtrader
PCSG,Polen 5Perspectives Small-Mid Growth ETF,NYSE Arca,1,,nasdaqtrader
PCT,"PureCycle Technologies, Inc. - Common stock",Nasdaq,0,,nasdaqtrader
PCTTU,"PureCycle Technologies, Inc. - Unit",Nasdaq,0,,nasdaqtrader
PCTTW,"PureCycle Technologies, Inc. - Warrant",Nasdaq,0,,nasdaqtrader
PCTY,Paylocity Holding Corporation - Common Stock,Nasdaq,0,,nasdaqtrader
PCVX,"Vaxcyte, Inc. - Common Stock",Nasdaq,0,,nasdaqtrader
PCY,Invesco Emerging Markets Sovereign Debt ETF,NYSE Arca,1,,nasdaqtrader
PCYO,Pure Cycle Corporation - Common Stock,Nasdaq,0,,nasdaqtrader
PD,"PagerDuty, Inc. Common Stock",NYSE,0,,nasdaqtrader
PDBA,Invesco Agriculture Commodity Strategy No K-1 ETF,Nasdaq,1,,nasdaqtrader
PDBC,Invesco Optimum Yield Diversified Commodity Strategy No K-1 ETF,Nasdaq,1,,nasdaqtrader
PDC,Perpetuals.com Ltd - American Depositary Shares,Nasdaq,0,,nasdaqtrader
PDCC,Pearl Diver Credit Company Inc. Common Stock,NYSE,0,,nasdaqtrader
PDD,PDD Holdings Inc. - American Depositary Shares,Nasdaq,0,,nasdaqtrader
PDDL,GraniteShares 2x Long PDD Daily ETF,Nasdaq,1,,nasdaqtrader
PDEC,Innovator U.S. Equity Power Buffer ETF - December,Cboe BZX,1,,nasdaqtrader
PDEX,"Pro-Dex, Inc. - Common Stock",Nasdaq,0,,nasdaqtrader
PDFS,"PDF Solutions, Inc. - Common Stock",Nasdaq,0,,nasdaqtrader
PDI,PIMCO Dynamic Income Fund Common Stock,NYSE,0,,nasdaqtrader
PDLB,"Ponce Financial Group, Inc. - Common Stock",Nasdaq,0,,nasdaqtrader
PDM,"Piedmont Realty Trust, Inc. Class A Common Stock",NYSE,0,,nasdaqtrader
PDN,Invesco RAFI Developed Markets ex-U.S. Small-Mid ETF,NYSE Arca,1,,nasdaqtrader
PDO,PIMCO Dynamic Income Opportunities Fund Common Shares of Beneficial Interest,NYSE,0,,nasdaqtrader
PDP,Invesco Dorsey Wright Momentum ETF,Nasdaq,1,,nasdaqtrader
PDPA,Pearl Diver Credit Company Inc. 8.00% Series A Preferred Stock Due 2029,NYSE,0,,nasdaqtrader
PDS,Precision Drilling Corporation Common Stock,NYSE,0,,nasdaqtrader
PDSB,PDS Biotechnology Corporation - Common Stock,Nasdaq,0,,nasdaqtrader
PDT,John Hancock Premium Dividend Fund,NYSE,0,,nasdaqtrader
PDX,PIMCO Dynamic Income Strategy Fund Common Shares of Beneficial Interest,NYSE,0,,nasdaqtrader
PDYN,Palladyne AI Corp. - Common stock,Nasdaq,0,,nasdaqtrader
PEB,Pebblebrook Hotel Trust Common Shares of Beneficial Interest,NYSE,0,,nasdaqtrader
PEBK,"Peoples Bancorp of North Carolina, Inc. - Common Stock",Nasdaq,0,,nasdaqtrader
PEBO,Peoples Bancorp Inc. - Common Stock,Nasdaq,0,,nasdaqtrader
PECE,Peace Acquisition Corp - Ordinary Shares,Nasdaq,0,,nasdaqtrader
PECER,Peace Acquisition Corp - Right,Nasdaq,0,,nasdaqtrader
PECEU,Peace Acquisition Corp - Units,Nasdaq,0,,nasdaqtrader
PECEW,Peace Acquisition Corp - Warrant,Nasdaq,0,,nasdaqtrader
PECO,"Phillips Edison & Company, Inc. - Common Stock",Nasdaq,0,,nasdaqtrader
PED,Pedevco Corp. Common Stock,NYSE American,0,,nasdaqtrader
PEG,Public Service Enterprise Group Incorporated Common Stock,NYSE,0,,nasdaqtrader
PEGA,Pegasystems Inc. - Common Stock,Nasdaq,0,,nasdaqtrader
PEJ,Invesco Leisure and Entertainment ETF,NYSE Arca,1,,nasdaqtrader
PEMX,Putnam Emerging Markets ex-China ETF,NYSE Arca,1,,nasdaqtrader
PEN,"Penumbra, Inc. Common Stock",NYSE,0,,nasdaqtrader
PENG,"Penguin Solutions, Inc. - Common Stock",Nasdaq,0,,nasdaqtrader
PENN,"PENN Entertainment, Inc. - Common Stock",Nasdaq,0,,nasdaqtrader
PENU,T-REX 2X Long PENG Daily Target ETF,Cboe BZX,1,,nasdaqtrader
PEO,"Adams Natural Resources Fund, Inc. Common Stock",NYSE,0,,nasdaqtrader
PEP,"PepsiCo, Inc. - Common Stock",Nasdaq,0,,nasdaqtrader
PEPG,PepGen Inc. - Common Stock,Nasdaq,0,,nasdaqtrader
PEPS,Parametric Equity Plus ETF,Nasdaq,1,,nasdaqtrader
PERF,Perfect Corp. Class A Ordinary Share,NYSE,0,,nasdaqtrader
PERI,Perion Network Ltd - Ordinary Shares,Nasdaq,0,,nasdaqtrader
PESI,"Perma-Fix Environmental Services, Inc. - Common Stock",Nasdaq,0,,nasdaqtrader
PETS,"PetMed Express, Inc. - Common Stock",Nasdaq,0,,nasdaqtrader
PETZ,"TDH Holdings, Inc. - Common Shares",Nasdaq,0,,nasdaqtrader
PEVC,Pacer PE/VC ETF,NYSE Arca,1,,nasdaqtrader
PEW,GrabAGun Digital Holdings Inc. Common Stock,NYSE,0,,nasdaqtrader
PEW.W,"GrabAGun Digital Holdings Inc. Warrants, each whole warrant exercisable to purchase one share of Common Stock at an exercise price of $11.50 per share",NYSE,0,,nasdaqtrader
PEX,ProShares Global Listed Private Equity ETF,Cboe BZX,1,,nasdaqtrader
PEXL,Pacer US Export Leaders ETF,NYSE Arca,1,,nasdaqtrader
PEY,Invesco High Yield Equity Dividend Achievers ETF,Nasdaq,1,,nasdaqtrader
PEZ,Invesco Dorsey Wright Consumer Cyclicals Momentum ETF,Nasdaq,1,,nasdaqtrader
PFAI,Pinnacle Food Group Limited - Class A Common Shares,Nasdaq,0,,nasdaqtrader
PFBC,Preferred Bank - Common Stock,Nasdaq,0,,nasdaqtrader
PFD,Flaherty & Crumrine Preferred and Income Fund Incorporated,NYSE,0,,nasdaqtrader
PFDE,Pathfinder Disciplined US Equity ETF,Nasdaq,1,,nasdaqtrader
PFE,"Pfizer, Inc. Common Stock",NYSE,0,,nasdaqtrader
PFEB,Innovator U.S. Equity Power Buffer ETF - February,Cboe BZX,1,,nasdaqtrader
PFF,iShares Preferred and Income Securities ETF,Nasdaq,1,,nasdaqtrader
PFFA,Virtus InfraCap U.S. Preferred Stock ETF,NYSE Arca,1,,nasdaqtrader
PFFD,Global X U.S. Preferred ETF,NYSE Arca,1,,nasdaqtrader
PFFL,"ETRACS 2xMonthly Pay Leveraged Preferred Stock Index ETN due September 25, 2048",NYSE Arca,0,,nasdaqtrader
PFFR,InfraCap REIT Preferred ETF,NYSE Arca,1,,nasdaqtrader
PFFV,Global X Variable Rate Preferred ETF,NYSE Arca,1,,nasdaqtrader
PFG,Principal Financial Group Inc - Common Stock,Nasdaq,0,,nasdaqtrader
PFGC,Performance Food Group Company Common Stock,NYSE,0,,nasdaqtrader
PFH,"Prudential Financial, Inc. 4.125% Junior Subordinated Notes due 2060",NYSE,0,,nasdaqtrader
PFI,Invesco Dorsey Wright Financial Momentum ETF,Nasdaq,1,,nasdaqtrader
PFIG,Invesco Fundamental Investment Grade Corporate Bond  ETF,NYSE Arca,1,,nasdaqtrader
PFIS,Peoples Financial Services Corp.  - Common Stock,Nasdaq,0,,nasdaqtrader
PFIX,Simplify Interest Rate Hedge ETF,NYSE Arca,1,,nasdaqtrader
PFL,PIMCO Income Strategy Fund Shares of Beneficial Interest,NYSE,0,,nasdaqtrader
PFLA,PennantPark Floating Rate Capital Ltd. 7.375% Notes Due 2031,NYSE,0,,nasdaqtrader
PFLD,AAM Low Duration Preferred and Income Securities ETF,NYSE Arca,1,,nasdaqtrader
PFLT,PennantPark Floating Rate Capital Ltd. Common Stock,NYSE,0,,nasdaqtrader
PFM,Invesco Dividend Achievers ETF,Nasdaq,1,,nasdaqtrader
PFN,PIMCO Income Strategy Fund II,NYSE,0,,nasdaqtrader
PFO,Flaherty & Crumrine Preferred and Income Opportunity Fund Incorporated,NYSE,0,,nasdaqtrader
PFOE,Pathfinder Focused Opportunities ETF,Nasdaq,1,,nasdaqtrader
PFRL,PGIM Floating Rate Income ETF,NYSE Arca,1,,nasdaqtrader
PFRX,Putnam Focused U.S. Research ETF,NYSE Arca,1,,nasdaqtrader
PFS,"Provident Financial Services, Inc Common Stock",NYSE,0,,nasdaqtrader
PFSA,"Profusa, Inc. - Common Stock",Nasdaq,0,,nasdaqtrader
PFSI,"PennyMac Financial Services, Inc. Common Stock",NYSE,0,,nasdaqtrader
PFX,PhenixFIN Corporation  - Common Stock,Nasdaq,0,,nasdaqtrader
PFXF,VanEck Preferred Securities ex Financials ETF,NYSE Arca,1,,nasdaqtrader
PFXNZ,PhenixFIN Corporation  - 5.25% Notes due 2028,Nasdaq,0,,nasdaqtrader
PG,Procter & Gamble Company (The) Common Stock,NYSE,0,,nasdaqtrader
PGAC,Pantages Capital Acquisition Corporation - Class A Ordinary Shares,Nasdaq,0,,nasdaqtrader
PGACR,Pantages Capital Acquisition Corporation - Right,Nasdaq,0,,nasdaqtrader
PGACU,Pantages Capital Acquisition Corporation - Unit,Nasdaq,0,,nasdaqtrader
PGC,Peapack-Gladstone Financial Corporation - Common Stock,Nasdaq,0,,nasdaqtrader
PGEN,"Precigen, Inc. - Common Stock",Nasdaq,0,,nasdaqtrader
PGF,Invesco Financial Preferred ETF,NYSE Arca,1,,nasdaqtrader
PGHY,Invesco Global ex-US High Yield Corporate Bond ETF,NYSE Arca,1,,nasdaqtrader
PGJ,Invesco Golden Dragon China ETF,Nasdaq,1,,nasdaqtrader
PGNY,"Progyny, Inc. - Common Stock",Nasdaq,0,,nasdaqtrader
PGP,Pimco Global StocksPlus & Income Fund Common Shares of Beneficial Interest,NYSE,0,,nasdaqtrader
PGR,Progressive Corporation (The) Common Stock,NYSE,0,,nasdaqtrader
PGRI,Putnam International Stock ETF,NYSE Arca,1,,nasdaqtrader
PGRO,Putnam Focused Large Cap Growth ETF,NYSE Arca,1,,nasdaqtrader
PGX,Invesco Preferred ETF,NYSE Arca,1,,nasdaqtrader
PGY,Pagaya Technologies Ltd. - Class A Ordinary Shares,Nasdaq,0,,nasdaqtrader
PGYWW,Pagaya Technologies Ltd. - Warrants,Nasdaq,0,,nasdaqtrader
PGZ,Principal Real Estate Income Fund Common Shares of Beneficial Interest,NYSE,0,,nasdaqtrader
PH,Parker-Hannifin Corporation Common Stock,NYSE,0,,nasdaqtrader
PHAR,"Pharming Group N.V. - ADS, each representing 10 ordinary shares",Nasdaq,0,,nasdaqtrader
PHAT,"Phathom Pharmaceuticals, Inc. - Common Stock",Nasdaq,0,,nasdaqtrader
PHDG,Invesco S&P 500 Downside Hedged ETF,NYSE Arca,1,,nasdaqtrader
PHEQ,Parametric Hedged Equity ETF,NYSE Arca,1,,nasdaqtrader
PHG,Koninklijke Philips N.V. NY Registry Shares,NYSE,0,,nasdaqtrader
PHI,PLDT Inc. Sponsored ADR,NYSE,0,,nasdaqtrader
PHIN,PHINIA Inc. Common Stock,NYSE,0,,nasdaqtrader
PHIO,Phio Pharmaceuticals Corp. - Common Stock,Nasdaq,0,,nasdaqtrader
PHK,Pimco High Income Fund,NYSE,0,,nasdaqtrader
PHM,"PulteGroup, Inc. Common Stock",NYSE,0,,nasdaqtrader
PHO,Invesco Water Resources ETF,Nasdaq,1,,nasdaqtrader
PHOE,Phoenix Asia Holdings Limited - Ordinary Shares,Nasdaq,0,,nasdaqtrader
PHOS,First Phosphate Corp. - American Depositary Shares,Nasdaq,0,,nasdaqtrader
PHOX,Aura AI Photonics ETF,NYSE Arca,1,,nasdaqtrader
PHR,"Phreesia, Inc. Common Stock",NYSE,0,,nasdaqtrader
PHUN,"Phunware, Inc. - Common Stock",Nasdaq,0,,nasdaqtrader
PHVS,Pharvaris N.V. - Ordinary Shares,Nasdaq,0,,nasdaqtrader
PHYL,PGIM Active High Yield Bond ETF,NYSE Arca,1,,nasdaqtrader
PHYS,Sprott Physical Gold Trust ETV,NYSE Arca,1,,nasdaqtrader
PI,"Impinj, Inc. - Common Stock",Nasdaq,0,,nasdaqtrader
PICB,Invesco International Corporate Bond ETF,NYSE Arca,1,,nasdaqtrader
PICK,iShares MSCI Global Select Metals & Mining Producers Fund,Cboe BZX,1,,nasdaqtrader
PICS,PicS N.V. - Class A Common Shares,Nasdaq,0,,nasdaqtrader
PID,Invesco International Dividend Achievers ETF,Nasdaq,1,,nasdaqtrader
PIE,Invesco Dorsey Wright Emerging Markets Momentum ETF,Nasdaq,1,,nasdaqtrader
PIEL,Pacer International Export Leaders ETF,Cboe BZX,1,,nasdaqtrader
PIEQ,Principal International Equity ETF,Cboe BZX,1,,nasdaqtrader
PIFI,ClearShares Piton Intermediate Fixed Income ETF,NYSE Arca,1,,nasdaqtrader
PII,Polaris Inc. Common Stock,NYSE,0,,nasdaqtrader
PIII,P3 Health Partners Inc. - Class A Common Stock,Nasdaq,0,,nasdaqtrader
PIIIW,P3 Health Partners Inc. - Warrant,Nasdaq,0,,nasdaqtrader
PILL,Direxion Daily Pharmaceutical & Medical Bull 3X ETF,NYSE Arca,1,,nasdaqtrader
PIM,Franklin Master Intermediate Income Trust Shares of Beneficial Interest,NYSE,0,,nasdaqtrader
PINC,PGIM Securitized Income ETF,Cboe BZX,1,,nasdaqtrader
PINE,"Alpine Income Property Trust, Inc. Common Stock",NYSE,0,,nasdaqtrader
PINK,Simplify Health Care ETF,NYSE Arca,1,,nasdaqtrader
PINS,"Pinterest, Inc. Class A Common Stock",NYSE,0,,nasdaqtrader
PIO,Invesco Global Water ETF,Nasdaq,1,,nasdaqtrader
PIPE,Invesco SteelPath MLP & Energy Infrastructure ETF,Cboe BZX,1,,nasdaqtrader
PIPR,Piper Sandler Companies Common Stock,NYSE,0,,nasdaqtrader
PIT,VanEck Commodity Strategy ETF,Cboe BZX,1,,nasdaqtrader
PIZ,Invesco Dorsey Wright Developed Markets Momentum ETF,Nasdaq,1,,nasdaqtrader
PJAN,Innovator U.S. Equity Power Buffer ETF - January,Cboe BZX,1,,nasdaqtrader
PJFG,PGIM Jennison Focused Growth ETF,NYSE Arca,1,,nasdaqtrader
PJFM,PGIM Jennison Focused Mid-Cap ETF,Cboe BZX,1,,nasdaqtrader
PJFV,PGIM Jennison Focused Value ETF,NYSE Arca,1,,nasdaqtrader
PJIN,PGIM Jennison International Core Equity ETF,NYSE Arca,1,,nasdaqtrader
PJIO,PGIM Jennison Focused International Equity ETF,NYSE Arca,1,,nasdaqtrader
PJP,Invesco Pharmaceuticals ETF,NYSE Arca,1,,nasdaqtrader
PJSM,PGIM Jennison Small-Mid Cap Core Equity ETF,NYSE Arca,1,,nasdaqtrader
PJT,PJT Partners Inc. Class A Common Stock,NYSE,0,,nasdaqtrader
PJUL,Innovator U.S. Equity Power Buffer ETF - July,Cboe BZX,1,,nasdaqtrader
PJUN,Innovator U.S. Equity Power Buffer ETF - June,Cboe BZX,1,,nasdaqtrader
PJUS,PGIM Jennison U.S. Core Equity ETF,Cboe BZX,1,,nasdaqtrader
PK,Park Hotels & Resorts Inc. Common Stock,NYSE,0,,nasdaqtrader
PKB,Invesco Building & Construction ETF,NYSE Arca,1,,nasdaqtrader
PKBK,"Parke Bancorp, Inc. - Common Stock",Nasdaq,0,,nasdaqtrader
PKE,Park Aerospace Corp. Common Stock,NYSE,0,,nasdaqtrader
PKG,Packaging Corporation of America Common Stock,NYSE,0,,nasdaqtrader
PKOH,Park-Ohio Holdings Corp. - Common Stock,Nasdaq,0,,nasdaqtrader
PKW,Invesco BuyBack Achievers ETF,Nasdaq,1,,nasdaqtrader
PKX,POSCO HOLDINGS INC. American Depositary Shares (Each representing 1/4th of a share of Common Stock),NYSE,0,,nasdaqtrader
PL,Planet Labs PBC Class A Common Stock,NYSE,0,,nasdaqtrader
PLA,GraniteShares Autocallable PLTR ETF,Nasdaq,1,,nasdaqtrader
PLAB,"Photronics, Inc. - Common Stock",Nasdaq,0,,nasdaqtrader
PLAG,Planet Green Holdings Corp. Common Stock,NYSE American,0,,nasdaqtrader
PLAY,"Dave & Buster's Entertainment, Inc. - Common Stock",Nasdaq,0,,nasdaqtrader
PLBC,Plumas Bancorp - Common Stock,Nasdaq,0,,nasdaqtrader
PLBL,Polibeli Group Ltd - Class A Ordinary Shares,Nasdaq,0,,nasdaqtrader
PLBY,"Playboy, Inc. - Common Stock",Nasdaq,0,,nasdaqtrader
PLCE,"Children's Place, Inc. (The) - Common Stock",Nasdaq,0,,nasdaqtrader
PLCI,Pelican Acquisition II Corporation - Ordinary Shares,Nasdaq,0,,nasdaqtrader
PLCIR,Pelican Acquisition II Corporation - Right,Nasdaq,0,,nasdaqtrader
PLCIU,Pelican Acquisition II Corporation - Unit,Nasdaq,0,,nasdaqtrader
PLD,"Prologis, Inc. Common Stock",NYSE,0,,nasdaqtrader
PLG,Platinum Group Metals Ltd. Ordinary Shares (Canada),NYSE American,0,,nasdaqtrader
PLGI,PL Growth and Income ETF,Cboe BZX,1,,nasdaqtrader
PLGO,Pelagos Insurance Capital Limited Common Shares,NYSE,0,,nasdaqtrader
PLIB,Direxion PLTR Defined Income Boost ETF,Cboe BZX,1,,nasdaqtrader
PLMK,Plum Acquisition Corp. IV - Class A Ordinary Shares,Nasdaq,0,,nasdaqtrader
PLMKU,Plum Acquisition Corp. IV - Unit,Nasdaq,0,,nasdaqtrader
PLMKW,Plum Acquisition Corp. IV - Warrants,Nasdaq,0,,nasdaqtrader
PLMR,"Palomar Holdings, Inc. - Common stock",Nasdaq,0,,nasdaqtrader
PLNT,"Planet Fitness, Inc. Common Stock",NYSE,0,,nasdaqtrader
PLOW,"Douglas Dynamics, Inc. Common Stock",NYSE,0,,nasdaqtrader
PLPC,Preformed Line Products Company - Common Stock,Nasdaq,0,,nasdaqtrader
PLRX,"Pliant Therapeutics, Inc. - Common Stock",Nasdaq,0,,nasdaqtrader
PLRZ,Polyrizon Ltd. - Ordinary Shares,Nasdaq,0,,nasdaqtrader
PLSE,"Pulse Biosciences, Inc - Common Stock",Nasdaq,0,,nasdaqtrader
PLSM,Pulsenmore Ltd. - Ordinary Shares,Nasdaq,0,,nasdaqtrader
PLTA,ProShares Ultra PLTR,NYSE Arca,1,,nasdaqtrader
PLTD,Direxion Daily PLTR Bear 1X ETF,Nasdaq,1,,nasdaqtrader
PLTG,Leverage Shares 2X Long PLTR Daily ETF,Nasdaq,1,,nasdaqtrader
PLTK,Playtika Holding Corp. - Common Stock,Nasdaq,0,,nasdaqtrader
PLTL,Corgi PLTR 2x Daily ETF,Cboe BZX,1,,nasdaqtrader
PLTM,GraniteShares Platinum Shares ETF,NYSE Arca,1,,nasdaqtrader
PLTR,Palantir Technologies Inc. - Class A Common Stock,Nasdaq,0,,nasdaqtrader
PLTU,Direxion Daily PLTR Bull 2X ETF,Nasdaq,1,,nasdaqtrader
PLTW,Roundhill PLTR WeeklyPay ETF,Cboe BZX,1,,nasdaqtrader
PLTY,YieldMax PLTR Option Income Strategy ETF,NYSE Arca,1,,nasdaqtrader
PLTZ,Defiance Daily Target 2x Short PLTR ETF,Nasdaq,1,,nasdaqtrader
PLU,Defiance Daily Target 2x Long PL ETF,Cboe BZX,1,,nasdaqtrader
PLUG,"Plug Power, Inc. - Common Stock",Nasdaq,0,,nasdaqtrader
PLUL,Leverage Shares 2X Long PLUG Daily ETF,Nasdaq,1,,nasdaqtrader
PLUN,Plutonian Acquisition Corp II Class A Ordinary Shares,NYSE,0,,nasdaqtrader
PLUN.R,"Plutonian Acquisition Corp II Rights, each entitling the holder to receive one-fourth of one Class A Ordinary Share",NYSE,0,,nasdaqtrader
PLUN.U,"Plutonian Acquisition Corp II Units, each consisting of one Class A Ordinary Share and one right entitling the holder to one-fourth of one Class A Ordinary Share",NYSE,0,,nasdaqtrader
PLUR,Pluri Inc. - Common Stock,Nasdaq,0,,nasdaqtrader
PLUS,ePlus inc. - Common Stock,Nasdaq,0,,nasdaqtrader
PLUT,Plutus Financial Group Limited - Ordinary Shares,Nasdaq,0,,nasdaqtrader
PLX,"Protalix BioTherapeutics, Inc. (DE) Common Stock",NYSE American,0,,nasdaqtrader
PLXS,Plexus Corp. - Common Stock,Nasdaq,0,,nasdaqtrader
PLYX,"Polaryx Therapeutics, Inc. - Common Stock",Nasdaq,0,,nasdaqtrader
PLYY,GraniteShares YieldBOOST PLTR ETF,Nasdaq,1,,nasdaqtrader
PM,Philip Morris International Inc Common Stock,NYSE,0,,nasdaqtrader
PMA,PMA Graphene Technology Group Inc. - Class A Ordinary Shares,Nasdaq,0,,nasdaqtrader
PMAP,PGIM S&P 500 Max Buffer ETF - April,Cboe BZX,1,,nasdaqtrader
PMAR,Innovator U.S. Equity Power Buffer ETF - March,Cboe BZX,1,,nasdaqtrader
PMAU,PGIM S&P 500 Max Buffer ETF - August,Cboe BZX,1,,nasdaqtrader
PMAX,Powell Max Limited - Class A Ordinary Shares,Nasdaq,0,,nasdaqtrader
PMAY,Innovator U.S. Equity Power Buffer ETF - May,Cboe BZX,1,,nasdaqtrader
PMBS,PIMCO Mortgage-Backed Securities Active Exchange-Traded Fund,Nasdaq,1,,nasdaqtrader
PMCB,"PharmaCyte  Biotech, Inc. - Common Stock",Nasdaq,0,,nasdaqtrader
PMDE,PGIM S&P 500 Max Buffer ETF - December,Cboe BZX,1,,nasdaqtrader
PMEC,Primech Holdings Ltd. - Ordinary Shares,Nasdaq,0,,nasdaqtrader
PMFB,PGIM S&P 500 Max Buffer ETF - February,Cboe BZX,1,,nasdaqtrader
PMI,"Picard Medical, Inc. Common Stock",NYSE American,0,,nasdaqtrader
PMIO,PGIM Municipal Income Opportunities ETF,NYSE Arca,1,,nasdaqtrader
PMJA,PGIM S&P 500 Max Buffer ETF - January,Cboe BZX,1,,nasdaqtrader
PMJL,PGIM S&P 500 Max Buffer ETF - July,Cboe BZX,1,,nasdaqtrader
PMJN,PGIM S&P 500 Max Buffer ETF - June,Cboe BZX,1,,nasdaqtrader
PML,Pimco Municipal Income Fund II Common Shares of Beneficial Interest,NYSE,0,,nasdaqtrader
PMM,Franklin Managed Municipal Income Trust Shares of Beneficial Interest,NYSE,0,,nasdaqtrader
PMMF,iShares Prime Money Market ETF,NYSE,1,,nasdaqtrader
PMMR,PGIM S&P 500 Max Buffer ETF - March,Cboe BZX,1,,nasdaqtrader
PMMY,PGIM S&P 500 Max Buffer ETF - May,Cboe BZX,1,,nasdaqtrader
PMN,ProMIS Neurosciences Inc. - Common Shares,Nasdaq,0,,nasdaqtrader
PMNV,PGIM S&P 500 Max Buffer ETF - November,Cboe BZX,1,,nasdaqtrader
PMO,Franklin Municipal Opportunities Trust Shares of Beneficial Interest,NYSE,0,,nasdaqtrader
PMOC,PGIM S&P 500 Max Buffer ETF - October,Cboe BZX,1,,nasdaqtrader
PMSE,PGIM S&P 500 Max Buffer ETF - September,Cboe BZX,1,,nasdaqtrader
PMT,PennyMac Mortgage Investment Trust Common Shares of Beneficial Interest,NYSE,0,,nasdaqtrader
PMTL,First Trust Indxx Quality Precious Metals Miners ETF,NYSE Arca,1,,nasdaqtrader
PMTR,Perimeter Acquisition Corp. I - Class A Ordinary Shares,Nasdaq,0,,nasdaqtrader
PMTRU,Perimeter Acquisition Corp. I - Unit,Nasdaq,0,,nasdaqtrader
PMTRW,Perimeter Acquisition Corp. I - Warrant,Nasdaq,0,,nasdaqtrader
PMTS,CPI Card Group Inc. - Common Stock,Nasdaq,0,,nasdaqtrader
PMTU,PennyMac Mortgage Investment Trust 8.50% Senior Notes due 2028,NYSE,0,,nasdaqtrader
PMTV,PennyMac Mortgage Investment Trust 9.00% Senior Notes due 2030,NYSE,0,,nasdaqtrader
PMTW,PennyMac Mortgage Investment Trust 9.00% Senior Notes due 2030,NYSE,0,,nasdaqtrader
PMVP,"PMV Pharmaceuticals, Inc. - Common Stock",Nasdaq,0,,nasdaqtrader
PN,PN Smart Energy Limited - Class A Ordinary Shares,Nasdaq,0,,nasdaqtrader
PNAQ,Pinnacle Acquisition Corporation Class A Ordinary Shares,NYSE,0,,nasdaqtrader
PNAQ.R,"Pinnacle Acquisition Corporation Rights, each right entitling the holder to receive one-eighth (1/8) of one Class A ordinary share",NYSE,0,,nasdaqtrader
PNAQ.U,"Pinnacle Acquisition Corporation Units, each consisting of one Class A ordinary share and one right",NYSE,0,,nasdaqtrader
PNBK,Patriot National Bancorp Inc. - Common Stock,Nasdaq,0,,nasdaqtrader
PNC,"PNC Financial Services Group, Inc. (The) Common Stock",NYSE,0,,nasdaqtrader
PNFP,"Pinnacle Financial Partners, Inc. Common stock",NYSE,0,,nasdaqtrader
PNI,Pimco New York Municipal Income Fund II Common Shares of Beneficial Interest,NYSE,0,,nasdaqtrader
PNNT,PennantPark Investment Corporation Common Stock,NYSE,0,,nasdaqtrader
PNOV,Innovator U.S. Equity Power Buffer ETF - November,Cboe BZX,1,,nasdaqtrader
PNQI,Invesco Nasdaq Internet ETF,Nasdaq,1,,nasdaqtrader
PNR,Pentair plc. Ordinary Share,NYSE,0,,nasdaqtrader
PNRG,PrimeEnergy Resources Corporation - Common Stock,Nasdaq,0,,nasdaqtrader
PNTG,"The Pennant Group, Inc. - Common Stock",Nasdaq,0,,nasdaqtrader
PNW,Pinnacle West Capital Corporation Common Stock,NYSE,0,,nasdaqtrader
POAS,Phaos Technology Holdings (Cayman) Limited Class A Ordinary Shares,NYSE American,0,,nasdaqtrader
POCI,"Precision Optics Corporation, Inc. - Common stock",Nasdaq,0,,nasdaqtrader
POCT,Innovator U.S. Equity Power Buffer ETF - October,Cboe BZX,1,,nasdaqtrader
PODC,"PodcastOne, Inc. - Common Stock",Nasdaq,0,,nasdaqtrader
PODD,Insulet Corporation - Common Stock,Nasdaq,0,,nasdaqtrader
POEL,Defiance Daily Target 2X Long POET ETF,Cboe BZX,1,,nasdaqtrader
POET,POET Technologies Inc. - Common Shares,Nasdaq,0,,nasdaqtrader
POLA,"Polar Power, Inc. - Common Stock",Nasdaq,0,,nasdaqtrader
POLE,Andretti Acquisition Corp. II - Class A Ordinary Shares,Nasdaq,0,,nasdaqtrader
POLEU,Andretti Acquisition Corp. II - Unit,Nasdaq,0,,nasdaqtrader
POLEW,Andretti Acquisition Corp. II - Warrant,Nasdaq,0,,nasdaqtrader
POM,POMDOCTOR LIMITED - American Depositary Shares,Nasdaq,0,,nasdaqtrader
PONO,"Pono Capital Four, Inc. - Class A Ordinary Shares",Nasdaq,0,,nasdaqtrader
PONOR,"Pono Capital Four, Inc. - Rights",Nasdaq,0,,nasdaqtrader
PONOU,"Pono Capital Four, Inc. - Units",Nasdaq,0,,nasdaqtrader
PONX,Tradr 2X Long PONY Daily ETF,Cboe BZX,1,,nasdaqtrader
PONY,Pony AI Inc. - American Depositary Shares,Nasdaq,0,,nasdaqtrader
POOL,Pool Corporation - Common Stock,Nasdaq,0,,nasdaqtrader
POR,Portland General Electric Co Common Stock,NYSE,0,,nasdaqtrader
PORT.U,"Southport Acquisition Corp. II Units, each consisting of one Class A ordinary share and one-third of one redeemable warrant",NYSE,0,,nasdaqtrader
POST,"Post Holdings, Inc. Common Stock",NYSE,0,,nasdaqtrader
POW,VistaShares Electrification Supercycle ETF,NYSE Arca,1,,nasdaqtrader
POWA,Invesco Bloomberg Pricing Power ETF,NYSE Arca,1,,nasdaqtrader
POWI,"Power Integrations, Inc. - Common Stock",Nasdaq,0,,nasdaqtrader
POWL,"Powell Industries, Inc. - Common Stock",Nasdaq,0,,nasdaqtrader
POWR,iShares U.S. Power Infrastructure ETF,NYSE Arca,1,,nasdaqtrader
POWW,Outdoor Holding Company - Common Stock,Nasdaq,0,,nasdaqtrader
POWWP,Outdoor Holding Company - 8.75% Series A Cumulative Redeemable Perpetual Preferred Stock,Nasdaq,0,,nasdaqtrader
PPA,Invesco Aerospace & Defense ETF,NYSE Arca,1,,nasdaqtrader
PPBT,Purple Biotech Ltd. - American Depositary Shares,Nasdaq,0,,nasdaqtrader
PPC,Pilgrim's Pride Corporation - Common Stock,Nasdaq,0,,nasdaqtrader
PPCB,"Propanc Biopharma, Inc. - Common Stock",Nasdaq,0,,nasdaqtrader
PPG,"PPG Industries, Inc. Common Stock",NYSE,0,,nasdaqtrader
PPH,VanEck Pharmaceutical ETF,Nasdaq,1,,nasdaqtrader
PPHC,"Public Policy Holding Company, Inc. - Common Stock",Nasdaq,0,,nasdaqtrader
PPI,Astoria Real Assets ETF,Nasdaq,1,,nasdaqtrader
PPIH,"Perma-Pipe International Holdings, Inc. - Common Stock",Nasdaq,0,,nasdaqtrader
PPL,PPL Corporation Common Stock,NYSE,0,,nasdaqtrader
PPLC,PPL Corporation Corporate Units,NYSE,0,,nasdaqtrader
PPLI,People Incorporated - Common Stock,Nasdaq,0,,nasdaqtrader
PPLT,abrdn Physical Platinum Shares ETF,NYSE Arca,1,,nasdaqtrader
PPSI,"Pioneer Power Solutions, Inc. - Common Stock",Nasdaq,0,,nasdaqtrader
PPT,Franklin Premier Income Trust Shares of Beneficial Interest,NYSE,0,,nasdaqtrader
PPTA,Perpetua Resources Corp. - Common Shares,Nasdaq,0,,nasdaqtrader
PPTY,U.S. Diversified Real Estate ETF,NYSE Arca,1,,nasdaqtrader
PQAP,PGIM Nasdaq-100 Buffer 12 ETF - April,Nasdaq,1,,nasdaqtrader
PQDI,Principal Spectrum Preferred and Income ETF,NYSE Arca,1,,nasdaqtrader
PQJA,PGIM Nasdaq-100 Buffer 12 ETF - January,Nasdaq,1,,nasdaqtrader
PQJL,PGIM Nasdaq-100 Buffer 12 ETF - July,Nasdaq,1,,nasdaqtrader
PQNT,Pictet AI Enhanced International Equity ETF,NYSE Arca,1,,nasdaqtrader
PQOC,PGIM Nasdaq-100 Buffer 12 ETF - October,Nasdaq,1,,nasdaqtrader
PQUS,Pictet AI Enhanced US Equity ETF,NYSE Arca,1,,nasdaqtrader
PQV,PGIM S&P 500 Quarterly Buffer 5 ETF,Cboe BZX,1,,nasdaqtrader
PQX,PGIM S&P 500 Quarterly Buffer 10 ETF,Cboe BZX,1,,nasdaqtrader
PQXV,PGIM S&P 500 Quarterly Buffer 15 ETF,Cboe BZX,1,,nasdaqtrader
PQXX,PGIM S&P 500 Quarterly Buffer 20 ETF,Cboe BZX,1,,nasdaqtrader
PR,Permian Resources Corporation Class A Common Stock,NYSE,0,,nasdaqtrader
PRAA,"PRA Group, Inc. - Common Stock",Nasdaq,0,,nasdaqtrader
PRAB,State Street IG Public & Private ABS ETF,NYSE Arca,1,,nasdaqtrader
PRAE,PlanRock Equity Plus Alternatives ETF,NYSE Arca,1,,nasdaqtrader
PRAM,Defiance Memory & Photonics ETF,Cboe BZX,1,,nasdaqtrader
PRAX,"Praxis Precision Medicines, Inc. - Common Stock",Nasdaq,0,,nasdaqtrader
PRAY,FIS Christian Stock Fund,NYSE Arca,1,,nasdaqtrader
PRCH,"Porch Group, Inc. - Common Stock",Nasdaq,0,,nasdaqtrader
PRCS,Parnassus Core Select ETF,NYSE,1,,nasdaqtrader
PRCT,PROCEPT BioRobotics Corporation - Common Stock,Nasdaq,0,,nasdaqtrader
PRDO,Perdoceo Education Corporation - Common Stock,Nasdaq,0,,nasdaqtrader
PRE,Prenetics Global Limited - Class A Ordinary Share,Nasdaq,0,,nasdaqtrader
PREF,Principal Spectrum Preferred Securities Active ETF,NYSE Arca,1,,nasdaqtrader
PRENW,Prenetics Global Limited - Warrant,Nasdaq,0,,nasdaqtrader
PRF,Invesco RAFI US 1000 ETF,NYSE Arca,1,,nasdaqtrader
PRFD,PIMCO Preferred and Capital Securities Active Exchange-Traded Fund,NYSE Arca,1,,nasdaqtrader
PRFX,PRF Technologies Ltd. - Ordinary Shares,Nasdaq,0,,nasdaqtrader
PRFZ,Invesco RAFI US 1500 Small-Mid ETF,Nasdaq,1,,nasdaqtrader
PRG,"PROG Holdings, Inc. Common Stock",NYSE,0,,nasdaqtrader
PRGO,Perrigo Company plc Ordinary Shares,NYSE,0,,nasdaqtrader
PRGS,Progress Software Corporation - Common Stock,Nasdaq,0,,nasdaqtrader
PRH,"Prudential Financial, Inc. 5.950% Junior Subordinated Notes due 2062",NYSE,0,,nasdaqtrader
PRHI,"Presurance Holdings, Inc. - Common Stock",Nasdaq,0,,nasdaqtrader
PRHIZ,"Presurance Holdings, Inc. - 9.75% Senior Unsecured Notes due 2028",Nasdaq,0,,nasdaqtrader
PRI,"Primerica, Inc. Common Stock",NYSE,0,,nasdaqtrader
PRIM,Primoris Services Corporation Common Stock,NYSE,0,,nasdaqtrader
PRIV,State Street IG Public & Private Credit ETF,NYSE Arca,1,,nasdaqtrader
PRIZ,Zacks Preferred Income ETF,NYSE Arca,1,,nasdaqtrader
PRK,Park National Corporation Common Stock,NYSE American,0,,nasdaqtrader
PRKS,United Parks & Resorts Inc. Common Stock,NYSE,0,,nasdaqtrader
PRLB,"Proto Labs, Inc. Common stock",NYSE,0,,nasdaqtrader
PRLD,Prelude Therapeutics Incorporated - Common Stock,Nasdaq,0,,nasdaqtrader
PRM,"Perimeter Solutions, SA Common Stock",NYSE,0,,nasdaqtrader
PRMB,Primo Brands Corporation Class A Common Stock,NYSE,0,,nasdaqtrader
PRME,"Prime Medicine, Inc. - Common Stock",Nasdaq,0,,nasdaqtrader
PRMR,PeakShares RMR Prime Equity ETF,Nasdaq,1,,nasdaqtrader
PRN,Invesco Dorsey Wright Industrials Momentum ETF,Nasdaq,1,,nasdaqtrader
PRNT,3D Printing (The) ETF,Cboe BZX,1,,nasdaqtrader
PROF,Profound Medical Corp. - common stock,Nasdaq,0,,nasdaqtrader
PROK,ProKidney Corp. - Class A Ordinary Shares,Nasdaq,0,,nasdaqtrader
PROP,Prairie Operating Co. - Common Stock,Nasdaq,0,,nasdaqtrader
PROV,"Provident Financial Holdings, Inc. - Common Stock",Nasdaq,0,,nasdaqtrader
PRPL,"Purple Innovation, Inc. - Common Stock",Nasdaq,0,,nasdaqtrader
PRPO,"Precipio, Inc. - Common Stock",Nasdaq,0,,nasdaqtrader
PRQR,ProQR Therapeutics N.V. - Ordinary Shares,Nasdaq,0,,nasdaqtrader
PRS,"Prudential Financial, Inc. 5.625% Junior Subordinated Notes due 2058",NYSE,0,,nasdaqtrader
PRSD,State Street Short Duration IG Public & Private Credit ETF,NYSE Arca,1,,nasdaqtrader
PRSO,Peraso Inc. - Common Stock,Nasdaq,0,,nasdaqtrader
PRSU,"Pursuit Attractions and Hospitality, Inc. Common Stock",NYSE,0,,nasdaqtrader
PRT,PermRock Royalty Trust Units of Beneficial Interest,NYSE,0,,nasdaqtrader
PRTA,Prothena Corporation plc - Ordinary Shares,Nasdaq,0,,nasdaqtrader
PRTH,"Priority Technology Holdings, Inc. - Common Stock",Nasdaq,0,,nasdaqtrader
PRTO,RCN Pareto Strategic Allocation ETF,NYSE Arca,1,,nasdaqtrader
PRTS,"CarParts.com, Inc. - Common Stock",Nasdaq,0,,nasdaqtrader
PRU,"Prudential Financial, Inc. Common Stock",NYSE,0,,nasdaqtrader
PRVA,"Privia Health Group, Inc. - Common Stock",Nasdaq,0,,nasdaqtrader
PRVS,Parnassus Value Select ETF,NYSE,1,,nasdaqtrader
PRXG,Praxis Impact Large Cap Growth ETF,NYSE Arca,1,,nasdaqtrader
PRXI,Praxis Impact International ETF,NYSE Arca,1,,nasdaqtrader
PRXV,Praxis Impact Large Cap Value ETF,NYSE Arca,1,,nasdaqtrader
PRZO,ParaZero Technologies Ltd. - Ordinary Shares,Nasdaq,0,,nasdaqtrader
PS,Pershing Square Inc. Common Stock,NYSE,0,,nasdaqtrader
PSA,Public Storage Common Stock,NYSE,0,,nasdaqtrader
PSAI,Pacer S&P 500 3AI Top 100 ETF,Cboe BZX,1,,nasdaqtrader
PSBD,Palmer Square Capital BDC Inc. Common Stock,NYSE,0,,nasdaqtrader
PSC,Principal U.S. Small-Cap ETF,Nasdaq,1,,nasdaqtrader
PSCC,Invesco S&P SmallCap Consumer Staples ETF,Nasdaq,1,,nasdaqtrader
PSCD,Invesco S&P SmallCap Consumer Discretionary ETF,Nasdaq,1,,nasdaqtrader
PSCE,Invesco S&P SmallCap Energy ETF,Nasdaq,1,,nasdaqtrader
PSCF,Invesco S&P SmallCap Financials ETF,Nasdaq,1,,nasdaqtrader
PSCH,Invesco S&P SmallCap Health Care ETF,Nasdaq,1,,nasdaqtrader
PSCI,Invesco S&P SmallCap Industrials ETF,Nasdaq,1,,nasdaqtrader
PSCJ,Pacer Swan SOS Conservative (July) ETF,Cboe BZX,1,,nasdaqtrader
PSCM,Invesco S&P SmallCap Materials ETF,Nasdaq,1,,nasdaqtrader
PSCQ,Pacer Swan SOS Conservative (October) ETF,Cboe BZX,1,,nasdaqtrader
PSCT,Invesco S&P SmallCap Information Technology ETF,Nasdaq,1,,nasdaqtrader
PSCU,Invesco S&P SmallCap Utilities & Communication Services ETF,Nasdaq,1,,nasdaqtrader
PSCW,Pacer Swan SOS Conservative (April) ETF,Cboe BZX,1,,nasdaqtrader
PSCX,Pacer Swan SOS Conservative (January) ETF,Cboe BZX,1,,nasdaqtrader
PSDM,PGIM Short Duration Multi-Sector Bond ETF,Cboe BZX,1,,nasdaqtrader
PSEC,Prospect Capital Corporation - Closed End Fund,Nasdaq,0,,nasdaqtrader
PSEP,Innovator U.S. Equity Power Buffer ETF - September,Cboe BZX,1,,nasdaqtrader
PSET,Principal Quality ETF,Nasdaq,1,,nasdaqtrader
PSF,"Cohen & Steers Select Preferred and Income Fund, Inc. Common Stock",NYSE,0,,nasdaqtrader
PSFD,Pacer Swan SOS Flex (January) ETF,Cboe BZX,1,,nasdaqtrader
PSFE,Paysafe Limited Common Shares,NYSE,0,,nasdaqtrader
PSFF,Pacer Swan SOS Fund of Funds ETF,Cboe BZX,1,,nasdaqtrader
PSFJ,Pacer Swan SOS Flex (July) ETF,Cboe BZX,1,,nasdaqtrader
PSFM,Pacer Swan SOS Flex (April) ETF,Cboe BZX,1,,nasdaqtrader
PSFO,Pacer Swan SOS Flex (October) ETF,Cboe BZX,1,,nasdaqtrader
PSH,PGIM Short Duration High Yield ETF,Cboe BZX,1,,nasdaqtrader
PSHG,Performance Shipping Inc. - Common Shares,Nasdaq,0,,nasdaqtrader
PSI,Invesco Semiconductors ETF,NYSE Arca,1,,nasdaqtrader
PSIG,PS International Group Ltd. - Ordinary Shares,Nasdaq,0,,nasdaqtrader
PSIL,AdvisorShares Psychedelics ETF,NYSE Arca,1,,nasdaqtrader
PSIX,"Power Solutions International, Inc. - Common Stock",Nasdaq,0,,nasdaqtrader
PSK,State Street SPDR ICE Preferred Securities ETF,NYSE Arca,1,,nasdaqtrader
PSKY,Paramount Skydance Corporation - Class B Common Stock,Nasdaq,0,,nasdaqtrader
PSL,Invesco Dorsey Wright Consumer Staples Momentum ETF,Nasdaq,1,,nasdaqtrader
PSLV,Sprott Physical Silver Trust ETV,NYSE Arca,1,,nasdaqtrader
PSMD,Pacer Swan SOS Moderate (January) ETF,Cboe BZX,1,,nasdaqtrader
PSMJ,Pacer Swan SOS Moderate (July) ETF,Cboe BZX,1,,nasdaqtrader
PSMO,Pacer Swan SOS Moderate (October) ETF,Cboe BZX,1,,nasdaqtrader
PSMR,Pacer Swan SOS Moderate (April) ETF,Cboe BZX,1,,nasdaqtrader
PSMT,"PriceSmart, Inc. - Common Stock",Nasdaq,0,,nasdaqtrader
PSN,Parsons Corporation Common Stock,NYSE,0,,nasdaqtrader
PSNL,"Personalis, Inc. - Common Stock",Nasdaq,0,,nasdaqtrader
PSNY,Polestar Automotive Holding UK Limited - Class A ADS,Nasdaq,0,,nasdaqtrader
PSNYW,Polestar Automotive Holding UK Limited - Class C-1 ADS (ADW),Nasdaq,0,,nasdaqtrader
PSO,"Pearson, Plc Common Stock",NYSE,0,,nasdaqtrader
PSOX,Tema MLCC & PowerSemi ETF,Cboe BZX,1,,nasdaqtrader
PSP,Invesco Global Listed Private Equity ETF,NYSE Arca,1,,nasdaqtrader
PSQ,ProShares Short QQQ,NYSE Arca,1,,nasdaqtrader
PSQA,Palmer Square CLO Senior Debt ETF,NYSE Arca,1,,nasdaqtrader
PSQH,"PSQ Holdings, Inc. Class A Common Stock",NYSE,0,,nasdaqtrader
PSQH.W,"PSQ Holdings, Inc. Warrants, each exercisable for one share of Class A common stock at an exercise price of $11.50 per share",NYSE,0,,nasdaqtrader
PSQL,Pasqal Holding SA - Ordinary Shares,Nasdaq,0,,nasdaqtrader
PSQLW,Pasqal Holding SA - Warrant,Nasdaq,0,,nasdaqtrader
PSQO,Palmer Square Credit Opportunities ETF,NYSE Arca,1,,nasdaqtrader
PSR,Invesco Active U.S. Real Estate Fund,NYSE Arca,1,,nasdaqtrader
PST,ProShares UltraShort Lehman 7-10 Year Treasury,NYSE Arca,1,,nasdaqtrader
PSTL,"Postal Realty Trust, Inc. Class A Common Stock",NYSE,0,,nasdaqtrader
PSTP,Innovator Power Buffer Step-Up Strategy ETF,NYSE Arca,1,,nasdaqtrader
PSTR,PeakShares Sector Rotation ETF,Nasdaq,1,,nasdaqtrader
PSUS,"Pershing Square USA, Ltd. Common Shares",NYSE,0,,nasdaqtrader
PSWD,Xtrackers Cybersecurity Select Equity ETF,Nasdaq,1,,nasdaqtrader
PSX,Phillips 66 Common Stock,NYSE,0,,nasdaqtrader
PTA,Cohen & Steers Tax-Advantaged Preferred Securities and Income Fund Common Shares of Beneficial Interest,NYSE,0,,nasdaqtrader
PTAC,Patriot Acquisition Corp. - Class A Ordinary Shares,Nasdaq,0,,nasdaqtrader
PTACU,Patriot Acquisition Corp. - Units,Nasdaq,0,,nasdaqtrader
PTACW,Patriot Acquisition Corp. - Warrants,Nasdaq,0,,nasdaqtrader
PTBD,Pacer Trendpilot US Bond ETF,NYSE Arca,1,,nasdaqtrader
PTC,PTC Inc. - Common Stock,Nasdaq,0,,nasdaqtrader
PTCT,"PTC Therapeutics, Inc. - Common Stock",Nasdaq,0,,nasdaqtrader
PTEN,"Patterson-UTI Energy, Inc. - Common Stock",Nasdaq,0,,nasdaqtrader
PTEU,Pacer TrendpilotTM European Index ETF,Cboe BZX,1,,nasdaqtrader
PTF,Invesco Dorsey Wright Technology Momentum ETF,Nasdaq,1,,nasdaqtrader
PTGX,"Protagonist Therapeutics, Inc. - Common Stock",Nasdaq,0,,nasdaqtrader
PTH,Invesco Dorsey Wright Healthcare Momentum ETF,Nasdaq,1,,nasdaqtrader
PTHS,Pelthos Therapeutics Inc. Common Stock,NYSE American,0,,nasdaqtrader
PTIN,Pacer Trendpilot International ETF,NYSE Arca,1,,nasdaqtrader
PTIR,GraniteShares 2x Long PLTR Daily ETF,Nasdaq,1,,nasdaqtrader
PTL,Inspire 500 ETF,NYSE Arca,1,,nasdaqtrader
PTLC,Pacer Trendpilot US Large Cap ETF,Cboe BZX,1,,nasdaqtrader
PTLE,PTL LTD - Class A Ordinary Shares,Nasdaq,0,,nasdaqtrader
PTLO,Portillo's Inc. - Class A Common Stock,Nasdaq,0,,nasdaqtrader
PTMC,Pacer Trendpilot US Mid Cap ETF,Cboe BZX,1,,nasdaqtrader
PTN,"Palatin Technologies, Inc. - Common Stock",Nasdaq,0,,nasdaqtrader
PTNQ,Pacer Trendpilot 100 ETF,Nasdaq,1,,nasdaqtrader
PTNT,Corgi IP Licensing & Royalties ETF,Cboe BZX,1,,nasdaqtrader
PTON,"Peloton Interactive, Inc. - Common Stock",Nasdaq,0,,nasdaqtrader
PTOR,Praetorian Acquisition Corp. - Class A Ordinary Shares,Nasdaq,0,,nasdaqtrader
PTORU,Praetorian Acquisition Corp. - Units,Nasdaq,0,,nasdaqtrader
PTORW,Praetorian Acquisition Corp. - Warrant,Nasdaq,0,,nasdaqtrader
PTRB,PGIM Total Return Bond ETF,NYSE Arca,1,,nasdaqtrader
PTRN,Pattern Group Inc. - Series A Common Stock,Nasdaq,0,,nasdaqtrader
PTY,Pimco Corporate & Income Opportunity Fund,NYSE,0,,nasdaqtrader
PUBM,"PubMatic, Inc. - Class A Common Stock",Nasdaq,0,,nasdaqtrader
PUI,Invesco Dorsey Wright Utilities Momentum ETF,Nasdaq,1,,nasdaqtrader
PUK,Prudential Public Limited Company Common Stock,NYSE,0,,nasdaqtrader
PUL,GraniteShares 2x Long P Daily ETF,Nasdaq,1,,nasdaqtrader
PULM,"Pulmatrix, Inc. - Common Stock",Nasdaq,0,,nasdaqtrader
PULS,PGIM Ultra Short Bond ETF,NYSE Arca,1,,nasdaqtrader
PUMP,ProPetro Holding Corp. Common Stock,NYSE,0,,nasdaqtrader
PUR,Defiance Daily Target 2X Long PURR ETF,Nasdaq,1,,nasdaqtrader
PURR,Hyperliquid Strategies Inc - Common Stock,Nasdaq,0,,nasdaqtrader
PUSA,Powerus Corporation - Common Stock,Nasdaq,0,,nasdaqtrader
PUSH,PGIM Ultra Short Municipal Bond ETF,NYSE Arca,1,,nasdaqtrader
PVAL,Putnam Focused Large Cap Value ETF,NYSE Arca,1,,nasdaqtrader
PVEX,TrueShares ConVex Protect ETF,Cboe BZX,1,,nasdaqtrader
PVH,PVH Corp. Common Stock,NYSE,0,,nasdaqtrader
PVI,Invesco Floating Rate Municipal Income ETF,NYSE Arca,1,,nasdaqtrader
PVL,Permianville Royalty Trust Units of Beneficial Interest,NYSE,0,,nasdaqtrader
PVLA,"Palvella Therapeutics, Inc. - Common Stock",Nasdaq,0,,nasdaqtrader
PW,Power REIT (MD) Common Stock,NYSE American,0,,nasdaqtrader
PWB,Invesco Large Cap Growth ETF,NYSE Arca,1,,nasdaqtrader
PWCM,"PowerCompute, Inc. - Common Stock",Nasdaq,0,,nasdaqtrader
PWER,Nomura Energy Transition ETF,NYSE Arca,1,,nasdaqtrader
PWP,Perella Weinberg Partners - Class A Common Stock,Nasdaq,0,,nasdaqtrader
PWR,"Quanta Services, Inc. Common Stock",NYSE,0,,nasdaqtrader
PWRD,TCW Transform Systems ETF,Nasdaq,1,,nasdaqtrader
PWRL,Powerlaw Corp. - Common Stock,Nasdaq,0,,nasdaqtrader
PWRX,Westwood Salient Enhanced Power & Infrastructure ETF,F,1,,nasdaqtrader
PWRZ,TrueShares Eagle Global Renewable Energy Income ETF,Cboe BZX,1,,nasdaqtrader
PWS,Pacer WealthShield ETF,Cboe BZX,1,,nasdaqtrader
PWV,Invesco Large Cap Value ETF,NYSE Arca,1,,nasdaqtrader
PWZ,Invesco California AMT-Free Municipal Bond Portfolio,NYSE Arca,1,,nasdaqtrader
PXE,Invesco Energy Exploration & Production ETF,NYSE Arca,1,,nasdaqtrader
PXED,"Phoenix Education Partners, Inc. Common Stock",NYSE,0,,nasdaqtrader
PXF,Invesco RAFI Developed Markets ex-U.S. ETF,NYSE Arca,1,,nasdaqtrader
PXH,Invesco RAFI Emerging Markets ETF,NYSE Arca,1,,nasdaqtrader
PXI,Invesco Dorsey Wright Energy Momentum ETF,Nasdaq,1,,nasdaqtrader
PXJ,Invesco Oil & Gas Services ETF,NYSE Arca,1,,nasdaqtrader
PXLW,"Pixelworks, Inc. - Common Stock",Nasdaq,0,,nasdaqtrader
PXS,Pyxis Tankers Inc. - Common Stock,Nasdaq,0,,nasdaqtrader
PY,Principal Value ETF,Nasdaq,1,,nasdaqtrader
PYLD,PIMCO Multisector Bond Active Exchange-Traded Fund,NYSE Arca,1,,nasdaqtrader
PYPD,PolyPid Ltd. - Ordinary Shares,Nasdaq,0,,nasdaqtrader
PYPG,Leverage Shares 2X Long PYPL Daily ETF,Nasdaq,1,,nasdaqtrader
PYPL,"PayPal Holdings, Inc. - Common Stock",Nasdaq,0,,nasdaqtrader
PYPU,Direxion Daily PYPL Bull 2X ETF,NYSE Arca,1,,nasdaqtrader
PYPY,YieldMax PYPL Option Income Strategy ETF,NYSE Arca,1,,nasdaqtrader
PYT,PPlus Tr GSC-2 Tr Ctf Fltg Rate,NYSE,0,,nasdaqtrader
PYXS,"Pyxis Oncology, Inc. - Common Stock",Nasdaq,0,,nasdaqtrader
PYZ,Invesco Dorsey Wright Basic Materials Momentum ETF,Nasdaq,1,,nasdaqtrader
PZA,Invesco National AMT-Free Municipal Bond ETFo,NYSE Arca,1,,nasdaqtrader
PZG,Paramount Gold Nevada Corp. Common Stock,NYSE American,0,,nasdaqtrader
PZIV,Pzena International Value ETF,NYSE Arca,1,,nasdaqtrader
PZLV,Pzena U.S. Large Cap Value ETF,NYSE Arca,1,,nasdaqtrader
PZT,Invesco New York AMT-Free Municipal Bond ETF,NYSE Arca,1,,nasdaqtrader
PZZA,"Papa John's International, Inc. - Common Stock",Nasdaq,0,,nasdaqtrader
Q,"Qnity Electronics, Inc. Common Stock",NYSE,0,,nasdaqtrader
QABA,First Trust NASDAQ ABA Community Bank Index Fund,Nasdaq,1,,nasdaqtrader
QADR,QDRO Acquisition Corp. - Class A Ordinary Shares,Nasdaq,0,,nasdaqtrader
QADRU,QDRO Acquisition Corp. - Units,Nasdaq,0,,nasdaqtrader
QADRW,QDRO Acquisition Corp. - Warrant,Nasdaq,0,,nasdaqtrader
QAI,NYLIM Hedge Multi-Strategy Tracker ETF,NYSE Arca,1,,nasdaqtrader
QALT,SEI DBi Multi-Strategy Alternative ETF,Nasdaq,1,,nasdaqtrader
QARP,Xtrackers Russell 1000 US Quality at a Reasonable Price ETF ETF,NYSE Arca,1,,nasdaqtrader
QAT,iShares MSCI Qatar ETF,Nasdaq,1,,nasdaqtrader
QAU,Corgi Growth & Technology 10% Structured Buffer ETF - August Series,Cboe BZX,1,,nasdaqtrader
QB,ProShares Nasdaq-100 Dynamic Buffer ETF,Nasdaq,1,,nasdaqtrader
QBER,TrueShares Quarterly Bear Hedge ETF,Cboe BZX,1,,nasdaqtrader
QBF,Innovator Uncapped Bitcoin 20 Floor ETF - Quarterly,Cboe BZX,1,,nasdaqtrader
QBIF,AllianzIM International Equity Buffer15 ETF,Cboe BZX,1,,nasdaqtrader
QBIG,Invesco Top QQQ ETF,Nasdaq,1,,nasdaqtrader
QBIV,AllianzIM International Equity Buffer5 ETF,Cboe BZX,1,,nasdaqtrader
QBKF,AllianzIM U.S. Small Cap Buffer15 ETF,Cboe BZX,1,,nasdaqtrader
QBKV,AllianzIM U.S. Small Cap Buffer5 ETF,Cboe BZX,1,,nasdaqtrader
QBQF,AllianzIM Growth-100 Buffer15 ETF,Cboe BZX,1,,nasdaqtrader
QBQV,AllianzIM Growth-100 Buffer5 ETF,Cboe BZX,1,,nasdaqtrader
QBSF,AllianzIM U.S. Equity Buffer15 ETF,Cboe BZX,1,,nasdaqtrader
QBSV,AllianzIM U.S Equity Buffer5 ETF,Cboe BZX,1,,nasdaqtrader
QBTS,D-Wave Quantum Inc. - Common Stock,Nasdaq,0,,nasdaqtrader
QBTX,Tradr 2X Long QBTS Daily ETF,Cboe BZX,1,,nasdaqtrader
QBTZ,Defiance Daily Target 2x Short QBTS ETF,Nasdaq,1,,nasdaqtrader
QBUF,Innovator Nasdaq-100 10 Buffer ETF Quarterly,Nasdaq,1,,nasdaqtrader
QBUL,TrueShares Quarterly Bull Hedge ETF,Cboe BZX,1,,nasdaqtrader
QBY,GraniteShares YieldBoost QBTS ETF,Nasdaq,1,,nasdaqtrader
QCAP,FT Vest Nasdaq-100 Conservative Buffer ETF - April,Cboe BZX,1,,nasdaqtrader
QCJA,FT Vest Nasdaq-100 Conservative Buffer ETF - January,Cboe BZX,1,,nasdaqtrader
QCJL,FT Vest Nasdaq-100 Conservative Buffer ETF - July,Cboe BZX,1,,nasdaqtrader
QCLN,First Trust NASDAQ Clean Edge Green Energy Index Fund,Nasdaq,1,,nasdaqtrader
QCLR,Global X NASDAQ 100 Collar 95-110 ETF,Nasdaq,1,,nasdaqtrader
QCLS,"Q/C Technologies, Inc. - Common Stock",Nasdaq,0,,nasdaqtrader
QCMD,Direxion Daily QCOM Bear 1X ETF,Nasdaq,1,,nasdaqtrader
QCML,GraniteShares 2x Long QCOM Daily ETF,Nasdaq,1,,nasdaqtrader
QCMU,Direxion Daily QCOM Bull 2X ETF,Nasdaq,1,,nasdaqtrader
QCOC,FT Vest Nasdaq-100 Conservative Buffer ETF - October,Cboe BZX,1,,nasdaqtrader
QCOM,QUALCOMM Incorporated - Common Stock,Nasdaq,0,,nasdaqtrader
QCRH,"QCR Holdings, Inc. - Common Stock",Nasdaq,0,,nasdaqtrader
QDEC,FT Vest Nasdaq-100 Buffer ETF - December,Cboe BZX,1,,nasdaqtrader
QDEF,Northern Trust Quality Dividend Defensive ETF,NYSE Arca,1,,nasdaqtrader
QDEL,QuidelOrtho Corporation - Common Stock,Nasdaq,0,,nasdaqtrader
QDF,Northern Trust Quality Dividend ETF,NYSE Arca,1,,nasdaqtrader
QDIV,Global X S&P 500 Quality Dividend ETF,NYSE Arca,1,,nasdaqtrader
QDPL,Pacer Metaurus US Large Cap Dividend Multiplier 400 ETF,NYSE Arca,1,,nasdaqtrader
QDTE,Roundhill Nasdaq-100 0DTE Covered Call ETF Strategy ETF,Cboe BZX,1,,nasdaqtrader
QDTY,YieldMax Nasdaq 100 0DTE Covered Call Strategy ETF,Nasdaq,1,,nasdaqtrader
QDVO,Amplify CWP Growth & Income ETF,NYSE Arca,1,,nasdaqtrader
QEFA,State Street SPDR MSCI EAFE StrategicFactors ETF,NYSE Arca,1,,nasdaqtrader
QEMM,State Street SPDR MSCI Emerging Markets StrategicFactors ETF,NYSE Arca,1,,nasdaqtrader
QETA,Quetta Acquisition Corporation - Common Stock,Nasdaq,0,,nasdaqtrader
QETAR,Quetta Acquisition Corporation - Right,Nasdaq,0,,nasdaqtrader
QETAU,Quetta Acquisition Corporation - Unit,Nasdaq,0,,nasdaqtrader
QETH,Invesco Galaxy Ethereum ETF,Cboe BZX,1,,nasdaqtrader
QEW,Invesco QQQ Equal Weight ETF,Nasdaq,1,,nasdaqtrader
QFF,Qualivian Focus Fund ETF,Nasdaq,1,,nasdaqtrader
QFHD,Pacer S&P 500 Quality FCF High Dividend ETF,Cboe BZX,1,,nasdaqtrader
QFIN,"Qfin Holdings, Inc.  - American Depositary Shares",Nasdaq,0,,nasdaqtrader
QFLR,Innovator Nasdaq-100 Managed Floor ETF,NYSE Arca,1,,nasdaqtrader
QFRD,Pacer S&P 500 Quality FCF R&D Leaders,Cboe BZX,1,,nasdaqtrader
QGEN,Qiagen N.V. Common Shares,NYSE,0,,nasdaqtrader
QGRD,Horizon Nasdaq-100 Defined Risk ETF,Nasdaq,1,,nasdaqtrader
QGRO,American Century U.S. Quality Growth ETF,NYSE Arca,1,,nasdaqtrader
QGRW,WisdomTree U.S. Quality Growth Fund,NYSE Arca,1,,nasdaqtrader
QH,Quhuo Limited - Class A Ordinary Shares,Nasdaq,0,,nasdaqtrader
QHY,WisdomTree U.S. High Yield Corporate Bond Fund,Cboe BZX,1,,nasdaqtrader
QID,ProShares UltraShort QQQ,NYSE Arca,1,,nasdaqtrader
QIDX,Indexperts Quality Earnings Focused ETF,NYSE Arca,1,,nasdaqtrader
QIG,WisdomTree U.S. Corporate Bond Fund,Cboe BZX,1,,nasdaqtrader
QINT,American Century Quality Diversified International ETF,NYSE Arca,1,,nasdaqtrader
QIS,Simplify Multi-QIS Alternative ETF,NYSE Arca,1,,nasdaqtrader
QJL,Corgi Growth & Technology 10% Structured Buffer ETF - July Series,Cboe BZX,1,,nasdaqtrader
QJN,Corgi Growth & Technology 10% Structured Buffer ETF - June Series,Cboe BZX,1,,nasdaqtrader
QJUN,FT Vest Nasdaq-100 Buffer ETF - June,Cboe BZX,1,,nasdaqtrader
QLC,Northern Trust US Quality Large Cap ETF,Cboe BZX,1,,nasdaqtrader
QLD,ProShares Ultra QQQ,NYSE Arca,1,,nasdaqtrader
QLDY,Defiance Nasdaq 100 LightningSpread Income ETF,Nasdaq,1,,nasdaqtrader
QLEP,Quantum Leap Acquisition Corp Class A Ordinary Shares,NYSE,0,,nasdaqtrader
QLEP.W,"Quantum Leap Acquisition Corp Warrants, each whole warrant exercisable for one Class A Ordinary Share at an exercise price of $11.50 per share",NYSE,0,,nasdaqtrader
QLTA,iShares Aaa A Rated Corporate Bond ETF,NYSE Arca,1,,nasdaqtrader
QLTI,GMO International Quality ETF,NYSE Arca,1,,nasdaqtrader
QLTY,GMO U.S. Quality ETF,NYSE Arca,1,,nasdaqtrader
QLV,Northern Trust US Quality Low Volatility ETF,NYSE Arca,1,,nasdaqtrader
QLVD,Northern Trust Developed Markets ex-US Quality Low Volatility ETF,NYSE Arca,1,,nasdaqtrader
QLVE,Northern Trust Emerging Markets Quality Low Volatility ETF,NYSE Arca,1,,nasdaqtrader
QLYS,"Qualys, Inc. - Common Stock",Nasdaq,0,,nasdaqtrader
QMAG,FT Vest Nasdaq-100 Moderate Buffer ETF - August,Cboe BZX,1,,nasdaqtrader
QMAR,FT Vest Nasdaq-100 Buffer ETF - March,Cboe BZX,1,,nasdaqtrader
QMCO,Quantum Corporation - Common Stock,Nasdaq,0,,nasdaqtrader
QMFE,FT Vest Nasdaq-100 Moderate Buffer ETF - February,Cboe BZX,1,,nasdaqtrader
QMID,WisdomTree U.S. MidCap Quality Growth Fund,Nasdaq,1,,nasdaqtrader
QMLS,"QumulusAI, Inc. - Common Stock",Nasdaq,0,,nasdaqtrader
QMMY,FT Vest Nasdaq-100 Moderate Buffer ETF - May,Cboe BZX,1,,nasdaqtrader
QMNV,FT Vest Nasdaq-100 Moderate Buffer ETF - November,Cboe BZX,1,,nasdaqtrader
QMOM,Alpha Architect U.S. Quantitative Momentum ETF,Nasdaq,1,,nasdaqtrader
QMY,Corgi Growth & Technology 10% Structured Buffer ETF - May Series,Cboe BZX,1,,nasdaqtrader
QNBC,QNB Corp. - Common Stock,Nasdaq,0,,nasdaqtrader
QNC,Quantum eMotion Corp. Common Shares,NYSE American,0,,nasdaqtrader
QNCX,"Quince Therapeutics, Inc. - Common Stock",Nasdaq,0,,nasdaqtrader
QNDX,State Street SPDR Portfolio Nasdaq 100 ETF,Nasdaq,1,,nasdaqtrader
QNME,"Quanome Technologies, Inc. - Common Stock",Nasdaq,0,,nasdaqtrader
QNRX,"Quoin Pharmaceuticals, Ltd. - American Depositary Shares",Nasdaq,0,,nasdaqtrader
QNST,"QuinStreet, Inc. - Common Stock",Nasdaq,0,,nasdaqtrader
QNT,Quantinuum Inc. - Class A Common Stock,Nasdaq,0,,nasdaqtrader
QNTM,Quantum Biopharma Ltd. - Class B Subordinate Voting Shares,Nasdaq,0,,nasdaqtrader
QNTU,Tradr 2X Long QNT Daily ETF,Cboe BZX,1,,nasdaqtrader
QNXT,iShares Nasdaq-100 ex Top 30 ETF,Nasdaq,1,,nasdaqtrader
QOWZ,Invesco Nasdaq Free Cash Flow Achievers ETF,Nasdaq,1,,nasdaqtrader
QPUX,Defiance 2X Daily Long Pure Quantum ETF,Nasdaq,1,,nasdaqtrader
QPX,AdvisorShares Q Dynamic Growth ETF,NYSE Arca,1,,nasdaqtrader
QQA,Invesco QQQ Income Advantage ETF,Nasdaq,1,,nasdaqtrader
QQAU,Corgi Growth & Technology 15% Structured Buffer ETF - August Series,Cboe BZX,1,,nasdaqtrader
QQBF,FT Vest Nasdaq-100 Quarterly 15 Buffer ETF,Cboe BZX,1,,nasdaqtrader
QQDN,ProShares UltraShort QQQ Mega,Nasdaq,1,,nasdaqtrader
QQEW,First Trust Nasdaq-100 Select Equal Weight ETF,Nasdaq,1,,nasdaqtrader
QQH,HCM Defender 100 Index ETF,NYSE Arca,1,,nasdaqtrader
QQHG,Invesco QQQ Hedged Advantage ETF,Nasdaq,1,,nasdaqtrader
QQI,Invesco Nasdaq International Innovators 100 ETF,Nasdaq,1,,nasdaqtrader
QQJL,Corgi Growth & Technology 15% Structured Buffer ETF - July Series,Cboe BZX,1,,nasdaqtrader
QQJN,Corgi Growth & Technology 15% Structured Buffer ETF - June Series,Cboe BZX,1,,nasdaqtrader
QQLV,Invesco QQQ Low Volatility ETF,Nasdaq,1,,nasdaqtrader
QQMG,Invesco ESG NASDAQ 100 ETF,Nasdaq,1,,nasdaqtrader
QQMY,Corgi Growth & Technology 15% Structured Buffer ETF - May Series,Cboe BZX,1,,nasdaqtrader
QQQ,"Invesco QQQ Trust, Series 1",Nasdaq,1,,nasdaqtrader
QQQA,ProShares Nasdaq-100 Dorsey Wright Momentum ETF,Nasdaq,1,,nasdaqtrader
QQQB,VistaShares Shield Nasdaq 100 Enhanced Protection ETF,Nasdaq,1,,nasdaqtrader
QQQD,Direxion Daily Magnificent 7 Bear 1X ETF,NYSE Arca,1,,nasdaqtrader
QQQE,Direxion NASDAQ-100 Equal Weighted Index ETF,Nasdaq,1,,nasdaqtrader
QQQG,Pacer Nasdaq 100 Top 50 Cash Cows Growth Leaders ETF,Nasdaq,1,,nasdaqtrader
QQQH,NEOS Nasdaq-100 Hedged Equity Income ETF,Nasdaq,1,,nasdaqtrader
QQQI,NEOS Nasdaq 100 High Income ETF,Nasdaq,1,,nasdaqtrader
QQQJ,Invesco NASDAQ Next Gen 100 ETF,Nasdaq,1,,nasdaqtrader
QQQM,Invesco NASDAQ 100 ETF,Nasdaq,1,,nasdaqtrader
QQQP,Tradr 2X Long Innovation 100 Quarterly ETF,Nasdaq,1,,nasdaqtrader
QQQS,Invesco NASDAQ Future Gen 200 ETF,Nasdaq,1,,nasdaqtrader
QQQT,Defiance Nasdaq 100 Income Target ETF,Nasdaq,1,,nasdaqtrader
QQQU,Direxion Daily Magnificent 7 Bull 2X ETF,NYSE Arca,1,,nasdaqtrader
QQQX,Nuveen NASDAQ 100 Dynamic Overwrite Fund - Closed End Fund,Nasdaq,0,,nasdaqtrader
QQQY,Defiance Nasdaq 100 Weekly Distribution ETF,Nasdaq,1,,nasdaqtrader
QQSE,Corgi Growth & Technology 15% Structured Buffer ETF - September Series,Cboe BZX,1,,nasdaqtrader
QQUP,ProShares Ultra QQQ Mega,Nasdaq,1,,nasdaqtrader
QQWZ,Pacer Cash COWZ 100-Nasdaq 100 Rotator ETF,Nasdaq,1,,nasdaqtrader
QQXL,ProShares Ultra QQQ Top 30,Nasdaq,1,,nasdaqtrader
QQXT,First Trust NASDAQ-100 Ex-Technology Sector Index Fund,Nasdaq,1,,nasdaqtrader
QRED,QuasarEdge Acquisition Corporation Ordinary Shares,NYSE,0,,nasdaqtrader
QRED.R,QuasarEdge Acquisition Corporation Rights to receive one-fourth (1/4) of one Ordinary Share,NYSE,0,,nasdaqtrader
QRED.U,"QuasarEdge Acquisition Corporation Units, each consisting of one Ordinary Share and one right entitling the holder to receive one-fourth (1/4) of one Ordinary Share",NYSE,0,,nasdaqtrader
QRHC,Quest Resource Holding Corporation - Common Stock,Nasdaq,0,,nasdaqtrader
QRMI,Global X NASDAQ 100 Risk Managed Income ETF,Nasdaq,1,,nasdaqtrader
QRVO,"Qorvo, Inc. - Common Stock",Nasdaq,0,,nasdaqtrader
QS,QuantumScape Corporation - Common Stock,Nasdaq,0,,nasdaqtrader
QSE,Corgi Growth & Technology 10% Structured Buffer ETF - September Series,Cboe BZX,1,,nasdaqtrader
QSEA,Quartzsea Acquisition Corporation - Ordinary Shares,Nasdaq,0,,nasdaqtrader
QSEAR,Quartzsea Acquisition Corporation - Rights,Nasdaq,0,,nasdaqtrader
QSEAU,Quartzsea Acquisition Corporation - Units,Nasdaq,0,,nasdaqtrader
QSI,Quantum-Si Incorporated - Class A Common Stock,Nasdaq,0,,nasdaqtrader
QSIG,WisdomTree U.S. Short Term Corporate Bond Fund,Cboe BZX,1,,nasdaqtrader
QSIX,Pacer Metaurus Nasdaq 100 Dividend Multiplier 600 ETF,Nasdaq,1,,nasdaqtrader
QSML,WisdomTree U.S. SmallCap Quality Growth Fund,Nasdaq,1,,nasdaqtrader
QSOL,Invesco Galaxy Solana ETF,Cboe BZX,1,,nasdaqtrader
QSPT,FT Vest Nasdaq-100 Buffer ETF - September,Cboe BZX,1,,nasdaqtrader
QSR,Restaurant Brands International Inc. Common Shares,NYSE,0,,nasdaqtrader
QSU,Defiance Daily Target 2X Long QS ETF,NYSE Arca,1,,nasdaqtrader
QTAC,Q3 All-Season Tactical Advantage ETF,Cboe BZX,1,,nasdaqtrader
QTAP,Innovator Growth Accelerated Plus ETF - April,Cboe BZX,1,,nasdaqtrader
QTEC,First Trust NASDAQ-100-Technology Sector Index Fund,Nasdaq,1,,nasdaqtrader
QTEX,QTREX Quantum Ltd. - Ordinary Shares,Nasdaq,0,,nasdaqtrader
QTI,"QT Imaging Holdings, Inc. - Common Stock",Nasdaq,0,,nasdaqtrader
QTJA,Innovator Growth Accelerated Plus ETF - January,Cboe BZX,1,,nasdaqtrader
QTJL,Innovator Growth Accelerated Plus ETF - July,Cboe BZX,1,,nasdaqtrader
QTOC,Innovator Growth Accelerated Plus ETF - October,Cboe BZX,1,,nasdaqtrader
QTOP,iShares Nasdaq Top 30 Stocks ETF,Nasdaq,1,,nasdaqtrader
QTPI,North Square RCIM Tax-Advantaged Preferred and Income Securities ETF,NYSE Arca,1,,nasdaqtrader
QTR,Global X NASDAQ 100 Tail Risk ETF,Nasdaq,1,,nasdaqtrader
QTRX,Quanterix Corporation - Common Stock,Nasdaq,0,,nasdaqtrader
QTTB,Q32 Bio Inc. - Common Stock,Nasdaq,0,,nasdaqtrader
QTUM,Defiance Quantum ETF,Nasdaq,1,,nasdaqtrader
QTUP,Defiance Long Pure Quantum ETF,Cboe BZX,1,,nasdaqtrader
QTWO,"Q2 Holdings, Inc. Common Stock",NYSE,0,,nasdaqtrader
QUA,Corgi QBTS 2x Daily ETF,Cboe BZX,1,,nasdaqtrader
QUAD,"Quad Graphics, Inc Class A Common Stock",NYSE,0,,nasdaqtrader
QUAL,iShares MSCI USA Quality Factor ETF,Cboe BZX,1,,nasdaqtrader
QUBT,Quantum Computing Inc. - Common Stock,Nasdaq,0,,nasdaqtrader
QUBX,Tradr 2X Long QUBT Daily ETF,Cboe BZX,1,,nasdaqtrader
QUCY,Quantum Cyber N.V. - Ordinary Shares,Nasdaq,0,,nasdaqtrader
QUIK,QuickLogic Corporation - Common Stock,Nasdaq,0,,nasdaqtrader
QUIZ,Zacks Quality International ETF,NYSE Arca,1,,nasdaqtrader
QUMS,Quantumsphere Acquisition Corp. - Ordinary Shares,Nasdaq,0,,nasdaqtrader
QUMSR,Quantumsphere Acquisition Corp. - Rights,Nasdaq,0,,nasdaqtrader
QUMSU,Quantumsphere Acquisition Corp. - Units,Nasdaq,0,,nasdaqtrader
QURE,uniQure N.V. - Ordinary Shares,Nasdaq,0,,nasdaqtrader
QUS,State Street SPDR MSCI USA StrategicFactors ETF,NYSE Arca,1,,nasdaqtrader
QUSA,VistaShares Target 15 USA Quality Income ETF,NYSE Arca,1,,nasdaqtrader
QVAL,Alpha Architect U.S. Quantitative Value ETF,Nasdaq,1,,nasdaqtrader
QVCG,"QVC Group, Inc. - Common Stock",Nasdaq,0,,nasdaqtrader
QVML,Invesco S&P 500 QVM Multi-factor ETF,NYSE Arca,1,,nasdaqtrader
QVMM,Invesco S&P MidCap 400 QVM Multi-factor ETF,NYSE Arca,1,,nasdaqtrader
QVMS,Invesco S&P SmallCap 600 QVM Multi-factor ETF,NYSE Arca,1,,nasdaqtrader
QVMT,Invesco S&P 500 Concentrated QVM ETF,NYSE Arca,1,,nasdaqtrader
QVOL,Infrastructure Capital Nasdaq Option Income ETF,Nasdaq,1,,nasdaqtrader
QVOY,Q3 Active Rotation ETF,Cboe BZX,1,,nasdaqtrader
QWLD,State Street SPDR MSCI World StrategicFactors ETF,NYSE Arca,1,,nasdaqtrader
QXL,Quantum X Labs Inc. - Common Stock,Nasdaq,0,,nasdaqtrader
QXO,"QXO, Inc. Common Stock",NYSE,0,,nasdaqtrader
QXQ,SGI Enhanced Nasdaq-100 ETF,Nasdaq,1,,nasdaqtrader
QYLD,Global X NASDAQ 100 Covered Call ETF,Nasdaq,1,,nasdaqtrader
QYLG,Global X Nasdaq 100 Covered Call & Growth ETF,Nasdaq,1,,nasdaqtrader
R,"Ryder System, Inc. Common Stock",NYSE,0,,nasdaqtrader
RA,Brookfield Real Assets Income Fund Inc. Common Stock,NYSE,0,,nasdaqtrader
RAA,SMI 3Fourteen REAL Asset Allocation ETF,Nasdaq,1,,nasdaqtrader
RAAA,Reckoner Yield Enhanced AAA CLO ETF,NYSE Arca,1,,nasdaqtrader
RAAR,Reckoner Yield Enhanced AAA CLO Reinvesting ETF,NYSE Arca,1,,nasdaqtrader
RAAX,VanEck Real Assets ETF,NYSE Arca,1,,nasdaqtrader
RAAY,Reckoner Yield Enhanced AAA CLO Annual ETF,NYSE Arca,1,,nasdaqtrader
RAC,Rithm Acquisition Corp. Class A Ordinary Shares,NYSE,0,,nasdaqtrader
RAC.U,Rithm Acquisition Corp. Units (each consists of one Class A Ordinary Share and one-third of one redeemable Warrant),NYSE,0,,nasdaqtrader
RAC.W,"Rithm Acquisition Corp. Redeemable warrants, each whole warrant exercisable for one Class A ordinary share at an exercise price of $11.50",NYSE,0,,nasdaqtrader
RACC,Research Alliance Corporation III - Class A Ordinary Shares,Nasdaq,0,,nasdaqtrader
RACD,Research Alliance Corporation IV - Class A Ordinary Shares,Nasdaq,0,,nasdaqtrader
RACE,Ferrari N.V. Common Shares,NYSE,0,,nasdaqtrader
RACK,VanEck Data Center Supply Chain ETF,Cboe BZX,1,,nasdaqtrader
RADX,Radiopharm Theranostics Limited - American Depositary Shares,Nasdaq,0,,nasdaqtrader
RAFE,PIMCO RAFI ESG U.S. ETF,NYSE Arca,1,,nasdaqtrader
RAIL,"Freightcar America, Inc. - Common Stock",Nasdaq,0,,nasdaqtrader
RAIN,"Rain Enhancement Technologies Holdco, Inc. - Class A Common Stock",Nasdaq,0,,nasdaqtrader
RAINW,"Rain Enhancement Technologies Holdco, Inc. - Warrants",Nasdaq,0,,nasdaqtrader
RAL,Ralliant Corporation Common Stock,NYSE,0,,nasdaqtrader
RAM,Roundhill T-REX 2X Long DRAM Daily Target ETF,Cboe BZX,1,,nasdaqtrader
RAML,Leverage Shares 2X Long Memory Daily ETF,Cboe BZX,1,,nasdaqtrader
RAMP,"LiveRamp Holdings, Inc. Common Stock",NYSE,0,,nasdaqtrader
RAMZ,T-REX 2X Inverse DRAM Daily Target ETF,Cboe BZX,1,,nasdaqtrader
RAND,Rand Capital Corporation - Closed End Fund,Nasdaq,0,,nasdaqtrader
RANG,Range Capital Acquisition Corp. - Ordinary Shares,Nasdaq,0,,nasdaqtrader
RANGR,Range Capital Acquisition Corp. - Rights,Nasdaq,0,,nasdaqtrader
RANGU,Range Capital Acquisition Corp. - Units,Nasdaq,0,,nasdaqtrader
RANI,"Rani Therapeutics Holdings, Inc. - Class A Common Stock",Nasdaq,0,,nasdaqtrader
RANK,Defiance KSM TipRanks Analyst ETF,NYSE Arca,1,,nasdaqtrader
RAPP,"Rapport Therapeutics, Inc. - Common Stock",Nasdaq,0,,nasdaqtrader
RARE,Ultragenyx Pharmaceutical Inc. - Common Stock,Nasdaq,0,,nasdaqtrader
RAUS,RACWI US ETF,Nasdaq,1,,nasdaqtrader
RAVE,"Rave Restaurant Group, Inc. - Common Stock",Nasdaq,0,,nasdaqtrader
RAVI,Northern Trust Ultra-Short Fixed Income ETF,NYSE Arca,1,,nasdaqtrader
RAYA,Erayak Power Solution Group Inc. - Class A Ordinary Shares,Nasdaq,0,,nasdaqtrader
RB,ProShares Russell 2000 Dynamic Buffer ETF,Cboe BZX,1,,nasdaqtrader
RBA,"RB Global, Inc. Common Stock",NYSE,0,,nasdaqtrader
RBB,RBB Bancorp - Common Stock,Nasdaq,0,,nasdaqtrader
RBBN,Ribbon Communications Inc.  - Common Stock,Nasdaq,0,,nasdaqtrader
RBC,RBC Bearings Incorporated Common Stock,NYSE,0,,nasdaqtrader
RBCAA,"Republic Bancorp, Inc. - Class A Common Stock",Nasdaq,0,,nasdaqtrader
RBIL,F/m Ultrashort Treasury Inflation-Protected Security (TIPS) ETF,Nasdaq,1,,nasdaqtrader
RBKB,"Rhinebeck Bancorp, Inc. - Common Stock",Nasdaq,0,,nasdaqtrader
RBLD,First Trust Alerian US NextGen Infrastructure ETF,NYSE Arca,1,,nasdaqtrader
RBLU,T-REX 2X Long RBLX Daily Target ETF,Cboe BZX,1,,nasdaqtrader
RBLX,Roblox Corporation Class A Common Stock,NYSE,0,,nasdaqtrader
RBLY,YieldMax RBLX Option Income Strategy ETF,NYSE Arca,1,,nasdaqtrader
RBNE,Robin Energy Ltd. - Common Stock,Nasdaq,0,,nasdaqtrader
RBRK,"Rubrik, Inc. Class A Common Stock",NYSE,0,,nasdaqtrader
RBUF,Innovator U.S. Small Cap 10 Buffer ETF - Quarterly,Cboe BZX,1,,nasdaqtrader
RC,Ready Capital Corporation Common Stock,NYSE,0,,nasdaqtrader
RCAT,"Red Cat Holdings, Inc. - Common Stock",Nasdaq,0,,nasdaqtrader
RCAX,Defiance Daily Target 2x Long RCAT ETF,Nasdaq,1,,nasdaqtrader
RCBC,River City Bank - Common stock,Nasdaq,0,,nasdaqtrader
RCD,Ready Capital Corporation 9.00% Senior Notes due 2029,NYSE,0,,nasdaqtrader
RCEL,"Avita Medical, Inc. - Common Stock",Nasdaq,0,,nasdaqtrader
RCG,"RENN Fund, Inc Common Stock",NYSE American,0,,nasdaqtrader
RCGE,RockCreek Global Equality ETF,Nasdaq,1,,nasdaqtrader
RCI,"Rogers Communication, Inc. Common Stock",NYSE,0,,nasdaqtrader
RCKT,"Rocket Pharmaceuticals, Inc. - Common Stock",Nasdaq,0,,nasdaqtrader
RCKY,"Rocky Brands, Inc. - Common Stock",Nasdaq,0,,nasdaqtrader
RCL,Royal Caribbean Cruises Ltd. Common Stock,NYSE,0,,nasdaqtrader
RCLO,Reckoner BBB-B CLO ETF,NYSE Arca,1,,nasdaqtrader
RCLR,Reckoner BBB-B CLO Reinvesting ETF,NYSE Arca,1,,nasdaqtrader
RCLY,Reckoner BBB-B CLO Annual ETF,NYSE Arca,1,,nasdaqtrader
RCMT,"RCM Technologies, Inc. - Common Stock",Nasdaq,0,,nasdaqtrader
RCON,"Recon Technology, Ltd. - Class A Ordinary Shares",Nasdaq,0,,nasdaqtrader
RCS,"PIMCO Strategic Income Fund, Inc.",NYSE,0,,nasdaqtrader
RCT,RedCloud Holdings plc - Ordinary Shares,Nasdaq,0,,nasdaqtrader
RCTR,First Trust Bloomberg Nuclear Power ETF,NYSE Arca,1,,nasdaqtrader
RCUS,"Arcus Biosciences, Inc. Common Stock",NYSE,0,,nasdaqtrader
RDAC,Rising Dragon Acquisition Corp. - Ordinary Shares,Nasdaq,0,,nasdaqtrader
RDACR,Rising Dragon Acquisition Corp. - Rights,Nasdaq,0,,nasdaqtrader
RDACU,Rising Dragon Acquisition Corp. - Unit,Nasdaq,0,,nasdaqtrader
RDAG,Republic Digital Acquisition Company - Class A Ordinary Shares,Nasdaq,0,,nasdaqtrader
RDAGU,Republic Digital Acquisition Company - Unit,Nasdaq,0,,nasdaqtrader
RDAGW,Republic Digital Acquisition Company - Warrants,Nasdaq,0,,nasdaqtrader
RDCM,Radcom Ltd. - Ordinary Shares,Nasdaq,0,,nasdaqtrader
RDDC,Corgi RDDT 2x Daily ETF,Cboe BZX,1,,nasdaqtrader
RDDT,"Reddit, Inc. Class A Common Stock",NYSE,0,,nasdaqtrader
RDFI,Rareview Dynamic Fixed Income ETF,Cboe BZX,1,,nasdaqtrader
RDGT,"Ridgetech, Inc. - Ordinary Shares",Nasdaq,0,,nasdaqtrader
RDHL,Redhill Biopharma Ltd. - American Depositary Shares,Nasdaq,0,,nasdaqtrader
RDI,Reading International Inc - Class A Non-voting Common Stock,Nasdaq,0,,nasdaqtrader
RDIB,Reading International Inc - Class B Voting Common Stock,Nasdaq,0,,nasdaqtrader
RDIV,Invesco S&P Ultra Dividend Revenue ETF,NYSE Arca,1,,nasdaqtrader
RDN,Radian Group Inc. Common Stock,NYSE,0,,nasdaqtrader
RDNT,"RadNet, Inc. - Common Stock",Nasdaq,0,,nasdaqtrader
RDNW,"RideNow Group, Inc. - Class B Common Stock",Nasdaq,0,,nasdaqtrader
RDOG,ALPS REIT Dividend Dogs ETF,NYSE Arca,1,,nasdaqtrader
RDTE,Roundhill Russell 2000 0DTE Covered Call Strategy ETF,Cboe BZX,1,,nasdaqtrader
RDTL,GraniteShares 2x Long RDDT Daily ETF,Nasdaq,1,,nasdaqtrader
RDTY,YieldMax R2000 0DTE Covered Strategy ETF,Nasdaq,1,,nasdaqtrader
RDVI,FT Vest Rising Dividend Achievers Target Income ETF,Cboe BZX,1,,nasdaqtrader
RDVT,"Red Violet, Inc. - Common Stock",Nasdaq,0,,nasdaqtrader
RDVY,First Trust Rising Dividend Achievers ETF,Nasdaq,1,,nasdaqtrader
RDW,Redwire Corporation Common Stock,NYSE,0,,nasdaqtrader
RDWR,Radware Ltd. - Ordinary Shares,Nasdaq,0,,nasdaqtrader
RDWU,T-REX 2X Long RDW Daily Target ETF,Cboe BZX,1,,nasdaqtrader
RDY,Dr. Reddy's Laboratories Ltd Common Stock,NYSE,0,,nasdaqtrader
RDYY,YieldMax RDDT Option Income Strategy ETF,NYSE Arca,1,,nasdaqtrader
RDZN,"Roadzen, Inc. - Ordinary Shares",Nasdaq,0,,nasdaqtrader
RDZNW,"Roadzen, Inc. - Warrants",Nasdaq,0,,nasdaqtrader
REA,"Rare Earths Americas, Inc. Common Stock",NYSE American,0,,nasdaqtrader
REAI,Intelligent Real Estate ETF,Nasdaq,1,,nasdaqtrader
REAL,"The RealReal, Inc. - Common Stock",Nasdaq,0,,nasdaqtrader
REAX,Real REMAX Group Inc. - Common Stock,Nasdaq,0,,nasdaqtrader
REBN,"Reborn Coffee, Inc. - Common Stock",Nasdaq,0,,nasdaqtrader
RECI,Columbia Research Enhanced Core Premium Income ETF,NYSE Arca,1,,nasdaqtrader
RECS,Columbia Research Enhanced Core ETF,NYSE Arca,1,,nasdaqtrader
RECT,Rectitude Holdings Ltd - Ordinary Shares,Nasdaq,0,,nasdaqtrader
REED,"Reed's, Inc. Common Stock",NYSE American,0,,nasdaqtrader
REET,iShares Global REIT ETF,NYSE Arca,1,,nasdaqtrader
REF,Reformation Inc. Common Stock,NYSE,0,,nasdaqtrader
REFA,Columbia Research Enhanced International Equity ETF,NYSE Arca,1,,nasdaqtrader
REFI,"Chicago Atlantic Real Estate Finance, Inc. - Common Stock",Nasdaq,0,,nasdaqtrader
REFR,Research Frontiers Incorporated - Common Stock,Nasdaq,0,,nasdaqtrader
REG,Regency Centers Corporation - Common Stock,Nasdaq,0,,nasdaqtrader
REGCO,Regency Centers Corporation - 5.875% Series B Cumulative Redeemable Preferred Stock,Nasdaq,0,,nasdaqtrader
REGCP,Regency Centers Corporation - 6.25% Series A Cumulative Redeemable Preferred Stock,Nasdaq,0,,nasdaqtrader
REGL,ProShares S&P MidCap 400 Dividend Aristocrats ETF,Cboe BZX,1,,nasdaqtrader
REGN,"Regeneron Pharmaceuticals, Inc. - Common Stock",Nasdaq,0,,nasdaqtrader
REGS,Columbia Large Cap Growth ETF,NYSE Arca,1,,nasdaqtrader
REI,"Ring Energy, Inc. Common Stock",NYSE American,0,,nasdaqtrader
REIT,ALPS Active REIT ETF,Nasdaq,1,,nasdaqtrader
REIX,NYLIM CBRE Real Estate & Infrastructure ETF,NYSE Arca,1,,nasdaqtrader
REK,ProShares Short Real Estate,NYSE Arca,1,,nasdaqtrader
REKR,"Rekor Systems, Inc. - Common Stock",Nasdaq,0,,nasdaqtrader
RELL,"Richardson Electronics, Ltd. - Common Stock",Nasdaq,0,,nasdaqtrader
RELX,RELX PLC PLC American Depositary Shares (Each representing One Ordinary Share),NYSE,0,,nasdaqtrader
RELY,"Remitly Global, Inc. - Common stock",Nasdaq,0,,nasdaqtrader
REM,iShares Mortgage Real Estate ETF,Cboe BZX,1,,nasdaqtrader
REMC,Columbia Research Enhanced Mid Cap ETF,NYSE Arca,1,,nasdaqtrader
REMG,Russell Investments Emerging Markets Equity ETF,Nasdaq,1,,nasdaqtrader
REMX,VanEck Rare Earth and Strategic Metals ETF,NYSE Arca,1,,nasdaqtrader
RENT,"Rent the Runway, Inc. - Class A Common Stock",Nasdaq,0,,nasdaqtrader
RENX,RenX Enterprises Corp. - Common Stock,Nasdaq,0,,nasdaqtrader
REPL,"Replimune Group, Inc. - Common Stock",Nasdaq,0,,nasdaqtrader
REPX,"Riley Exploration Permian, Inc. Common Stock",NYSE American,0,,nasdaqtrader
RERE,ATRenew Inc. American Depositary Shares (every three of which representing two Class A ordinary shares),NYSE,0,,nasdaqtrader
RES,"RPC, Inc. Common Stock",NYSE,0,,nasdaqtrader
RESM,Columbia Research Enhanced Small Cap ETF,NYSE Arca,1,,nasdaqtrader
RETL,Direxion Daily Retail Bull 3X ETF,NYSE Arca,1,,nasdaqtrader
RETO,"ReTo Eco-Solutions, Inc. - Class A Shares",Nasdaq,0,,nasdaqtrader
REVB,"Revelation Biosciences, Inc. - Common Stock",Nasdaq,0,,nasdaqtrader
REVBW,"Revelation Biosciences, Inc. - Warrant",Nasdaq,0,,nasdaqtrader
REVS,Columbia Research Enhanced Value ETF,NYSE Arca,1,,nasdaqtrader
REW,ProShares UltraShort Technology,NYSE Arca,1,,nasdaqtrader
REX,REX American Resources Corporation,NYSE,0,,nasdaqtrader
REXC,Sprott Rare Earths Ex-China ETF,Nasdaq,1,,nasdaqtrader
REXR,"Rexford Industrial Realty, Inc. Common Stock",NYSE,0,,nasdaqtrader
REYN,Reynolds Consumer Products Inc. - Common Stock,Nasdaq,0,,nasdaqtrader
REZ,iShares Residential and Multisector Real Estate ETF,NYSE Arca,1,,nasdaqtrader
REZI,"Resideo Technologies, Inc. Common Stock",NYSE,0,,nasdaqtrader
RF,Regions Financial Corporation Common Stock,NYSE,0,,nasdaqtrader
RFAI,RF Acquisition Corp II - Ordinary Shares,Nasdaq,0,,nasdaqtrader
RFAIR,RF Acquisition Corp II - Right,Nasdaq,0,,nasdaqtrader
RFAIU,RF Acquisition Corp II - Unit,Nasdaq,0,,nasdaqtrader
RFAM,RF Acquisition Corp III - Ordinary Shares,Nasdaq,0,,nasdaqtrader
RFAMR,RF Acquisition Corp III - Rights,Nasdaq,0,,nasdaqtrader
RFAMU,RF Acquisition Corp III - Units,Nasdaq,0,,nasdaqtrader
RFCI,ALPS Dynamic Core Income ETF,NYSE Arca,1,,nasdaqtrader
RFDA,ALPS Dynamic US Dividend Advantage ETF,NYSE Arca,1,,nasdaqtrader
RFFC,ALPS Active Equity Opportunity ETF,NYSE Arca,1,,nasdaqtrader
RFG,Invesco S&P MidCap 400 Pure Growth ETF,NYSE Arca,1,,nasdaqtrader
RFI,"Cohen & Steers Total Return Realty Fund, Inc. Common Stock",NYSE,0,,nasdaqtrader
RFIL,"RF Industries, Ltd. - Common Stock",Nasdaq,0,,nasdaqtrader
RFIX,Simplify Bond Bull ETF,NYSE Arca,1,,nasdaqtrader
RFL,"Rafael Holdings, Inc. Class B Common Stock",NYSE,0,,nasdaqtrader
RFLR,Innovator U.S. Small Cap Managed Floor ETF,NYSE Arca,1,,nasdaqtrader
RFM,"RiverNorth Flexible Municipal Income Fund, Inc. Common Stock",NYSE,0,,nasdaqtrader
RFMZ,"RiverNorth Flexible Municipal Income Fund II, Inc. Common Stock",NYSE,0,,nasdaqtrader
RFV,Invesco S&P MidCap 400 Pure Value ETF,NYSE Arca,1,,nasdaqtrader
RGA,"Reinsurance Group of America, Incorporated Common Stock",NYSE,0,,nasdaqtrader
RGC,Regencell Bioscience Holdings Limited - Ordinary Shares,Nasdaq,0,,nasdaqtrader
RGCO,RGC Resources Inc. - Common Stock,Nasdaq,0,,nasdaqtrader
RGEF,Rockefeller Global Equity ETF,NYSE Arca,1,,nasdaqtrader
RGEN,Repligen Corporation - Common Stock,Nasdaq,0,,nasdaqtrader
RGLD,"Royal Gold, Inc. - Common Stock",Nasdaq,0,,nasdaqtrader
RGLO,Russell Investments Global Equity ETF,Nasdaq,1,,nasdaqtrader
RGNT,Regentis Biomaterials Ltd. Ordinary Shares,NYSE American,0,,nasdaqtrader
RGNX,REGENXBIO Inc. - Common Stock,Nasdaq,0,,nasdaqtrader
RGP,"Resources Connection, Inc. - Common Stock",Nasdaq,0,,nasdaqtrader
RGR,"Sturm, Ruger & Company, Inc. Common Stock",NYSE,0,,nasdaqtrader
RGS,Regis Corporation - Common Stock,Nasdaq,0,,nasdaqtrader
RGT,"Royce Global Trust, Inc. Common Stock",NYSE,0,,nasdaqtrader
RGTC,Corgi RGTI 2x Daily ETF,Cboe BZX,1,,nasdaqtrader
RGTI,"Rigetti Computing, Inc.  - Common stock",Nasdaq,0,,nasdaqtrader
RGTIW,"Rigetti Computing, Inc.  - Redeemable warrants, each whole warrant exercisable for one Class A ordinary share at an exercise price of $11.50",Nasdaq,0,,nasdaqtrader
RGTU,Tradr 2X Long RGTI Daily ETF,Cboe BZX,1,,nasdaqtrader
RGTX,Defiance Daily Target 2X Long RGTI ETF,Nasdaq,1,,nasdaqtrader
RGTZ,Defiance Daily Target 2x Short RGTI ETF,Nasdaq,1,,nasdaqtrader
RGYY,GraniteShares YieldBoost RGTI ETF,Nasdaq,1,,nasdaqtrader
RH,RH Common Stock,NYSE,0,,nasdaqtrader
RHI,Robert Half Inc. Common Stock,NYSE,0,,nasdaqtrader
RHLD,Resolute Holdings Management Common Stock,NYSE,0,,nasdaqtrader
RHP,"Ryman Hospitality Properties, Inc. (REIT)",NYSE,0,,nasdaqtrader
RHRX,Adaptive Tactical Rotation ETF,NYSE Arca,1,,nasdaqtrader
RHTX,RH Tactical Outlook ETF,NYSE Arca,1,,nasdaqtrader
RIBB,Ribbon Acquisition Corp - Class A Ordinary Shares,Nasdaq,0,,nasdaqtrader
RIBBR,Ribbon Acquisition Corp - Rights,Nasdaq,0,,nasdaqtrader
RIBBU,Ribbon Acquisition Corp - Unit,Nasdaq,0,,nasdaqtrader
RICK,"RCI Hospitality Holdings, Inc. - Common Stock",Nasdaq,0,,nasdaqtrader
RIET,Hoya Capital High Dividend Yield ETF,NYSE Arca,1,,nasdaqtrader
RIFR,Russell Investments Global Infrastructure ETF,Nasdaq,1,,nasdaqtrader
RIG,Transocean Ltd (Switzerland) Common Stock,NYSE,0,,nasdaqtrader
RIGL,"Rigel Pharmaceuticals, Inc. - Common Stock",Nasdaq,0,,nasdaqtrader
RIGS,ALPS Strategic Income Fund,NYSE Arca,1,,nasdaqtrader
RILA,Indexperts Gorilla Aggressive Growth ETF,NYSE Arca,1,,nasdaqtrader
RILY,"BRC Group Holdings, Inc. - Common Stock",Nasdaq,0,,nasdaqtrader
RILYG,"BRC Group Holdings, Inc. - 5.00% Senior Notes due 2026",Nasdaq,0,,nasdaqtrader
RILYL,"BRC Group Holdings, Inc. - Depositary Shares, each representing a 1/1000th fractional interest in a share of Series B Cumulative Perpetual Preferred Stock",Nasdaq,0,,nasdaqtrader
RILYP,"BRC Group Holdings, Inc. - Depositary Shares, each representing a 1/1000th fractional interest in a share of Series A Cumulative Perpetual Preferred Stock",Nasdaq,0,,nasdaqtrader
RILYT,"BRC Group Holdings, Inc. - 6.00% Senior Notes Due 2028",Nasdaq,0,,nasdaqtrader
RILYZ,"BRC Group Holdings, Inc. - 5.25% Senior Notes due 2028",Nasdaq,0,,nasdaqtrader
RIME,"Algorhythm Holdings, Inc. - Common Stock",Nasdaq,0,,nasdaqtrader
RINF,ProShares Inflation Expectations ETF,NYSE Arca,1,,nasdaqtrader
RING,iShares MSCI Global Gold Miners ETF,Nasdaq,1,,nasdaqtrader
RINT,Russell Investments International Developed Equity ETF,Nasdaq,1,,nasdaqtrader
RIO,Rio Tinto Plc Common Stock,NYSE,0,,nasdaqtrader
RIOT,"Riot Platforms, Inc. - Common Stock",Nasdaq,0,,nasdaqtrader
RIOX,Defiance Daily Target 2X Long RIOT ETF,NYSE Arca,1,,nasdaqtrader
RISE,Pictet Emerging Markets Rising Economies ETF,NYSE Arca,1,,nasdaqtrader
RISN,Inspire Capital Appreciation ETF,NYSE Arca,1,,nasdaqtrader
RISR,FolioBeyond Alternative Income and Interest Rate Hedge ETF,NYSE Arca,1,,nasdaqtrader
RITA,ETFB Green SRI REITs ETF,NYSE Arca,1,,nasdaqtrader
RITM,Rithm Capital Corp. Common Stock,NYSE,0,,nasdaqtrader
RIV,"RiverNorth Opportunities Fund, Inc. Common Stock",NYSE,0,,nasdaqtrader
RIVC,Corgi RIVN 2x Daily ETF,Cboe BZX,1,,nasdaqtrader
RIVN,"Rivian Automotive, Inc. - Class A Common Stock",Nasdaq,0,,nasdaqtrader
RIZE,Principal Inflation Protection ETF,Cboe BZX,1,,nasdaqtrader
RJCA,RJ ClariVest Capital Appreciation ETF,NYSE Arca,1,,nasdaqtrader
RJDI,RJ Eagle GCM Dividend Select Income ETF,NYSE Arca,1,,nasdaqtrader
RJET,Republic Airways Holdings Inc. - Common Stock,Nasdaq,0,,nasdaqtrader
RJF,"Raymond James Financial, Inc. Common Stock",NYSE,0,,nasdaqtrader
RJMI,RJ Eagle Municipal Income ETF,NYSE Arca,1,,nasdaqtrader
RJVI,RJ Eagle Vertical Income ETF,NYSE Arca,1,,nasdaqtrader
RKDA,"Arcadia Biosciences, Inc. - Common Stock",Nasdaq,0,,nasdaqtrader
RKLB,Rocket Lab Corporation - Common Stock,Nasdaq,0,,nasdaqtrader
RKLX,Defiance Daily Target 2X Long RKLB ETF,Nasdaq,1,,nasdaqtrader
RKLZ,Defiance Daily Target 2x Short RKLB ETF,Nasdaq,1,,nasdaqtrader
RKNG,Defiance Retail Kings ETF,Nasdaq,1,,nasdaqtrader
RKSG,Ruk Strategic Growth ETF,NYSE Arca,1,,nasdaqtrader
RKT,"Rocket Companies, Inc. Class A Common Stock",NYSE,0,,nasdaqtrader
RKTO,Rocket One Inc. - Common Stock,Nasdaq,0,,nasdaqtrader
RKX,Corgi RKLB 2x Daily ETF,Cboe BZX,1,,nasdaqtrader
RL,Ralph Lauren Corporation Common Stock,NYSE,0,,nasdaqtrader
RLAY,"Relay Therapeutics, Inc. - Common Stock",Nasdaq,0,,nasdaqtrader
RLGT,"Radiant Logistics, Inc. Common Stock",NYSE American,0,,nasdaqtrader
RLI,RLI Corp. Common Stock (DE),NYSE,0,,nasdaqtrader
RLJ,RLJ Lodging Trust Common Shares of Beneficial Interest $0.01 par value,NYSE,0,,nasdaqtrader
RLMD,"Relmada Therapeutics, Inc. - Common Stock",Nasdaq,0,,nasdaqtrader
RLTY,Cohen & Steers Real Estate Opportunities and Income Fund Common Shares of Beneficial Interest,NYSE,0,,nasdaqtrader
RLX,"RLX Technology Inc. American Depositary Shares, each representing the right to receive one (1) Class A ordinary share",NYSE,0,,nasdaqtrader
RLY,State Street Multi-Asset Real Return ETF,NYSE Arca,1,,nasdaqtrader
RLYB,Rallybio Corporation - Common Stock,Nasdaq,0,,nasdaqtrader
RM,Regional Management Corp. Common Stock,NYSE,0,,nasdaqtrader
RMBC,Corgi RMBS 2x Daily ETF,Cboe BZX,1,,nasdaqtrader
RMBI,"Richmond Mutual Bancorporation, Inc. - Common Stock",Nasdaq,0,,nasdaqtrader
RMBS,"Rambus, Inc. - Common Stock",Nasdaq,0,,nasdaqtrader
RMBX,Tradr 2X Long RMBS Daily ETF,Cboe BZX,1,,nasdaqtrader
RMCA,Rockefeller California Municipal Bond ETF,NYSE Arca,1,,nasdaqtrader
RMCF,"Rocky Mountain Chocolate Factory, Inc. - Common Stock",Nasdaq,0,,nasdaqtrader
RMCO,Royalty Management Holding Corporation - Class A Common Stock,Nasdaq,0,,nasdaqtrader
RMCOW,Royalty Management Holding Corporation - Warrant,Nasdaq,0,,nasdaqtrader
RMD,ResMed Inc. Common Stock,NYSE,0,,nasdaqtrader
RMHY,Global X Adaptive Risk Managed Yield ETF,NYSE Arca,1,,nasdaqtrader
RMI,"RiverNorth Opportunistic Municipal Income Fund, Inc. Common Stock",NYSE,0,,nasdaqtrader
RMIX,"Suncrete, Inc. - Class A Common Stock",Nasdaq,0,,nasdaqtrader
RML,Resolution Minerals Ltd - American Depositary Shares,Nasdaq,0,,nasdaqtrader
RMM,"RiverNorth Managed Duration Municipal Income Fund, Inc. Common Stock",NYSE,0,,nasdaqtrader
RMME,Rareview Government Money Market ETF,Cboe BZX,1,,nasdaqtrader
RMMZ,"RiverNorth Managed Duration Municipal Income Fund II, Inc. Common Stock",NYSE,0,,nasdaqtrader
RMNI,"Rimini Street, Inc. - Common Stock",Nasdaq,0,,nasdaqtrader
RMNY,Rockefeller New York Municipal Bond ETF,NYSE Arca,1,,nasdaqtrader
RMOP,Rockefeller Opportunistic Municipal Bond ETF,NYSE Arca,1,,nasdaqtrader
RMR,The RMR Group Inc. - Class A Common Stock,Nasdaq,0,,nasdaqtrader
RMRC,ARMOR Core Risk-Managed ETF,NYSE Arca,1,,nasdaqtrader
RMSG,Real Messenger Corporation - Ordinary Shares,Nasdaq,0,,nasdaqtrader
RMSGW,Real Messenger Corporation - Warrants,Nasdaq,0,,nasdaqtrader
RMT,"Royce Micro-Cap Trust, Inc. Common Stock",NYSE,0,,nasdaqtrader
RMTI,"Rockwell Medical, Inc. - Common Stock",Nasdaq,0,,nasdaqtrader
RNA,"Atrium Therapeutics, Inc. - Common Stock",Nasdaq,0,,nasdaqtrader
RNAC,"Cartesian Therapeutics, Inc. - Common Stock",Nasdaq,0,,nasdaqtrader
RNAQ,Rainier Acquisition Corporation - Class A Ordinary Shares,Nasdaq,0,,nasdaqtrader
RNAQU,Rainier Acquisition Corporation - Units,Nasdaq,0,,nasdaqtrader
RNAQW,Rainier Acquisition Corporation - Warrants,Nasdaq,0,,nasdaqtrader
RNAZ,"TransCode Therapeutics, Inc. - Common Stock",Nasdaq,0,,nasdaqtrader
RND,First Trust Bloomberg R&D Leaders ETF,NYSE Arca,1,,nasdaqtrader
RNEM,Emerging Markets Equity Select ETF,Nasdaq,1,,nasdaqtrader
RNG,"RingCentral, Inc. Class A Common Stock",NYSE,0,,nasdaqtrader
RNGR,"Ranger Energy Services, Inc. Class A Common Stock",NYSE,0,,nasdaqtrader
RNGT,Range Capital Acquisition Corp II - Class A Ordinary Shares,Nasdaq,0,,nasdaqtrader
RNGTU,Range Capital Acquisition Corp II - Units,Nasdaq,0,,nasdaqtrader
RNGTW,Range Capital Acquisition Corp II - Warrants,Nasdaq,0,,nasdaqtrader
RNIN,Bushido Capital US SMID Cap Equity ETF,Nasdaq,1,,nasdaqtrader
RNMN,RiverNorth Market Neutral ETF,Cboe BZX,1,,nasdaqtrader
RNP,"Cohen & Steers REIT and Preferred and Income Fund, Inc. Common Shares",NYSE,0,,nasdaqtrader
RNR,RenaissanceRe Holdings Ltd. Common Stock,NYSE,0,,nasdaqtrader
RNRG,Global X Renewable Energy Producers ETF,Nasdaq,1,,nasdaqtrader
RNST,Renasant Corporation Common Stock,NYSE,0,,nasdaqtrader
RNTX,"Rein Therapeutics, Inc. - Common Stock",Nasdaq,0,,nasdaqtrader
RNTY,YieldMax Target 12 Real Estate Option Income ETF,NYSE Arca,1,,nasdaqtrader
RNW,ReNew Energy Global plc - Class A Shares,Nasdaq,0,,nasdaqtrader
RNXT,"RenovoRx, Inc. - Common Stock",Nasdaq,0,,nasdaqtrader
ROAD,"Construction Partners, Inc. - Common Stock",Nasdaq,0,,nasdaqtrader
ROAM,Hartford Multifactor Emerging Markets ETF,NYSE Arca,1,,nasdaqtrader
ROBN,T-Rex 2X Long HOOD Daily Target ETF,Cboe BZX,1,,nasdaqtrader
ROBO,ROBO Global Robotics and Automation Index ETF,NYSE Arca,1,,nasdaqtrader
ROBT,First Trust Nasdaq Artificial Intelligence and Robotics ETF,Nasdaq,1,,nasdaqtrader
ROBX,Amplify Top 10 Robotics ETF,NYSE Arca,1,,nasdaqtrader
ROC,Rank One Computing Corporation - Common stock,Nasdaq,0,,nasdaqtrader
ROCK,"Gibraltar Industries, Inc. - Common Stock",Nasdaq,0,,nasdaqtrader
ROCQ,JPMorgan Nasdaq Equity Premium Yield ETF,Nasdaq,1,,nasdaqtrader
ROCY,JPMorgan Equity Premium Yield ETF,Nasdaq,1,,nasdaqtrader
RODM,Hartford Multifactor Developed Markets (ex-US) ETF,NYSE Arca,1,,nasdaqtrader
ROE,Astoria US Equal Weight Quality Kings ETF,Nasdaq,1,,nasdaqtrader
ROG,Rogers Corporation Common Stock,NYSE,0,,nasdaqtrader
ROIV,Roivant Sciences Ltd. - Common Shares,Nasdaq,0,,nasdaqtrader
ROK,"Rockwell Automation, Inc. Common Stock",NYSE,0,,nasdaqtrader
ROKT,State Street SPDR S&P Kensho Final Frontiers ETF,NYSE Arca,1,,nasdaqtrader
ROKU,"Roku, Inc. - Class A Common Stock",Nasdaq,0,,nasdaqtrader
ROL,"Rollins, Inc. Common Stock",NYSE,0,,nasdaqtrader
ROLR,"High Roller Technologies, Inc. Common Stock",NYSE American,0,,nasdaqtrader
ROM,ProShares Ultra Technology,NYSE Arca,1,,nasdaqtrader
ROMA,Roma Green Finance Limited - Class A Ordinary Shares,Nasdaq,0,,nasdaqtrader
ROMO,Strategy Shares Newfound/ReSolve Robust Momentum ETF,Cboe BZX,1,,nasdaqtrader
RONB,Baron First Principles ETF,NYSE,1,,nasdaqtrader
ROOT,"Root, Inc. - Common Stock",Nasdaq,0,,nasdaqtrader
ROP,"Roper Technologies, Inc. - Common Stock",Nasdaq,0,,nasdaqtrader
ROPE,Coastal Compass 100 ETF,NYSE Arca,1,,nasdaqtrader
ROSC,Hartford Multifactor Small Cap ETF,NYSE Arca,1,,nasdaqtrader
ROST,"Ross Stores, Inc. - Common Stock",Nasdaq,0,,nasdaqtrader
ROUS,Hartford Multifactor U.S. Equity ETF,NYSE Arca,1,,nasdaqtrader
RPAR,RPAR Risk Parity ETF,NYSE Arca,1,,nasdaqtrader
RPAY,Repay Holdings Corporation - Class A Common Stock,Nasdaq,0,,nasdaqtrader
RPC,"Ridgepost Capital, Inc. Class A Common Stock",NYSE,0,,nasdaqtrader
RPD,"Rapid7, Inc. - Common Stock",Nasdaq,0,,nasdaqtrader
RPG,Invesco S&P 500 Pure Growth ETF,NYSE Arca,1,,nasdaqtrader
RPGL,Republic Power Group Limited - Class A Ordinary Shares,Nasdaq,0,,nasdaqtrader
RPID,"Rapid Micro Biosystems, Inc. - Class A Common Stock",Nasdaq,0,,nasdaqtrader
RPM,RPM International Inc. Common Stock,NYSE,0,,nasdaqtrader
RPRX,Royalty Pharma plc - Class A Ordinary Shares,Nasdaq,0,,nasdaqtrader
RPT,Rithm Property Trust Inc. Common stock,NYSE,0,,nasdaqtrader
RPV,Invesco S&P 500 Pure Value ETF,NYSE Arca,1,,nasdaqtrader
RQI,Cohen & Steers Quality Income Realty Fund Inc Common Shares,NYSE,0,,nasdaqtrader
RR,Richtech Robotics Inc. - Class B Common Stock,Nasdaq,0,,nasdaqtrader
RRBI,"Red River Bancshares, Inc. - Common Stock",Nasdaq,0,,nasdaqtrader
RRC,Range Resources Corporation Common Stock,NYSE,0,,nasdaqtrader
RREV,RRE Ventures Acquisition Corp. - Class A Ordinary Shares,Nasdaq,0,,nasdaqtrader
RREVU,RRE Ventures Acquisition Corp. - Units,Nasdaq,0,,nasdaqtrader
RREVW,RRE Ventures Acquisition Corp. - Warrants,Nasdaq,0,,nasdaqtrader
RRGB,"Red Robin Gourmet Burgers, Inc. - Common Stock",Nasdaq,0,,nasdaqtrader
RRR,"Red Rock Resorts, Inc. - Class A Common Stock",Nasdaq,0,,nasdaqtrader
RRX,Regal Rexnord Corporation Common Stock,NYSE,0,,nasdaqtrader
RS,"Reliance, Inc. Common Stock",NYSE,0,,nasdaqtrader
RSBA,Return Stacked Bonds & Merger Arbitrage ETF,Cboe BZX,1,,nasdaqtrader
RSBT,Return Stacked Bonds & Managed Futures ETF,Cboe BZX,1,,nasdaqtrader
RSBY,Return Stacked Bonds & Futures Yield ETF,Cboe BZX,1,,nasdaqtrader
RSDE,FT Vest U.S. Equity Equal Weight Buffer ETF - December,NYSE Arca,1,,nasdaqtrader
RSEE,Rareview Systematic Equity ETF,Cboe BZX,1,,nasdaqtrader
RSF,RiverNorth Capital and Income Fund Common Stock,NYSE,0,,nasdaqtrader
RSG,"Republic Services, Inc. Common Stock",NYSE,0,,nasdaqtrader
RSI,"Rush Street Interactive, Inc. Class A Common Stock",NYSE,0,,nasdaqtrader
RSIT,Return Stacked International Stocks & Managed Futures ETF,Cboe BZX,1,,nasdaqtrader
RSJN,FT Vest U.S. Equity Equal Weight Buffer ETF - June,NYSE Arca,1,,nasdaqtrader
RSKD,Riskified Ltd. Class A Ordinary Shares,NYSE,0,,nasdaqtrader
RSMC,Rockefeller U.S. Small-Mid Cap ETF,NYSE Arca,1,,nasdaqtrader
RSMR,FT Vest U.S. Equity Equal Weight Buffer ETF - March,NYSE Arca,1,,nasdaqtrader
RSMV,Relative Strength Managed Volatility Strategy ETF,NYSE Arca,1,,nasdaqtrader
RSP,Invesco S&P 500 Equal Weight ETF,NYSE Arca,1,,nasdaqtrader
RSPA,Invesco S&P 500 Equal Weight Income Advantage ETF,NYSE Arca,1,,nasdaqtrader
RSPC,Invesco S&P 500 Equal Weight Communication Services ETF,NYSE Arca,1,,nasdaqtrader
RSPD,Invesco S&P 500 Equal Weight Consumer Discretionary ETF,NYSE Arca,1,,nasdaqtrader
RSPE,Invesco ESG S&P 500 Equal Weight ETF,NYSE Arca,1,,nasdaqtrader
RSPF,Invesco S&P 500 Equal Weight Financial ETF,NYSE Arca,1,,nasdaqtrader
RSPG,Invesco S&P 500 Equal Weight Energy ETF,NYSE Arca,1,,nasdaqtrader
RSPH,Invesco S&P 500 Equal Weight Health Care ETF,NYSE Arca,1,,nasdaqtrader
RSPM,Invesco S&P 500 Equal Weight Materials ETF,NYSE Arca,1,,nasdaqtrader
RSPN,Invesco S&P 500 Equal Weight Industrials Portfolio,NYSE Arca,1,,nasdaqtrader
RSPR,Invesco S&P 500 Equal Weight Real Estate ETF,NYSE Arca,1,,nasdaqtrader
RSPS,Invesco S&P 500 Equal Weight Consumer Staples ETF,NYSE Arca,1,,nasdaqtrader
RSPT,Invesco S&P 500 Equal Weight Technology ETF,NYSE Arca,1,,nasdaqtrader
RSPU,Invesco S&P 500 Equal Weight Utilities ETF,NYSE Arca,1,,nasdaqtrader
RSSB,Return Stacked Global Stocks & Bonds ETF,Cboe BZX,1,,nasdaqtrader
RSSE,FT Vest U.S. Equity Equal Weight Buffer ETF  September,NYSE Arca,1,,nasdaqtrader
RSSL,Global X Russell 2000 ETF,NYSE Arca,1,,nasdaqtrader
RSSS,"Research Solutions, Inc - Common Stock",Nasdaq,0,,nasdaqtrader
RSST,Return Stacked U.S. Stocks & Managed Futures ETF,Cboe BZX,1,,nasdaqtrader
RSSX,Return Stacked U.S. Stocks & Gold/Bitcoin ETF,Cboe BZX,1,,nasdaqtrader
RSSY,Return Stacked U.S. Stocks & Futures Yield ETF,Cboe BZX,1,,nasdaqtrader
RSVR,"Reservoir Media, Inc.. - Common Stock",Nasdaq,0,,nasdaqtrader
RTAC,Renatus Tactical Acquisition Corp I - Class A Ordinary Shares,Nasdaq,0,,nasdaqtrader
RTACU,Renatus Tactical Acquisition Corp I - Unit,Nasdaq,0,,nasdaqtrader
RTACW,Renatus Tactical Acquisition Corp I - Warrant,Nasdaq,0,,nasdaqtrader
RTAI,Rareview Tax Advantaged Income ETF,Cboe BZX,1,,nasdaqtrader
RTB,"RTB Digital, Inc. - Common Stock",Nasdaq,0,,nasdaqtrader
RTH,VanEck Retail ETF,Nasdaq,1,,nasdaqtrader
RTO,Rentokil Initial plc American Depositary Shares (each representing five (5) Ordinary Shares),NYSE,0,,nasdaqtrader
RTOO,VistaShares Robotics Supercycle ETF,NYSE Arca,1,,nasdaqtrader
RTRE,Rareview Total Return Bond ETF,Cboe BZX,1,,nasdaqtrader
RTX,RTX Corporation Common Stock,NYSE,0,,nasdaqtrader
RTXG,Leverage Shares 2X Long RTX Daily ETF,Nasdaq,1,,nasdaqtrader
RTYY,GraniteShares YieldBoost RIOT ETF,Nasdaq,1,,nasdaqtrader
RUBI,Rubico Inc. - Common Stock,Nasdaq,0,,nasdaqtrader
RULE,Adaptive Core ETF,Cboe BZX,1,,nasdaqtrader
RUM,RUM Group Inc. - Class A Common Stock,Nasdaq,0,,nasdaqtrader
RUMBW,RUM Group Inc. - Warrant,Nasdaq,0,,nasdaqtrader
RUN,Sunrun Inc. - Common Stock,Nasdaq,0,,nasdaqtrader
RUNN,Running Oak Efficient Growth ETF,Nasdaq,1,,nasdaqtrader
RUSC,Russell Investments U.S. Small Cap Equity ETF,Nasdaq,1,,nasdaqtrader
RUSHA,"Rush Enterprises, Inc. - Class A Common Stock",Nasdaq,0,,nasdaqtrader
RUSHB,"Rush Enterprises, Inc. - Class B Common Stock",Nasdaq,0,,nasdaqtrader
RVER,Trenchless Fund ETF,NYSE Arca,1,,nasdaqtrader
RVI,Robinhood Ventures Fund I Common Shares of Beneficial Interest,NYSE,0,,nasdaqtrader
RVII,Robinhood Ventures Fund II Common Shares of Beneficial Interest,NYSE,0,,nasdaqtrader
RVLV,"Revolve Group, Inc. Class A Common Stock",NYSE,0,,nasdaqtrader
RVMD,"Revolution Medicines, Inc. - Common Stock",Nasdaq,0,,nasdaqtrader
RVMDW,"Revolution Medicines, Inc. - Warrant",Nasdaq,0,,nasdaqtrader
RVNL,GraniteShares 2x Long RIVN Daily ETF,Nasdaq,1,,nasdaqtrader
RVNU,Xtrackers Municipal Infrastructure Revenue Bond Active ETF,NYSE Arca,1,,nasdaqtrader
RVP,"Retractable Technologies, Inc. Common Stock",NYSE American,0,,nasdaqtrader
RVSB,Riverview Bancorp Inc - Common Stock,Nasdaq,0,,nasdaqtrader
RVSN,Rail Vision Ltd. - Ordinary Shares,Nasdaq,0,,nasdaqtrader
RVSNW,Rail Vision Ltd. - Warrant,Nasdaq,0,,nasdaqtrader
RVT,"Royce Small-Cap Trust, Inc. Common Stock",NYSE,0,,nasdaqtrader
RVTY,"Revvity, Inc. Common Stock",NYSE,0,,nasdaqtrader
RW,Rainwater Equity ETF,NYSE Arca,1,,nasdaqtrader
RWAY,Runway Growth Finance Corp. - Common Stock,Nasdaq,0,,nasdaqtrader
RWAYI,Runway Growth Finance Corp. - 7.25% Notes due 2031,Nasdaq,0,,nasdaqtrader
RWAYL,Runway Growth Finance Corp. - 7.50% Notes due 2027,Nasdaq,0,,nasdaqtrader
RWEM,Rayliant Wilshire NxtGen Emerging Markets Equity ETF,NYSE Arca,1,,nasdaqtrader
RWIN,Rayliant NxtGen Multifactor International Equity ETF,Nasdaq,1,,nasdaqtrader
RWJ,Invesco S&P SmallCap 600 Revenue ETF,NYSE Arca,1,,nasdaqtrader
RWK,Invesco S&P MidCap 400 Revenue ETF,NYSE Arca,1,,nasdaqtrader
RWL,Invesco S&P 500 Revenue ETF,NYSE Arca,1,,nasdaqtrader
RWLC,Rayliant Wilshire NxtGen US Large Cap Equity ETF,NYSE Arca,1,,nasdaqtrader
RWM,ProShares Short Russell2000,NYSE Arca,1,,nasdaqtrader
RWO,State Street SPDR Dow Jones Global Real Estate ETF,NYSE Arca,1,,nasdaqtrader
RWR,State Street SPDR Dow Jones REIT ETF,NYSE Arca,1,,nasdaqtrader
RWT,"Redwood Trust, Inc. Common Stock",NYSE,0,,nasdaqtrader
RWTN,"Redwood Trust, Inc. 9.125% Senior Notes Due 2029",NYSE,0,,nasdaqtrader
RWTO,"Redwood Trust, Inc. 9.00% Senior Notes Due 2029",NYSE,0,,nasdaqtrader
RWTP,"Redwood Trust, Inc. 9.125% Senior Notes Due 2030",NYSE,0,,nasdaqtrader
RWTQ,"Redwood Trust, Inc. 9.500% Senior Notes Due 2030",NYSE,0,,nasdaqtrader
RWTS,"Redwood Trust, Inc. 9.75% Senior Notes Due 2031",NYSE,0,,nasdaqtrader
RWX,State Street SPDR Dow Jones International Real Estate ETF,NYSE Arca,1,,nasdaqtrader
RXD,ProShares UltraShort Health Care,NYSE Arca,1,,nasdaqtrader
RXI,iShares Global Consumer Discretionary ETF,NYSE Arca,1,,nasdaqtrader
RXL,ProShares Ultra Health Care,NYSE Arca,1,,nasdaqtrader
RXO,"RXO, Inc. Common Stock",NYSE,0,,nasdaqtrader
RXRX,"Recursion Pharmaceuticals, Inc. - Class A Common Stock",Nasdaq,0,,nasdaqtrader
RXST,"RxSight, Inc. - Common Stock",Nasdaq,0,,nasdaqtrader
RXT,"Rackspace Technology, Inc. - Common Stock",Nasdaq,0,,nasdaqtrader
RY,Royal Bank Of Canada Common Stock,NYSE,0,,nasdaqtrader
RYAAY,"Ryanair Holdings plc - American Depositary Shares, each representing five Ordinary Shares",Nasdaq,0,,nasdaqtrader
RYAM,Rayonier Advanced Materials Inc. Common Stock,NYSE,0,,nasdaqtrader
RYAN,"Ryan Specialty Holdings, Inc. Class A Common Stock",NYSE,0,,nasdaqtrader
RYDE,Ryde Group Ltd. Class A Ordinary Shares,NYSE American,0,,nasdaqtrader
RYET,Ruanyun Edai Technology Inc. - Ordinary shares,Nasdaq,0,,nasdaqtrader
RYLD,Global X Russell 2000 Covered Call ETF,NYSE Arca,1,,nasdaqtrader
RYLG,Global X Russell 2000 Covered Call & Growth ETF,NYSE Arca,1,,nasdaqtrader
RYM,"RYTHM, Inc. - Common Stock",Nasdaq,0,,nasdaqtrader
RYN,Rayonier Inc. REIT Common Stock,NYSE,0,,nasdaqtrader
RYOJ,"rYojbaba Co., Ltd. - Common Shares",Nasdaq,0,,nasdaqtrader
RYTM,"Rhythm Pharmaceuticals, Inc. - Common Stock",Nasdaq,0,,nasdaqtrader
RYZ,Ryerson Holding Corporation Common Stock,NYSE,0,,nasdaqtrader
RZAI,Roze AI Inc. - Common Shares,Nasdaq,0,,nasdaqtrader
RZC,"Reinsurance Group of America, Incorporated 7.125% Fixed-Rate Reset Subordinated Debentures due 2052",NYSE,0,,nasdaqtrader
RZG,Invesco S&P SmallCap 600 Pure Growth ETF,NYSE Arca,1,,nasdaqtrader
RZLT,"Rezolute, Inc. - Common Stock (NV)",Nasdaq,0,,nasdaqtrader
RZLV,Rezolve AI PLC - Ordinary Shares,Nasdaq,0,,nasdaqtrader
RZLVW,Rezolve AI PLC - Warrants,Nasdaq,0,,nasdaqtrader
RZV,Invesco S&P SmallCap 600 Pure Value ETF,NYSE Arca,1,,nasdaqtrader
S,"SentinelOne, Inc. Class A Common Stock",NYSE,0,,nasdaqtrader
SA,"Seabridge Gold, Inc. Common Shares New",NYSE,0,,nasdaqtrader
SAA,ProShares Ultra SmallCap600,NYSE Arca,1,,nasdaqtrader
SAAQ,Space Asset Acquisition Corp. - Class A Ordinary Shares,Nasdaq,0,,nasdaqtrader
SAAQU,Space Asset Acquisition Corp. - Units,Nasdaq,0,,nasdaqtrader
SAAQW,Space Asset Acquisition Corp. - Warrants,Nasdaq,0,,nasdaqtrader
SABA,Saba Capital Income & Opportunities Fund II Shares of Beneficial Interest,NYSE,0,,nasdaqtrader
SABR,Sabre Corporation - Common Stock,Nasdaq,0,,nasdaqtrader
SABS,"SAB Biotherapeutics, Inc. - Common Stock",Nasdaq,0,,nasdaqtrader
SABSW,"SAB Biotherapeutics, Inc. - Warrant",Nasdaq,0,,nasdaqtrader
SAC,Safeguard Acquisition Corp. Class A Ordinary Shares,NYSE,0,,nasdaqtrader
SAC.U,"Safeguard Acquisition Corp. Units, each consisting of one Class A ordinary share and one-half of one redeemable warrant",NYSE,0,,nasdaqtrader
SAC.W,"Safeguard Acquisition Corp. Warrants, each whole warrant exercisable for one Class A ordinary share at an exercise price of $11.50 per share",NYSE,0,,nasdaqtrader
SACH,Sachem Capital Corp. Common Shares,NYSE American,0,,nasdaqtrader
SAFE,Safehold Inc. New Common Stock,NYSE,0,,nasdaqtrader
SAFT,"Safety Insurance Group, Inc. - Common Stock",Nasdaq,0,,nasdaqtrader
SAFX,"XCF Global, Inc. - Class A Common Stock",Nasdaq,0,,nasdaqtrader
SAGP,Strategas Global Policy Opportunities ETF,NYSE Arca,1,,nasdaqtrader
SAGT,SAGTEC GLOBAL LIMITED - Class A Ordinary shares,Nasdaq,0,,nasdaqtrader
SAGU,Shreya Acquisition Group Class A Ordinary Shares,NYSE,0,,nasdaqtrader
SAGU.R,"Shreya Acquisition Group Rights, each entitling the holder to receive one-fourth of one Class A Ordinary Share",NYSE,0,,nasdaqtrader
SAGU.U,"Shreya Acquisition Group Units, each consisting of one Class A Ordinary Share, one redeemable warrant and one right entitling the holder to one-fourth of one Class A Ordinary Share",NYSE,0,,nasdaqtrader
SAGU.W,"Shreya Acquisition Group Redeemable warrants, entitling the holder to purchase one Class A Ordinary Share at $11.50 per share",NYSE,0,,nasdaqtrader
SAH,"Sonic Automotive, Inc. Common Stock",NYSE,0,,nasdaqtrader
SAIA,"Saia, Inc. - Common Stock",Nasdaq,0,,nasdaqtrader
SAIC,Science Applications International Corporation - Common Stock,Nasdaq,0,,nasdaqtrader
SAIH,SAIHEAT Limited - Class A Ordinary Shares,Nasdaq,0,,nasdaqtrader
SAIHW,SAIHEAT Limited - Warrant,Nasdaq,0,,nasdaqtrader
SAIL,"SailPoint, Inc. - Common Stock",Nasdaq,0,,nasdaqtrader
SAIQ,WISeSat.Space Holdings Corp. - Ordinary Shares,Nasdaq,0,,nasdaqtrader
SAJ,Saratoga Investment Corp 8.00% Notes due 2027,NYSE,0,,nasdaqtrader
SALI,Schroders US Autocallable Ladder Income ETF,NYSE Arca,1,,nasdaqtrader
SAM,"Boston Beer Company, Inc. (The) Common Stock",NYSE,0,,nasdaqtrader
SAMG,Silvercrest Asset Management Group Inc. - Common Stock,Nasdaq,0,,nasdaqtrader
SAMM,Strategas Macro Momentum ETF,NYSE Arca,1,,nasdaqtrader
SAMO,Samos Energy Acquisition Corporation Class A Ordinary Shares,NYSE,0,,nasdaqtrader
SAMO.U,"Samos Energy Acquisition Corporation Units, each consisting of one Class A Ordinary Share and one-half of one Warrant",NYSE,0,,nasdaqtrader
SAMO.W,"Samos Energy Acquisition Corporation Warrants, each whole warrant exercisable for one Class A ordinary share at an exercise price of $11.50 per share",NYSE,0,,nasdaqtrader
SAMT,Strategas Macro Thematic Opportunities ETF,NYSE Arca,1,,nasdaqtrader
SAN,"Banco Santander, S.A. Sponsored ADR (Spain)",NYSE,0,,nasdaqtrader
SANA,"Sana Biotechnology, Inc. - Common Stock",Nasdaq,0,,nasdaqtrader
SANG,Sangoma Technologies Corporation - Common Shares,Nasdaq,0,,nasdaqtrader
SANM,Sanmina Corporation - Common Stock,Nasdaq,0,,nasdaqtrader
SAP,SAP  SE ADS,NYSE,0,,nasdaqtrader
SAPH,SAP SE ADRhedged,NYSE Arca,1,,nasdaqtrader
SAR,Saratoga Investment Corp New,NYSE,0,,nasdaqtrader
SARK,Tradr 1X Short Innovation Daily ETF,Nasdaq,1,,nasdaqtrader
SARO,"StandardAero, Inc. Common Stock",NYSE,0,,nasdaqtrader
SASS,M.D. Sass Concentrated Value ETF,NYSE Arca,1,,nasdaqtrader
SATA,"Strive, Inc. - Variable Rate Series A Perpetual Preferred Stock",Nasdaq,0,,nasdaqtrader
SATL,Satellogic Inc. - Class A Common Stock,Nasdaq,0,,nasdaqtrader
SATLW,Satellogic Inc. - Warrant,Nasdaq,0,,nasdaqtrader
SATO,Invesco Alerian Galaxy Crypto Economy ETF,Cboe BZX,1,,nasdaqtrader
SAUG,FT Vest U.S. Small Cap Moderate Buffer ETF - August,Cboe BZX,1,,nasdaqtrader
SAV,Saratoga Investment Corp 7.50% Notes due 2031,NYSE,0,,nasdaqtrader
SAWG,AAM Sawgrass US Large Cap Quality Growth ETF,NYSE Arca,1,,nasdaqtrader
SAWS,AAM Sawgrass US Small Cap Quality Growth ETF,NYSE Arca,1,,nasdaqtrader
SAX,Saratoga Investment Corp 8.00% Notes due 2031,NYSE,0,,nasdaqtrader
SAY,Saratoga Investment Corp 8.125% Notes due 2027,NYSE,0,,nasdaqtrader
SAZ,Saratoga Investment Corp 8.50% Notes due 2028,NYSE,0,,nasdaqtrader
SB,"Safe Bulkers, Inc Common Stock ($0.001 par value)",NYSE,0,,nasdaqtrader
SBAC,SBA Communications Corporation - Class A Common Stock,Nasdaq,0,,nasdaqtrader
SBAR,Simplify Barrier Income ETF,NYSE Arca,1,,nasdaqtrader
SBB,ProShares Short SmallCap600,NYSE Arca,1,,nasdaqtrader
SBC,SBC Medical Group Holdings Incorporated - Common Stock,Nasdaq,0,,nasdaqtrader
SBCF,Seacoast Banking Corporation of Florida - Common Stock,Nasdaq,0,,nasdaqtrader
SBCWW,SBC Medical Group Holdings Incorporated - Warrants,Nasdaq,0,,nasdaqtrader
SBET,"Sharplink, Inc. - Common Stock",Nasdaq,0,,nasdaqtrader
SBFG,"SB Financial Group, Inc. - Common Stock",Nasdaq,0,,nasdaqtrader
SBFM,Sunshine Biopharma Inc. - Common stock,Nasdaq,0,,nasdaqtrader
SBFMW,Sunshine Biopharma Inc. - Warrant,Nasdaq,0,,nasdaqtrader
SBGI,"Sinclair, Inc. - Class A Common Stock",Nasdaq,0,,nasdaqtrader
SBH,"Sally Beauty Holdings, Inc. (Name to be changed from Sally Holdings, Inc.) Common Stock",NYSE,0,,nasdaqtrader
SBI,Western Asset Intermediate Muni Fund Inc Common Stock,NYSE,0,,nasdaqtrader
SBIL,Simplify Government Money Market ETF,NYSE Arca,1,,nasdaqtrader
SBIO,ALPS Medical Breakthroughs ETF,NYSE Arca,1,,nasdaqtrader
SBIT,ProShares UltraShort Bitcoin ETF,NYSE Arca,1,,nasdaqtrader
SBLK,Star Bulk Carriers Corp. - Common Shares,Nasdaq,0,,nasdaqtrader
SBMT,Silver Bow Mining Corp. Common Shares,NYSE American,0,,nasdaqtrader
SBND,Columbia Short Duration Bond ETF,NYSE Arca,1,,nasdaqtrader
SBR,Sabine Royalty Trust Common Stock,NYSE,0,,nasdaqtrader
SBRA,"Sabra Health Care REIT, Inc. - Common Stock",Nasdaq,0,,nasdaqtrader
SBS,Companhia de saneamento Basico Do Estado De Sao Paulo - Sabesp American Depositary Shares (Each repstg 250 Common Shares),NYSE,0,,nasdaqtrader
SBSI,"Southside Bancshares, Inc. Common Stock",NYSE,0,,nasdaqtrader
SBSW,D/B/A Sibanye-Stillwater Limited ADS,NYSE,0,,nasdaqtrader
SBTU,T-REX 2X Long SBET Daily Target ETF,Cboe BZX,1,,nasdaqtrader
SBUX,Starbucks Corporation - Common Stock,Nasdaq,0,,nasdaqtrader
SBXE,SilverBox Corp V Class A Ordinary Shares,NYSE,0,,nasdaqtrader
SBXE.U,"SilverBox Corp V Units, each consisting of one Class A Ordinary Share and one-third of one redeemable warrant",NYSE,0,,nasdaqtrader
SBXE.W,"SilverBox Corp V Redeemable warrants, each whole warrant exercisable for one Class A Ordinary Share at an exercise price of $11.50",NYSE,0,,nasdaqtrader
SCA,GraniteShares Autocallable SMCI ETF,Nasdaq,1,,nasdaqtrader
SCAG,Scage Future - American Depositary Shares,Nasdaq,0,,nasdaqtrader
SCAGW,Scage Future - Warrants,Nasdaq,0,,nasdaqtrader
SCAP,Infrastructure Capital Small Cap Income ETF,NYSE Arca,1,,nasdaqtrader
SCATU,Southern Cross Acquisition II Corp. - Units,Nasdaq,0,,nasdaqtrader
SCAU,Corgi U.S. Small-Cap 15% Structured Buffer ETF - August Series,Cboe BZX,1,,nasdaqtrader
SCC,ProShares UltraShort Consumer Discretionary,NYSE Arca,1,,nasdaqtrader
SCCD,Sachem Capital Corp. 6.00% Notes due 2026,NYSE American,0,,nasdaqtrader
SCCE,Sachem Capital Corp. 6.00% Notes due 2027,NYSE American,0,,nasdaqtrader
SCCF,Sachem Capital Corp. 7.125% Notes due 2027,NYSE American,0,,nasdaqtrader
SCCG,Sachem Capital Corp. 8.00% Notes due 2027,NYSE American,0,,nasdaqtrader
SCCO,Southern Copper Corporation Common Stock,NYSE,0,,nasdaqtrader
SCCR,Schwab Core Bond ETF,NYSE Arca,1,,nasdaqtrader
SCD,LMP Capital and Income Fund Inc. Common Stock,NYSE,0,,nasdaqtrader
SCDS,JPMorgan Fundamental Data Science Small Core ETF,Nasdaq,1,,nasdaqtrader
SCDV,Bahl & Gaynor Small Cap Dividend ETF,NYSE Arca,1,,nasdaqtrader
SCEC,Sterling Capital Enhanced Core Bond ETF,Cboe BZX,1,,nasdaqtrader
SCEP,Sterling Capital Hedged Equity Premium Income ETF,Cboe BZX,1,,nasdaqtrader
SCHA,Schwab U.S. Small-Cap ETF,NYSE Arca,1,,nasdaqtrader
SCHB,Schwab U.S. Broad Market ETF,NYSE Arca,1,,nasdaqtrader
SCHC,Schwab International Small-Cap Equity ETF,NYSE Arca,1,,nasdaqtrader
SCHD,Schwab US Dividend Equity ETF,NYSE Arca,1,,nasdaqtrader
SCHE,Schwab Emerging Markets Equity ETF,NYSE Arca,1,,nasdaqtrader
SCHF,Schwab International Equity ETF,NYSE Arca,1,,nasdaqtrader
SCHG,Schwab U.S. Large-Cap Growth ETF,NYSE Arca,1,,nasdaqtrader
SCHH,Schwab U.S. REIT ETF,NYSE Arca,1,,nasdaqtrader
SCHI,Schwab 5-10 Year Corporate Bond ETF,NYSE Arca,1,,nasdaqtrader
SCHJ,Schwab 1-5 Year Corporate Bond ETF,NYSE Arca,1,,nasdaqtrader
SCHK,Schwab 1000 Index ETF,NYSE Arca,1,,nasdaqtrader
SCHL,Scholastic Corporation - Common Stock,Nasdaq,0,,nasdaqtrader
SCHM,Schwab U.S. Mid Cap ETF,NYSE Arca,1,,nasdaqtrader
SCHO,Schwab Short-Term U.S. Treasury ETF,NYSE Arca,1,,nasdaqtrader
SCHP,Schwab U.S. TIPS ETF,NYSE Arca,1,,nasdaqtrader
SCHQ,Schwab Long-Term U.S. Treasury ETF,NYSE Arca,1,,nasdaqtrader
SCHR,Schwab Intermediate-Term U.S. Treasury ETF,NYSE Arca,1,,nasdaqtrader
SCHV,Schwab U.S. Large-Cap Value ETF,NYSE Arca,1,,nasdaqtrader
SCHW,Charles Schwab Corporation (The) Common Stock,NYSE,0,,nasdaqtrader
SCHX,Schwab U.S. Large-Cap ETF,NYSE Arca,1,,nasdaqtrader
SCHY,Schwab International Dividend Equity ETF,NYSE Arca,1,,nasdaqtrader
SCHZ,Schwab US Aggregate Bond ETF,NYSE Arca,1,,nasdaqtrader
SCI,Service Corporation International Common Stock,NYSE,0,,nasdaqtrader
SCII,SC II Acquisition Corp. - Class A ordinary share,Nasdaq,0,,nasdaqtrader
SCIIR,SC II Acquisition Corp. - Rights,Nasdaq,0,,nasdaqtrader
SCIIU,SC II Acquisition Corp. - Units,Nasdaq,0,,nasdaqtrader
SCIO,First Trust Structured Credit Income Opportunities ETF,NYSE Arca,1,,nasdaqtrader
SCJ,iShares MSCI Japan Sm Cap,NYSE Arca,1,,nasdaqtrader
SCJL,Corgi U.S. Small-Cap 15% Structured Buffer ETF - July Series,Cboe BZX,1,,nasdaqtrader
SCJN,Corgi U.S. Small-Cap 15% Structured Buffer ETF - June Series,Cboe BZX,1,,nasdaqtrader
SCKT,"Socket Mobile, Inc. - Common Stock",Nasdaq,0,,nasdaqtrader
SCL,Stepan Company Common Stock,NYSE,0,,nasdaqtrader
SCLX,Scilex Holding Company - Common Stock,Nasdaq,0,,nasdaqtrader
SCLXW,Scilex Holding Company - Warrant,Nasdaq,0,,nasdaqtrader
SCLZ,Swan Enhanced Dividend Income ETF,Cboe BZX,1,,nasdaqtrader
SCM,Stellus Capital Investment Corporation Common Stock,NYSE,0,,nasdaqtrader
SCMB,Schwab Municipal Bond ETF,NYSE Arca,1,,nasdaqtrader
SCMC,Sterling Capital Multi-Strategy Income ETF,Cboe BZX,1,,nasdaqtrader
SCMY,Corgi U.S. Small-Cap 15% Structured Buffer ETF - May Series,Cboe BZX,1,,nasdaqtrader
SCNI,Scinai Immunotherapeutics Ltd. - American Depositary Shares,Nasdaq,0,,nasdaqtrader
SCNM,Sterling Capital National Municipal Bond ETF,Cboe BZX,1,,nasdaqtrader
SCNX,"Scienture Holdings, Inc. - Common Stock",Nasdaq,0,,nasdaqtrader
SCO,ProShares UltraShort Bloomberg Crude Oil,NYSE Arca,1,,nasdaqtrader
SCOP,Sprott Physical Copper Trust Units,NYSE Arca,1,,nasdaqtrader
SCOR,"comScore, Inc. - Common Stock",Nasdaq,0,,nasdaqtrader
SCOW,Pacer S&P SmallCap 600 Quality FCF Aristocrats ETF,Cboe BZX,1,,nasdaqtrader
SCPQ,Social Commerce Partners Corporation - Class A Ordinary Shares,Nasdaq,0,,nasdaqtrader
SCPQU,Social Commerce Partners Corporation - Unit,Nasdaq,0,,nasdaqtrader
SCPQW,Social Commerce Partners Corporation - Warrant,Nasdaq,0,,nasdaqtrader
SCSB,Sterling Capital Short Duration Bond ETF,Cboe BZX,1,,nasdaqtrader
SCSC,"ScanSource, Inc. - Common Stock",Nasdaq,0,,nasdaqtrader
SCSE,Corgi U.S. Small-Cap 15% Structured Buffer ETF - September Series,Cboe BZX,1,,nasdaqtrader
SCTX,Scribe Therapeutics Inc. - Common Stock,Nasdaq,0,,nasdaqtrader
SCUB,Sterling Capital Ultra Short Bond ETF,Cboe BZX,1,,nasdaqtrader
SCUS,Schwab Ultra-Short Income ETF,NYSE Arca,1,,nasdaqtrader
SCWO,374Water Inc. - common stock,Nasdaq,0,,nasdaqtrader
SCYB,Schwab High Yield Bond ETF,NYSE Arca,1,,nasdaqtrader
SCYX,"SCYNEXIS, Inc. - Common Stock",Nasdaq,0,,nasdaqtrader
SCZ,iShares MSCI EAFE Small-Cap ETF,Nasdaq,1,,nasdaqtrader
SCZM,Santacruz Silver Mining Ltd. - Common Shares,Nasdaq,0,,nasdaqtrader
SD,"SandRidge Energy, Inc. Common Stock",NYSE,0,,nasdaqtrader
SDA,SunCar Technology Group Inc. - Ordinary Shares,Nasdaq,0,,nasdaqtrader
SDAWW,SunCar Technology Group Inc. - Warrant,Nasdaq,0,,nasdaqtrader
SDCI,USCF SummerHaven Dynamic Commodity Strategy No K-1 Fund,NYSE Arca,1,,nasdaqtrader
SDCP,Virtus Newfleet Short Duration Core Plus Bond ETF,NYSE Arca,1,,nasdaqtrader
SDD,ProShares UltraShort SmallCap600,NYSE Arca,1,,nasdaqtrader
SDEM,Global X MSCI SuperDividend Emerging Markets ETF,NYSE Arca,1,,nasdaqtrader
SDEV,Stablecoin Development Corporation Common Stock,NYSE American,0,,nasdaqtrader
SDFI,AB Short Duration Income ETF,NYSE Arca,1,,nasdaqtrader
SDG,iShares MSCI Global Sustainable Development Goals ETF,Nasdaq,1,,nasdaqtrader
SDGR,"Schrodinger, Inc. - Common Stock",Nasdaq,0,,nasdaqtrader
SDHC,Smith Douglas Homes Corp. Class A Common Stock,NYSE,0,,nasdaqtrader
SDHI,Siddhi Acquisition Corp - Class A Common stock,Nasdaq,0,,nasdaqtrader
SDHIR,Siddhi Acquisition Corp - Right,Nasdaq,0,,nasdaqtrader
SDHIU,Siddhi Acquisition Corp - Unit,Nasdaq,0,,nasdaqtrader
SDHY,PGIM Short Duration High Yield Opportunities Fund Common Shares,NYSE,0,,nasdaqtrader
SDIV,Global X SuperDividend ETF,NYSE Arca,1,,nasdaqtrader
SDMF,Simplify DBi CTA Managed Futures Index ETF,NYSE Arca,1,,nasdaqtrader
SDOG,ALPS Sector Dividend Dogs ETF,NYSE Arca,1,,nasdaqtrader
SDOT,Sadot Group Inc. - Common Stock,Nasdaq,0,,nasdaqtrader
SDOW,UltraPro Short Dow30,NYSE Arca,1,,nasdaqtrader
SDP,ProShares UltraShort Utilities,NYSE Arca,1,,nasdaqtrader
SDRL,Seadrill Limited Common Shares,NYSE,0,,nasdaqtrader
SDS,ProShares UltraShort S&P500,NYSE Arca,1,,nasdaqtrader
SDSI,American Century Short Duration Strategic Income ETF,Nasdaq,1,,nasdaqtrader
SDST,Stardust Power Inc. - Common Stock,Nasdaq,0,,nasdaqtrader
SDSTW,Stardust Power Inc. - Warrant,Nasdaq,0,,nasdaqtrader
SDTY,YieldMax S&P 500 0DTE Covered Call Strategy ETF,Nasdaq,1,,nasdaqtrader
SDUR,Aristotle Short Term Income ETF,NYSE Arca,1,,nasdaqtrader
SDVD,FT Vest SMID Rising Dividend Achievers Target Income ETF,Cboe BZX,1,,nasdaqtrader
SDVY,First Trust SMID Cap Rising Dividend Achievers ETF,Nasdaq,1,,nasdaqtrader
SDY,State Street SPDR S&P Dividend ETF,NYSE Arca,1,,nasdaqtrader
SE,"Sea Limited American Depositary Shares, each representing one Class A Ordinary Share",NYSE,0,,nasdaqtrader
SEA,U.S. Global Sea to Sky Cargo ETF,NYSE Arca,1,,nasdaqtrader
SEAT,Vivid Seats Inc. - Class A common stock,Nasdaq,0,,nasdaqtrader
SEATW,Vivid Seats Inc. - Warrant,Nasdaq,0,,nasdaqtrader
SEB,Seaboard Corporation Common Stock,NYSE American,0,,nasdaqtrader
SECA,Main Active Rotation ETF,Cboe BZX,1,,nasdaqtrader
SECR,NYLIM MacKay Securitized Income ETF,NYSE Arca,1,,nasdaqtrader
SECT,Main Sector Rotation ETF,Cboe BZX,1,,nasdaqtrader
SECU,iShares Securitized Income Active ETF,Cboe BZX,1,,nasdaqtrader
SECZ,Securitize Corp. Common Stock,NYSE,0,,nasdaqtrader
SEDG,"SolarEdge Technologies, Inc. - Common Stock",Nasdaq,0,,nasdaqtrader
SEED,Origin Agritech Limited - Ordinary Shares,Nasdaq,0,,nasdaqtrader
SEEM,SEI Select Emerging Markets Equity ETF,Nasdaq,1,,nasdaqtrader
SEER,"Seer, Inc. - Class A Common Stock",Nasdaq,0,,nasdaqtrader
SEF,ProShares Short Financials,NYSE Arca,1,,nasdaqtrader
SEG,Seaport Entertainment Group Inc. Common Stock,NYSE,0,,nasdaqtrader
SEGG,Sports Entertainment Gaming Global Corporation  - Common Stock,Nasdaq,0,,nasdaqtrader
SEI,"Solaris Energy Infrastructure, Inc. Class A Common Stock",NYSE,0,,nasdaqtrader
SEIC,SEI Investments Company - Common Stock,Nasdaq,0,,nasdaqtrader
SEIE,SEI Select International Equity ETF,Nasdaq,1,,nasdaqtrader
SEIM,SEI Enhanced U.S. Large Cap Momentum Factor ETF,Cboe BZX,1,,nasdaqtrader
SEIQ,SEI Enhanced U.S. Large Cap Quality Factor ETF,Cboe BZX,1,,nasdaqtrader
SEIS,SEI Select Small Cap ETF,Nasdaq,1,,nasdaqtrader
SEIV,SEI Enhanced U.S. Large Cap Value Factor ETF,Cboe BZX,1,,nasdaqtrader
SEIX,Virtus Seix Senior Loan ETF,NYSE Arca,1,,nasdaqtrader
SELF,"Global Self Storage, Inc. - Common Stock",Nasdaq,0,,nasdaqtrader
SELV,SEI Enhanced Low Volatility U.S. Large Cap ETF,Cboe BZX,1,,nasdaqtrader
SEMG,Suncoast Select Growth ETF,NYSE Arca,1,,nasdaqtrader
SEMI,Columbia Select Technology ETF,NYSE Arca,1,,nasdaqtrader
SEMY,GraniteShares YieldBOOST Semiconductor ETF,Nasdaq,1,,nasdaqtrader
SENEA,Seneca Foods Corp. - Class A Common Stock,Nasdaq,0,,nasdaqtrader
SENEB,Seneca Foods Corp. - Class B Common Stock,Nasdaq,0,,nasdaqtrader
SENS,"Senseonics Holdings, Inc. - Common Stock",Nasdaq,0,,nasdaqtrader
SEPC,Corgi U.S. Equities 10% Structured Buffer ETF - September Series,Cboe BZX,1,,nasdaqtrader
SEPI,Shelton Equity Premium Income ETF,NYSE Arca,1,,nasdaqtrader
SEPM,FT Vest U.S. Equity Max Buffer ETF - September,Cboe BZX,1,,nasdaqtrader
SEPN,"Septerna, Inc. - Common Stock",Nasdaq,0,,nasdaqtrader
SEPP,PGIM S&P 500 Buffer 12 ETF - September,Cboe BZX,1,,nasdaqtrader
SEPQ,STF Tactical Growth & Income ETF,Nasdaq,1,,nasdaqtrader
SEPT,AllianzIM U.S. Large Cap Buffer10 Sep ETF,Cboe BZX,1,,nasdaqtrader
SEPU,AllianzIM U.S. Equity Buffer15 Uncapped Sep ETF,Cboe BZX,1,,nasdaqtrader
SEPW,AllianzIM U.S. Large Cap Buffer20 Sep ETF,Cboe BZX,1,,nasdaqtrader
SEPZ,TrueShares Structured Outcome (September) ETF,Cboe BZX,1,,nasdaqtrader
SER,"Serina Therapeutics, Inc. Common Stock",NYSE American,0,,nasdaqtrader
SERA,"Sera Prognostics, Inc. - Class A Common Stock",Nasdaq,0,,nasdaqtrader
SERV,Serve Robotics Inc. - Common Stock,Nasdaq,0,,nasdaqtrader
SES,SES AI Corporation Class A Common Stock,NYSE,0,,nasdaqtrader
SETH,ProShares Short Ether ETF,NYSE Arca,1,,nasdaqtrader
SETM,Sprott Critical Materials ETF,Nasdaq,1,,nasdaqtrader
SEUS,SEI QiM U.S. Equity Factor Allocation Active ETF,Nasdaq,1,,nasdaqtrader
SEV,Aptera Motors Corp. - Class B Common Stock,Nasdaq,0,,nasdaqtrader
SEVN,Seven Hills Realty Trust  - Common Stock,Nasdaq,0,,nasdaqtrader
SEZL,Sezzle Inc. - Common Stock,Nasdaq,0,,nasdaqtrader
SF,Stifel Financial Corporation Common Stock,NYSE,0,,nasdaqtrader
SFB,Stifel Financial Corporation 5.20% Senior Notes due 2047,NYSE,0,,nasdaqtrader
SFBC,"Sound Financial Bancorp, Inc. - Common Stock",Nasdaq,0,,nasdaqtrader
SFBS,"ServisFirst Bancshares, Inc. Common Stock",NYSE,0,,nasdaqtrader
SFD,"Smithfield Foods, Inc. - Common Stock",Nasdaq,0,,nasdaqtrader
SFEB,FT Vest U.S. Small Cap Moderate Buffer ETF - February,Cboe BZX,1,,nasdaqtrader
SFGV,Sequoia Global Value ETF,NYSE Arca,1,,nasdaqtrader
SFHG,Samfine Creation Holdings Group Limited - Class A Ordinary Share,Nasdaq,0,,nasdaqtrader
SFIX,"Stitch Fix, Inc. - Class A Common Stock",Nasdaq,0,,nasdaqtrader
SFL,SFL Corporation Ltd,NYSE,0,,nasdaqtrader
SFLO,VictoryShares Small Cap Free Cash Flow ETF,Nasdaq,1,,nasdaqtrader
SFLR,Innovator Equity Managed Floor ETF,NYSE Arca,1,,nasdaqtrader
SFM,"Sprouts Farmers Market, Inc. - Common Stock",Nasdaq,0,,nasdaqtrader
SFNC,Simmons First National Corporation - Common Stock,Nasdaq,0,,nasdaqtrader
SFST,"Southern First Bancshares, Inc. - Common Stock",Nasdaq,0,,nasdaqtrader
SFTX,Horizon International Managed Risk ETF,NYSE Arca,1,,nasdaqtrader
SFTY,Horizon Managed Risk ETF,Cboe BZX,1,,nasdaqtrader
SFWL,Shengfeng Development Limited - Class A Ordinary Shares,Nasdaq,0,,nasdaqtrader
SFY,SoFi Select 500 ETF,NYSE Arca,1,,nasdaqtrader
SFYF,SoFi Social 50 ETF,NYSE Arca,1,,nasdaqtrader
SFYI,SoFi Social 50 Income ETF,NYSE Arca,1,,nasdaqtrader
SG,"Sweetgreen, Inc. Class A Common Stock",NYSE,0,,nasdaqtrader
SGA,"Saga Communications, Inc. - Class A Common Stock",Nasdaq,0,,nasdaqtrader
SGC,"Superior Group of Companies, Inc. - Common Stock",Nasdaq,0,,nasdaqtrader
SGDJ,Sprott Junior Gold Miners ETF,NYSE Arca,1,,nasdaqtrader
SGDM,Sprott Gold Miners ETF,NYSE Arca,1,,nasdaqtrader
SGHC,Super Group (SGHC) Limited Ordinary Shares,NYSE,0,,nasdaqtrader
SGHT,"Sight Sciences, Inc. - Common Stock",Nasdaq,0,,nasdaqtrader
SGI,Somnigroup International Inc. Common Stock,NYSE,0,,nasdaqtrader
SGLC,SGI U.S. Large Cap Core ETF,NYSE Arca,1,,nasdaqtrader
SGLD,Scorpio Gold Corporation - Common Stock,Nasdaq,0,,nasdaqtrader
SGLY,Singularity Future Technology Ltd. - Common Stock,Nasdaq,0,,nasdaqtrader
SGML,Sigma Lithium Corporation - common shares,Nasdaq,0,,nasdaqtrader
SGMT,Sagimet Biosciences Inc. - Series A Common Stock,Nasdaq,0,,nasdaqtrader
SGOL,abrdn Physical Gold Shares ETF,NYSE Arca,1,,nasdaqtrader
SGOV,iShares 0-3 Month Treasury Bond ETF,NYSE,1,,nasdaqtrader
SGP,"SpyGlass Pharma, Inc. - Common Stock",Nasdaq,0,,nasdaqtrader
SGRT,SMART Earnings Growth 30 ETF,NYSE Arca,1,,nasdaqtrader
SGRW,Harbor Active Small Cap Growth ETF,NYSE Arca,1,,nasdaqtrader
SGRX,SANGRIX INC. - Class A Ordinary Shares,Nasdaq,0,,nasdaqtrader
SGRY,"Surgery Partners, Inc. - Common Stock",Nasdaq,0,,nasdaqtrader
SGU,Star Group L.P. Common Stock,NYSE,0,,nasdaqtrader
SGVA,F/m Accumulator Ultrashort Treasury Fund,Nasdaq,1,,nasdaqtrader
SGVT,Schwab Government Money Market ETF,NYSE Arca,1,,nasdaqtrader
SH,ProShares Short S&P500,NYSE Arca,1,,nasdaqtrader
SHAG,WisdomTree Yield Enhanced U.S. Short-Term Aggregate Bond Fund,Cboe BZX,1,,nasdaqtrader
SHAK,"Shake Shack, Inc. Class A Common Stock",NYSE,0,,nasdaqtrader
SHAZ,"SharonAI Holdings, Inc. - Class A Common Stock",Nasdaq,0,,nasdaqtrader
SHBI,"Shore Bancshares, Inc. - Common Stock",Nasdaq,0,,nasdaqtrader
SHC,Sotera Health Company - Common Stock,Nasdaq,0,,nasdaqtrader
SHDG,Soundwatch Hedged Equity ETF,Cboe BZX,1,,nasdaqtrader
SHE,State Street SPDR MSCI USA Gender Diversity ETF,NYSE Arca,1,,nasdaqtrader
SHEH,Shell plc ADRhedged,NYSE Arca,1,,nasdaqtrader
SHEL,Shell PLC American Depositary Shares (each representing two (2) Ordinary Shares),NYSE,0,,nasdaqtrader
SHEN,Shenandoah Telecommunications Co - Common Stock,Nasdaq,0,,nasdaqtrader
SHFS,"SHF Holdings, Inc. - Class A Common Stock",Nasdaq,0,,nasdaqtrader
SHFSW,"SHF Holdings, Inc. - Warrants",Nasdaq,0,,nasdaqtrader
SHG,Shinhan Financial Group Co Ltd American Depositary Shares,NYSE,0,,nasdaqtrader
SHIM,Shimmick Corporation - Common Stock,Nasdaq,0,,nasdaqtrader
SHIP,Seanergy Maritime Holdings Corp. - Common Stock,Nasdaq,0,,nasdaqtrader
SHLD,Global X Defense Tech ETF,NYSE Arca,1,,nasdaqtrader
SHLS,"Shoals Technologies Group, Inc. - Class A Common Stock",Nasdaq,0,,nasdaqtrader
SHM,State Street SPDR Nuveen ICE Short Term Municipal Bond ETF,NYSE Arca,1,,nasdaqtrader
SHMD,SCHMID Group N.V. - Class A Ordinary Shares,Nasdaq,0,,nasdaqtrader
SHMDW,SCHMID Group N.V. - Warrants,Nasdaq,0,,nasdaqtrader
SHNY,"MicroSectors Gold 3X Leveraged ETNs due January 29, 2043",NYSE Arca,1,,nasdaqtrader
SHO,"Sunstone Hotel Investors, Inc. Sunstone Hotel Investors, Inc. Common Shares",NYSE,0,,nasdaqtrader
SHOC,Strive U.S. Semiconductor ETF,NYSE,1,,nasdaqtrader
SHOE,"Shoe Station Group, Inc. - Common Stock",Nasdaq,0,,nasdaqtrader
SHOO,"Steven Madden, Ltd. - Common Stock",Nasdaq,0,,nasdaqtrader
SHOP,Shopify Inc. - Class A Subordinate Voting Shares,Nasdaq,0,,nasdaqtrader
SHOT,RMG ML Sports Holdings - Class A Ordinary Shares,Nasdaq,0,,nasdaqtrader
SHOTR,RMG ML Sports Holdings - Rights,Nasdaq,0,,nasdaqtrader
SHOTU,RMG ML Sports Holdings - Unit,Nasdaq,0,,nasdaqtrader
SHPH,"Shuttle Pharmaceuticals Holdings, Inc. - common stock",Nasdaq,0,,nasdaqtrader
SHPP,Pacer Industrials and Logistics ETF,NYSE Arca,1,,nasdaqtrader
SHPU,Direxion Daily SHOP Bull 2X ETF,Nasdaq,1,,nasdaqtrader
SHRD,Arimathea Catholic Core Bond ETF,NYSE Arca,1,,nasdaqtrader
SHRT,Gotham Short Strategies ETF,NYSE Arca,1,,nasdaqtrader
SHRY,First Trust Bloomberg Shareholder Yield ETF,Nasdaq,1,,nasdaqtrader
SHUS,Stratified LargeCap Hedged ETF,NYSE Arca,1,,nasdaqtrader
SHV,iShares 0-1 Year Treasury Bond ETF,NYSE,1,,nasdaqtrader
SHW,Sherwin-Williams Company (The) Common Stock,NYSE,0,,nasdaqtrader
SHY,iShares 1-3 Year Treasury Bond ETF,Nasdaq,1,,nasdaqtrader
SHYD,VanEck Short High Yield Muni ETF,Cboe BZX,1,,nasdaqtrader
SHYG,iShares 0-5 Year High Yield Corporate Bond ETF,NYSE Arca,1,,nasdaqtrader
SHYL,Xtrackers Short Duration High Yield Bond ETF,NYSE Arca,1,,nasdaqtrader
SHYM,iShares Short Duration High Yield Muni Active ETF,Cboe BZX,1,,nasdaqtrader
SI,"Shoulder Innovations, Inc. Common Stock",NYSE,0,,nasdaqtrader
SIBN,"SI-BONE, Inc. - Common Stock",Nasdaq,0,,nasdaqtrader
SID,Companhia Siderurgica Nacional S.A. Common Stock,NYSE,0,,nasdaqtrader
SIDU,"Sidus Space, Inc. - Class A Common Stock",Nasdaq,0,,nasdaqtrader
SIEB,Siebert Financial Corp. - Common Stock,Nasdaq,0,,nasdaqtrader
SIF,"SIFCO Industries, Inc. Common Stock",NYSE American,0,,nasdaqtrader
SIFI,Harbor Ares Systematic Multi-Sector Income ETF,NYSE Arca,1,,nasdaqtrader
SIFY,Sify Technologies Limited - American Depository Shares,Nasdaq,0,,nasdaqtrader
SIG,Signet Jewelers Limited Common Shares,NYSE,0,,nasdaqtrader
SIGA,SIGA Technologies Inc. - Common Stock,Nasdaq,0,,nasdaqtrader
SIGI,"Selective Insurance Group, Inc. - Common Stock",Nasdaq,0,,nasdaqtrader
SIGIP,"Selective Insurance Group, Inc. - Depositary Shares, each representing a 1/1,000th interest in a share of 4.60% Non-Cumulative Preferred Stock, Series B",Nasdaq,0,,nasdaqtrader
SIHY,Harbor Ares Systematic High Yield ETF,NYSE Arca,1,,nasdaqtrader
SII,Sprott Inc. Common Shares,NYSE,0,,nasdaqtrader
SIJ,ProShares UltraShort Industrials,NYSE Arca,1,,nasdaqtrader
SIL,Global X Silver Miners ETF,NYSE Arca,1,,nasdaqtrader
SILC,Silicom Ltd - Ordinary Shares,Nasdaq,0,,nasdaqtrader
SILJ,Amplify Junior Silver Miners ETF,NYSE Arca,1,,nasdaqtrader
SILO,"Silo Pharma, Inc. - Common Stock",Nasdaq,0,,nasdaqtrader
SIM,"Grupo Simec, S.A.B. de C.V. American Depositary Shares",NYSE American,0,,nasdaqtrader
SIMA,SIM Acquisition Corp. I - Class A Ordinary Shares,Nasdaq,0,,nasdaqtrader
SIMAU,SIM Acquisition Corp. I - Unit,Nasdaq,0,,nasdaqtrader
SIMAW,SIM Acquisition Corp. I - Warrant,Nasdaq,0,,nasdaqtrader
SIMO,"Silicon Motion Technology Corporation - American Depositary Shares, each representing four ordinary shares",Nasdaq,0,,nasdaqtrader
SIMS,State Street SPDR S&P Kensho Intelligent Structures ETF,NYSE Arca,1,,nasdaqtrader
SIMX,Corgi SIMO 2x Daily ETF,Cboe BZX,1,,nasdaqtrader
SIND,Sinda Ltd. Common Stock,NYSE,0,,nasdaqtrader
SINT,"SiNtx Technologies, Inc. - Common Stock",Nasdaq,0,,nasdaqtrader
SIO,Touchstone Strategic Income ETF,NYSE Arca,1,,nasdaqtrader
SION,"Sionna Therapeutics, Inc. - Common Stock",Nasdaq,0,,nasdaqtrader
SIOO,VistaShares Target 15 S&P 100 Distribution ETF,NYSE Arca,1,,nasdaqtrader
SIRI,SiriusXM Holdings Inc. - Common Stock,Nasdaq,0,,nasdaqtrader
SITC,SITE Centers Corp. Common Stock,NYSE,0,,nasdaqtrader
SITE,"SiteOne Landscape Supply, Inc. Common Stock",NYSE,0,,nasdaqtrader
SITM,SiTime Corporation - Common Stock,Nasdaq,0,,nasdaqtrader
SITX,Tradr 2X Long SITM Daily ETF,Cboe BZX,1,,nasdaqtrader
SIVR,abrdn Physical Silver Shares ETF,NYSE Arca,1,,nasdaqtrader
SIXA,ETC 6 Meridian Mega Cap Equity ETF,NYSE Arca,1,,nasdaqtrader
SIXD,AllianzIM U.S. Large Cap 6 Month Buffer10 Jun/Dec ETF,Cboe BZX,1,,nasdaqtrader
SIXF,AllianzIM U.S. Large Cap 6 Month Buffer10 Feb/Aug ETF,Cboe BZX,1,,nasdaqtrader
SIXH,ETC 6 Meridian Hedged Equity Index Option ETF,NYSE Arca,1,,nasdaqtrader
SIXJ,AllianzIM U.S. Large Cap 6 Month Buffer10 Jan/Jul ETF,Cboe BZX,1,,nasdaqtrader
SIXL,ETC 6 Meridian Low Beta Equity ETF,NYSE Arca,1,,nasdaqtrader
SIXO,AllianzIM U.S. Large Cap 6 Month Buffer10 Apr/Oct ETF,Cboe BZX,1,,nasdaqtrader
SIXP,AllianzIM U.S. Large Cap 6 Month Buffer10 Mar/Sep ETF,Cboe BZX,1,,nasdaqtrader
SIXS,ETC 6 Meridian Small Cap Equity ETF,NYSE Arca,1,,nasdaqtrader
SIXZ,AllianzIM U.S. Large Cap 6 Month Buffer10 May/Nov ETF,Cboe BZX,1,,nasdaqtrader
SIZE,iShares MSCI USA Size Factor ETF,NYSE Arca,1,,nasdaqtrader
SJ,Scienjoy Holding Corporation - Class A Ordinary Shares,Nasdaq,0,,nasdaqtrader
SJB,ProShares Short High Yield,NYSE Arca,1,,nasdaqtrader
SJCP,SanJac Alpha Core Plus Bond ETF,Nasdaq,1,,nasdaqtrader
SJLD,SanJac Alpha Low Duration ETF,Nasdaq,1,,nasdaqtrader
SJM,The J.M. Smucker Company Common Stock,NYSE,0,,nasdaqtrader
SJNK,State Street SPDR Bloomberg Short Term High Yield Bond ETF,NYSE Arca,1,,nasdaqtrader
SJT,San Juan Basin Royalty Trust Common Stock,NYSE,0,,nasdaqtrader
SK,Corgi SK hynix 2x Daily ETF,Cboe BZX,1,,nasdaqtrader
SKDD,GraniteShares 2x Short SK Hynix Daily ETF,Nasdaq,1,,nasdaqtrader
SKE,Skeena Resources Limited Common Shares,NYSE,0,,nasdaqtrader
SKF,ProShares UltraShort Financials,NYSE Arca,1,,nasdaqtrader
SKHA,Tradr 2X Long SK hynix Daily ETF,Cboe BZX,1,,nasdaqtrader
SKHL,Direxion Daily SK Hynix Bull 2X ETF,NYSE Arca,1,,nasdaqtrader
SKHN,Tradr 2X Short SK hynix Daily ETF,Cboe BZX,1,,nasdaqtrader
SKHQ,Leverage Shares 2X Short Sk Hynix Daily ETF,Cboe BZX,1,,nasdaqtrader
SKHU,ProShares Ultra SK hynix,NYSE Arca,1,,nasdaqtrader
SKHX,Leverage Shares 2X Long SK Hynix Daily ETF,Cboe BZX,1,,nasdaqtrader
SKHY,SK hynix Inc. - American Depositary Shares,Nasdaq,0,,nasdaqtrader
SKHZ,Leverage Shares 1X Short SK Hynix Daily ETF,Cboe BZX,1,,nasdaqtrader
SKIL,Skillsoft Corp. Class A Common Stock,NYSE,0,,nasdaqtrader
SKIN,SkinHealth Systems Inc. - Class A Common Stock,Nasdaq,0,,nasdaqtrader
SKK,SKK Holdings Limited - Class A Ordinary Shares,Nasdaq,0,,nasdaqtrader
SKM,"SK Telecom Co., Ltd. Common Stock",NYSE,0,,nasdaqtrader
SKOR,Northern Trust Credit-Scored US Corporate Bond ETF,Nasdaq,1,,nasdaqtrader
SKRE,Tuttle Capital Daily 2X Inverse Regional Banks ETF,Nasdaq,1,,nasdaqtrader
SKT,Tanger Inc. Common Stock,NYSE,0,,nasdaqtrader
SKUU,GraniteShares 2x Long SK Hynix Daily ETF,Nasdaq,1,,nasdaqtrader
SKWD,"Skyward Specialty Insurance Group, Inc. - Common Stock",Nasdaq,0,,nasdaqtrader
SKY,"Champion Homes, Inc. Common Stock",NYSE,0,,nasdaqtrader
SKYA,"SkyAI, Inc. - Common Stock",Nasdaq,0,,nasdaqtrader
SKYAW,"SkyAI, Inc. - Warrant",Nasdaq,0,,nasdaqtrader
SKYE,"Skye Bioscience, Inc. - Common Stock",Nasdaq,0,,nasdaqtrader
SKYH,Sky Harbour Group Corporation Class A Common Stock,NYSE,0,,nasdaqtrader
SKYH.W,"Sky Harbour Group Corporation Warrants, each whole warrant exercisable for one share of Class A common stock at an exercise price of $11.50 per share",NYSE,0,,nasdaqtrader
SKYQ,Sky Quarry Inc. - Common Stock,Nasdaq,0,,nasdaqtrader
SKYU,ProShares Ultra Cloud Computing,Nasdaq,1,,nasdaqtrader
SKYW,"SkyWest, Inc. - Common Stock",Nasdaq,0,,nasdaqtrader
SKYX,SKYX Platforms Corp. - Common Stock,Nasdaq,0,,nasdaqtrader
SKYY,First Trust Cloud Computing ETF,Nasdaq,1,,nasdaqtrader
SLAB,"Silicon Laboratories, Inc. - Common Stock",Nasdaq,0,,nasdaqtrader
SLB,SLB Limited Common Shares,NYSE,0,,nasdaqtrader
SLBT,SL Science Holding Limited - Ordinary Shares,Nasdaq,0,,nasdaqtrader
SLDB,Solid Biosciences Inc. - Common Stock,Nasdaq,0,,nasdaqtrader
SLDE,"Slide Insurance Holdings, Inc. - Common Stock",Nasdaq,0,,nasdaqtrader
SLDP,"Solid Power, Inc. - Class A Common Stock",Nasdaq,0,,nasdaqtrader
SLDPW,"Solid Power, Inc. - Warrant",Nasdaq,0,,nasdaqtrader
SLDR,Global X Short-Term Treasury Ladder ETF,NYSE Arca,1,,nasdaqtrader
SLE,"Super League Enterprise, Inc. - Common Stock",Nasdaq,0,,nasdaqtrader
SLF,Sun Life Financial Inc. Common Stock,NYSE,0,,nasdaqtrader
SLG,SL Green Realty Corp Common Stock,NYSE,0,,nasdaqtrader
SLGB,Smart Logistics Global Limited - Class A Ordinary Shares,Nasdaq,0,,nasdaqtrader
SLGL,Sol-Gel Technologies Ltd. - Ordinary Shares,Nasdaq,0,,nasdaqtrader
SLGN,Silgan Holdings Inc. Common Stock,NYSE,0,,nasdaqtrader
SLI,Standard Lithium Ltd. Common Shares,NYSE American,0,,nasdaqtrader
SLJY,Amplify SILJ Junior Silver Miners Covered Call ETF,NYSE Arca,1,,nasdaqtrader
SLM,SLM Corporation - Common Stock,Nasdaq,0,,nasdaqtrader
SLMBP,"SLM Corporation - Floating Rate Non-Cumulative Preferred Stock, Series B",Nasdaq,0,,nasdaqtrader
SLMT,Brera Holdings PLC - Class B Ordinary Shares,Nasdaq,0,,nasdaqtrader
SLN,Silence Therapeutics Plc - American Depository Share,Nasdaq,0,,nasdaqtrader
SLND,"Southland Holdings, Inc. Common Stock",NYSE American,0,,nasdaqtrader
SLND.W,"Southland Holdings, Inc. Warrants",NYSE American,0,,nasdaqtrader
SLNG,"Stabilis Solutions, Inc. - Common Stock",Nasdaq,0,,nasdaqtrader
SLNH,"Soluna Holdings, Inc. - Common Stock",Nasdaq,0,,nasdaqtrader
SLNHP,"Soluna Holdings, Inc. - 9.0% Series A Cumulative Perpetual Preferred Stock",Nasdaq,0,,nasdaqtrader
SLNZ,TCW Senior Loan ETF,NYSE,1,,nasdaqtrader
SLON,ProShares Ultra Solana ETF,NYSE Arca,1,,nasdaqtrader
SLP,"Simulations Plus, Inc. - Common Stock",Nasdaq,0,,nasdaqtrader
SLQD,iShares 0-5 Year Investment Grade Corporate Bond ETF,Nasdaq,1,,nasdaqtrader
SLQT,"SelectQuote, Inc. Common Stock",NYSE,0,,nasdaqtrader
SLRC,SLR Investment Corp. - Closed End Fund,Nasdaq,0,,nasdaqtrader
SLS,"SELLAS Life Sciences Group, Inc.  - Common Stock",Nasdaq,0,,nasdaqtrader
SLSN,"Solesence, Inc. - Common stock",Nasdaq,0,,nasdaqtrader
SLSR,Solaris Resources Inc. Common Shares,NYSE American,0,,nasdaqtrader
SLTY,YieldMax Ultra Short Option Income Strategy ETF,NYSE Arca,1,,nasdaqtrader
SLV,iShares Silver Trust,NYSE Arca,1,,nasdaqtrader
SLVM,Sylvamo Corporation Common Stock,NYSE,0,,nasdaqtrader
SLVO,"ETRACS Silver Shares Covered Call ETNs due April 21, 2033",Nasdaq,1,,nasdaqtrader
SLVP,iShares MSCI Global Silver and Metals Miners ETF,Cboe BZX,1,,nasdaqtrader
SLVR,Sprott Silver Miners & Physical Silver ETF,Nasdaq,1,,nasdaqtrader
SLVX,Nicholas Silver Income ETF,NYSE Arca,1,,nasdaqtrader
SLVY,FT Vest Silver Strategy & Target Income ETF,Cboe BZX,1,,nasdaqtrader
SLWS,Wisdom Short Duration Income ETF,NYSE Arca,1,,nasdaqtrader
SLX,VanEck Steel ETF,NYSE Arca,1,,nasdaqtrader
SLXN,Silexion Therapeutics Corp - Ordinary Shares,Nasdaq,0,,nasdaqtrader
SLXNW,Silexion Therapeutics Corp - Warrant,Nasdaq,0,,nasdaqtrader
SLYG,State Street SPDR S&P 600 Small Cap Growth ETF,NYSE Arca,1,,nasdaqtrader
SLYV,State Street SPDR S&P 600 Small Cap Value ETF,NYSE Arca,1,,nasdaqtrader
SM,SM Energy Company Common Stock,NYSE,0,,nasdaqtrader
SMA,"SmartStop Self Storage REIT, Inc. Common Stock",NYSE,0,,nasdaqtrader
SMAX,iShares Large Cap Max Buffer Sep ETF,Cboe BZX,1,,nasdaqtrader
SMAY,FT Vest U.S. Small Cap Moderate Buffer ETF - May,Cboe BZX,1,,nasdaqtrader
SMB,VanEck Short Muni ETF,Cboe BZX,1,,nasdaqtrader
SMBC,"Southern Missouri Bancorp, Inc. - Common Stock",Nasdaq,0,,nasdaqtrader
SMBK,"SmartFinancial, Inc. Common Stock",NYSE,0,,nasdaqtrader
SMBS,Schwab Mortgage-Backed Securities ETF,NYSE Arca,1,,nasdaqtrader
SMC,Summit Midstream Corporation Common Stock,NYSE,0,,nasdaqtrader
SMCC,Corgi SMCI 2x Daily ETF,Cboe BZX,1,,nasdaqtrader
SMCI,"Super Micro Computer, Inc. - Common Stock",Nasdaq,0,,nasdaqtrader
SMCIP,"Super Micro Computer, Inc. - Depositary Shares Each Representing a 1/20th Interest in a Share of 7% Series A Mandatory Convertible Preferred Stock",Nasdaq,0,,nasdaqtrader
SMCL,GraniteShares 2x Long SMCI Daily ETF,Nasdaq,1,,nasdaqtrader
SMCO,Hilton Small-MidCap Opportunity ETF,Nasdaq,1,,nasdaqtrader
SMCP,SMART Mid Cap ETF,NYSE Arca,1,,nasdaqtrader
SMCX,Defiance Daily Target 2X Long SMCI ETF,Nasdaq,1,,nasdaqtrader
SMCY,YieldMax SMCI Option Income Strategy ETF,NYSE Arca,1,,nasdaqtrader
SMCZ,Defiance Daily Target 2X Short SMCI ETF,Nasdaq,1,,nasdaqtrader
SMDD,UltraPro Short MidCap400,NYSE Arca,1,,nasdaqtrader
SMDV,ProShares Russell 2000 Dividend Growers ETF,Cboe BZX,1,,nasdaqtrader
SMDX,Intech S&P Small-Mid Cap Diversified Alpha ETF,NYSE Arca,1,,nasdaqtrader
SMFG,Sumitomo Mitsui Financial Group Inc Unsponsored American Depositary Shares (Japan),NYSE,0,,nasdaqtrader
SMG,Scotts Miracle-Gro Company (The) Common Stock,NYSE,0,,nasdaqtrader
SMH,VanEck Semiconductor ETF,Nasdaq,1,,nasdaqtrader
SMHB,ETRACS Monthly Pay 2x Leveraged Small Cap High Dividend ETN Series B,NYSE Arca,0,,nasdaqtrader
SMHC,VanEck China Semiconductor ETF,Nasdaq,1,,nasdaqtrader
SMHD,MicroSectors -3x Short Semiconductor ETNs,Cboe BZX,1,,nasdaqtrader
SMHI,SEACOR Marine Holdings Inc. Common Stock,NYSE,0,,nasdaqtrader
SMHU,MicroSectors 3x Long Semiconductor ETNs,Cboe BZX,1,,nasdaqtrader
SMHX,VanEck Fabless Semiconductor ETF,Nasdaq,1,,nasdaqtrader
SMID,Smith-Midland Corporation - Common Stock,Nasdaq,0,,nasdaqtrader
SMIG,Bahl & Gaynor Small/Mid Cap Income Growth ETF,NYSE Arca,1,,nasdaqtrader
SMIN,Ishares MSCI India Small Cap ETF,Cboe BZX,1,,nasdaqtrader
SMIZ,Zacks Small/Mid Cap ETF,NYSE Arca,1,,nasdaqtrader
SMJF,SMJ International Holdings Inc. Class A Ordinary Shares,NYSE American,0,,nasdaqtrader
SMLF,iShares U.S. Small-Cap Equity Factor ETF,NYSE Arca,1,,nasdaqtrader
SMLL,Harbor Active Small Cap ETF,NYSE Arca,1,,nasdaqtrader
SMLV,State Street SPDR US Small Cap Low Volatility Index ETF,NYSE Arca,1,,nasdaqtrader
SMMD,iShares Russell 2500 ETF,Cboe BZX,1,,nasdaqtrader
SMMT,Summit Therapeutics Inc.  - Common Stock,Nasdaq,0,,nasdaqtrader
SMMU,Short Term Municipal Bond Active Exchange-Traded Fund,NYSE Arca,1,,nasdaqtrader
SMMV,iShares MSCI USA Small-Cap Min Vol Factor ETF,Cboe BZX,1,,nasdaqtrader
SMN,ProShares UltraShort Materials,NYSE Arca,1,,nasdaqtrader
SMOG,VanEck Low Carbon Energy ETF,NYSE Arca,1,,nasdaqtrader
SMOM,Symmetry Panoramic Sector Momentum ETF,Nasdaq,1,,nasdaqtrader
SMOT,VanEck Morningstar SMID Moat ETF,Cboe BZX,1,,nasdaqtrader
SMOX,Horizon Small/Mid Cap Core Equity ETF,NYSE Arca,1,,nasdaqtrader
SMP,"Standard Motor Products, Inc. Common Stock",NYSE,0,,nasdaqtrader
SMPL,The Simply Good Foods Company - Common Stock,Nasdaq,0,,nasdaqtrader
SMR,NuScale Power Corporation Class A Common Stock,NYSE,0,,nasdaqtrader
SMRF,"ALPS Nautilus SMR, Nuclear & Technology ETF",NYSE Arca,1,,nasdaqtrader
SMRI,Bushido Capital US Equity ETF,Nasdaq,1,,nasdaqtrader
SMRT,"SmartRent, Inc. Class A Common Stock",NYSE,0,,nasdaqtrader
SMRX,Corgi SMR 2x Daily ETF,Cboe BZX,1,,nasdaqtrader
SMSI,"Smith Micro Software, Inc. - Common Stock",Nasdaq,0,,nasdaqtrader
SMST,Defiance Daily Target 2x Short MSTR ETF,Nasdaq,1,,nasdaqtrader
SMTC,Semtech Corporation - Common Stock,Nasdaq,0,,nasdaqtrader
SMTG,Leverage Shares 2X Long SMTC Daily ETF,Cboe BZX,1,,nasdaqtrader
SMTH,ALPS Smith Core Plus Bond ETF,NYSE Arca,1,,nasdaqtrader
SMTI,Sanara MedTech Inc. - Common Stock,Nasdaq,0,,nasdaqtrader
SMTK,"SmartKem, Inc. - Common Stock",Nasdaq,0,,nasdaqtrader
SMU,Tradr 2X Long SMR Daily ETF,Cboe BZX,1,,nasdaqtrader
SMUP,T-REX 2X Long SMR Daily Target ETF,Cboe BZX,1,,nasdaqtrader
SMWB,Similarweb Ltd. Ordinary Shares,NYSE,0,,nasdaqtrader
SMX,SMX (Security Matters) Public Limited Company - Ordinary Shares,Nasdaq,0,,nasdaqtrader
SMXT,Solarmax Technology Inc. - Common Stock,Nasdaq,0,,nasdaqtrader
SMXWW,SMX (Security Matters) Public Limited Company - Warrant,Nasdaq,0,,nasdaqtrader
SMYY,GraniteShares YieldBOOST SMCI ETF,Nasdaq,1,,nasdaqtrader
SMZ,Tradr 2X Short SMR Daily ETF,Cboe BZX,1,,nasdaqtrader
SN,"SharkNinja, Inc. Ordinary Shares",NYSE,0,,nasdaqtrader
SNA,Snap-On Incorporated Common Stock,NYSE,0,,nasdaqtrader
SNAG,Leverage Shares 2x Long SNAP Daily ETF,Nasdaq,1,,nasdaqtrader
SNAL,"Snail, Inc. - Class A Common Stock",Nasdaq,0,,nasdaqtrader
SNAP,Snap Inc. Class A Common Stock,NYSE,0,,nasdaqtrader
SNAV,Mohr Sector Nav ETF,Cboe BZX,1,,nasdaqtrader
SND,"Smart Sand, Inc. - Common Stock",Nasdaq,0,,nasdaqtrader
SNDA,"Sonida Senior Living, Inc. Common Stock",NYSE,0,,nasdaqtrader
SNDC,Corgi SNDK 2x Daily ETF,Cboe BZX,1,,nasdaqtrader
SNDG,Leverage Shares 2X Long SNDK Daily ETF,Cboe BZX,1,,nasdaqtrader
SNDK,Sandisk Corporation - Common Stock When-Issued,Nasdaq,0,,nasdaqtrader
SNDL,SNDL Inc. - Common Shares,Nasdaq,0,,nasdaqtrader
SNDQ,Tradr 2X Short SNDK Daily ETF,Cboe BZX,1,,nasdaqtrader
SNDR,"Schneider National, Inc. Common Stock",NYSE,0,,nasdaqtrader
SNDU,T-REX 2X Long SNDK Daily Target ETF,Cboe BZX,1,,nasdaqtrader
SNDX,"Syndax Pharmaceuticals, Inc. - Common Stock",Nasdaq,0,,nasdaqtrader
SNES,"SenesTech, Inc. - Common Stock",Nasdaq,0,,nasdaqtrader
SNEX,StoneX Group Inc. - Common Stock,Nasdaq,0,,nasdaqtrader
SNFCA,Security National Financial Corporation - Class A Common Stock,Nasdaq,0,,nasdaqtrader
SNGX,"Soligenix, Inc. - Common Stock",Nasdaq,0,,nasdaqtrader
SNK,GraniteShares 2x Short SpaceX Daily ETF,Cboe BZX,1,,nasdaqtrader
SNN,"Smith & Nephew SNATS, Inc. Common Stock",NYSE,0,,nasdaqtrader
SNOA,"Sonoma Pharmaceuticals, Inc. - Common Stock",Nasdaq,0,,nasdaqtrader
SNOU,T-REX 2X Long SNOW Daily Target ETF,Cboe BZX,1,,nasdaqtrader
SNOV,FT Vest U.S. Small Cap Moderate Buffer ETF - November,Cboe BZX,1,,nasdaqtrader
SNOW,Snowflake Inc. Common Stock,NYSE,0,,nasdaqtrader
SNOY,YieldMax SNOW Option Income Strategy ETF,NYSE Arca,1,,nasdaqtrader
SNPD,Xtrackers S&P Dividend Aristocrats Screened ETF,Cboe BZX,1,,nasdaqtrader
SNPE,Xtrackers S&P 500 Scored & Screened ETF,NYSE Arca,1,,nasdaqtrader
SNPG,Xtrackers S&P 500 Growth Scored & Screened ETF,Cboe BZX,1,,nasdaqtrader
SNPS,"Synopsys, Inc. - Common Stock",Nasdaq,0,,nasdaqtrader
SNSC,SunScout Holding Limited Class A Ordinary Shares,NYSE American,0,,nasdaqtrader
SNSR,Global X Internet of Things ETF,Nasdaq,1,,nasdaqtrader
SNT,Senstar Technologies Corporation - Common Shares,Nasdaq,0,,nasdaqtrader
SNTG,Sentage Holdings Inc. - Class A Ordinary Shares,Nasdaq,0,,nasdaqtrader
SNTH,MRP SynthEquity ETF,NYSE Arca,1,,nasdaqtrader
SNTI,"Senti Biosciences Holdings, Inc. - Common Stock",Nasdaq,0,,nasdaqtrader
SNTQ,MRP SynthEquity Nasdaq 100 ETF,Cboe BZX,1,,nasdaqtrader
SNWV,"SANUWAVE Health, Inc. - Common Stock",Nasdaq,0,,nasdaqtrader
SNX,TD SYNNEX Corporation Common Stock,NYSE,0,,nasdaqtrader
SNXX,Tradr 2X Long SNDK Daily ETF,Cboe BZX,1,,nasdaqtrader
SNY,Sanofi - American Depositary Shares,Nasdaq,0,,nasdaqtrader
SO,Southern Company (The) Common Stock,NYSE,0,,nasdaqtrader
SOAR,"Volato Group, Inc. Class A Common Stock",NYSE American,0,,nasdaqtrader
SOBO,South Bow Corporation Common Shares,NYSE,0,,nasdaqtrader
SOC,Sable Offshore Corp. Common Stock,NYSE,0,,nasdaqtrader
SOCA,Solarius Capital Acquisition Corp. - Class A Ordinary Share,Nasdaq,0,,nasdaqtrader
SOCAU,Solarius Capital Acquisition Corp. - Units,Nasdaq,0,,nasdaqtrader
SOCAW,Solarius Capital Acquisition Corp. - Warrant,Nasdaq,0,,nasdaqtrader
SOCL,Global X Social Media ETF,Nasdaq,1,,nasdaqtrader
SOEZ,Franklin Solana ETF,NYSE Arca,1,,nasdaqtrader
SOFA,Direxion Daily SOFI Bull 2X ETF,Nasdaq,1,,nasdaqtrader
SOFC,Corgi SOFI 2x Daily ETF,Cboe BZX,1,,nasdaqtrader
SOFI,"SoFi Technologies, Inc.  - Common Stock",Nasdaq,0,,nasdaqtrader
SOFR,Amplify Samsung SOFR ETF,NYSE Arca,1,,nasdaqtrader
SOFX,Defiance Daily Target 2X Long SOFI ETF,Nasdaq,1,,nasdaqtrader
SOGP,Sound Group Inc. - American Depositary Shares,Nasdaq,0,,nasdaqtrader
SOHU,Sohu.com Limited  - American Depositary Shares,Nasdaq,0,,nasdaqtrader
SOJC,"Southern Company (The) Series 2017B 5.25% Junior Subordinated Notes due December 1, 2077",NYSE,0,,nasdaqtrader
SOJD,"Southern Company (The) Series 2020A 4.95% Junior Subordinated Notes due January 30, 2080",NYSE,0,,nasdaqtrader
SOJE,"Southern Company (The) Series 2020C 4.20% Junior Subordinated Notes due October 15, 2060",NYSE,0,,nasdaqtrader
SOJF,"Southern Company (The) Series 2025A 6.50% Junior Subordinated Notes due March 15, 2085",NYSE,0,,nasdaqtrader
SOLC,Canary Marinade Solana ETF,Nasdaq,1,,nasdaqtrader
SOLM,Amplify Solana 3% Monthly Option Income ETF,Cboe BZX,1,,nasdaqtrader
SOLS,Solstice Advanced Materials Inc. - Common Stock,Nasdaq,0,,nasdaqtrader
SOLT,2x Solana ETF,Nasdaq,1,,nasdaqtrader
SOLV,Solventum Corporation Common Stock,NYSE,0,,nasdaqtrader
SOLZ,Solana ETF,Nasdaq,1,,nasdaqtrader
SOMN,Southern Company (The) 2025 Series A Corporate Units,NYSE,0,,nasdaqtrader
SON,Sonoco Products Company Common Stock,NYSE,0,,nasdaqtrader
SONM,"DNA X, Inc. - Common Stock",Nasdaq,0,,nasdaqtrader
SONO,"Sonos, Inc. - Common Stock",Nasdaq,0,,nasdaqtrader
SONY,Sony Group Corporation American Depositary Shares,NYSE,0,,nasdaqtrader
SOPH,SOPHiA GENETICS SA - Ordinary Shares,Nasdaq,0,,nasdaqtrader
SOR,"Source Capital, Inc. Cmn Shs of BI",NYSE,0,,nasdaqtrader
SORA,AsiaStrategy - Ordinary Shares,Nasdaq,0,,nasdaqtrader
SORN,Soren Acquisition Corp. - Class A Ordinary Shares,Nasdaq,0,,nasdaqtrader
SORNU,Soren Acquisition Corp. - Unit,Nasdaq,0,,nasdaqtrader
SORNW,Soren Acquisition Corp. - Warrant,Nasdaq,0,,nasdaqtrader
SOS,SOS Limited Class A Ordinary Shares,NYSE,0,,nasdaqtrader
SOTK,Sono-Tek Corporation - Common Stock,Nasdaq,0,,nasdaqtrader
SOUL,Soulpower Acquisition Corporation Class A Ordinary Shares,NYSE,0,,nasdaqtrader
SOUL.R,"Soulpower Acquisition Corporation Rights, each right entitling the holder to receive one-tenth (1/10) of one Class A Ordinary Share",NYSE,0,,nasdaqtrader
SOUL.U,"Soulpower Acquisition Corporation Units, each consisting of one Class A ordinary share and one right",NYSE,0,,nasdaqtrader
SOUN,"SoundHound AI, Inc. - Class A Common Stock",Nasdaq,0,,nasdaqtrader
SOUNW,"SoundHound AI, Inc. - Warrant",Nasdaq,0,,nasdaqtrader
SOUX,Defiance Daily Target 2X Long SOUN ETF,Nasdaq,1,,nasdaqtrader
SOVF,Sovereign's Capital Flourish Fund,NYSE Arca,1,,nasdaqtrader
SOWG,Sow Good Inc. - Common Stock,Nasdaq,0,,nasdaqtrader
SOXL,Direxion Daily Semiconductor Bull 3X ETF,NYSE Arca,1,,nasdaqtrader
SOXQ,Invesco PHLX Semiconductor ETF,Nasdaq,1,,nasdaqtrader
SOXS,Direxion Daily Semiconductor Bear 3X ETF,NYSE Arca,1,,nasdaqtrader
SOXX,iShares PHLX SOX Semiconductor Sector Index Fund,Nasdaq,1,,nasdaqtrader
SOXY,YieldMax Target 12 Semiconductor Option Income ETF,NYSE Arca,1,,nasdaqtrader
SOYB,Teucrium Soybean Fund ETV,NYSE Arca,1,,nasdaqtrader
SPAB,State Street SPDR Portfolio Aggregate Bond ETF,NYSE Arca,1,,nasdaqtrader
SPAI,Safe Pro Group Inc. - Common Stock,Nasdaq,0,,nasdaqtrader
SPAL,GraniteShares 2x Long SpaceX Daily ETF,Cboe BZX,1,,nasdaqtrader
SPAM,Themes Cybersecurity ETF,Nasdaq,1,,nasdaqtrader
SPAQ,Horizon Kinetics SPAC Active ETF,Nasdaq,1,,nasdaqtrader
SPAX,T-REX 2X Long SPCX Daily Target ETF,NYSE Arca,1,,nasdaqtrader
SPB,"Spectrum Brands Holdings, Inc. Common Stock",NYSE,0,,nasdaqtrader
SPBC,Simplify US Equity PLUS Bitcoin Strategy ETF,Nasdaq,1,,nasdaqtrader
SPBO,State Street SPDR Portfolio Corporate Bond ETF,NYSE Arca,1,,nasdaqtrader
SPBU,AllianzIM Buffer15 Uncapped Allocation ETF,Cboe BZX,1,,nasdaqtrader
SPBW,AllianzIM Buffer20 Allocation ETF,Cboe BZX,1,,nasdaqtrader
SPBX,AllianzIM 6 Month Buffer10 Allocation ETF,Cboe BZX,1,,nasdaqtrader
SPCB,"SuperCom, Ltd. - Ordinary Shares",Nasdaq,0,,nasdaqtrader
SPCE,"Virgin Galactic Holdings, Inc. Common Stock",NYSE,0,,nasdaqtrader
SPCF,ProShares Ultra SpaceX,NYSE Arca,1,,nasdaqtrader
SPCG,Tradr 2X Short SpaceX Daily ETF,Cboe BZX,1,,nasdaqtrader
SPCH,Leverage Shares 2X Long SPCX Daily ETF,Cboe BZX,1,,nasdaqtrader
SPCI,Tuttle Capital Space Industry Income Blast ETF,Cboe BZX,1,,nasdaqtrader
SPCK,SPAC and New Issue ETF,Nasdaq,1,,nasdaqtrader
SPCL,Defiance Pure Space Daily 2X Strategy ETF,Cboe BZX,1,,nasdaqtrader
SPCM,Tradr 2X Long SpaceX Daily ETF,Cboe BZX,1,,nasdaqtrader
SPCQ,Defiance Daily Target 2X Short SPCX ETF,Cboe BZX,1,,nasdaqtrader
SPCT,Liberty One Spectrum ETF,Nasdaq,1,,nasdaqtrader
SPCU,Defiance Daily Target 2X Long SPCX ETF,Cboe BZX,1,,nasdaqtrader
SPCX,Space Exploration Technologies Corp. - Class A Common Stock,Nasdaq,0,,nasdaqtrader
SPD,Simplify US Equity PLUS Downside Convexity ETF,NYSE Arca,1,,nasdaqtrader
SPDF,Defender Risk Adaptive 500 ETF,Cboe BZX,1,,nasdaqtrader
SPDG,State Street SPDR Portfolio S&P Sector Neutral Dividend ETF,NYSE Arca,1,,nasdaqtrader
SPDN,Direxion Daily S&P 500 Bear 1X ETF,NYSE Arca,1,,nasdaqtrader
SPDV,AAM S&P 500 High Dividend Value ETF,NYSE Arca,1,,nasdaqtrader
SPDW,State Street SPDR Portfolio Developed World ex-US ETF,NYSE Arca,1,,nasdaqtrader
SPE,"Special Opportunities Fund, Inc Common Stock",NYSE,0,,nasdaqtrader
SPEG,Silver Pegasus Acquisition Corp - Class A Ordinary Shares,Nasdaq,0,,nasdaqtrader
SPEGR,Silver Pegasus Acquisition Corp - Rights,Nasdaq,0,,nasdaqtrader
SPEGU,Silver Pegasus Acquisition Corp - Unit,Nasdaq,0,,nasdaqtrader
SPEM,State Street SPDR Portfolio Emerging Markets ETF,NYSE Arca,1,,nasdaqtrader
SPEU,State Street SPDR Portfolio Europe ETF,NYSE Arca,1,,nasdaqtrader
SPFF,Global X SuperIncome Preferred ETF,NYSE Arca,1,,nasdaqtrader
SPFI,"South Plains Financial, Inc. - Common Stock",Nasdaq,0,,nasdaqtrader
SPG,"Simon Property Group, Inc. Common Stock",NYSE,0,,nasdaqtrader
SPGI,S&P Global Inc. Common Stock,NYSE,0,,nasdaqtrader
SPGM,State Street SPDR Portfolio MSCI Global Stock Market ETF,NYSE Arca,1,,nasdaqtrader
SPGP,Invesco S&P 500 GARP ETF,NYSE Arca,1,,nasdaqtrader
SPH,"Suburban Propane Partners, L.P. Common Stock",NYSE,0,,nasdaqtrader
SPHB,Invesco S&P 500 High Beta ETF,NYSE Arca,1,,nasdaqtrader
SPHD,Invesco S&P 500 High Dividend Low Volatility ETF,NYSE Arca,1,,nasdaqtrader
SPHL,Springview Holdings Ltd - Ordinary shares,Nasdaq,0,,nasdaqtrader
SPHQ,Invesco S&P 500 Quality ETF,NYSE Arca,1,,nasdaqtrader
SPHR,Sphere Entertainment Co. Class A Common Stock,NYSE,0,,nasdaqtrader
SPHY,State Street SPDR Portfolio High Yield Bond ETF,NYSE Arca,1,,nasdaqtrader
SPIB,State Street SPDR Portfolio Intermediate Term Corporate Bond ETF,NYSE Arca,1,,nasdaqtrader
SPIN,State Street US Equity Premium Income ETF,Cboe BZX,1,,nasdaqtrader
SPIP,State Street SPDR Portfolio TIPS ETF,NYSE Arca,1,,nasdaqtrader
SPIR,"Spire Global, Inc. Class A Common Stock",NYSE,0,,nasdaqtrader
SPIT,F/m Emerald Special Situations ETF,Nasdaq,1,,nasdaqtrader
SPKL,Spark I Acquisition Corp. - Class A Ordinary Share,Nasdaq,0,,nasdaqtrader
SPKLU,Spark I Acquisition Corp. - Unit,Nasdaq,0,,nasdaqtrader
SPKLW,Spark I Acquisition Corp. - Warrant,Nasdaq,0,,nasdaqtrader
SPLB,State Street SPDR Portfolio Long Term Corporate Bond ETF,NYSE Arca,1,,nasdaqtrader
SPLS,PIMCO US Stocks PLUS Active Bond Exchange-Traded Fund,Cboe BZX,1,,nasdaqtrader
SPLV,Invesco S&P 500 Low Volatility ETF,NYSE Arca,1,,nasdaqtrader
SPMA,"Sound Point Meridian Capital, Inc. 8.00% Series A Preferred Shares Due 2029",NYSE,0,,nasdaqtrader
SPMB,State Street SPDR Portfolio Mortgage Backed Bond ETF,NYSE Arca,1,,nasdaqtrader
SPMC,"Sound Point Meridian Capital, Inc. Common Stock",NYSE,0,,nasdaqtrader
SPMD,State Street SPDR Portfolio S&P 400 Mid Cap ETF,NYSE Arca,1,,nasdaqtrader
SPME,"Sound Point Meridian Capital, Inc. 7.875% Series B Preferred Shares due 2030",NYSE,0,,nasdaqtrader
SPMO,Invesco S&P 500 Momentum ETF,NYSE Arca,1,,nasdaqtrader
SPNT,SiriusPoint Ltd. Common Shares,NYSE,0,,nasdaqtrader
SPOG,Leverage Shares 2X Long SPOT Daily ETF,Nasdaq,1,,nasdaqtrader
SPOK,"Spok Holdings, Inc. - Common Stock",Nasdaq,0,,nasdaqtrader
SPOT,Spotify Technology S.A. Ordinary Shares,NYSE,0,,nasdaqtrader
SPPL,SIMPPLE LTD. - Ordinary Shares,Nasdaq,0,,nasdaqtrader
SPPP,Sprott Physical Platinum and Palladium Trust,NYSE Arca,1,,nasdaqtrader
SPRB,"Spruce Biosciences, Inc. - Common Stock",Nasdaq,0,,nasdaqtrader
SPRC,SciSparc Ltd. - Ordinary Shares,Nasdaq,0,,nasdaqtrader
SPRE,SP Funds S&P Global REIT Sharia ETF,NYSE Arca,1,,nasdaqtrader
SPRO,"Spero Therapeutics, Inc. - Common Stock",Nasdaq,0,,nasdaqtrader
SPRU,Spruce Power Holding Corporation Class A Common Stock,NYSE,0,,nasdaqtrader
SPRX,Spear Alpha ETF,Nasdaq,1,,nasdaqtrader
SPRY,"ARS Pharmaceuticals, Inc. - Common Stock",Nasdaq,0,,nasdaqtrader
SPSB,State Street SPDR Portfolio Short Term Corporate Bond ETF,NYSE Arca,1,,nasdaqtrader
SPSC,"SPS Commerce, Inc. - Common Stock",Nasdaq,0,,nasdaqtrader
SPSK,SP Funds Dow Jones Global Sukuk ETF,NYSE Arca,1,,nasdaqtrader
SPSM,State Street SPDR Portfolio S&P 600 Small Cap ETF,NYSE Arca,1,,nasdaqtrader
SPT,"Sprout Social, Inc - Class A Common Stock",Nasdaq,0,,nasdaqtrader
SPTB,State Street SPDR Portfolio Treasury ETF,NYSE Arca,1,,nasdaqtrader
SPTE,SP Funds S&P Global Technology ETF,NYSE Arca,1,,nasdaqtrader
SPTI,State Street SPDR Portfolio Intermediate Term Treasury ETF,NYSE Arca,1,,nasdaqtrader
SPTL,State Street SPDR Portfolio Long Term Treasury ETF,NYSE Arca,1,,nasdaqtrader
SPTM,State Street SPDR Portfolio S&P 1500 Composite Stock Market ETF,NYSE Arca,1,,nasdaqtrader
SPTS,State Street SPDR Portfolio Short Term Treasury ETF,NYSE Arca,1,,nasdaqtrader
SPTU,State Street SPDR Portfolio Ultra Short T-Bill ETF,NYSE Arca,1,,nasdaqtrader
SPTX,"Seaport Therapeutics, Inc. - Common Stock",Nasdaq,0,,nasdaqtrader
SPUC,Simplify US Equity Income ETF,NYSE Arca,1,,nasdaqtrader
SPUS,SP Funds S&P 500 Sharia Industry Exclusions ETF,NYSE Arca,1,,nasdaqtrader
SPUT,Innovator Equity Premium Income - Daily PutWrite ETF,NYSE Arca,1,,nasdaqtrader
SPUU,Direxion Daily S&P 500 Bull 2X ETF,NYSE Arca,1,,nasdaqtrader
SPVM,Invesco S&P 500 Value with Momentum ETF,NYSE Arca,1,,nasdaqtrader
SPWH,"Sportsman's Warehouse Holdings, Inc. - Common Stock",Nasdaq,0,,nasdaqtrader
SPWO,SP Funds S&P World (ex-US) ETF,NYSE Arca,1,,nasdaqtrader
SPWR,SunPower Inc. - Common Stock,Nasdaq,0,,nasdaqtrader
SPWRW,SunPower Inc. - Warrant,Nasdaq,0,,nasdaqtrader
SPXC,"SPX Technologies, Inc. Common Stock",NYSE,0,,nasdaqtrader
SPXD,Xtrackers S&P 500 Diversified Sector Weight ETF,Nasdaq,1,,nasdaqtrader
SPXE,ProShares S&P 500 Ex-Energy ETF,NYSE Arca,1,,nasdaqtrader
SPXL,Direxion Daily S&P 500 Bull 3X ETF,NYSE Arca,1,,nasdaqtrader
SPXN,ProShares S&P 500 Ex-Financials ETF,NYSE Arca,1,,nasdaqtrader
SPXS,Direxion Daily S&P 500 Bear 3X ETF,NYSE Arca,1,,nasdaqtrader
SPXT,ProShares S&P 500 Ex-Technology ETF,NYSE Arca,1,,nasdaqtrader
SPXU,ProShares UltraPro Short S&P500,NYSE Arca,1,,nasdaqtrader
SPXV,ProShares S&P 500 Ex-Health Care ETF,NYSE Arca,1,,nasdaqtrader
SPXX,Nuveen S&P 500 Dynamic Overwrite Fund,NYSE,0,,nasdaqtrader
SPY,State Street SPDR S&P 500 ETF Trust,NYSE Arca,1,,nasdaqtrader
SPYA,Twin Oak Endure ETF,Cboe BZX,1,,nasdaqtrader
SPYC,Simplify US Equity PLUS Convexity ETF,NYSE Arca,1,,nasdaqtrader
SPYD,State Street SPDR Portfolio S&P 500 High Dividend ETF,NYSE Arca,1,,nasdaqtrader
SPYG,State Street SPDR Portfolio S&P 500 Growth ETF,NYSE Arca,1,,nasdaqtrader
SPYH,NEOS S&P 500 Hedged Equity Income ETF,Cboe BZX,1,,nasdaqtrader
SPYI,NEOS S&P 500 High Income ETF,Cboe BZX,1,,nasdaqtrader
SPYM,State Street SPDR Portfolio S&P 500 ETF,NYSE Arca,1,,nasdaqtrader
SPYQ,Tradr 2X Long SPY Quarterly ETF,Nasdaq,1,,nasdaqtrader
SPYT,Defiance S&P 500 Target Income ETF,NYSE Arca,1,,nasdaqtrader
SPYU,"MAX S&P 500 4X Leveraged ETNs due October 30, 2043",NYSE Arca,1,,nasdaqtrader
SPYV,State Street SPDR Portfolio S&P 500 Value ETF,NYSE Arca,1,,nasdaqtrader
SPYX,State Street SPDR S&P 500 Fossil Fuel Reserves Free ETF,NYSE Arca,1,,nasdaqtrader
SQBA,FT Vest U.S. Equity Quarterly 15 Buffer ETF,Cboe BZX,1,,nasdaqtrader
SQFT,"Presidio Property Trust, Inc. - Class A Common Stock",Nasdaq,0,,nasdaqtrader
SQFTP,"Presidio Property Trust, Inc. - 9.375% Series D Cumulative Redeemable Perpetual Preferred Stock, $0.01 par value per share",Nasdaq,0,,nasdaqtrader
SQFTW,"Presidio Property Trust, Inc. - Series A Common Stock Purchase Warrants",Nasdaq,0,,nasdaqtrader
SQLT,iShares MSCI USA Small-Cap Quality Factor ETF,Cboe BZX,1,,nasdaqtrader
SQLV,Royce Quant Small-Cap Quality Value ETF,Nasdaq,1,,nasdaqtrader
SQM,Sociedad Quimica y Minera S.A. Common Stock,NYSE,0,,nasdaqtrader
SQMX,FT Vest U.S. Equity Quarterly Max Buffer ETF,Cboe BZX,1,,nasdaqtrader
SQNS,Sequans Communications S.A. American Depositary Shares (each representing one hundred (100) Ordinary Shares),NYSE,0,,nasdaqtrader
SQQQ,ProShares UltraPro Short QQQ,Nasdaq,1,,nasdaqtrader
SQS,Sapient Quality Select ETF,Nasdaq,1,,nasdaqtrader
SR,Spire Inc. Common Stock,NYSE,0,,nasdaqtrader
SRAD,Sportradar Group AG - Class A Ordinary Shares,Nasdaq,0,,nasdaqtrader
SRBK,"SR Bancorp, Inc. - Common stock",Nasdaq,0,,nasdaqtrader
SRCE,1st Source Corporation - Common Stock,Nasdaq,0,,nasdaqtrader
SRE,DBA Sempra Common Stock,NYSE,0,,nasdaqtrader
SREA,DBA Sempra 5.750% Junior Subordinated Notes due 2079,NYSE,0,,nasdaqtrader
SRET,Global X SuperDividend REIT ETF,Nasdaq,1,,nasdaqtrader
SRFM,Surf Air Mobility Inc. Common Stock,NYSE,0,,nasdaqtrader
SRG,Seritage Growth Properties Class A Common Stock,NYSE,0,,nasdaqtrader
SRHQ,SRH U.S. Quality GARP ETF,NYSE Arca,1,,nasdaqtrader
SRHR,SRH REIT Covered Call ETF,NYSE Arca,1,,nasdaqtrader
SRI,"Stoneridge, Inc. Common Stock",NYSE,0,,nasdaqtrader
SRJN,Spire Inc. 6.375% Junior Subordinated Notes due 2086,NYSE,0,,nasdaqtrader
SRL,Scully Royalty Ltd.,NYSE,0,,nasdaqtrader
SRLN,State Street Blackstone Senior Loan ETF,NYSE Arca,1,,nasdaqtrader
SROI,Calamos Antetokounmpo Global Sustainable Equities ETF,NYSE Arca,1,,nasdaqtrader
SRPT,"Sarepta Therapeutics, Inc. - Common Stock",Nasdaq,0,,nasdaqtrader
SRRK,Scholar Rock Holding Corporation - Common Stock,Nasdaq,0,,nasdaqtrader
SRS,ProShares UltraShort Real Estate,NYSE Arca,1,,nasdaqtrader
SRTA,"Strata Critical Medical, Inc. - Class A Common Stock",Nasdaq,0,,nasdaqtrader
SRTS,"Sensus Healthcare, Inc. - Common Stock",Nasdaq,0,,nasdaqtrader
SRTY,ProShares UltraPro Short Russell2000,NYSE Arca,1,,nasdaqtrader
SRV,NXG Cushing Midstream Energy Fund Common Shares of Beneficial Interest,NYSE,0,,nasdaqtrader
SRVR,Pacer Data & Infrastructure Real Estate ETF,NYSE Arca,1,,nasdaqtrader
SRXH,SRX Global Inc. Common Stock,NYSE American,0,,nasdaqtrader
SRZN,"Surrozen, Inc. - Common Stock",Nasdaq,0,,nasdaqtrader
SSAC,SPACSphere Acquisition Corp. - Class A Ordinary Shares,Nasdaq,0,,nasdaqtrader
SSACR,SPACSphere Acquisition Corp. - Rights,Nasdaq,0,,nasdaqtrader
SSACU,SPACSphere Acquisition Corp. - Unit,Nasdaq,0,,nasdaqtrader
SSACW,SPACSphere Acquisition Corp. - Warrant,Nasdaq,0,,nasdaqtrader
SSB,SouthState Bank Corporation Common Stock,NYSE,0,,nasdaqtrader
SSBI,Summit State Bank - Common Stock,Nasdaq,0,,nasdaqtrader
SSCP,SMART Small Cap ETF,NYSE Arca,1,,nasdaqtrader
SSD,"Simpson Manufacturing Company, Inc. Common Stock",NYSE,0,,nasdaqtrader
SSEA,Starry Sea Acquisition Corp - Ordinary Shares,Nasdaq,0,,nasdaqtrader
SSEAR,Starry Sea Acquisition Corp - Rights,Nasdaq,0,,nasdaqtrader
SSEAU,Starry Sea Acquisition Corp - Unit,Nasdaq,0,,nasdaqtrader
SSFI,Day Hagan Smart Sector Fixed Income ETF,NYSE Arca,1,,nasdaqtrader
SSG,ProShares UltraShort Semiconductors,NYSE Arca,1,,nasdaqtrader
SSII,SS Innovations International Inc. - Common Stock,Nasdaq,0,,nasdaqtrader
SSK,REX-Osprey SOL + Staking ETF,Cboe BZX,1,,nasdaqtrader
SSL,Sasol Ltd. American Depositary Shares,NYSE,0,,nasdaqtrader
SSM,Sono Group N.V. - Ordinary Shares,Nasdaq,0,,nasdaqtrader
SSMG,Virtus Silvant Small/Mid Growth ETF,NYSE Arca,1,,nasdaqtrader
SSMR,Sunshine Silver Mining & Refining Company Common Stock,NYSE,0,,nasdaqtrader
SSNC,"SS&C Technologies Holdings, Inc. - Common Stock",Nasdaq,0,,nasdaqtrader
SSO,ProShares Ultra S&P500,NYSE Arca,1,,nasdaqtrader
SSP,E.W. Scripps Company (The) - Class A Common Stock,Nasdaq,0,,nasdaqtrader
SSPC,Leverage Shares 2X Short SPCX Daily ETF,Cboe BZX,1,,nasdaqtrader
SSPY,Stratified LargeCap Index ETF,NYSE Arca,1,,nasdaqtrader
SSRM,SSR Mining Inc. - Common Stock,Nasdaq,0,,nasdaqtrader
SSS,CYBER HORNET S&P 500 and Solana 75/25 Strategy ETF,Nasdaq,1,,nasdaqtrader
SST,"System1, Inc. Class A Common Stock",NYSE,0,,nasdaqtrader
SSTI,"SoundThinking, Inc. - Common Stock",Nasdaq,0,,nasdaqtrader
SSTK,"Shutterstock, Inc. Common Stock",NYSE,0,,nasdaqtrader
SSUS,Day Hagan Smart Sector ETF,NYSE Arca,1,,nasdaqtrader
SSXU,Day Hagan Smart Sector International ETF,NYSE Arca,1,,nasdaqtrader
SSYS,"Stratasys, Ltd. - Common Stock",Nasdaq,0,,nasdaqtrader
ST,Sensata Technologies Holding plc Ordinary Shares,NYSE,0,,nasdaqtrader
STAA,STAAR Surgical Company - Common Stock,Nasdaq,0,,nasdaqtrader
STAG,"Stag Industrial, Inc. Common Stock",NYSE,0,,nasdaqtrader
STAK,STAK Inc. - Class A Ordinary Shares,Nasdaq,0,,nasdaqtrader
STAX,Nomura Tax-Free USA Short Term ETF,NYSE Arca,1,,nasdaqtrader
STBA,"S&T Bancorp, Inc. - Common Stock",Nasdaq,0,,nasdaqtrader
STBF,Performance Trust Short Term Bond ETF,Cboe BZX,1,,nasdaqtrader
STBQ,Amplify Stablecoin Technology Leaders ETF,NYSE Arca,1,,nasdaqtrader
STC,Stewart Information Services Corporation Common Stock,NYSE,0,,nasdaqtrader
STCE,Schwab Crypto Thematic Natural Language Processing ETF,NYSE Arca,1,,nasdaqtrader
STDN,"Standard Nuclear, Inc. Class A Common Stock",NYSE,0,,nasdaqtrader
STE,STERIS plc (Ireland) Ordinary Shares,NYSE,0,,nasdaqtrader
STEM,"Stem, Inc. Class A Common Stock",NYSE,0,,nasdaqtrader
STEN,iShares Large Cap 10% Target Buffer Sep ETF,Cboe BZX,1,,nasdaqtrader
STEP,StepStone Group Inc. - Class A Common Stock,Nasdaq,0,,nasdaqtrader
STEW,"SRH Total Return Fund, Inc. Common Stock",NYSE,0,,nasdaqtrader
STEX,Streamex Corp. - Common Stock,Nasdaq,0,,nasdaqtrader
STFS,Star Fashion Culture Holdings Limited - Class A Ordinary Shares,Nasdaq,0,,nasdaqtrader
STG,"Sunlands Technology Group American Depositary Shares, representing Class A ordinary shares",NYSE,0,,nasdaqtrader
STGW,Stagwell Inc. - Class A Common Stock,Nasdaq,0,,nasdaqtrader
STHH,STMicroelectronics NV ADRhedged,NYSE Arca,1,,nasdaqtrader
STHO,Star Holdings - Shares of Beneficial Interest,Nasdaq,0,,nasdaqtrader
STI,"Solidion Technology, Inc. - Common Stock",Nasdaq,0,,nasdaqtrader
STIM,"Neuronetics, Inc. - Common Stock",Nasdaq,0,,nasdaqtrader
STIP,iShares 0-5 Year TIPS Bond ETF,NYSE Arca,1,,nasdaqtrader
STK,Columbia Seligman Premium Technology Growth Fund Inc,NYSE,0,,nasdaqtrader
STKE,Sol Strategies Inc. - Common Shares,Nasdaq,0,,nasdaqtrader
STKH,Steakholder Foods Ltd. - American Depositary Shares,Nasdaq,0,,nasdaqtrader
STKS,"The ONE Group Hospitality, Inc. - Common Stock",Nasdaq,0,,nasdaqtrader
STLA,Stellantis N.V. Common Shares,NYSE,0,,nasdaqtrader
STLD,"Steel Dynamics, Inc. - Common Stock",Nasdaq,0,,nasdaqtrader
STLL,Leverage Shares 2X Long STRL Daily ETF,Cboe BZX,1,,nasdaqtrader
STLN,"Starling Oncology, Inc. - Common Stock",Nasdaq,0,,nasdaqtrader
STLNW,"Starling Oncology, Inc. - Warrant",Nasdaq,0,,nasdaqtrader
STLR,Stellar ETF,Cboe BZX,1,,nasdaqtrader
STLU,2x Stellar ETF,Cboe BZX,1,,nasdaqtrader
STM,STMicroelectronics N.V. Common Stock,NYSE,0,,nasdaqtrader
STMX,Leverage Shares 2X Long STM Daily ETF,Cboe BZX,1,,nasdaqtrader
STN,Stantec Inc Common Stock,NYSE,0,,nasdaqtrader
STNC,Hennessy Sustainable ETF,Nasdaq,1,,nasdaqtrader
STNE,StoneCo Ltd. - Class A Common Share,Nasdaq,0,,nasdaqtrader
STNG,Scorpio Tankers Inc. Common Shares,NYSE,0,,nasdaqtrader
STOK,"Stoke Therapeutics, Inc. - Common Stock",Nasdaq,0,,nasdaqtrader
STOT,State Street DoubleLine Short Duration Total Return Tactical ETF,Cboe BZX,1,,nasdaqtrader
STOX,Horizon Core Equity ETF,Cboe BZX,1,,nasdaqtrader
STPZ,PIMCO 1-5 Year U.S. TIPS Index Exchange-Traded Fund,NYSE Arca,1,,nasdaqtrader
STRA,"Strategic Education, Inc. - Common Stock",Nasdaq,0,,nasdaqtrader
STRC,Strategy Inc - Variable Rate Series A Perpetual Stretch Preferred Stock,Nasdaq,0,,nasdaqtrader
STRD,Strategy Inc - 10.00% Series A Perpetual Stride Preferred Stock,Nasdaq,0,,nasdaqtrader
STRF,Strategy Inc - 10.00% Series A Perpetual Strife Preferred Stock,Nasdaq,0,,nasdaqtrader
STRK,Strategy Inc - 8.00% Series A Perpetual Strike Preferred Stock,Nasdaq,0,,nasdaqtrader
STRL,"Sterling Infrastructure, Inc. - Common Stock",Nasdaq,0,,nasdaqtrader
STRN,SMART Trend 25 ETF,NYSE Arca,1,,nasdaqtrader
STRO,"Sutro Biopharma, Inc. - Common Stock",Nasdaq,0,,nasdaqtrader
STRR,"Star Equity Holdings, Inc. - Common Stock",Nasdaq,0,,nasdaqtrader
STRRP,"Star Equity Holdings, Inc. - 10% Series A Cumulative Perpetual Preferred Stock",Nasdaq,0,,nasdaqtrader
STRT,STRATTEC SECURITY CORPORATION - Common Stock,Nasdaq,0,,nasdaqtrader
STRW,"Strawberry Fields REIT, Inc. Common Stock",NYSE American,0,,nasdaqtrader
STRZ,Starz Entertainment Corp. - Common Shares,Nasdaq,0,,nasdaqtrader
STSM,Defiance Daily Target 2X Short TSM ETF,NYSE Arca,1,,nasdaqtrader
STT,State Street Corporation Common Stock,NYSE,0,,nasdaqtrader
STTK,"Shattuck Labs, Inc. - Common Stock",Nasdaq,0,,nasdaqtrader
STUB,"StubHub Holdings, Inc. Class A Common Stock",NYSE,0,,nasdaqtrader
STVN,Stevanato Group S.p.A. Ordinary Shares,NYSE,0,,nasdaqtrader
STWD,"STARWOOD PROPERTY TRUST, INC. Starwood Property Trust Inc.",NYSE,0,,nasdaqtrader
STX,Seagate Technology Holdings PLC - Ordinary Shares (Ireland),Nasdaq,0,,nasdaqtrader
STXD,Strive 1000 Dividend Growth ETF,NYSE,1,,nasdaqtrader
STXE,Strive Emerging Markets Ex-China ETF,NYSE,1,,nasdaqtrader
STXF,Strive 500 ETF,NYSE,1,,nasdaqtrader
STXG,Strive 1000 Growth ETF,NYSE,1,,nasdaqtrader
STXK,Strive Small-Cap ETF,NYSE,1,,nasdaqtrader
STXL,Defiance Daily Target 2x Long STX ETF,Cboe BZX,1,,nasdaqtrader
STXS,"Stereotaxis, Inc. Common Stock",NYSE American,0,,nasdaqtrader
STXT,Strive Total Return Bond ETF,NYSE,1,,nasdaqtrader
STXU,Leverage Shares 2X Long STX Daily ETF,Cboe BZX,1,,nasdaqtrader
STXV,Strive 1000 Value ETF,NYSE,1,,nasdaqtrader
STXX,Tradr 2X Long STX Daily ETF,Cboe BZX,1,,nasdaqtrader
STYL,Corgi Lifestyle Brands ETF,Cboe BZX,1,,nasdaqtrader
STZ,"Constellation Brands, Inc. Common Stock",NYSE,0,,nasdaqtrader
SU,Suncor Energy  Inc. Common Stock,NYSE,0,,nasdaqtrader
SUB,iShares Short-Term National Muni Bond ETF,NYSE Arca,1,,nasdaqtrader
SUGP,SU Group Holdings Limited - Class A Ordinary Shares,Nasdaq,0,,nasdaqtrader
SUI,"Sun Communities, Inc. Common Stock",NYSE,0,,nasdaqtrader
SUIG,Sui Group Holdings Limited - Common Stock,Nasdaq,0,,nasdaqtrader
SUIL,2x Sui ETF,Cboe BZX,1,,nasdaqtrader
SUIS,Canary Staked SUI ETF,Nasdaq,1,,nasdaqtrader
SUJA,"Suja Life, Inc. - Class A Common Stock",Nasdaq,0,,nasdaqtrader
SUMA,SUMA Acquisition Corporation - Class A Ordinary Shares,Nasdaq,0,,nasdaqtrader
SUMAR,SUMA Acquisition Corporation - Rights,Nasdaq,0,,nasdaqtrader
SUMAU,SUMA Acquisition Corporation - Units,Nasdaq,0,,nasdaqtrader
SUN,Sunoco LP Common Units representing limited partner interests,NYSE,0,,nasdaqtrader
SUNB,"Sunbelt Rentals Holdings, Inc. Common Stock",NYSE,0,,nasdaqtrader
SUNC,"SunocoCorp LLC Common Units, representing limited liability company interests",NYSE,0,,nasdaqtrader
SUNE,"SUNation Energy, Inc. - Common Stock",Nasdaq,0,,nasdaqtrader
SUNS,"Sunrise Realty Trust, Inc. - Common Stock",Nasdaq,0,,nasdaqtrader
SUPL,ProShares Supply Chain Logistics ETF,NYSE Arca,1,,nasdaqtrader
SUPN,"Supernus Pharmaceuticals, Inc. - Common Stock",Nasdaq,0,,nasdaqtrader
SUPP,TCW Transform Supply Chain ETF,Nasdaq,1,,nasdaqtrader
SUPV,Grupo Supervielle S.A. American Depositary Shares each Representing five Class B shares,NYSE,0,,nasdaqtrader
SUPX,SuperX AI Technology Limited - Ordinary Shares,Nasdaq,0,,nasdaqtrader
SURE,AdvisorShares Insider Advantage ETF,NYSE Arca,1,,nasdaqtrader
SURG,"SurgePays, Inc. - Common Stock",Nasdaq,0,,nasdaqtrader
SURI,Simplify Propel Opportunities ETF,NYSE Arca,1,,nasdaqtrader
SUSA,iShares ESG Optimized MSCI USA ETF,NYSE Arca,1,,nasdaqtrader
SUSB,iShares ESG Aware 1-5 Year USD Corporate Bond ETF,Nasdaq,1,,nasdaqtrader
SUSC,iShares ESG Aware USD Corporate Bond ETF,Nasdaq,1,,nasdaqtrader
SUSL,iShares ESG MSCI USA Leaders ETF,Nasdaq,1,,nasdaqtrader
SUZ,Suzano S.A. American Depositary Shares (each representing One Ordinary Share),NYSE,0,,nasdaqtrader
SVA,"Sinovac Biotech, Ltd. - Ordinary Shares (Antigua/Barbudo)",Nasdaq,0,,nasdaqtrader
SVAL,iShares US Small Cap Value Factor ETF,Cboe BZX,1,,nasdaqtrader
SVAQ,Silicon Valley Acquisition Corp. - Class A Ordinary Shares,Nasdaq,0,,nasdaqtrader
SVAQU,Silicon Valley Acquisition Corp. - Units,Nasdaq,0,,nasdaqtrader
SVAQW,Silicon Valley Acquisition Corp. - Warrants,Nasdaq,0,,nasdaqtrader
SVC,Service Properties Trust - Common Shares of Beneficial Interest,Nasdaq,0,,nasdaqtrader
SVCC,Stellar V Capital Corp. - Class A Ordinary Shares,Nasdaq,0,,nasdaqtrader
SVCCU,Stellar V Capital Corp. - Unit,Nasdaq,0,,nasdaqtrader
SVCCW,Stellar V Capital Corp. - Warrant,Nasdaq,0,,nasdaqtrader
SVCO,"Silvaco Group, Inc. - Common Stock",Nasdaq,0,,nasdaqtrader
SVIA,"Silvia, Inc. - Common Stock",Nasdaq,0,,nasdaqtrader
SVIAW,"Silvia, Inc. - Warrant.",Nasdaq,0,,nasdaqtrader
SVIV,Spring Valley Acquisition Corp. IV - Class A Ordinary Shares,Nasdaq,0,,nasdaqtrader
SVIVU,Spring Valley Acquisition Corp. IV - Units,Nasdaq,0,,nasdaqtrader
SVIVW,Spring Valley Acquisition Corp. IV - Warrants,Nasdaq,0,,nasdaqtrader
SVIX,-1x Short VIX Futures ETF,Cboe BZX,1,,nasdaqtrader
SVM,Silvercorp Metals Inc. Common Shares,NYSE American,0,,nasdaqtrader
SVOL,Simplify Volatility Premium ETF,NYSE Arca,1,,nasdaqtrader
SVRA,"Savara, Inc. - Common Stock",Nasdaq,0,,nasdaqtrader
SVRE,SaverOne 2014 Ltd. - American Depositary Shares,Nasdaq,0,,nasdaqtrader
SVREW,SaverOne 2014 Ltd. - Warrant,Nasdaq,0,,nasdaqtrader
SVRN,"SVRN, Inc. - Common Stock",Nasdaq,0,,nasdaqtrader
SVV,"Savers Value Village, Inc. Common Stock",NYSE,0,,nasdaqtrader
SVXY,ProShares Short VIX Short Term Futures ETF,Cboe BZX,1,,nasdaqtrader
SW,Smurfit WestRock plc Ordinary Shares,NYSE,0,,nasdaqtrader
SWAG,"Stran & Company, Inc. - Common Stock",Nasdaq,0,,nasdaqtrader
SWAGW,"Stran & Company, Inc. - Warrant",Nasdaq,0,,nasdaqtrader
SWAN,Amplify BlackSwan Growth & Treasury Core ETF,NYSE Arca,1,,nasdaqtrader
SWBI,"Smith & Wesson Brands, Inc. - Common Stock",Nasdaq,0,,nasdaqtrader
SWIM,"Latham Group, Inc. - Common Stock",Nasdaq,0,,nasdaqtrader
SWK,"Stanley Black & Decker, Inc. Common Stock",NYSE,0,,nasdaqtrader
SWKHL,SWK Holdings Corporation - 9.00% Senior Notes due 2027,Nasdaq,0,,nasdaqtrader
SWKS,"Skyworks Solutions, Inc. - Common Stock",Nasdaq,0,,nasdaqtrader
SWMR,"Swarmer, Inc - common stock",Nasdaq,0,,nasdaqtrader
SWP,SWP Growth & Income ETF,Nasdaq,1,,nasdaqtrader
SWRD,Stewards Inc - Common Stock,Nasdaq,0,,nasdaqtrader
SWVL,Swvl Holdings Corp - Ordinary Shares,Nasdaq,0,,nasdaqtrader
SWVLW,Swvl Holdings Corp - Warrant,Nasdaq,0,,nasdaqtrader
SWX,"Southwest Gas Holdings, Inc. Common Stock (DE)",NYSE,0,,nasdaqtrader
SWZ,Total Return Securities Fund Common Stock,NYSE,0,,nasdaqtrader
SXC,"SunCoke Energy, Inc. Common Stock",NYSE,0,,nasdaqtrader
SXI,Standex International Corporation Common Stock,NYSE,0,,nasdaqtrader
SXQG,ETC 6 Meridian Quality Growth ETF,NYSE Arca,1,,nasdaqtrader
SXT,Sensient Technologies Corporation Common Stock,NYSE,0,,nasdaqtrader
SXTC,"China SXT Pharmaceuticals, Inc. - Class A Ordinary Shares",Nasdaq,0,,nasdaqtrader
SXTP,"60 Degrees Pharmaceuticals, Inc. - Common Stock",Nasdaq,0,,nasdaqtrader
SXTPW,"60 Degrees Pharmaceuticals, Inc. - Warrant",Nasdaq,0,,nasdaqtrader
SY,So-Young International Inc. - American Depository Shares,Nasdaq,0,,nasdaqtrader
SYBT,"Stock Yards Bancorp, Inc. - Common Stock",Nasdaq,0,,nasdaqtrader
SYF,Synchrony Financial Common Stock,NYSE,0,,nasdaqtrader
SYFI,AB Short Duration High Yield ETF,NYSE Arca,1,,nasdaqtrader
SYK,Stryker Corporation Common Stock,NYSE,0,,nasdaqtrader
SYLD,Cambria Shareholder Yield ETF,Cboe BZX,1,,nasdaqtrader
SYM,Symbotic Inc. - Class A Common Stock,Nasdaq,0,,nasdaqtrader
SYNA,Synaptics Incorporated - Common Stock,Nasdaq,0,,nasdaqtrader
SYNX,Silynxcom Ltd. Ordinary Shares,NYSE American,0,,nasdaqtrader
SYPR,"Sypris Solutions, Inc. - Common Stock",Nasdaq,0,,nasdaqtrader
SYRE,"Spyre Therapeutics, Inc. - Common Stock",Nasdaq,0,,nasdaqtrader
SYSB,iShares Systematic Bond ETF,Cboe BZX,1,,nasdaqtrader
SYY,Sysco Corporation Common Stock,NYSE,0,,nasdaqtrader
SYZ,Lazard US Systematic Small Cap Equity ETF,Nasdaq,1,,nasdaqtrader
SZK,ProShares UltraShort Consumer Staples,NYSE Arca,1,,nasdaqtrader
SZZL,Sizzle Acquisition Corp. II - Class A ordinary shares,Nasdaq,0,,nasdaqtrader
SZZLR,Sizzle Acquisition Corp. II - Right,Nasdaq,0,,nasdaqtrader
SZZLU,Sizzle Acquisition Corp. II - Unit,Nasdaq,0,,nasdaqtrader
T,AT&T Inc.,NYSE,0,,nasdaqtrader
TABD,Transamerica Bond Active ETF,NYSE Arca,1,,nasdaqtrader
TAC,TransAlta Corporation Ordinary Shares,NYSE,0,,nasdaqtrader
TACH,Titan Acquisition Corp. - Class A Ordinary Shares,Nasdaq,0,,nasdaqtrader
TACHU,Titan Acquisition Corp. - Units,Nasdaq,0,,nasdaqtrader
TACHW,Titan Acquisition Corp. - Warrants,Nasdaq,0,,nasdaqtrader
TACK,Fairlead Tactical Sector ETF,NYSE Arca,1,,nasdaqtrader
TACN,T. Rowe Price Active Core International Equity ETF,NYSE Arca,1,,nasdaqtrader
TACO,Berto Acquisition Corp. - Ordinary Shares,Nasdaq,0,,nasdaqtrader
TACOU,Berto Acquisition Corp. - unit,Nasdaq,0,,nasdaqtrader
TACOW,Berto Acquisition Corp. - Warrant,Nasdaq,0,,nasdaqtrader
TACT,TransAct Technologies Incorporated - Common Stock,Nasdaq,0,,nasdaqtrader
TACU,T. Rowe Price Active Core U.S. Equity ETF,NYSE Arca,1,,nasdaqtrader
TAFI,AB Tax-Aware Short Duration Municipal ETF,NYSE Arca,1,,nasdaqtrader
TAFL,AB Tax-Aware Long Municipal ETF,NYSE Arca,1,,nasdaqtrader
TAFM,AB Tax-Aware Intermediate Municipal ETF,NYSE Arca,1,,nasdaqtrader
TAGG,T. Rowe Price QM U.S. Bond ETF,NYSE Arca,1,,nasdaqtrader
TAGS,Teucrium Agricultural Fund ETV,NYSE Arca,1,,nasdaqtrader
TAIL,Cambria Tail Risk ETF,Cboe BZX,1,,nasdaqtrader
TAJX,Corgi India 2x Daily ETF,Cboe BZX,1,,nasdaqtrader
TAK,Takeda Pharmaceutical Company Limited American Depositary Shares (each representing 1/2 of a share of Common Stock),NYSE,0,,nasdaqtrader
TAL,TAL Education Group American Depositary Shares,NYSE,0,,nasdaqtrader
TALO,"Talos Energy, Inc. Common Stock",NYSE,0,,nasdaqtrader
TALV,Transamerica Large Value Active ETF,NYSE Arca,1,,nasdaqtrader
TAN,Invesco Solar ETF,NYSE Arca,1,,nasdaqtrader
TANH,Tantech Holdings Ltd. - Class A Common Shares,Nasdaq,0,,nasdaqtrader
TAOP,Taoping Inc. - Ordinary Shares,Nasdaq,0,,nasdaqtrader
TAOX,Tao Synergies Inc. - Common Stock,Nasdaq,0,,nasdaqtrader
TAOZ,Thornburg American Opportunities Fund,Nasdaq,1,,nasdaqtrader
TAP,Molson Coors Beverage Company Class B Common Stock,NYSE,0,,nasdaqtrader
TAP.A,Molson Coors Beverage Company Class A Common Stock,NYSE,0,,nasdaqtrader
TAPR,Innovator Equity Defined Protection ETF - 2 Yr to April 2027,Cboe BZX,1,,nasdaqtrader
TARA,"Protara Therapeutics, Inc.  - Common Stock",Nasdaq,0,,nasdaqtrader
TARK,Tradr 2X Long Innovation ETF,Nasdaq,1,,nasdaqtrader
TARS,"Tarsus Pharmaceuticals, Inc. - Common Stock",Nasdaq,0,,nasdaqtrader
TASK,"TaskUs, Inc. - Class A Common Stock",Nasdaq,0,,nasdaqtrader
TATT,TAT Technologies Ltd. - Ordinary Shares,Nasdaq,0,,nasdaqtrader
TAVI,Tavia Acquisition Corp. - Ordinary Shares,Nasdaq,0,,nasdaqtrader
TAVIR,Tavia Acquisition Corp. - Right,Nasdaq,0,,nasdaqtrader
TAVIU,Tavia Acquisition Corp. - Unit,Nasdaq,0,,nasdaqtrader
TAWN,MicroSectors 3x Long Taiwan ETNs,Cboe BZX,1,,nasdaqtrader
TAX,Cambria Tax Aware ETF,Nasdaq,1,,nasdaqtrader
TAXE,Intermediate Municipal Income ETF,Nasdaq,1,,nasdaqtrader
TAXF,American Century Diversified Municipal Bond ETF,NYSE Arca,1,,nasdaqtrader
TAXI,Northern Trust Intermediate Tax-Exempt Bond ETF,Nasdaq,1,,nasdaqtrader
TAXM,BondBloxx IR+M Tax-Aware ETF for Massachusetts Residents,NYSE Arca,1,,nasdaqtrader
TAXS,Northern Trust Short-Term Tax-Exempt Bond ETF,Nasdaq,1,,nasdaqtrader
TAXT,Northern Trust Tax-Exempt Bond ETF,Nasdaq,1,,nasdaqtrader
TAXX,BondBloxx IR+M Tax-Aware Short Duration ETF,NYSE Arca,1,,nasdaqtrader
TAYD,"Taylor Devices, Inc. - Common Stock",Nasdaq,0,,nasdaqtrader
TBB,AT&T Inc. 5.350% Global Notes due 2066,NYSE,0,,nasdaqtrader
TBBB,BBB Foods Inc. Class A Common Shares,NYSE,0,,nasdaqtrader
TBBK,"The Bancorp, Inc. - Common Stock",Nasdaq,0,,nasdaqtrader
TBCH,Turtle Beach Corporation - Common Stock,Nasdaq,0,,nasdaqtrader
TBCVU,"Thunder Bridge Capital Partners V, Ltd. - Units",Nasdaq,0,,nasdaqtrader
TBF,ProShares Short 20+ Year Treasury,NYSE Arca,1,,nasdaqtrader
TBFC,The Brinsmere Fund  Conservative ETF,NYSE Arca,1,,nasdaqtrader
TBFG,The Brinsmere Fund Growth ETF,NYSE Arca,1,,nasdaqtrader
TBG,TBG Dividend Focus ETF,NYSE Arca,1,,nasdaqtrader
TBI,"TrueBlue, Inc. Common Stock",NYSE,0,,nasdaqtrader
TBIL,F/m US Treasury 3 Month Bill Fund,Nasdaq,1,,nasdaqtrader
TBJL,Innovator 20  Year Treasury Bond 9 Buffer ETF - July,Cboe BZX,1,,nasdaqtrader
TBLA,Taboola.com Ltd. - Ordinary Shares,Nasdaq,0,,nasdaqtrader
TBLD,Thornburg Income Builder Opportunities Trust - Closed End Fund,Nasdaq,0,,nasdaqtrader
TBLL,Invesco Short Term Treasury ETF,NYSE Arca,1,,nasdaqtrader
TBLU,Tortoise Global Water ETF,NYSE,1,,nasdaqtrader
TBN,Tamboran Resources Corporation Common stock,NYSE,0,,nasdaqtrader
TBT,ProShares UltraShort Lehman 20  Year Treasury,NYSE Arca,1,,nasdaqtrader
TBUX,T. Rowe Price Ultra Short-Term Bond ETF,NYSE Arca,1,,nasdaqtrader
TBX,ProShares Short 7 10 Year Treasury,NYSE Arca,1,,nasdaqtrader
TBXU,Direxion Daily Biotech Top 5 Bull 2X ETF,NYSE Arca,1,,nasdaqtrader
TC,Token Cat Limited - American Depositary Shares,Nasdaq,0,,nasdaqtrader
TCAF,T. Rowe Price Capital Appreciation Equity ETF,NYSE Arca,1,,nasdaqtrader
TCAI,Tortoise AI Infrastructure ETF,NYSE,1,,nasdaqtrader
TCAL,T. Rowe Price Capital Appreciation Premium Income ETF,NYSE Arca,1,,nasdaqtrader
TCAN,21Shares Canton Network ETF,Nasdaq,1,,nasdaqtrader
TCBI,"Texas Capital Bancshares, Inc. - Common Stock",Nasdaq,0,,nasdaqtrader
TCBIO,"Texas Capital Bancshares, Inc. - Depositary Shares 5.75% Fixed Rate Non-Cumulative Perpetual Preferred Stock Series B",Nasdaq,0,,nasdaqtrader
TCBK,TriCo Bancshares - Common Stock,Nasdaq,0,,nasdaqtrader
TCBS,"Texas Community Bancshares, Inc. - Common Stock",Nasdaq,0,,nasdaqtrader
TCBX,"Third Coast Bancshares, Inc. Common Stock",NYSE,0,,nasdaqtrader
TCGX,TCGX Acquisition Corp. - Class A Ordinary Shares,Nasdaq,0,,nasdaqtrader
TCHI,iShares MSCI China Multisector Tech ETF,Nasdaq,1,,nasdaqtrader
TCHP,T. Rowe Price Blue Chip Growth ETF,NYSE Arca,1,,nasdaqtrader
TCI,"Transcontinental Realty Investors, Inc. Common Stock",NYSE,0,,nasdaqtrader
TCMD,"Tactile Systems Technology, Inc. - Common Stock",Nasdaq,0,,nasdaqtrader
TCOM,Trip.com Group Limited - American Depositary Shares,Nasdaq,0,,nasdaqtrader
TCPA,TransCanada PipeLines Limited 6.250% Junior Subordinated Notes due 2085,NYSE,0,,nasdaqtrader
TCPB,Thrivent Core Plus Bond ETF,NYSE Arca,1,,nasdaqtrader
TCPC,BlackRock TCP Capital Corp. - Closed End Fund,Nasdaq,0,,nasdaqtrader
TCRT,"Alaunos Therapeutics, Inc. - Common Stock",Nasdaq,0,,nasdaqtrader
TCRX,"TScan Therapeutics, Inc. - Common Stock",Nasdaq,0,,nasdaqtrader
TCV,Towle Small-Cap Value ETF,NYSE Arca,1,,nasdaqtrader
TCX,Tucows Inc. - Common Stock,Nasdaq,0,,nasdaqtrader
TD,Toronto Dominion Bank (The) Common Stock,NYSE,0,,nasdaqtrader
TDAC,Translational Development Acquisition Corp. - Ordinary Shares,Nasdaq,0,,nasdaqtrader
TDACU,Translational Development Acquisition Corp. - Units,Nasdaq,0,,nasdaqtrader
TDACW,Translational Development Acquisition Corp. - Warrants,Nasdaq,0,,nasdaqtrader
TDAQ,TappAlpha Innovation 100 Growth & Daily Income ETF,Cboe BZX,1,,nasdaqtrader
TDAX,TDAQ Lift ETF,Cboe BZX,1,,nasdaqtrader
TDAY,"USA TODAY Co., Inc. Common Stock",NYSE,0,,nasdaqtrader
TDC,Teradata Corporation Common Stock,NYSE,0,,nasdaqtrader
TDCL,GraniteShares 2x Long TDC Daily ETF,Nasdaq,1,,nasdaqtrader
TDEC,FT Vest Emerging Markets Buffer ETF - December,Cboe BZX,1,,nasdaqtrader
TDEM,T. Rowe Price Dynamic Emerging Markets Bond ETF,Nasdaq,1,,nasdaqtrader
TDF,"Templeton Dragon Fund, Inc. Common Stock",NYSE,0,,nasdaqtrader
TDG,Transdigm Group Incorporated Common Stock,NYSE,0,,nasdaqtrader
TDI,Touchstone Dynamic International ETF,Nasdaq,1,,nasdaqtrader
TDIC,Dreamland Limited - Class A Ordinary Shares,Nasdaq,0,,nasdaqtrader
TDIV,First Trust NASDAQ Technology Dividend Index Fund,Nasdaq,1,,nasdaqtrader
TDNA,T. Rowe Price Biotech ETF,Nasdaq,1,,nasdaqtrader
TDOC,"Teladoc Health, Inc. Common Stock",NYSE,0,,nasdaqtrader
TDOG,21shares Dogecoin ETF,Nasdaq,1,,nasdaqtrader
TDOT,21shares Polkadot Staking ETF,Nasdaq,1,,nasdaqtrader
TDS,"Telephone and Data Systems, Inc. Common Shares",NYSE,0,,nasdaqtrader
TDSB,ETC Cabana Target Beta ETF,Nasdaq,1,,nasdaqtrader
TDSC,ETC Cabana Target Drawdown 10 ETF,Nasdaq,1,,nasdaqtrader
TDTF,Northern Trust iBoxx 5-Year Target Duration TIPS ETF,NYSE Arca,1,,nasdaqtrader
TDTH,Trident Digital Tech Holdings Ltd - Class B Ordinary Shares,Nasdaq,0,,nasdaqtrader
TDTT,Northern Trust iBoxx 3-Year Target Duration TIPS ETF,NYSE Arca,1,,nasdaqtrader
TDUP,ThredUp Inc. - Class A Common Stock,Nasdaq,0,,nasdaqtrader
TDV,ProShares S&P Technology Dividend Aristocrats ETF,Cboe BZX,1,,nasdaqtrader
TDVG,T. Rowe Price Dividend Growth ETF,NYSE Arca,1,,nasdaqtrader
TDVI,FT Vest Technology Dividend Target Income ETF,Cboe BZX,1,,nasdaqtrader
TDW,Tidewater Inc. Common Stock,NYSE,0,,nasdaqtrader
TDWD,Tailwind 2.0 Acquisition Corp. - Class A Ordinary Shares,Nasdaq,0,,nasdaqtrader
TDWDR,Tailwind 2.0 Acquisition Corp. - Rights,Nasdaq,0,,nasdaqtrader
TDWDU,Tailwind 2.0 Acquisition Corp. - Unit,Nasdaq,0,,nasdaqtrader
TDY,Teledyne Technologies Incorporated Common Stock,NYSE,0,,nasdaqtrader
TE,T1 Energy Inc. Common Stock,NYSE,0,,nasdaqtrader
TEAD,Teads Holding Co. - Common Stock,Nasdaq,0,,nasdaqtrader
TEAM,Atlassian Corporation  - Class A Common Stock,Nasdaq,0,,nasdaqtrader
TEC,Harbor Transformative Technologies ETF,NYSE Arca,1,,nasdaqtrader
TECB,iShares U.S. Tech Breakthrough Multisector ETF,NYSE Arca,1,,nasdaqtrader
TECH,Bio-Techne Corp - Common Stock,Nasdaq,0,,nasdaqtrader
TECK,Teck Resources Ltd Ordinary Shares,NYSE,0,,nasdaqtrader
TECL,Direxion Daily Technology Bull 3X ETF,NYSE Arca,1,,nasdaqtrader
TECS,Direxion Technology Bear 3X ETF,NYSE Arca,1,,nasdaqtrader
TECX,"Tectonic Therapeutic, Inc. - Common Stock",Nasdaq,0,,nasdaqtrader
TECY,GraniteShares YieldBOOST Technology ETF,Nasdaq,1,,nasdaqtrader
TEI,"Templeton Emerging Markets Income Fund, Inc. Common Stock",NYSE,0,,nasdaqtrader
TEK,iShares Technology Opportunities Active ETF,NYSE Arca,1,,nasdaqtrader
TEKX,State Street Galaxy Transformative Tech Accelerators ETF,Nasdaq,1,,nasdaqtrader
TEKY,Lazard Next Gen Technologies ETF,Nasdaq,1,,nasdaqtrader
TEL,TE Connectivity plc Ordinary Shares,NYSE,0,,nasdaqtrader
TELA,"TELA Bio, Inc. - Common stock",Nasdaq,0,,nasdaqtrader
TELG,Leverage Shares 2X Long TEL Daily ETF,Cboe BZX,1,,nasdaqtrader
TELO,"Telomir Pharmaceuticals, Inc. - Common Stock",Nasdaq,0,,nasdaqtrader
TEM,"Tempus AI, Inc. - Class A Common Stock",Nasdaq,0,,nasdaqtrader
TEMC,Corgi TEM 2x Daily ETF,Cboe BZX,1,,nasdaqtrader
TEMD,Templeton Emerging Markets Debt ETF,NYSE Arca,1,,nasdaqtrader
TEMR,T. Rowe Price Emerging Markets Equity Research ETF,NYSE Arca,1,,nasdaqtrader
TEMT,Tradr 2X Long TEM Daily ETF,Cboe BZX,1,,nasdaqtrader
TEMX,Touchstone Sands Capital Emerging Markets ex-China Growth ETF,Cboe BZX,1,,nasdaqtrader
TEN,Tsakos Energy Navigation Ltd Common Shares,NYSE,0,,nasdaqtrader
TENB,"Tenable Holdings, Inc. - Common Stock",Nasdaq,0,,nasdaqtrader
TEND,iShares Large Cap 10% Target Buffer Dec ETF,Cboe BZX,1,,nasdaqtrader
TENJ,iShares Large Cap 10% Target Buffer Jun ETF,Cboe BZX,1,,nasdaqtrader
TENM,iShares Large Cap 10% Target Buffer Mar ETF,Cboe BZX,1,,nasdaqtrader
TENX,"Tenax Therapeutics, Inc. - Common Stock",Nasdaq,0,,nasdaqtrader
TEO,Telecom Argentina SA,NYSE,0,,nasdaqtrader
TEQI,T. Rowe Price Equity Income ETF,NYSE Arca,1,,nasdaqtrader
TER,"Teradyne, Inc. - Common Stock",Nasdaq,0,,nasdaqtrader
TERC,Corgi TER 2x Daily ETF,Cboe BZX,1,,nasdaqtrader
TERG,Leverage Shares 2X Long TER Daily ETF,Nasdaq,1,,nasdaqtrader
TESC,Corgi TSLA 2x Daily ETF,Cboe BZX,1,,nasdaqtrader
TESL,Simplify Volt TSLA Revolution ETF,NYSE Arca,1,,nasdaqtrader
TEST,YieldMax TSLA Performance & Distribution Target 25 ETF,Cboe BZX,1,,nasdaqtrader
TETH,21Shares Ethereum ETF,Cboe BZX,1,,nasdaqtrader
TEUP,T-REX 2X Long TE Daily Target ETF,Cboe BZX,1,,nasdaqtrader
TEVA,Teva Pharmaceutical Industries Limited Ordinary Shares,NYSE,0,,nasdaqtrader
TEX,Terex Corporation Common Stock,NYSE,0,,nasdaqtrader
TEXN,iShares Texas Equity ETF,Nasdaq,1,,nasdaqtrader
TEXU,Direxion Daily Energy Top 5 Bull 2X ETF,NYSE Arca,1,,nasdaqtrader
TEXX,Horizon Kinetics Texas ETF,Nasdaq,1,,nasdaqtrader
TFC,Truist Financial Corporation Common Stock,NYSE,0,,nasdaqtrader
TFFI,Chesapeake Trend-Following Fixed Income ETF,NYSE Arca,1,,nasdaqtrader
TFGZ,Thornburg Focus Growth Fund,Nasdaq,1,,nasdaqtrader
TFI,State Street SPDR Nuveen ICE Municipal Bond ETF,NYSE Arca,1,,nasdaqtrader
TFII,TFI International Inc. Common Shares,NYSE,0,,nasdaqtrader
TFIN,"Triumph Financial, Inc. Common Stock",NYSE,0,,nasdaqtrader
TFJL,Innovator 20  Year Treasury Bond 5 Floor ETF - July,Cboe BZX,1,,nasdaqtrader
TFLO,iShares Treasury Floating Rate Bond ETF,NYSE Arca,1,,nasdaqtrader
TFLR,T. Rowe Price Floating Rate ETF,NYSE Arca,1,,nasdaqtrader
TFNS,T. Rowe Price Financials ETF,Nasdaq,1,,nasdaqtrader
TFPM,Triple Flag Precious Metals Corp. Common Shares,NYSE,0,,nasdaqtrader
TFPN,Blueprint Chesapeake Multi-Asset Trend ETF,NYSE Arca,1,,nasdaqtrader
TFSL,TFS Financial Corporation - Common Stock,Nasdaq,0,,nasdaqtrader
TFX,Teleflex Incorporated Common Stock,NYSE,0,,nasdaqtrader
TG,Tredegar Corporation Common Stock,NYSE,0,,nasdaqtrader
TGB,Trekor Metals Limited Common Shares,NYSE American,0,,nasdaqtrader
TGE,The Generation Essentials Group Class A Ordinary Shares,NYSE,0,,nasdaqtrader
TGE.W,"The Generation Essentials Group Warrants, each whole warrant exercisable for one Class A Ordinary Share",NYSE American,0,,nasdaqtrader
TGEN,Tecogen Inc. Common Stock,NYSE American,0,,nasdaqtrader
TGHL,The GrowHub Limited - Class A Ordinary Shares,Nasdaq,0,,nasdaqtrader
TGL,Treasure Global Inc. - Common Stock,Nasdaq,0,,nasdaqtrader
TGLB,T. Rowe Price Global Equity ETF,NYSE Arca,1,,nasdaqtrader
TGLR,Wedbush LAFFER TENGLER New Era Value ETF,NYSE Arca,1,,nasdaqtrader
TGLS,Tecnoglass Holdings Inc. Common Stock,NYSE,0,,nasdaqtrader
TGRT,T. Rowe Price Growth ETF,NYSE Arca,1,,nasdaqtrader
TGRW,T. Rowe Price Growth Stock ETF,NYSE Arca,1,,nasdaqtrader
TGRZ,China AI Tigers LLM ETF,Nasdaq,1,,nasdaqtrader
TGS,Transportadora de Gas del Sur SA TGS Common Stock,NYSE,0,,nasdaqtrader
TGT,Target Corporation Common Stock,NYSE,0,,nasdaqtrader
TGTX,"TG Therapeutics, Inc. - Common Stock",Nasdaq,0,,nasdaqtrader
TH,Target Hospitality Corp. - Common Stock,Nasdaq,0,,nasdaqtrader
THC,Tenet Healthcare Corporation Common Stock,NYSE,0,,nasdaqtrader
THCH,TH International Limited - Ordinary shares,Nasdaq,0,,nasdaqtrader
THD,iShares MSCI Thailand ETF,NYSE Arca,1,,nasdaqtrader
THEO,BOA Acquisition Corp. II - Class A Ordinary Shares,Nasdaq,0,,nasdaqtrader
THEOR,BOA Acquisition Corp. II - Rights,Nasdaq,0,,nasdaqtrader
THEOU,BOA Acquisition Corp. II - Units,Nasdaq,0,,nasdaqtrader
THEQ,T. Rowe Price Hedged Equity ETF,NYSE Arca,1,,nasdaqtrader
THFF,First Financial Corporation  - Common Stock,Nasdaq,0,,nasdaqtrader
THG,Hanover Insurance Group Inc,NYSE,0,,nasdaqtrader
THH,TryHard Holdings Limited - Ordinary Shares,Nasdaq,0,,nasdaqtrader
THIR,THOR Index Rotation ETF,NYSE,1,,nasdaqtrader
THLV,THOR Equal Weight Low Volatility ETF,NYSE,1,,nasdaqtrader
THM,"International Tower Hill Mines, Ltd. Ordinary Shares (Canada)",NYSE American,0,,nasdaqtrader
THMR,THOR AdaptiveRisk Dynamic ETF,NYSE,1,,nasdaqtrader
THMZ,Lazard Equity Megatrends ETF,Nasdaq,1,,nasdaqtrader
THNQ,ROBO Global Artificial Intelligence ETF,NYSE Arca,1,,nasdaqtrader
THNR,Amplify Weight Loss Drug & Treatment ETF,NYSE Arca,1,,nasdaqtrader
THO,"Thor Industries, Inc. Common Stock",NYSE,0,,nasdaqtrader
THOR,Thornburg Premium Income Builder ETF,NYSE Arca,1,,nasdaqtrader
THQ,abrdn Healthcare Opportunities Fund Shares of Beneficial Interest,NYSE,0,,nasdaqtrader
THRM,Gentherm Inc - Common Stock,Nasdaq,0,,nasdaqtrader
THRO,iShares U.S. Thematic Rotation Active ETF,NYSE Arca,1,,nasdaqtrader
THRV,Prospera Income ETF,Nasdaq,1,,nasdaqtrader
THRY,"Thryv Holdings, Inc. - Common Stock",Nasdaq,0,,nasdaqtrader
THTA,SoFi Enhanced Yield ETF,NYSE Arca,1,,nasdaqtrader
THW,abrdn World Healthcare Fund Shares of Beneficial Interest,NYSE,0,,nasdaqtrader
THY,Toews Agility Shares Dynamic Tactical Income ETF,NYSE Arca,1,,nasdaqtrader
THYF,T. Rowe Price U.S. High Yield ETF,NYSE Arca,1,,nasdaqtrader
THYM,T. Rowe Price High Income Municipal ETF,Nasdaq,1,,nasdaqtrader
THYP,21shares Hyperliquid Staking ETF,Nasdaq,1,,nasdaqtrader
TIC,"TIC Solutions, Inc. Common Stock",NYSE,0,,nasdaqtrader
TIER,T. Rowe Price International Equity Research ETF,NYSE Arca,1,,nasdaqtrader
TIGO,Millicom International Cellular S.A. - Common Stock,Nasdaq,0,,nasdaqtrader
TIGR,UP Fintech Holding Limited - American Depositary Shares representing fifteen Class A Ordinary Shares,Nasdaq,0,,nasdaqtrader
TIH,The Investment House ETF,Nasdaq,1,,nasdaqtrader
TII,Titan Mining Corporation Common Shares,NYSE American,0,,nasdaqtrader
TIIV,AAM Todd International Intrinsic Value ETF,NYSE Arca,1,,nasdaqtrader
TIL,"Instil Bio, Inc. - Common Stock",Nasdaq,0,,nasdaqtrader
TILC,Thrivent International Large Cap ETF,Nasdaq,1,,nasdaqtrader
TILE,"Interface, Inc. - Common Stock",Nasdaq,0,,nasdaqtrader
TILL,Teucrium Agricultural Strategy No K-1 ETF,NYSE Arca,1,,nasdaqtrader
TILT,Northern Trust Morningstar US Market Factor Tilt ETF,Cboe BZX,1,,nasdaqtrader
TIMB,TIM S.A. American Depositary Shares (Each representing 5 Common Shares),NYSE,0,,nasdaqtrader
TIME,Clockwise U.S. Core Equity ETF,NYSE Arca,1,,nasdaqtrader
TINS,Templeton International Insights ETF,NYSE Arca,1,,nasdaqtrader
TINT,ProShares Smart Materials ETF,NYSE Arca,1,,nasdaqtrader
TINY,ProShares Nanotechnology ETF,NYSE Arca,1,,nasdaqtrader
TIP,iShares TIPS Bond ETF,NYSE Arca,1,,nasdaqtrader
TIPA,Northern Trust 2030 Inflation-Linked Distributing Ladder ETF,NYSE Arca,1,,nasdaqtrader
TIPB,Northern Trust 2035 Inflation-Linked Distributing Ladder ETF,NYSE Arca,1,,nasdaqtrader
TIPC,Northern Trust 2045 Inflation-Linked Distributing Ladder ETF,NYSE Arca,1,,nasdaqtrader
TIPD,Northern Trust 2055 Inflation-Linked Distributing Ladder ETF,NYSE Arca,1,,nasdaqtrader
TIPE,Northern Trust 2031 Inflation-Linked Distributing Ladder ETF,NYSE Arca,1,,nasdaqtrader
TIPF,Northern Trust 2036 Inflation-Linked Distributing Ladder ETF,NYSE Arca,1,,nasdaqtrader
TIPG,Northern Trust 2046 Inflation-Linked Distributing Ladder ETF,NYSE Arca,1,,nasdaqtrader
TIPH,Northern Trust 2056 Inflation-Linked Distributing Ladder ETF,NYSE Arca,1,,nasdaqtrader
TIPT,Tiptree Inc. - Common Stock,Nasdaq,0,,nasdaqtrader
TIPX,State Street SPDR Bloomberg 1a??10 Year TIPS ETF,NYSE Arca,1,,nasdaqtrader
TIPZ,PIMCO Broad U.S. TIPS Index Exchange-Traded Fund,NYSE Arca,1,,nasdaqtrader
TISC,Thrivent International Small Cap ETF,Nasdaq,1,,nasdaqtrader
TISI,"Team, Inc. Common Stock",NYSE,0,,nasdaqtrader
TITN,Titan Machinery Inc. - Common Stock,Nasdaq,0,,nasdaqtrader
TIZE,TCW Securitized Income ETF,NYSE Arca,1,,nasdaqtrader
TJAN,Innovator Equity Defined Protection ETF - 2 Yr to January 2027,Cboe BZX,1,,nasdaqtrader
TJGC,TJGC Group Limited - Class A Ordinary Shares,Nasdaq,0,,nasdaqtrader
TJUL,Innovator Equity Defined Protection ETF - 2 Yr to July 2027,Cboe BZX,1,,nasdaqtrader
TJUN,FT Vest Emerging Markets Buffer ETF - June,Cboe BZX,1,,nasdaqtrader
TJX,"TJX Companies, Inc. (The) Common Stock",NYSE,0,,nasdaqtrader
TK,Teekay Corporation Ltd. Common Stock,NYSE,0,,nasdaqtrader
TKC,Turkcell Iletisim Hizmetleri AS Common Stock,NYSE,0,,nasdaqtrader
TKLF,"Tokyo Lifestyle Co., Ltd. - American Depositary Shares",Nasdaq,0,,nasdaqtrader
TKNO,"Alpha Teknova, Inc. - Common Stock",Nasdaq,0,,nasdaqtrader
TKNQ,Amplify Tokenization Technology Leaders ETF,NYSE Arca,1,,nasdaqtrader
TKNS,21Shares Active Crypto ETF,Nasdaq,1,,nasdaqtrader
TKNZ,T. Rowe Price Active Crypto ETF,NYSE Arca,1,,nasdaqtrader
TKO,"TKO Group Holdings, Inc. Class A Common Stock",NYSE,0,,nasdaqtrader
TKR,Timken Company (The) Common Stock,NYSE,0,,nasdaqtrader
TLA,GraniteShares Autocallable TSLA ETF,Nasdaq,1,,nasdaqtrader
TLAC,Three Lions Acquisition Corp. - Ordinary Shares,Nasdaq,0,,nasdaqtrader
TLACU,Three Lions Acquisition Corp. - Units,Nasdaq,0,,nasdaqtrader
TLACW,Three Lions Acquisition Corp. - Warrants,Nasdaq,0,,nasdaqtrader
TLCI,Touchstone International Equity ETF,NYSE Arca,1,,nasdaqtrader
TLDR,The Laddered T-Bill ETF,Cboe BZX,1,,nasdaqtrader
TLF,"Tandy Leather Factory, Inc. - common stock",Nasdaq,0,,nasdaqtrader
TLG,Touchstone Large Company Growth ETF,Nasdaq,1,,nasdaqtrader
TLH,iShares 10-20 Year Treasury Bond ETF,NYSE Arca,1,,nasdaqtrader
TLIE,American Beacon The London Company Income Equity ETF,NYSE Arca,1,,nasdaqtrader
TLIH,Ten-League International Holdings Limited - Ordinary Shares,Nasdaq,0,,nasdaqtrader
TLK,"PT Telekomunikasi Indonesia, Tbk",NYSE,0,,nasdaqtrader
TLN,Talen Energy Corporation - Common Stock,Nasdaq,0,,nasdaqtrader
TLNC,Talon Capital Corp. - Class A Ordinary Shares,Nasdaq,0,,nasdaqtrader
TLNCU,Talon Capital Corp. - Units,Nasdaq,0,,nasdaqtrader
TLNCW,Talon Capital Corp. - Warrants,Nasdaq,0,,nasdaqtrader
TLPH,"Talphera, Inc. - Common Stock",Nasdaq,0,,nasdaqtrader
TLRY,"Tilray Brands, Inc. - Common Stock",Nasdaq,0,,nasdaqtrader
TLS,Telos Corporation - Common Stock,Nasdaq,0,,nasdaqtrader
TLSA,Tiziana Life Sciences Ltd - Common Shares,Nasdaq,0,,nasdaqtrader
TLSI,"TriSalus Life Sciences, Inc. - Common Stock",Nasdaq,0,,nasdaqtrader
TLSIW,"TriSalus Life Sciences, Inc. - Warrant",Nasdaq,0,,nasdaqtrader
TLT,iShares 20+ Year Treasury Bond ETF,Nasdaq,1,,nasdaqtrader
TLTD,Northern Trust Morningstar Developed Markets ex-US Factor Tilt ETF,NYSE Arca,1,,nasdaqtrader
TLTE,Northern Trust Morningstar Emerging Markets Factor Tilt ETF,NYSE Arca,1,,nasdaqtrader
TLTI,NEOS Enhanced Income 20+ Year Treasury Bond ETF,Cboe BZX,1,,nasdaqtrader
TLTP,Amplify TLT U.S. Treasury 12% Option Income ETF,Cboe BZX,1,,nasdaqtrader
TLTW,iShares 20+ Year Treasury Bond BuyWrite Strategy ETF,Cboe BZX,1,,nasdaqtrader
TLTX,Global X Treasury Bond Enhanced Income ETF,Cboe BZX,1,,nasdaqtrader
TLX,Telix Pharmaceuticals Limited - American Depositary Shares,Nasdaq,0,,nasdaqtrader
TLYS,"Tilly's, Inc. Common Stock",NYSE,0,,nasdaqtrader
TM,Toyota Motor Corporation Common Stock,NYSE,0,,nasdaqtrader
TMAR,FT Vest Emerging Markets Buffer ETF - March,Cboe BZX,1,,nasdaqtrader
TMAT,Main Thematic Innovation ETF,Cboe BZX,1,,nasdaqtrader
TMB,Thornburg Multi Sector Bond ETF,Nasdaq,1,,nasdaqtrader
TMC,TMC the metals company Inc. - Common Stock,Nasdaq,0,,nasdaqtrader
TMCI,"Treace Medical Concepts, Inc. - Common Stock",Nasdaq,0,,nasdaqtrader
TMCR,The Metals Royalty Company Inc. - Common Stock,Nasdaq,0,,nasdaqtrader
TMDE,TMD Energy Limited Ordinary Shares,NYSE American,0,,nasdaqtrader
TMDV,ProShares Russell US Dividend Growers ETF,Cboe BZX,1,,nasdaqtrader
TMDX,"TransMedics Group, Inc. - Common Stock",Nasdaq,0,,nasdaqtrader
TME,"Tencent Music Entertainment Group American Depositary Shares, each representing two Class A Ordinary Shares",NYSE,0,,nasdaqtrader
TMED,T. Rowe Price Health Care ETF,Nasdaq,1,,nasdaqtrader
TMF,Direxion Daily 20-Yr Treasury Bull 3x Shrs,NYSE Arca,1,,nasdaqtrader
TMFC,Motley Fool 100 Index ETF,Cboe BZX,1,,nasdaqtrader
TMFE,Motley Fool Capital Efficiency 100 Index ETF,Cboe BZX,1,,nasdaqtrader
TMFG,Motley Fool Global Opportunities ETF,Cboe BZX,1,,nasdaqtrader
TMFM,Motley Fool Mid-Cap Growth ETF,Cboe BZX,1,,nasdaqtrader
TMFS,Motley Fool Small-Cap Growth ETF,Cboe BZX,1,,nasdaqtrader
TMFX,Motley Fool Next Index ETF,Cboe BZX,1,,nasdaqtrader
TMGN,TappAlpha Cboe Magnificent 10 Growth & Daily Income ETF,Cboe BZX,1,,nasdaqtrader
TMH,Toyota Motor Corporation ADRhedged,NYSE Arca,1,,nasdaqtrader
TMID,T. Rowe Price Mid Cap Equity Research ETF,Nasdaq,1,,nasdaqtrader
TMLP,Tortoise MLP ETF,NYSE Arca,1,,nasdaqtrader
TMNL,T. Rowe Price Long Municipal Income ETF,Nasdaq,1,,nasdaqtrader
TMNS,T. Rowe Price Short Municipal Income ETF,Nasdaq,1,,nasdaqtrader
TMO,Thermo Fisher Scientific Inc Common Stock,NYSE,0,,nasdaqtrader
TMP,Tompkins Financial Corporation Common Stock,NYSE American,0,,nasdaqtrader
TMQ,Trilogy Metals Inc. Common Stock,NYSE American,0,,nasdaqtrader
TMS,Teamshares Inc. - Common Stock,Nasdaq,0,,nasdaqtrader
TMSF,T. Rowe Price Multi-Sector Income ETF,Nasdaq,1,,nasdaqtrader
TMSL,T. Rowe Price Small-Mid Cap ETF,NYSE Arca,1,,nasdaqtrader
TMSWW,Teamshares Inc. - Warrants,Nasdaq,0,,nasdaqtrader
TMTS,Spartacus Acquisition Corp. II - Class A Ordinary Shares,Nasdaq,0,,nasdaqtrader
TMTSU,Spartacus Acquisition Corp. II - Unit,Nasdaq,0,,nasdaqtrader
TMTSW,Spartacus Acquisition Corp. II - Warrants,Nasdaq,0,,nasdaqtrader
TMUS,"T-Mobile US, Inc. - Common Stock",Nasdaq,0,,nasdaqtrader
TMUSI,"T-Mobile US, Inc. - 5.500% Senior Notes due June 2070",Nasdaq,0,,nasdaqtrader
TMUSL,"T-Mobile US, Inc. - 6.250% Senior Notes due 2069",Nasdaq,0,,nasdaqtrader
TMUSZ,"T-Mobile US, Inc. - 5.500% Senior Notes due March 2070",Nasdaq,0,,nasdaqtrader
TMV,Direxion Daily 20-Year Treasury Bear 3X,NYSE Arca,1,,nasdaqtrader
TMVE,Thrivent Mid Cap Value ETF,NYSE Arca,1,,nasdaqtrader
TMYY,GraniteShares YieldBOOST TSM ETF,Nasdaq,1,,nasdaqtrader
TNA,Direxion Small Cap Bull 3X ETF,NYSE Arca,1,,nasdaqtrader
TNC,Tennant Company Common Stock,NYSE,0,,nasdaqtrader
TNDM,"Tandem Diabetes Care, Inc. - Common Stock",Nasdaq,0,,nasdaqtrader
TNET,"TriNet Group, Inc. Common Stock",NYSE,0,,nasdaqtrader
TNGX,"Tango Therapeutics, Inc. - Common Stock",Nasdaq,0,,nasdaqtrader
TNGY,Tortoise Energy ETF,NYSE,1,,nasdaqtrader
TNK,Teekay Tankers Ltd.,NYSE,0,,nasdaqtrader
TNL,Travel   Leisure Co. Common  Stock,NYSE,0,,nasdaqtrader
TNMG,TNL Mediagene - Ordinary Shares,Nasdaq,0,,nasdaqtrader
TNON,"Tenon Medical, Inc. - Common Stock",Nasdaq,0,,nasdaqtrader
TNONW,"Tenon Medical, Inc. - Warrant",Nasdaq,0,,nasdaqtrader
TNUK,Tortoise Nuclear Renaissance ETF,NYSE Arca,1,,nasdaqtrader
TNXP,Tonix Pharmaceuticals Holding Corp. - Common Stock,Nasdaq,0,,nasdaqtrader
TNXT,T. Rowe Price Innovation Leaders ETF,Nasdaq,1,,nasdaqtrader
TNYA,"Tenaya Therapeutics, Inc. - Common Stock",Nasdaq,0,,nasdaqtrader
TOAK,Manager Directed Portfolios Twin Oak Short Horizon Absolute Return ETF,NYSE Arca,1,,nasdaqtrader
TOAO,Twin Oak Active Opportunities III ETF,Cboe BZX,1,,nasdaqtrader
TOCT,Innovator Equity Defined Protection ETF - 2 Yr to October 2027,Cboe BZX,1,,nasdaqtrader
TOGA,Managed Portfolio Series Tremblant Global ETF,NYSE Arca,1,,nasdaqtrader
TOK,iShares MSCI Kokusai ETF,NYSE Arca,1,,nasdaqtrader
TOL,"Toll Brothers, Inc. Common Stock",NYSE,0,,nasdaqtrader
TOLL,Tema Monopolies and Oligopolies ETF,Cboe BZX,1,,nasdaqtrader
TOLZ,ProShares DJ Brookfield Global Infrastructure ETF,NYSE Arca,1,,nasdaqtrader
TOMZ,"TOMI Environmental Solutions, Inc. - Common Stock",Nasdaq,0,,nasdaqtrader
TONT,Graf Global Corp. Class A ordinary shares,NYSE American,0,,nasdaqtrader
TONT.U,"Graf Global Corp. Units, each consisting of one Class A ordinary share and one-half of one redeemable warrant",NYSE American,0,,nasdaqtrader
TONT.W,"Graf Global Corp. Warrants, each whole warrant exercisable for one Class A ordinary share at an exercise price of $11.50 per share",NYSE American,0,,nasdaqtrader
TONX,TON Strategy Company - Common Stock,Nasdaq,0,,nasdaqtrader
TOON,"Kartoon Studios, Inc. Common Stock",NYSE American,0,,nasdaqtrader
TOP,TOP Financial Group Limited - Class A Ordinary Shares,Nasdaq,0,,nasdaqtrader
TOPC,iShares S&P 500 3% Capped ETF,NYSE Arca,1,,nasdaqtrader
TOPP,Toppoint Holdings Inc. Common Stock,NYSE American,0,,nasdaqtrader
TOPS,"TOP Ships, Inc. Common Stock",NYSE American,0,,nasdaqtrader
TOPT,iShares Top 20 U.S. Stocks ETF,NYSE Arca,1,,nasdaqtrader
TOPW,Roundhill Top WeeklyPay ETF,Cboe BZX,1,,nasdaqtrader
TORK,KraneShares Actuator ETF,Nasdaq,1,,nasdaqtrader
TORO,Toro Corp. - Common Shares,Nasdaq,0,,nasdaqtrader
TOS,Twin Oak Strategic Solutions ETF,Cboe BZX,1,,nasdaqtrader
TOST,"Toast, Inc. Class A Common Stock",NYSE,0,,nasdaqtrader
TOT,LionShares U.S. Equity Total Return ETF,NYSE Arca,1,,nasdaqtrader
TOTL,State Street DoubleLine Total Return Tactical ETF,NYSE Arca,1,,nasdaqtrader
TOTR,T. Rowe Price Total Return ETF,NYSE Arca,1,,nasdaqtrader
TOUR,Tuniu Corporation - American Depositary Shares,Nasdaq,0,,nasdaqtrader
TOUS,T. Rowe Price International Equity ETF,NYSE Arca,1,,nasdaqtrader
TOV,JLens 500 Jewish Advocacy U.S. ETF,NYSE Arca,1,,nasdaqtrader
TOVX,"Theriva Biologics, Inc. Common Stock",NYSE American,0,,nasdaqtrader
TOWN,Towne Bank - Common Stock,Nasdaq,0,,nasdaqtrader
TOXR,21Shares XRP ETF,Cboe BZX,1,,nasdaqtrader
TOYO,"TOYO Co., Ltd - Ordinary Shares",Nasdaq,0,,nasdaqtrader
TP,Ticketplus Ltd. Ordinary Shares,NYSE American,0,,nasdaqtrader
TPAY,Roundhill S&P 500 Target 10 Managed Distribution ETF,Cboe BZX,1,,nasdaqtrader
TPB,"Turning Point Brands, Inc. Common Stock",NYSE,0,,nasdaqtrader
TPC,Tutor Perini Corporation Common Stock,NYSE,0,,nasdaqtrader
TPCS,TechPrecision Corporation - Common stock,Nasdaq,0,,nasdaqtrader
TPEI,MicroSectors -3x Short Taiwan ETNs,Cboe BZX,1,,nasdaqtrader
TPET,Trio Petroleum Corp. Common Stock,NYSE American,0,,nasdaqtrader
TPFC,Timothy Plan Free Cash Flow ETF,NYSE Arca,1,,nasdaqtrader
TPFG,Timothy Plan Free Cash Flow Growth ETF,NYSE Arca,1,,nasdaqtrader
TPFI,Timothy Plan Fixed Income ETF,NYSE Arca,1,,nasdaqtrader
TPG,TPG Inc. - Class A Common Stock,Nasdaq,0,,nasdaqtrader
TPGXL,TPG Inc. - 6.950% Fixed-Rate Junior Subordinated Notes due 2064,Nasdaq,0,,nasdaqtrader
TPHD,Timothy Plan High Dividend Stock ETF,NYSE Arca,1,,nasdaqtrader
TPIF,Timothy Plan International ETF,NYSE Arca,1,,nasdaqtrader
TPL,Texas Pacific Land Corporation Common Stock,NYSE,0,,nasdaqtrader
TPLC,Timothy Plan US Large/Mid Cap Core ETF,NYSE Arca,1,,nasdaqtrader
TPLS,Thornburg Core Plus Bond ETF,Nasdaq,1,,nasdaqtrader
TPLX,Corgi TPL 2x Daily ETF,Cboe BZX,1,,nasdaqtrader
TPOR,Direxion Daily Transportation Bull 3X ETF,NYSE Arca,1,,nasdaqtrader
TPR,"Tapestry, Inc. Common Stock",NYSE,0,,nasdaqtrader
TPRY,VistaShares Target 15 TEPRTantrum Contrarian Distribution ETF,NYSE Arca,1,,nasdaqtrader
TPSC,Timothy Plan US Small Cap Core ETF,NYSE Arca,1,,nasdaqtrader
TPST,"Tempest Therapeutics, Inc. - Common Stock",Nasdaq,0,,nasdaqtrader
TPTS,"Terra Property Trust, Inc. 7.00% Senior Secured Notes due 2029",NYSE,0,,nasdaqtrader
TPUT,T. Rowe Price Capital Appreciation Market Opportunities ETF,NYSE Arca,1,,nasdaqtrader
TPVG,TriplePoint Venture Growth BDC Corp. Common Stock,NYSE,0,,nasdaqtrader
TPYP,Tortoise North American Pipeline ETF,NYSE,1,,nasdaqtrader
TPZ,Tortoise Electrification Infrastructure ETF,NYSE,1,,nasdaqtrader
TQQQ,ProShares UltraPro QQQ,Nasdaq,1,,nasdaqtrader
TQQY,GraniteShares YieldBOOST QQQ ETF,Nasdaq,1,,nasdaqtrader
TR,"Tootsie Roll Industries, Inc. Common Stock",NYSE,0,,nasdaqtrader
TRAD,APEX Tech Acquisition Inc. Ordinary Shares,NYSE,0,,nasdaqtrader
TRAD.R,"APEX Tech Acquisition Inc. Rights, each entitling the holder to receive one-fourth (1/4) of one ordinary share",NYSE,0,,nasdaqtrader
TRAD.U,"APEX Tech Acquisition Inc. Units, each consisting of one Class A ordinary share and one right to receive one sixth (1/6) of a Class A ordinary share",NYSE,0,,nasdaqtrader
TRAK,"ReposiTrak, Inc. Common Stock",NYSE,0,,nasdaqtrader
TRAW,"Traws Pharma, Inc. - Common Stock",Nasdaq,0,,nasdaqtrader
TRAX,"First Tracks Biotherapeutics, Inc. - Ordinary Shares",Nasdaq,0,,nasdaqtrader
TRBF,Angel Oak Total Return ETF,Nasdaq,1,,nasdaqtrader
TRBG,TurboGen Ltd. - Ordinary Shares,Nasdaq,0,,nasdaqtrader
TRC,Tejon Ranch Co Common Stock,NYSE,0,,nasdaqtrader
TRDA,"Entrada Therapeutics, Inc. - Common Stock",Nasdaq,0,,nasdaqtrader
TREE,"LendingTree, Inc. - Common Stock",Nasdaq,0,,nasdaqtrader
TREO,Tactical Resources Corp. - Common Shares,Nasdaq,0,,nasdaqtrader
TREX,"Trex Company, Inc. Common Stock",NYSE,0,,nasdaqtrader
TRFK,Pacer Data and Digital Revolution ETF,NYSE Arca,1,,nasdaqtrader
TRFM,AAM Transformers ETF,NYSE Arca,1,,nasdaqtrader
TRGP,"Targa Resources, Inc. Common Stock",NYSE,0,,nasdaqtrader
TRGS,TRG Latin America Acquisitions Corp. - Class A Ordinary Shares,Nasdaq,0,,nasdaqtrader
TRGSR,TRG Latin America Acquisitions Corp. - Rights,Nasdaq,0,,nasdaqtrader
TRGSU,TRG Latin America Acquisitions Corp. - Units,Nasdaq,0,,nasdaqtrader
TRI,Thomson Reuters Corp - Common Shares,Nasdaq,0,,nasdaqtrader
TRIB,Trinity Biotech plc - American Depositary Shares,Nasdaq,0,,nasdaqtrader
TRIL,VegaShares Trillions ETF,Cboe BZX,1,,nasdaqtrader
TRIN,Trinity Capital Inc. Common Stock,NYSE,0,,nasdaqtrader
TRIO,MC Trio Equity Buffered ETF,Cboe BZX,1,,nasdaqtrader
TRIP,"TripAdvisor, Inc. - Common Stock",Nasdaq,0,,nasdaqtrader
TRLV,Trulieve Cannabis Corp. Subordinate Voting Shares,NYSE,0,,nasdaqtrader
TRMB,Trimble Inc. - Common Stock,Nasdaq,0,,nasdaqtrader
TRMD,TORM plc - Class A Common Stock,Nasdaq,0,,nasdaqtrader
TRMK,Trustmark Corporation - Common Stock,Nasdaq,0,,nasdaqtrader
TRN,"Trinity Industries, Inc. Common Stock",NYSE,0,,nasdaqtrader
TRND,Pacer Trendpilot Fund of Funds ETF,NYSE Arca,1,,nasdaqtrader
TRNI,Trinity Capital Inc. 7.875% Notes Due 2029,NYSE,0,,nasdaqtrader
TRNO,Terreno Realty Corporation Common Stock,NYSE,0,,nasdaqtrader
TRNR,Interactive Strength Inc. - Common Stock,Nasdaq,0,,nasdaqtrader
TRNS,"Transcat, Inc. - Common Stock",Nasdaq,0,,nasdaqtrader
TRNZ,Trinity Capital Inc. 7.875% Notes due 2029,NYSE,0,,nasdaqtrader
TRON,Tron Inc. - Common Stock,Nasdaq,0,,nasdaqtrader
TROO,"TROOPS, Inc.  - Ordinary Shares",Nasdaq,0,,nasdaqtrader
TROT,Invesco MSCI Treasury Duration Rotation ETF,NYSE Arca,1,,nasdaqtrader
TROW,"T. Rowe Price Group, Inc. - Common Stock",Nasdaq,0,,nasdaqtrader
TROX,Tronox Holdings plc Ordinary Shares (UK),NYSE,0,,nasdaqtrader
TRP,TC Energy Corporation Common Stock,NYSE,0,,nasdaqtrader
TRPA,Hartford AAA CLO ETF,Cboe BZX,1,,nasdaqtrader
TRS,TriMas Corporation - Common Stock,Nasdaq,0,,nasdaqtrader
TRSG,Tungray Technologies Inc - Class A Ordinary Shares,Nasdaq,0,,nasdaqtrader
TRST,TrustCo Bank Corp NY - Common Stock,Nasdaq,0,,nasdaqtrader
TRSY,Xtrackers US 0-1 Year Treasury ETF,Cboe BZX,1,,nasdaqtrader
TRT,Trio-Tech International - Common Stock,Nasdaq,0,,nasdaqtrader
TRTX,"TPG RE Finance Trust, Inc. Common Stock",NYSE,0,,nasdaqtrader
TRTY,Cambria Trinity ETF,Cboe BZX,1,,nasdaqtrader
TRU,TransUnion Common Stock,NYSE,0,,nasdaqtrader
TRUC,VanEck Communication Services TruSector ETF,Nasdaq,1,,nasdaqtrader
TRUD,VanEck Consumer Discretionary TruSector ETF,Nasdaq,1,,nasdaqtrader
TRUF,VanEck Financials TruSector ETF,Nasdaq,1,,nasdaqtrader
TRUG,"TruGolf Holdings, Inc. - Class A Common Stock",Nasdaq,0,,nasdaqtrader
TRUH,VanEck Healthcare TruSector ETF,Nasdaq,1,,nasdaqtrader
TRUI,VanEck Industrials TruSector ETF,Nasdaq,1,,nasdaqtrader
TRUM,VanEck Materials TruSector ETF,Nasdaq,1,,nasdaqtrader
TRUN,VanEck Energy TruSector ETF,Nasdaq,1,,nasdaqtrader
TRUO,VanEck Consumer Staples TruSector ETF,Nasdaq,1,,nasdaqtrader
TRUP,"Trupanion, Inc. - Common Stock",Nasdaq,0,,nasdaqtrader
TRUR,VanEck Real Estate TruSector ETF,Nasdaq,1,,nasdaqtrader
TRUT,VanEck Technology TruSector ETF,Nasdaq,1,,nasdaqtrader
TRUU,VanEck Utilities TruSector ETF,Nasdaq,1,,nasdaqtrader
TRV,"The Travelers Companies, Inc. Common Stock",NYSE,0,,nasdaqtrader
TRVG,trivago N.V. - American Depositary Shares,Nasdaq,0,,nasdaqtrader
TRVI,"Trevi Therapeutics, Inc. - Common Stock",Nasdaq,0,,nasdaqtrader
TRX,TRX Gold Corporation Common Stock,NYSE American,0,,nasdaqtrader
TRXS,Canary Staked TRX ETF,Cboe BZX,1,,nasdaqtrader
TS,Tenaris S.A. American Depositary Shares,NYSE,0,,nasdaqtrader
TSAT,Telesat Corporation - Class A Common Shares and Class B Variable Voting Shares,Nasdaq,0,,nasdaqtrader
TSBK,"Timberland Bancorp, Inc. - Common Stock",Nasdaq,0,,nasdaqtrader
TSCM,TimesSquare Quality Mid Cap Growth ETF,Nasdaq,1,,nasdaqtrader
TSCO,Tractor Supply Company - Common Stock,Nasdaq,0,,nasdaqtrader
TSCV,Thrivent Small Cap Value ETF,NYSE Arca,1,,nasdaqtrader
TSCZ,T. Rowe Price Securitized Income ETF,NYSE Arca,1,,nasdaqtrader
TSDD,GraniteShares 2x Short TSLA Daily ETF,Nasdaq,1,,nasdaqtrader
TSEC,Touchstone Securitized Income ETF,NYSE Arca,1,,nasdaqtrader
TSEE,T. Rowe Price Small Cap ETF,Nasdaq,1,,nasdaqtrader
TSEG,Leverage Shares 2X Long TSEM Daily ETF,Cboe BZX,1,,nasdaqtrader
TSEL,Touchstone Sands Capital US Select Growth ETF,Nasdaq,1,,nasdaqtrader
TSEM,Tower Semiconductor Ltd. - Ordinary Shares,Nasdaq,0,,nasdaqtrader
TSEP,FT Vest Emerging Market Buffer ETF - September,Cboe BZX,1,,nasdaqtrader
TSES,Truth Social American Energy Security ETF,NYSE Arca,1,,nasdaqtrader
TSEU,Tradr 2X Long TSEM Daily ETF,Cboe BZX,1,,nasdaqtrader
TSHA,"Taysha Gene Therapies, Inc. - Common Stock",Nasdaq,0,,nasdaqtrader
TSI,"TCW Strategic Income Fund, Inc. Common Stock",NYSE,0,,nasdaqtrader
TSIB,Direxion TSLA Defined Income Boost ETF,Cboe BZX,1,,nasdaqtrader
TSIC,Truth Social American Icons ETF,NYSE Arca,1,,nasdaqtrader
TSII,REX TSLA Growth & Income ETF,Cboe BZX,1,,nasdaqtrader
TSL,GraniteShares 1.25x Long TSLA Daily ETF,Nasdaq,1,,nasdaqtrader
TSLA,"Tesla, Inc.  - Common Stock",Nasdaq,0,,nasdaqtrader
TSLG,Leverage Shares 2X Long TSLA Daily ETF,Nasdaq,1,,nasdaqtrader
TSLI,ProShares Ultra TSLA,NYSE Arca,1,,nasdaqtrader
TSLL,Direxion Daily TSLA Bull 2X ETF,Nasdaq,1,,nasdaqtrader
TSLP,Kurv Yield Premium Strategy Tesla (TSLA) ETF,Cboe BZX,1,,nasdaqtrader
TSLQ,Tradr 2X Short TSLA Daily ETF,Nasdaq,1,,nasdaqtrader
TSLR,GraniteShares 2x Long TSLA Daily ETF,Nasdaq,1,,nasdaqtrader
TSLS,Direxion Daily TSLA Bear 1X ETF,Nasdaq,1,,nasdaqtrader
TSLT,T-REX 2X Long Tesla Daily Target ETF,Cboe BZX,1,,nasdaqtrader
TSLW,Roundhill TSLA WeeklyPay ETF,Cboe BZX,1,,nasdaqtrader
TSLX,"Sixth Street Specialty Lending, Inc. Common Stock",NYSE,0,,nasdaqtrader
TSLY,YieldMax TSLA Option Income Strategy ETF,NYSE Arca,1,,nasdaqtrader
TSLZ,T-Rex 2X Inverse Tesla Daily Target ETF,Cboe BZX,1,,nasdaqtrader
TSM,Taiwan Semiconductor Manufacturing Company Ltd.,NYSE,0,,nasdaqtrader
TSME,Thrivent Small-Mid Cap Equity ETF,NYSE Arca,1,,nasdaqtrader
TSMG,Leverage Shares 2X Long TSM Daily ETF,Nasdaq,1,,nasdaqtrader
TSMU,GraniteShares 2x Long TSM Daily ETF,Nasdaq,1,,nasdaqtrader
TSMX,Direxion Daily TSM Bull 2X ETF,Nasdaq,1,,nasdaqtrader
TSMY,YieldMax TSM Option Income Strategy ETF,NYSE Arca,1,,nasdaqtrader
TSMZ,Direxion Daily TSM Bear 1X ETF,Nasdaq,1,,nasdaqtrader
TSN,"Tyson Foods, Inc. Common Stock",NYSE,0,,nasdaqtrader
TSNF,Truth Social American Next Frontiers ETF,NYSE Arca,1,,nasdaqtrader
TSOL,21Shares Solana ETF,Cboe BZX,1,,nasdaqtrader
TSPA,T. Rowe Price U.S. Equity Research ETF,NYSE Arca,1,,nasdaqtrader
TSPX,Twin Oak Active Opportunities ETF,Cboe BZX,1,,nasdaqtrader
TSPY,TappAlpha S&P 500 Growth & Daily Income ETF,Nasdaq,1,,nasdaqtrader
TSQ,"Townsquare Media, Inc. Class A Common Stock",NYSE,0,,nasdaqtrader
TSRS,Truth Social American Red State REITs ETF,NYSE Arca,1,,nasdaqtrader
TSSD,Truth Social American Security & Defense ETF,NYSE Arca,1,,nasdaqtrader
TSSI,"TSS, Inc. - Common Stock",Nasdaq,0,,nasdaqtrader
TSUI,21Shares Sui Staking ETF,Nasdaq,1,,nasdaqtrader
TSXD,Direxion Daily Semiconductors Top 5 Bear 2X ETF,NYSE Arca,1,,nasdaqtrader
TSXU,Direxion Daily Semiconductors Top 5 Bull 2X ETF,NYSE Arca,1,,nasdaqtrader
TSYW,Roundhill Treasury Bond WeeklyPay ETF,Cboe BZX,1,,nasdaqtrader
TSYX,TSPY Lift ETF,Nasdaq,1,,nasdaqtrader
TSYY,GraniteShares YieldBOOST TSLA ETF,Nasdaq,1,,nasdaqtrader
TT,Trane Technologies plc,NYSE,0,,nasdaqtrader
TTAM,Titan America SA Common Shares,NYSE,0,,nasdaqtrader
TTAN,"ServiceTitan, Inc. - Class A Common Stock",Nasdaq,0,,nasdaqtrader
TTC,Toro Company (The) Common Stock,NYSE,0,,nasdaqtrader
TTD,"The Trade Desk, Inc. - Class A Common Stock",Nasdaq,0,,nasdaqtrader
TTDU,T-REX 2X Long TTD Daily Target ETF,Cboe BZX,1,,nasdaqtrader
TTE,TotalEnergies SE Ordinary Shares,NYSE,0,,nasdaqtrader
TTEC,"TTEC Holdings, Inc. - Common Stock",Nasdaq,0,,nasdaqtrader
TTEK,"Tetra Tech, Inc. - Common Stock",Nasdaq,0,,nasdaqtrader
TTEQ,T. Rowe Price Technology ETF,Nasdaq,1,,nasdaqtrader
TTGT,"TechTarget, Inc. - Common Stock",Nasdaq,0,,nasdaqtrader
TTI,"Tetra Technologies, Inc. Common Stock",NYSE,0,,nasdaqtrader
TTMI,"TTM Technologies, Inc. - Common Stock",Nasdaq,0,,nasdaqtrader
TTMX,Tradr 2X Long TTMI Daily ETF,Cboe BZX,1,,nasdaqtrader
TTOP,21Shares FTSE Crypto 10 Index ETF,NYSE Arca,1,,nasdaqtrader
TTRX,Turn Therapeutics Inc. - Common Stock,Nasdaq,0,,nasdaqtrader
TTT,ProShares UltraPro Short 20 Year Treasury,NYSE Arca,1,,nasdaqtrader
TTWO,"Take-Two Interactive Software, Inc. - Common Stock",Nasdaq,0,,nasdaqtrader
TTXD,Direxion Daily Technology Top 5 Bear 2X ETF,NYSE Arca,1,,nasdaqtrader
TTXU,Direxion Daily Technology Top 5 Bull 2X ETF,NYSE Arca,1,,nasdaqtrader
TU,Telus Corporation Ordinary Shares,NYSE,0,,nasdaqtrader
TUA,Simplify Short Term Treasury Futures Strategy ETF,NYSE Arca,1,,nasdaqtrader
TUG,STF Tactical Growth ETF,Nasdaq,1,,nasdaqtrader
TULP,"Bloomia Holdings, Inc. - Common Stock",Nasdaq,0,,nasdaqtrader
TUR,iShares MSCI Turkey ETF,Nasdaq,1,,nasdaqtrader
TURB,"Turbo Energy, S.A. - American Depositary Shares",Nasdaq,0,,nasdaqtrader
TURF,T. Rowe Price Natural Resources ETF,Nasdaq,1,,nasdaqtrader
TUSB,Thrivent Ultra Short Bond ETF,NYSE Arca,1,,nasdaqtrader
TUSI,Touchstone Ultra Short Income ETF,Cboe BZX,1,,nasdaqtrader
TUSK,"Mammoth Energy Services, Inc. - Common Stock",Nasdaq,0,,nasdaqtrader
TUYA,"Tuya Inc. American Depositary Shares, each representing one Class A Ordinary Share",NYSE,0,,nasdaqtrader
TV,Grupo Televisa S.A.B. Common Stock,NYSE,0,,nasdaqtrader
TVA,Texas Ventures Acquisition III Corp - Class A Ordinary Share,Nasdaq,0,,nasdaqtrader
TVACU,Texas Ventures Acquisition III Corp - Unit,Nasdaq,0,,nasdaqtrader
TVACW,Texas Ventures Acquisition III Corp - Warrants,Nasdaq,0,,nasdaqtrader
TVAI,Thayer Ventures Acquisition Corporation II - Class A Ordinary Shares,Nasdaq,0,,nasdaqtrader
TVAIR,Thayer Ventures Acquisition Corporation II - Rights,Nasdaq,0,,nasdaqtrader
TVAIU,Thayer Ventures Acquisition Corporation II - Unit,Nasdaq,0,,nasdaqtrader
TVAL,T. Rowe Price Value ETF,NYSE Arca,1,,nasdaqtrader
TVC,Tennessee Valley Authority Common Stock,NYSE,0,,nasdaqtrader
TVE,Tennessee Valley Authority,NYSE,0,,nasdaqtrader
TVGN,Tevogen Inc. - Common Stock,Nasdaq,0,,nasdaqtrader
TVGNW,Tevogen Inc. - Warrant,Nasdaq,0,,nasdaqtrader
TVIV,Texas Ventures Acquisition IV Corp - Class A Ordinary Shares,Nasdaq,0,,nasdaqtrader
TVIVU,Texas Ventures Acquisition IV Corp - Units,Nasdaq,0,,nasdaqtrader
TVIVW,Texas Ventures Acquisition IV Corp - Warrant,Nasdaq,0,,nasdaqtrader
TVRD,"Tvardi Therapeutics, Inc. - Common Stock",Nasdaq,0,,nasdaqtrader
TVTX,"Travere Therapeutics, Inc. - Common Stock",Nasdaq,0,,nasdaqtrader
TW,Tradeweb Markets Inc. - Class A Common Stock,Nasdaq,0,,nasdaqtrader
TWAV,"TaoWeave, Inc. - Common Stock",Nasdaq,0,,nasdaqtrader
TWFG,"TWFG, Inc. - Common Stock",Nasdaq,0,,nasdaqtrader
TWG,Top Wealth Group Holding Limited - Class A Ordinary Shares,Nasdaq,0,,nasdaqtrader
TWI,"Titan International, Inc. (DE) Common Stock",NYSE,0,,nasdaqtrader
TWIN,"Twin Disc, Incorporated - Common Stock",Nasdaq,0,,nasdaqtrader
TWLO,Twilio Inc. Class A Common Stock,NYSE,0,,nasdaqtrader
TWLV,Twelve Seas Investment Company III - Class A Ordinary Shares,Nasdaq,0,,nasdaqtrader
TWLVR,Twelve Seas Investment Company III - Rights,Nasdaq,0,,nasdaqtrader
TWLVU,Twelve Seas Investment Company III - Units,Nasdaq,0,,nasdaqtrader
TWM,ProShares UltraShort Russell2000,NYSE Arca,1,,nasdaqtrader
TWN,"Taiwan Fund, Inc. (The) Common Stock",NYSE,0,,nasdaqtrader
TWOD,Two Harbors Investments Corp 9.375% Senior Notes due 2030,NYSE,0,,nasdaqtrader
TWOX,iShares Large Cap Accelerated Outcome ETF,Cboe BZX,1,,nasdaqtrader
TWSC,Corgi TSM 2x Daily ETF,Cboe BZX,1,,nasdaqtrader
TWST,Twist Bioscience Corporation - Common Stock,Nasdaq,0,,nasdaqtrader
TX,"Ternium S.A. Ternium S.A. American Depositary Shares (each representing ten shares, USD1.00 par value)",NYSE,0,,nasdaqtrader
TXBC,21Shares FTSE Crypto 10 ex-BTC Index ETF,NYSE Arca,1,,nasdaqtrader
TXCA,Northern Trust California Intermediate Tax-Exempt Bond ETF,Nasdaq,1,,nasdaqtrader
TXG,"10x Genomics, Inc. - Common Stock",Nasdaq,0,,nasdaqtrader
TXMD,"TherapeuticsMD, Inc. - Common Stock",Nasdaq,0,,nasdaqtrader
TXN,Texas Instruments Incorporated - Common Stock,Nasdaq,0,,nasdaqtrader
TXNM,"TXNM Energy, Inc. Common Stock",NYSE,0,,nasdaqtrader
TXNU,Direxion Daily TXN Bull 2X ETF,NYSE Arca,1,,nasdaqtrader
TXNY,Northern Trust New York Intermediate Tax-Exempt Bond ETF,Nasdaq,1,,nasdaqtrader
TXO,"TXO Partners, L.P. Common Units Representing Limited Partner Interests",NYSE,0,,nasdaqtrader
TXRH,"Texas Roadhouse, Inc. - Common Stock",Nasdaq,0,,nasdaqtrader
TXS,Texas Capital Texas Equity Index ETF,F,1,,nasdaqtrader
TXT,Textron Inc. Common Stock,NYSE,0,,nasdaqtrader
TXUE,Thornburg International Equity ETF,Nasdaq,1,,nasdaqtrader
TXUG,Thornburg International Growth Fund ETF,Nasdaq,1,,nasdaqtrader
TXXD,21Shares 2x Long Dogecoin ETF,Nasdaq,1,,nasdaqtrader
TXXH,21Shares 2x Long HYPE ETF,Nasdaq,1,,nasdaqtrader
TXXI,BondBloxx IR+M Tax-Aware Intermediate Duration ETF,NYSE Arca,1,,nasdaqtrader
TXXS,21Shares 2x Long Sui ETF,Nasdaq,1,,nasdaqtrader
TY,Tri Continental Corporation Common Stock,NYSE,0,,nasdaqtrader
TYA,Simplify Intermediate Term Treasury Futures Strategy ETF,Cboe BZX,1,,nasdaqtrader
TYD,Direxion Daily 10-Yr Treasury Bull 3x Shrs,NYSE Arca,1,,nasdaqtrader
TYG,Tortoise Energy Infrastructure Corporation Common Stock,NYSE,0,,nasdaqtrader
TYGO,"Tigo Energy, Inc. - Common Stock",Nasdaq,0,,nasdaqtrader
TYL,"Tyler Technologies, Inc. Common Stock",NYSE,0,,nasdaqtrader
TYLD,Cambria Tactical Yield ETF,Cboe BZX,1,,nasdaqtrader
TYLG,Global X Information Technology Covered Call & Growth ETF,NYSE Arca,1,,nasdaqtrader
TYO,Direxion Daily 10-Yr Treasury Bear 3x Shrs,NYSE Arca,1,,nasdaqtrader
TYRA,"Tyra Biosciences, Inc. - Common Stock",Nasdaq,0,,nasdaqtrader
TYYY,xETFs TSLA Daily Income ETF,NYSE Arca,1,,nasdaqtrader
TZA,Direxion Small Cap Bear 3X ETF,NYSE Arca,1,,nasdaqtrader
TZOO,Travelzoo - Common Stock,Nasdaq,0,,nasdaqtrader
U,Unity Software Inc. Common Stock,NYSE,0,,nasdaqtrader
UA,"Under Armour, Inc. Class C Common Stock",NYSE,0,,nasdaqtrader
UAA,"Under Armour, Inc. Class A Common Stock",NYSE,0,,nasdaqtrader
UAC,United Acquisition Corp. I Class A Ordinary Shares,NYSE American,0,,nasdaqtrader
UAC.U,"United Acquisition Corp. I Units, each consisting of one Class A ordinary share and one-quarter of one redeemable warrant",NYSE American,0,,nasdaqtrader
UAC.W,"United Acquisition Corp. I Warrants, each whole warrant exercisable for one Class A ordinary share at an exercise price of $11.50",NYSE American,0,,nasdaqtrader
UAE,iShares MSCI UAE ETF,Nasdaq,1,,nasdaqtrader
UAL,"United Airlines Holdings, Inc. - Common Stock",Nasdaq,0,,nasdaqtrader
UAMY,United States Antimony Corporation Common Stock,NYSE,0,,nasdaqtrader
UAN,"CVR Partners, LP Common Units representing Limited Partner Interests",NYSE,0,,nasdaqtrader
UAPR,Innovator U.S. Equity Ultra Buffer ETF - April,Cboe BZX,1,,nasdaqtrader
UAUG,Innovator U.S. Equity Ultra Buffer ETF - August,Cboe BZX,1,,nasdaqtrader
UAVS,"AgEagle Aerial Systems, Inc. Common Stock",NYSE American,0,,nasdaqtrader
UBCP,"United Bancorp, Inc. - Common Stock",Nasdaq,0,,nasdaqtrader
UBER,"Uber Technologies, Inc. Common Stock",NYSE,0,,nasdaqtrader
UBEW,Roundhill UBER WeeklyPay ETF,Cboe BZX,1,,nasdaqtrader
UBND,VictoryShares Core Plus Bond ETF,Nasdaq,1,,nasdaqtrader
UBOT,"Direxion Daily Robotics, Artificial Intelligence & Automation Index Bull 2X ETF",NYSE Arca,1,,nasdaqtrader
UBR,ProShares Ultra MSCI Brazil Capped,NYSE Arca,1,,nasdaqtrader
UBRL,GraniteShares 2x Long UBER Daily ETF,Nasdaq,1,,nasdaqtrader
UBS,UBS Group AG Registered Ordinary Shares,NYSE,0,,nasdaqtrader
UBSI,"United Bankshares, Inc. - Common Stock",Nasdaq,0,,nasdaqtrader
UBT,ProShares Ultra 20+ Year Treasury,NYSE Arca,1,,nasdaqtrader
UCAR,U Power Limited - Class A Ordinary Shares,Nasdaq,0,,nasdaqtrader
UCB,"United Community Banks, Inc. Common Stock",NYSE,0,,nasdaqtrader
UCBG,State Street SPDR UC Investments 90/10 Endowment Strategy Index ETF,NYSE Arca,1,,nasdaqtrader
UCC,ProShares Ultra Consumer Discretionary,NYSE Arca,1,,nasdaqtrader
UCFI,CN Healthy Food Tech Group Corp. - Common Stock,Nasdaq,0,,nasdaqtrader
UCFIW,CN Healthy Food Tech Group Corp. - Warrant,Nasdaq,0,,nasdaqtrader
UCIB,"ETRACS UBS Bloomberg Constant Maturity Commodity Index (CMCI) Total Return ETN Series B due April 5, 2038",NYSE Arca,0,,nasdaqtrader
UCL,uCloudlink Group Inc. - American Depositary Shares,Nasdaq,0,,nasdaqtrader
UCO,ProShares Ultra Bloomberg Crude Oil,NYSE Arca,1,,nasdaqtrader
UCON,First Trust Smith Unconstrained Bond ETF,NYSE Arca,1,,nasdaqtrader
UCOP,ProShares Ultra Copper K-1 Free ETF,NYSE Arca,1,,nasdaqtrader
UCRD,VictoryShares Corporate Bond ETF,Nasdaq,1,,nasdaqtrader
UCTT,"Ultra Clean Holdings, Inc. - Common Stock",Nasdaq,0,,nasdaqtrader
UCTX,Corgi UCTT 2x Daily ETF,Cboe BZX,1,,nasdaqtrader
UCYB,ProShares Ultra Nasdaq Cybersecurity,Nasdaq,1,,nasdaqtrader
UDEC,Innovator U.S. Equity Ultra Buffer ETF - December,Cboe BZX,1,,nasdaqtrader
UDI,USCF Dividend Income Fund,NYSE Arca,1,,nasdaqtrader
UDIV,Franklin U.S. Core Dividend Tilt Index ETF,NYSE Arca,1,,nasdaqtrader
UDN,Invesco DB USD Index Bearish ETF,NYSE Arca,1,,nasdaqtrader
UDOW,ProShares UltraPro Dow30,NYSE Arca,1,,nasdaqtrader
UDR,"UDR, Inc. Common Stock",NYSE,0,,nasdaqtrader
UE,Urban Edge Properties Common Shares of Beneficial Interest,NYSE,0,,nasdaqtrader
UEC,Uranium Energy Corp. Common Stock,NYSE American,0,,nasdaqtrader
UECG,Leverage Shares 2x Long UEC Daily ETF,Nasdaq,1,,nasdaqtrader
UEIC,Universal Electronics Inc. - Common Stock,Nasdaq,0,,nasdaqtrader
UEVM,VictoryShares Emerging Markets Value Momentum ETF,Nasdaq,1,,nasdaqtrader
UFCS,"United Fire Group, Inc - Common Stock",Nasdaq,0,,nasdaqtrader
UFEB,Innovator U.S. Equity Ultra Buffer ETF - February,Cboe BZX,1,,nasdaqtrader
UFG,Uni-Fuels Holdings Limited - Class A Ordinary Shares,Nasdaq,0,,nasdaqtrader
UFI,"Unifi, Inc. New Common Stock",NYSE,0,,nasdaqtrader
UFIV,US Treasury 5 Year Note ETF,Nasdaq,1,,nasdaqtrader
UFO,Procure Space ETF,Nasdaq,1,,nasdaqtrader
UFOD,Tuttle Capital UFO Disclosure ETF,Cboe BZX,1,,nasdaqtrader
UFOX,Defiance Space and Connective Tech ETF,Nasdaq,1,,nasdaqtrader
UFPI,"UFP Industries, Inc. - Common Stock",Nasdaq,0,,nasdaqtrader
UFPT,"UFP Technologies, Inc. - Common Stock",Nasdaq,0,,nasdaqtrader
UG,"United-Guardian, Inc. - Common Stock",Nasdaq,0,,nasdaqtrader
UGA,United States Gasoline Fund LP,NYSE Arca,1,,nasdaqtrader
UGE,ProShares Ultra Consumer Staples,NYSE Arca,1,,nasdaqtrader
UGI,UGI Corporation Common Stock,NYSE,0,,nasdaqtrader
UGL,ProShares Ultra Gold,NYSE Arca,1,,nasdaqtrader
UGLD,Direxion Daily Gold Bull 2X ETF,NYSE Arca,1,,nasdaqtrader
UGP,Ultrapar Participacoes S.A. (New) American Depositary Shares (Each representing one Common Share),NYSE,0,,nasdaqtrader
UHAL,U-Haul Holding Company Common Stock,NYSE,0,,nasdaqtrader
UHAL.B,U-Haul Holding Company Series N Non-Voting Common Stock,NYSE,0,,nasdaqtrader
UHS,"Universal Health Services, Inc. Common Stock",NYSE,0,,nasdaqtrader
UHT,Universal Health Realty Income Trust Common Stock,NYSE,0,,nasdaqtrader
UI,Ubiquiti Inc. Common Stock,NYSE,0,,nasdaqtrader
UIS,Unisys Corporation New Common Stock,NYSE,0,,nasdaqtrader
UITB,VictoryShares Core Intermediate Bond ETF,Nasdaq,1,,nasdaqtrader
UIVM,VictoryShares International Value Momentum ETF,Nasdaq,1,,nasdaqtrader
UJAN,Innovator U.S. Equity Ultra Buffer ETF - January,Cboe BZX,1,,nasdaqtrader
UJB,ProShares Ultra High Yield ETF,NYSE Arca,1,,nasdaqtrader
UJUL,Innovator U.S. Equity Ultra Buffer ETF - July,Cboe BZX,1,,nasdaqtrader
UJUN,Innovator U.S. Equity Ultra Buffer ETF - June,Cboe BZX,1,,nasdaqtrader
UK,Ucommune International Ltd  - Class A Ordinary Shares,Nasdaq,0,,nasdaqtrader
UL,Unilever PLC American Depositary Shares (each representing One Ordinary Share),NYSE,0,,nasdaqtrader
ULBI,Ultralife Corporation - Common Stock,Nasdaq,0,,nasdaqtrader
ULCC,"Frontier Group Holdings, Inc. - Common Stock",Nasdaq,0,,nasdaqtrader
ULE,ProShares Ultra Euro,NYSE Arca,1,,nasdaqtrader
ULH,"Universal Logistics Holdings, Inc. - Common Stock",Nasdaq,0,,nasdaqtrader
ULS,UL Solutions Inc. Class A Common Stock,NYSE,0,,nasdaqtrader
ULST,State Street Ultra Short Term Bond ETF,NYSE Arca,1,,nasdaqtrader
ULTA,"Ulta Beauty, Inc. - Common Stock",Nasdaq,0,,nasdaqtrader
ULTI,REX IncomeMax Option Strategy ETF,Nasdaq,1,,nasdaqtrader
ULTY,YieldMax Ultra Option Income Strategy ETF,NYSE Arca,1,,nasdaqtrader
ULVM,VictoryShares US Value Momentum ETF,Nasdaq,1,,nasdaqtrader
UMAC,"Unusual Machines, Inc. Common Stock",NYSE American,0,,nasdaqtrader
UMAL,Defiance Daily Target 2X Long UMAC ETF,Cboe BZX,1,,nasdaqtrader
UMAR,Innovator U.S. Equity Ultra Buffer ETF - March,Cboe BZX,1,,nasdaqtrader
UMAY,Innovator U.S. Equity Ultra Buffer ETF - May,Cboe BZX,1,,nasdaqtrader
UMBF,UMB Financial Corporation - Common Stock,Nasdaq,0,,nasdaqtrader
UMBFO,"UMB Financial Corporation - Depositary Shares Each Representing a 1/400th Interest in a Share of 7.750% Fixed-Rate Reset Non-Cumulative Perpetual Preferred Stock, Series B",Nasdaq,0,,nasdaqtrader
UMC,United Microelectronics Corporation (NEW) Common Stock,NYSE,0,,nasdaqtrader
UMCU,Tradr 2X Long UMC Daily ETF,Cboe BZX,1,,nasdaqtrader
UMCX,Corgi UMC 2x Daily ETF,Cboe BZX,1,,nasdaqtrader
UMDD,UltraPro MidCap400,NYSE Arca,1,,nasdaqtrader
UMH,"UMH Properties, Inc. Common Stock",NYSE,0,,nasdaqtrader
UMI,USCF Midstream Energy Income Fund ETF,NYSE Arca,1,,nasdaqtrader
UMMA,Wahed Dow Jones Islamic World ETF,Nasdaq,1,,nasdaqtrader
UN,Corgi UNH 2x Daily ETF,Cboe BZX,1,,nasdaqtrader
UNB,"Union Bankshares, Inc. - Common Stock",Nasdaq,0,,nasdaqtrader
UNCY,"Unicycive Therapeutics, Inc. - Common Stock",Nasdaq,0,,nasdaqtrader
UNF,Unifirst Corporation Common Stock,NYSE,0,,nasdaqtrader
UNFI,"United Natural Foods, Inc. Common Stock",NYSE,0,,nasdaqtrader
UNG,United States Natural Gas Fund LP,NYSE Arca,1,,nasdaqtrader
UNH,UnitedHealth Group Incorporated Common Stock (DE),NYSE,0,,nasdaqtrader
UNHG,Leverage Shares 2X Long UNH Daily ETF,Nasdaq,1,,nasdaqtrader
UNHU,Direxion Daily UNH Bull 2X ETF,NYSE Arca,1,,nasdaqtrader
UNHW,Roundhill UNH WeeklyPay ETF,Cboe BZX,1,,nasdaqtrader
UNIT,Uniti Group Inc. - Common Stock,Nasdaq,0,,nasdaqtrader
UNIY,WisdomTree Voya Yield Enhanced USD Universal Bond Fund,Nasdaq,1,,nasdaqtrader
UNL,United States 12 Month Natural Gas Fund,NYSE Arca,1,,nasdaqtrader
UNM,Unum Group Common Stock,NYSE,0,,nasdaqtrader
UNMA,Unum Group 6.250% Junior Subordinated Notes due 2058,NYSE,0,,nasdaqtrader
UNOV,Innovator U.S. Equity Ultra Buffer ETF - November,Cboe BZX,1,,nasdaqtrader
UNP,Union Pacific Corporation Common Stock,NYSE,0,,nasdaqtrader
UNTY,"Unity Bancorp, Inc. - Common Stock",Nasdaq,0,,nasdaqtrader
UNX,Tradr 2X Long U Daily ETF,Cboe BZX,1,,nasdaqtrader
UOCT,Innovator U.S. Equity Ultra Buffer ETF - October,Cboe BZX,1,,nasdaqtrader
UONE,"Urban One, Inc.  - Class A Common Stock",Nasdaq,0,,nasdaqtrader
UONEK,"Urban One, Inc.  - Class D Common Stock",Nasdaq,0,,nasdaqtrader
UP,Wheels Up Experience Inc. Class A Common Stock,NYSE,0,,nasdaqtrader
UPAL,ProShares Ultra Palladium K-1 Free ETF,NYSE Arca,1,,nasdaqtrader
UPAR,UPAR Ultra Risk Parity ETF,NYSE Arca,1,,nasdaqtrader
UPB,"Upstream Bio, Inc. - Common Stock",Nasdaq,0,,nasdaqtrader
UPBD,"Upbound Group, Inc. - Common Stock",Nasdaq,0,,nasdaqtrader
UPC,Universe Pharmaceuticals Inc - Class A Ordinary Shares,Nasdaq,0,,nasdaqtrader
UPGD,Invesco Bloomberg Analyst Rating Improvers ETF,NYSE Arca,1,,nasdaqtrader
UPGR,Xtrackers US Green Infrastructure Select Equity ETF,Nasdaq,1,,nasdaqtrader
UPLD,"Upland Software, Inc. - Common Stock",Nasdaq,0,,nasdaqtrader
UPLT,ProShares Ultra Platinum K-1 Free ETF,NYSE Arca,1,,nasdaqtrader
UPRO,ProShares UltraPro S&P 500,NYSE Arca,1,,nasdaqtrader
UPS,"United Parcel Service, Inc. Common Stock",NYSE,0,,nasdaqtrader
UPSC,Corgi UPST 2x Daily ETF,Cboe BZX,1,,nasdaqtrader
UPSD,Aptus Large Cap Upside ETF,Cboe BZX,1,,nasdaqtrader
UPST,"Upstart Holdings, Inc. - Common stock",Nasdaq,0,,nasdaqtrader
UPSX,Tradr 2X Long UPST Daily ETF,Cboe BZX,1,,nasdaqtrader
UPV,ProShares Ultra FTSE Europe,NYSE Arca,1,,nasdaqtrader
UPW,ProShares Ultra Utilities,NYSE Arca,1,,nasdaqtrader
UPWK,Upwork Inc. - Common Stock,Nasdaq,0,,nasdaqtrader
UPXI,"Upexi, Inc. - Common Stock",Nasdaq,0,,nasdaqtrader
URA,Global X Uranium ETF,NYSE Arca,1,,nasdaqtrader
URAA,Direxion Daily Uranium Industry Bull 2X ETF,NYSE Arca,1,,nasdaqtrader
URAN,Themes Uranium & Nuclear ETF,Cboe BZX,1,,nasdaqtrader
URBN,"Urban Outfitters, Inc. - Common Stock",Nasdaq,0,,nasdaqtrader
URE,ProShares Ultra Real Estate,NYSE Arca,1,,nasdaqtrader
URG,Ur Energy Inc Common Shares (Canada),NYSE American,0,,nasdaqtrader
URGN,UroGen Pharma Ltd. - Ordinary Shares,Nasdaq,0,,nasdaqtrader
URI,"United Rentals, Inc. Common Stock",NYSE,0,,nasdaqtrader
URNJ,Sprott Junior Uranium Miners ETF,Nasdaq,1,,nasdaqtrader
URNM,Sprott Uranium Miners ETF,NYSE Arca,1,,nasdaqtrader
UROY,Uranium Royalty Corp. - Common Stock,Nasdaq,0,,nasdaqtrader
URSP,ProShares Ultra S&P 500 Equal Weight,NYSE Arca,1,,nasdaqtrader
URTH,iShares MSCI World ETF,NYSE Arca,1,,nasdaqtrader
URTY,ProShares UltraPro Russell2000,NYSE Arca,1,,nasdaqtrader
USA,Liberty All-Star Equity Fund Common Stock,NYSE,0,,nasdaqtrader
USAC,"USA Compression Partners, LP Common Units Representing Limited Partner Interests",NYSE,0,,nasdaqtrader
USAF,Atlas America Fund,Nasdaq,1,,nasdaqtrader
USAI,Pacer American Energy Infrastructure ETF,NYSE Arca,1,,nasdaqtrader
USAR,"USA Rare Earth, Inc. - Common Stock",Nasdaq,0,,nasdaqtrader
USAS,"Americas Gold and Silver Corporation Common Shares, no par value",NYSE American,0,,nasdaqtrader
USAU,U.S. Gold Corp. - Common Stock,Nasdaq,0,,nasdaqtrader
USAX,Tradr 2X Long USAR Daily ETF,Cboe BZX,1,,nasdaqtrader
USB,U.S. Bancorp Common Stock,NYSE,0,,nasdaqtrader
USBC,"USBC, Inc. Common Stock",NYSE American,0,,nasdaqtrader
USCA,Xtrackers MSCI USA Climate Action Equity ETF,NYSE Arca,1,,nasdaqtrader
USCB,"USCB Financial Holdings, Inc.  - Class A Common Stock",Nasdaq,0,,nasdaqtrader
USCI,United States Commodity Index Fund ETV,NYSE Arca,1,,nasdaqtrader
USCL,iShares Climate Conscious & Transition MSCI USA ETF,Nasdaq,1,,nasdaqtrader
USD,ProShares Ultra Semiconductors,NYSE Arca,1,,nasdaqtrader
USDE,StablecoinX Inc. - Class A Common Stock,Nasdaq,0,,nasdaqtrader
USDEW,StablecoinX Inc. - Warrants,Nasdaq,0,,nasdaqtrader
USDU,WisdomTree Bloomberg U.S. Dollar Bullish Fund,NYSE Arca,1,,nasdaqtrader
USDX,SGI Enhanced Core ETF,Nasdaq,1,,nasdaqtrader
USE,USCF Energy Commodity Strategy Absolute Return Fund,NYSE Arca,1,,nasdaqtrader
USEA,United Maritime Corporation - Common Stock,Nasdaq,0,,nasdaqtrader
USEP,Innovator U.S. Equity Ultra Buffer ETF - September,Cboe BZX,1,,nasdaqtrader
USEW,Cambria US EW ETF,Cboe BZX,1,,nasdaqtrader
USFD,US Foods Holding Corp. Common Stock,NYSE,0,,nasdaqtrader
USFE,First Eagle US Equity ETF,NYSE Arca,1,,nasdaqtrader
USFI,BrandywineGLOBAL - U.S. Fixed Income ETF,Nasdaq,1,,nasdaqtrader
USFR,WisdomTree Floating Rate Treasury Fund,NYSE Arca,1,,nasdaqtrader
USG,USCF Gold Strategy Plus Income Fund,NYSE Arca,1,,nasdaqtrader
USGG,Leverage Shares 2X Long USAR Daily ETF,Nasdaq,1,,nasdaqtrader
USGO,U.S. GoldMining Inc. - Common stock,Nasdaq,0,,nasdaqtrader
USGX,Corgi U.S. Growth 2x Daily ETF,Cboe BZX,1,,nasdaqtrader
USHY,iShares Broad USD High Yield Corporate Bond ETF,Cboe BZX,1,,nasdaqtrader
USIG,iShares Broad USD Investment Grade Corporate Bond ETF,Nasdaq,1,,nasdaqtrader
USIN,WisdomTree 7-10 Year Laddered Treasury Fund,Nasdaq,1,,nasdaqtrader
USIO,"Usio, Inc. - Common Stock",Nasdaq,0,,nasdaqtrader
USL,United States 12 Month Oil,NYSE Arca,1,,nasdaqtrader
USLM,"United States Lime & Minerals, Inc. - Common Stock",Nasdaq,0,,nasdaqtrader
USLN,iShares Broad USD Floating Rate Loan ETF,Cboe BZX,1,,nasdaqtrader
USLV,Direxion Daily Silver Bull 2X ETF,NYSE Arca,1,,nasdaqtrader
USLX,Corgi U.S. Large-Cap 2x Daily ETF,Cboe BZX,1,,nasdaqtrader
USMC,Principal U.S. Mega-Cap ETF,Nasdaq,1,,nasdaqtrader
USMD,CoreValues America First Technology ETF,NYSE Arca,1,,nasdaqtrader
USMF,WisdomTree U.S. Multifactor Fund,Cboe BZX,1,,nasdaqtrader
USMV,iShares MSCI USA Min Vol Factor ETF,Cboe BZX,1,,nasdaqtrader
USMX,Corgi U.S. Mid-Cap 2x Daily ETF,Cboe BZX,1,,nasdaqtrader
USNA,"USANA Health Sciences, Inc. Common Stock",NYSE,0,,nasdaqtrader
USNG,Amplify Samsung U.S. Natural Gas Infrastructure ETF,NYSE Arca,1,,nasdaqtrader
USNZ,Xtrackers Net Zero Pathway Paris Aligned US Equity ETF,NYSE Arca,1,,nasdaqtrader
USO,United States Oil Fund,NYSE Arca,1,,nasdaqtrader
USOI,"ETRACS Crude Oil Shares Covered Call ETNs due April 24, 2037",Nasdaq,1,,nasdaqtrader
USOY,Defiance Oil Enhanced Options Income ETF,Nasdaq,1,,nasdaqtrader
USPH,"U.S. Physical Therapy, Inc. Common Stock",NYSE,0,,nasdaqtrader
USPX,Franklin U.S. Equity Index ETF,NYSE Arca,1,,nasdaqtrader
USRT,iShares Core U.S. REIT ETF,NYSE Arca,1,,nasdaqtrader
USSE,Segall Bryant & Hamill Trust Segall Bryant & Hamill Select Equity ETF,NYSE Arca,1,,nasdaqtrader
USSG,Xtrackers MSCI USA Selection Equity ETF,NYSE Arca,1,,nasdaqtrader
USSH,WisdomTree 1-3 Year Laddered Treasury Fund,Nasdaq,1,,nasdaqtrader
USSX,Corgi U.S. Small-Cap 2x Daily ETF,Cboe BZX,1,,nasdaqtrader
UST,ProShares Ultra 7-10 Year Treasury,NYSE Arca,1,,nasdaqtrader
USTB,VictoryShares Short-Term Bond ETF,Nasdaq,1,,nasdaqtrader
USVM,VictoryShares US Small Mid Cap Value Momentum ETF,Nasdaq,1,,nasdaqtrader
USVN,US Treasury 7 Year Note ETF,Nasdaq,1,,nasdaqtrader
USX,Corgi Total U.S. Market 2x Daily ETF,Cboe BZX,1,,nasdaqtrader
USXF,iShares ESG Advanced MSCI USA ETF,Nasdaq,1,,nasdaqtrader
UTEN,US Treasury 10 Year Note ETF,Nasdaq,1,,nasdaqtrader
UTES,Virtus Reaves Utilities ETF,NYSE Arca,1,,nasdaqtrader
UTF,"Cohen & Steers Infrastructure Fund, Inc Common Stock",NYSE,0,,nasdaqtrader
UTG,Reaves Utility Income Fund Common Shares of Beneficial Interest,NYSE American,0,,nasdaqtrader
UTHR,United Therapeutics Corporation - Common Stock,Nasdaq,0,,nasdaqtrader
UTHY,US Treasury 30 Year Bond ETF,Nasdaq,1,,nasdaqtrader
UTI,Universal Technical Institute Inc Common Stock,NYSE,0,,nasdaqtrader
UTL,UNITIL Corporation Common Stock,NYSE,0,,nasdaqtrader
UTMD,"Utah Medical Products, Inc. - Common Stock",Nasdaq,0,,nasdaqtrader
UTRE,US Treasury 3 Year Note ETF,Nasdaq,1,,nasdaqtrader
UTSI,UTStarcom Holdings Corp - Ordinary Shares,Nasdaq,0,,nasdaqtrader
UTSL,Direxion Daily Utilities Bull 3X ETF,NYSE Arca,1,,nasdaqtrader
UTWO,US Treasury 2 Year Note ETF,Nasdaq,1,,nasdaqtrader
UTWY,US Treasury 20 Year Bond ETF,Nasdaq,1,,nasdaqtrader
UTZ,Utz Brands Inc Class A Common Stock,NYSE,0,,nasdaqtrader
UUP,Invesco DB USD Index Bullish Fund ETF,NYSE Arca,1,,nasdaqtrader
UUPP,Principal CLO ETF,Cboe BZX,1,,nasdaqtrader
UUU,"Universal Safety Products, Inc. Common Stock",NYSE American,0,,nasdaqtrader
UUUC,Corgi UUUU 2x Daily ETF,Cboe BZX,1,,nasdaqtrader
UUUG,Leverage Shares 2X Long UUUU Daily ETF,Nasdaq,1,,nasdaqtrader
UUUU,Energy Fuels Inc Ordinary Shares (Canada),NYSE American,0,,nasdaqtrader
UVE,UNIVERSAL INSURANCE HOLDINGS INC Common Stock,NYSE,0,,nasdaqtrader
UVIX,2x Long VIX Futures ETF,Cboe BZX,1,,nasdaqtrader
UVSP,Univest Financial Corporation - Common Stock,Nasdaq,0,,nasdaqtrader
UVV,Universal Corporation Common Stock,NYSE,0,,nasdaqtrader
UVXY,ProShares Ultra VIX Short Term Futures ETF,Cboe BZX,1,,nasdaqtrader
UWM,ProShares Ultra Russell2000,NYSE Arca,1,,nasdaqtrader
UWMC,UWM Holdings Corporation Class A Common Stock,NYSE,0,,nasdaqtrader
UWMC.V,"UWM Holdings Corporation Rights (November 12, 2026) Rights when issued",NYSE,0,,nasdaqtrader
UX,Roundhill Uranium ETF,Cboe BZX,1,,nasdaqtrader
UXAP,FT Vest U.S. Equity Uncapped Accelerator ETF - April,Cboe BZX,1,,nasdaqtrader
UXI,ProShares Ultra Industrials,NYSE Arca,1,,nasdaqtrader
UXIN,Uxin Limited - American Depositary Shares,Nasdaq,0,,nasdaqtrader
UXJA,FT Vest U.S. Equity Uncapped Accelerator ETF - January,Cboe BZX,1,,nasdaqtrader
UXJL,FT Vest U.S. Equity Uncapped Accelerator ETF - July,Cboe BZX,1,,nasdaqtrader
UXOC,FT Vest U.S. Equity Uncapped Accelerator ETF - October,Cboe BZX,1,,nasdaqtrader
UXRP,ProShares Ultra XRP ETF,NYSE Arca,1,,nasdaqtrader
UYG,ProShares Ultra Financials,NYSE Arca,1,,nasdaqtrader
UYLD,Angel Oak UltraShort Income ETF,Nasdaq,1,,nasdaqtrader
UYM,ProShares Ultra Materials,NYSE Arca,1,,nasdaqtrader
UYSC,UY Scuti Acquisition Corp. - Ordinary Shares,Nasdaq,0,,nasdaqtrader
UYSCR,UY Scuti Acquisition Corp. - Rights,Nasdaq,0,,nasdaqtrader
UYSCU,UY Scuti Acquisition Corp. - Units,Nasdaq,0,,nasdaqtrader
UZD,"Array Digital Infrastructure, Inc. 6.250% Senior Notes due 2069",NYSE,0,,nasdaqtrader
UZE,"Array Digital Infrastructure, Inc. 5.500% Senior Notes due 2070",NYSE,0,,nasdaqtrader
UZF,"Array Digital Infrastructure, Inc. 5.500% Senior Notes due 2070",NYSE,0,,nasdaqtrader
UZX,Linkage Global Inc - Class A Ordinary Shares,Nasdaq,0,,nasdaqtrader
V,Visa Inc.,NYSE,0,,nasdaqtrader
VABK,Virginia National Bankshares Corporation - Common Stock,Nasdaq,0,,nasdaqtrader
VABS,Virtus Newfleet ABS/MBS ETF,NYSE Arca,1,,nasdaqtrader
VAC,Marriott Vacations Worldwide Corporation Common Stock,NYSE,0,,nasdaqtrader
VAI,Valor Energy Incorporated - Common Stock,Nasdaq,0,,nasdaqtrader
VAIC,VegaShares US Equity Autocallable Conservative Income ETF,NYSE Arca,1,,nasdaqtrader
VAIE,VegaShares US Equity Autocallable Income ETF,NYSE Arca,1,,nasdaqtrader
VAL,Valaris Limited Common Shares,NYSE,0,,nasdaqtrader
VAL.W,Valaris Limited Warrants,NYSE,0,,nasdaqtrader
VALE,VALE S.A.  American Depositary Shares Each Representing one common share,NYSE,0,,nasdaqtrader
VALG,Leverage Shares 2X Long VALE Daily ETF,Nasdaq,1,,nasdaqtrader
VALN,Valneva SE - American Depositary Shares,Nasdaq,0,,nasdaqtrader
VALQ,American Century U.S. Quality Value ETF,NYSE Arca,1,,nasdaqtrader
VALU,"Value Line, Inc. - Common Stock",Nasdaq,0,,nasdaqtrader
VAMO,Cambria Value and Momentum ETF,Cboe BZX,1,,nasdaqtrader
VANI,"Vivani Medical, Inc.  - Common Stock",Nasdaq,0,,nasdaqtrader
VATE,INNOVATE Corp. Common Stock,NYSE,0,,nasdaqtrader
VAVX,VanEck Avalanche ETF,Nasdaq,1,,nasdaqtrader
VAW,Vanguard Materials ETF,NYSE Arca,1,,nasdaqtrader
VB,Vanguard Morningstar Small-Cap ETF,NYSE Arca,1,,nasdaqtrader
VBCA,Vanguard Target Maturity 2027 Corporate Bond ETF,Nasdaq,1,,nasdaqtrader
VBCB,Vanguard Target Maturity 2028 Corporate Bond ETF,Nasdaq,1,,nasdaqtrader
VBCC,Vanguard Target Maturity 2029 Corporate Bond ETF,Nasdaq,1,,nasdaqtrader
VBCD,Vanguard Target Maturity 2030 Corporate Bond ETF,Nasdaq,1,,nasdaqtrader
VBCE,Vanguard Target Maturity 2031 Corporate Bond ETF,Nasdaq,1,,nasdaqtrader
VBCF,Vanguard Target Maturity 2032 Corporate Bond ETF,Nasdaq,1,,nasdaqtrader
VBCG,Vanguard Target Maturity 2033 Corporate Bond ETF,Nasdaq,1,,nasdaqtrader
VBCH,Vanguard Target Maturity 2034 Corporate Bond ETF,Nasdaq,1,,nasdaqtrader
VBCI,Vanguard Target Maturity 2035 Corporate Bond ETF,Nasdaq,1,,nasdaqtrader
VBCJ,Vanguard Target Maturity 2036 Corporate Bond ETF,Nasdaq,1,,nasdaqtrader
VBF,Invesco Bond Fund Common Stock,NYSE,0,,nasdaqtrader
VBIL,Vanguard 0-3 Month Treasury Bill ETF,Nasdaq,1,,nasdaqtrader
VBIO,"Valion Bio, Inc. - Common stock",Nasdaq,0,,nasdaqtrader
VBK,Vanguard Morningstar Small-Cap Growth ETF,NYSE Arca,1,,nasdaqtrader
VBNB,VanEck BNB ETF,Nasdaq,1,,nasdaqtrader
VBND,Vident U.S. Bond Strategy ETF,NYSE Arca,1,,nasdaqtrader
VBNK,VersaBank - Common Shares,Nasdaq,0,,nasdaqtrader
VBR,Vanguard Morningstar Small-Cap Value ETF,NYSE Arca,1,,nasdaqtrader
VC,Visteon Corporation - Common Stock,Nasdaq,0,,nasdaqtrader
VCEB,Vanguard ESG U.S. Corporate Bond ETF,Cboe BZX,1,,nasdaqtrader
VCEL,Vericel Corporation - Common Stock,Nasdaq,0,,nasdaqtrader
VCHY,Vanguard U.S. High-Yield Corporate Bond Index ETF,Cboe BZX,1,,nasdaqtrader
VCIG,VCI Global Limited - Ordinary Share,Nasdaq,0,,nasdaqtrader
VCIT,Vanguard Intermediate-Term Corporate Bond ETF,Nasdaq,1,,nasdaqtrader
VCLN,Virtus Duff & Phelps Clean Energy ETF,NYSE Arca,1,,nasdaqtrader
VCLT,Vanguard Long-Term Corporate Bond ETF,Nasdaq,1,,nasdaqtrader
VCOB,Voya Core Bond ETF,NYSE Arca,1,,nasdaqtrader
VCR,Vanguard Consumer Discretion ETF,NYSE Arca,1,,nasdaqtrader
VCRB,Vanguard Core Bond ETF,Nasdaq,1,,nasdaqtrader
VCRE,Vicore Pharma Holding AB - American Depositary Shares,Nasdaq,0,,nasdaqtrader
VCRM,Vanguard Core Tax-Exempt Bond ETF,Cboe BZX,1,,nasdaqtrader
VCSH,Vanguard Short-Term Corporate Bond ETF,Nasdaq,1,,nasdaqtrader
VCTR,"Victory Capital Holdings, Inc. - Common Stock",Nasdaq,0,,nasdaqtrader
VCV,Invesco California Value Municipal Income Trust Common Stock,NYSE,0,,nasdaqtrader
VCX,"Fundrise Innovation Fund, LLC Common Shares of Limited Liability Company Interests",NYSE,0,,nasdaqtrader
VCYT,"Veracyte, Inc. - Common Stock",Nasdaq,0,,nasdaqtrader
VDC,Vanguard Consumer Staples ETF,NYSE Arca,1,,nasdaqtrader
VDE,Vanguard Energy ETF,NYSE Arca,1,,nasdaqtrader
VDG,Vanguard Developed Markets ex-US Growth Index ETF,Cboe BZX,1,,nasdaqtrader
VDI,Virtus International Dividend ETF,NYSE Arca,1,,nasdaqtrader
VDIG,Vanguard Wellington Dividend Growth Active ETF,Cboe BZX,1,,nasdaqtrader
VDV,Vanguard Developed Markets ex-US Value Index ETF,Cboe BZX,1,,nasdaqtrader
VEA,Vanguard FTSE Developed Markets ETF,NYSE Arca,1,,nasdaqtrader
VECA,Vernal Capital Acquisition Corp. Ordinary Shares,NYSE,0,,nasdaqtrader
VECA.R,"Vernal Capital Acquisition Corp. Rights, each right entitling the holder to receive one-fourth (1/4) of one Ordinary Share",NYSE,0,,nasdaqtrader
VECA.U,"Vernal Capital Acquisition Corp. Units, each consisting of one ordinary share and one right",NYSE,0,,nasdaqtrader
VECO,Veeco Instruments Inc. - Common Stock,Nasdaq,0,,nasdaqtrader
VEEA,Veea Inc. - Common Stock,Nasdaq,0,,nasdaqtrader
VEEAW,Veea Inc. - Warrant,Nasdaq,0,,nasdaqtrader
VEEE,Twin Vee PowerCats Co. - Common Stock,Nasdaq,0,,nasdaqtrader
VEEM,VanEck MSCI EM Analyst Sentiment ETF,Nasdaq,1,,nasdaqtrader
VEEV,Veeva Systems Inc. Class A Common Stock,NYSE,0,,nasdaqtrader
VEFA,VanEck MSCI EAFE Analyst Sentiment ETF,Nasdaq,1,,nasdaqtrader
VEGA,AdvisorShares STAR Global Buy-Write ETF,NYSE Arca,1,,nasdaqtrader
VEGI,iShares MSCI Agriculture Producers ETF,NYSE Arca,1,,nasdaqtrader
VEGN,US Vegan Climate ETF,Cboe BZX,1,,nasdaqtrader
VEGX,International Vegan Climate ETF,Cboe BZX,1,,nasdaqtrader
VEL,"Velocity Financial, Inc. Common Stock",NYSE,0,,nasdaqtrader
VELL,Defiance Daily Target 2X Long VELO ETF,Cboe BZX,1,,nasdaqtrader
VELO,"Velo3D, Inc. - Common stock",Nasdaq,0,,nasdaqtrader
VEM,Virtus Emerging Markets Dividend ETF,NYSE Arca,1,,nasdaqtrader
VEMY,Virtus Stone Harbor Emerging Markets High Yield Bond ETF,NYSE Arca,1,,nasdaqtrader
VENU,Venu Holding Corporation Common Stock,NYSE American,0,,nasdaqtrader
VEON,VEON Ltd. - American Depositary Shares,Nasdaq,0,,nasdaqtrader
VERA,"Vera Therapeutics, Inc. - Class A Common Stock",Nasdaq,0,,nasdaqtrader
VERI,"Veritone, Inc. - Common Stock",Nasdaq,0,,nasdaqtrader
VERS,ProShares Metaverse ETF,NYSE Arca,1,,nasdaqtrader
VERU,Veru Inc. - Common Stock,Nasdaq,0,,nasdaqtrader
VERX,"Vertex, Inc. - Class A Common Stock",Nasdaq,0,,nasdaqtrader
VET,Vermilion Energy Inc. Common (Canada),NYSE,0,,nasdaqtrader
VETZ,Academy Veteran Bond ETF,NYSE Arca,1,,nasdaqtrader
VEU,Vanguard FTSE All World Ex US ETF,NYSE Arca,1,,nasdaqtrader
VEXC,Vanguard Emerging Markets Ex-China ETF,NYSE Arca,1,,nasdaqtrader
VFC,V.F. Corporation Common Stock,NYSE,0,,nasdaqtrader
VFF,"Village Farms International, Inc. - Common Shares",Nasdaq,0,,nasdaqtrader
VFH,Vanguard Financials ETF,NYSE Arca,1,,nasdaqtrader
VFLO,VictoryShares Free Cash Flow ETF,Nasdaq,1,,nasdaqtrader
VFMF,Vanguard U.S. Multifactor ETF,Cboe BZX,1,,nasdaqtrader
VFMO,Vanguard U.S. Momentum Factor ETF,Cboe BZX,1,,nasdaqtrader
VFMV,Vanguard U.S. Minimum Volatility ETF,Cboe BZX,1,,nasdaqtrader
VFQY,Vanguard U.S. Quality Factor ETF,Cboe BZX,1,,nasdaqtrader
VFS,VinFast Auto Ltd. - Ordinary Shares,Nasdaq,0,,nasdaqtrader
VFSWW,VinFast Auto Ltd. - Warrant,Nasdaq,0,,nasdaqtrader
VFVA,Vanguard U.S. Value Factor ETF,Cboe BZX,1,,nasdaqtrader
VG,"Venture Global, Inc. Class A common stock",NYSE,0,,nasdaqtrader
VGAS,"Verde Clean Fuels, Inc. - Class A Common Stock",Nasdaq,0,,nasdaqtrader
VGASW,"Verde Clean Fuels, Inc. - Warrant",Nasdaq,0,,nasdaqtrader
VGHY,Vanguard High-Yield Active ETF,Cboe BZX,1,,nasdaqtrader
VGI,Virtus Global Multi-Sector Income Fund Common Shares of Beneficial Interest,NYSE,0,,nasdaqtrader
VGIT,Vanguard Intermediate-Term Treasury ETF,Nasdaq,1,,nasdaqtrader
VGK,Vanguard FTSEEuropean ETF,NYSE Arca,1,,nasdaqtrader
VGLT,Vanguard Long-Term Treasury ETF,Nasdaq,1,,nasdaqtrader
VGM,Invesco Trust for Investment Grade Municipals Common Stock (DE),NYSE,0,,nasdaqtrader
VGMS,Vanguard Multi-Sector Income Bond ETF,Cboe BZX,1,,nasdaqtrader
VGNT,Versigent PLC Ordinary Shares,NYSE,0,,nasdaqtrader
VGRO,Virtus Silvant Growth Opportunities ETF,NYSE Arca,1,,nasdaqtrader
VGSH,Vanguard Short-Term Treasury ETF,Nasdaq,1,,nasdaqtrader
VGSR,Vert Global Sustainable Real Estate ETF,Nasdaq,1,,nasdaqtrader
VGT,Vanguard Information Tech ETF,NYSE Arca,1,,nasdaqtrader
VGUS,Vanguard Ultra-Short Treasury ETF,Nasdaq,1,,nasdaqtrader
VGVT,Vanguard Government Securities Active ETF,NYSE Arca,1,,nasdaqtrader
VGZ,Vista Gold Corp Common Stock,NYSE American,0,,nasdaqtrader
VHC,VirnetX Holding Corp - Common Stock,Nasdaq,0,,nasdaqtrader
VHCP,Vine Hill Capital Investment Corp. II - Class A Ordinary Shares,Nasdaq,0,,nasdaqtrader
VHCPU,Vine Hill Capital Investment Corp. II - Units,Nasdaq,0,,nasdaqtrader
VHCPW,Vine Hill Capital Investment Corp. II - Warrants,Nasdaq,0,,nasdaqtrader
VHI,"Valhi, Inc. Common Stock",NYSE,0,,nasdaqtrader
VHT,Vanguard Health Care ETF,NYSE Arca,1,,nasdaqtrader
VHUB,"VenHub Global, Inc. - Common Stock",Nasdaq,0,,nasdaqtrader
VIA,"Via Transportation, Inc. Class A Common Stock",NYSE,0,,nasdaqtrader
VIAG,Leverage Shares 2X Long VIAV Daily ETF,Cboe BZX,1,,nasdaqtrader
VIAV,Viavi Solutions Inc. - Common Stock,Nasdaq,0,,nasdaqtrader
VICI,VICI Properties Inc. Common Stock,NYSE,0,,nasdaqtrader
VICR,Vicor Corporation - Common Stock,Nasdaq,0,,nasdaqtrader
VIDA,VIDA Global Inc. Class A Common Stock,NYSE American,0,,nasdaqtrader
VIDI,Vident International Equity Strategy ETF,NYSE Arca,1,,nasdaqtrader
VIG,Vanguard Div Appreciation ETF,NYSE Arca,1,,nasdaqtrader
VIGI,Vanguard International Dividend Appreciation ETF,Nasdaq,1,,nasdaqtrader
VII,Viking Acquisition Corp. II Class A Ordinary Shares,NYSE,0,,nasdaqtrader
VII.U,"Viking Acquisition Corp. II Units, each consisting of one Class A ordinary share and one-third of one Warrant",NYSE,0,,nasdaqtrader
VII.W,Viking Acquisition Corp. II Warrants to purchase one Class A Ordinary Share,NYSE,0,,nasdaqtrader
VIK,Viking Holdings Ltd Ordinary Shares,NYSE,0,,nasdaqtrader
VINP,Vinci Compass Investments Ltd. - Class A Common Shares,Nasdaq,0,,nasdaqtrader
VIOG,Vanguard S&P Small-Cap 600 Growth ETF,NYSE Arca,1,,nasdaqtrader
VIOO,Vanguard S&P Small-Cap 600 ETF,NYSE Arca,1,,nasdaqtrader
VIOT,"Viomi Technology Co., Ltd - American Depositary Shares",Nasdaq,0,,nasdaqtrader
VIOV,Vanguard S&P Small-Cap 600 Value ETF,NYSE Arca,1,,nasdaqtrader
VIP,Vulcan Infrastructure and Power Inc. - Class A Common Stock,Nasdaq,0,,nasdaqtrader
VIPS,"Vipshop Holdings Limited American Depositary Shares, each representing two ordinary shares",NYSE,0,,nasdaqtrader
VIR,"Vir Biotechnology, Inc. - Common Stock",Nasdaq,0,,nasdaqtrader
VIRC,Virco Manufacturing Corporation - Common Stock,Nasdaq,0,,nasdaqtrader
VIRT,"Virtu Financial, Inc. Class A Common Stock",NYSE,0,,nasdaqtrader
VIS,Vanguard Industrials ETF,NYSE Arca,1,,nasdaqtrader
VISN,"Vistance Networks, Inc.  - Common Stock",Nasdaq,0,,nasdaqtrader
VIST,"Vista Energy S.A.B. de C.V. American Depositary Shares, each representing one series A share, with no par value",NYSE,0,,nasdaqtrader
VITL,"Vital Farms, Inc. - Common Stock",Nasdaq,0,,nasdaqtrader
VIV,Telefonica Brasil S.A. American Depositary Shares (Each representing One Common Share),NYSE,0,,nasdaqtrader
VIVK,"Vivakor, Inc. - Common Stock",Nasdaq,0,,nasdaqtrader
VIVO,VivoPower PLC - Class A Ordinary Shares,Nasdaq,0,,nasdaqtrader
VIVS,"VivoSim Labs, Inc. - Common Stock",Nasdaq,0,,nasdaqtrader
VIXM,VIX Mid-Term Futures ETF,Cboe BZX,1,,nasdaqtrader
VIXY,VIX Short-Term Futures ETF,Cboe BZX,1,,nasdaqtrader
VKI,Invesco Advantage Municipal Income Trust II Common Shares of Beneficial Interest (DE),NYSE American,0,,nasdaqtrader
VKQ,Invesco Municipal Trust Common Stock,NYSE,0,,nasdaqtrader
VKTX,"Viking Therapeutics, Inc. - Common Stock",Nasdaq,0,,nasdaqtrader
VLGEA,"Village Super Market, Inc. - Class A Common Stock",Nasdaq,0,,nasdaqtrader
VLN,Valens Semiconductor Ltd. Ordinary Shares,NYSE,0,,nasdaqtrader
VLO,Valero Energy Corporation Common Stock,NYSE,0,,nasdaqtrader
VLOS,Velos Acquisition I Corp. - Class A Ordinary shares,Nasdaq,0,,nasdaqtrader
VLOSU,Velos Acquisition I Corp. - Units,Nasdaq,0,,nasdaqtrader
VLOSW,Velos Acquisition I Corp. - Warrant,Nasdaq,0,,nasdaqtrader
VLRS,"Controladora Vuela Compania de Aviacion, S.A.B. de C.V. American Depositary Shares, each representing ten (10) Ordinary Participation Certificates",NYSE,0,,nasdaqtrader
VLT,Invesco High Income Trust II,NYSE,0,,nasdaqtrader
VLTO,Veralto Corp Common Stock,NYSE,0,,nasdaqtrader
VLU,State Street SPDR S&P 1500 Value Tilt ETF,NYSE Arca,1,,nasdaqtrader
VLUE,iShares MSCI USA Value Factor ETF,Cboe BZX,1,,nasdaqtrader
VLY,Valley National Bancorp - Common Stock,Nasdaq,0,,nasdaqtrader
VLYPN,"Valley National Bancorp - 8.250% Fixed-Rate Reset Non-Cumulative Perpetual Preferred Stock, Series C",Nasdaq,0,,nasdaqtrader
VLYPO,Valley National Bancorp - 5.5% Fixed to Floating Rate Series B Non-Cumulative Perpetual Preferred Stock,Nasdaq,0,,nasdaqtrader
VLYPP,Valley National Bancorp - 6.25% Fixed-to-Floating Rate Series A Non-Cumulative Perpetual Preferred Stock,Nasdaq,0,,nasdaqtrader
VMAR,Vision Marine Technologies Inc. - Common Shares,Nasdaq,0,,nasdaqtrader
VMAX,Hartford US Value ETF,Cboe BZX,1,,nasdaqtrader
VMBS,Vanguard Mortgage-Backed Securities ETF,Nasdaq,1,,nasdaqtrader
VMC,Vulcan Materials Company (Holding Company) Common Stock,NYSE,0,,nasdaqtrader
VMD,"Viemed Healthcare, Inc. - Common Shares",Nasdaq,0,,nasdaqtrader
VMET,Versamet Royalties Corporation - Common Stock,Nasdaq,0,,nasdaqtrader
VMHY,VictoryShares Municipal High Yield ETF,Nasdaq,1,,nasdaqtrader
VMI,"Valmont Industries, Inc. Common Stock",NYSE,0,,nasdaqtrader
VMO,Invesco Municipal Opportunity Trust Common Stock,NYSE,0,,nasdaqtrader
VMRK,Vivmark Residential Common Shares of Beneficial Interest,NYSE,0,,nasdaqtrader
VMSB,Voya Multi-Sector Income ETF,NYSE Arca,1,,nasdaqtrader
VMSD,VictoryShares Short-Duration Municipal ETF,Nasdaq,1,,nasdaqtrader
VNAM,Global X MSCI Vietnam ETF,NYSE Arca,1,,nasdaqtrader
VNCE,Vince Holding Corp. - Common Stock,Nasdaq,0,,nasdaqtrader
VNDA,Vanda Pharmaceuticals Inc. - Common Stock,Nasdaq,0,,nasdaqtrader
VNET,"VNET Group, Inc. - American Depositary Shares",Nasdaq,0,,nasdaqtrader
VNIE,Vontobel International Equity Active ETF,NYSE Arca,1,,nasdaqtrader
VNLA,Janus Henderson Short Duration Income ETF,NYSE Arca,1,,nasdaqtrader
VNM,VanEck Vietnam ETF,Cboe BZX,1,,nasdaqtrader
VNME,Vendome Acquisition Corporation I - Class A Ordinary Shares,Nasdaq,0,,nasdaqtrader
VNMEU,Vendome Acquisition Corporation I - Unit,Nasdaq,0,,nasdaqtrader
VNMEW,Vendome Acquisition Corporation I - Warrant,Nasdaq,0,,nasdaqtrader
VNO,Vornado Realty Trust Common Stock,NYSE,0,,nasdaqtrader
VNOM,"Viper Energy, Inc.  - Class A Common Stock",Nasdaq,0,,nasdaqtrader
VNQ,Vanguard Real Estate ETF,NYSE Arca,1,,nasdaqtrader
VNQI,Vanguard Global ex-U.S. Real Estate ETF,Nasdaq,1,,nasdaqtrader
VNRX,VolitionRX Limited Common Stock,NYSE American,0,,nasdaqtrader
VNSE,Natixis Vaughan Nelson Select ETF,NYSE Arca,1,,nasdaqtrader
VNT,Vontier Corporation Common Stock,NYSE,0,,nasdaqtrader
VNTG,Vantage Corp Class A Ordinary Shares,NYSE American,0,,nasdaqtrader
VO,Vanguard Morningstar Mid-Cap ETF,NYSE Arca,1,,nasdaqtrader
VOC,VOC Energy Trust Units of Beneficial Interest,NYSE,0,,nasdaqtrader
VOD,Vodafone Group Plc - American Depositary Shares each representing ten Ordinary Shares,Nasdaq,0,,nasdaqtrader
VOE,Vanguard Morningstar Mid-Cap Value ETF,NYSE Arca,1,,nasdaqtrader
VOGX,Vogenx Inc - Common Stock,Nasdaq,0,,nasdaqtrader
VOLT,Tema Electrification ETF,Nasdaq,1,,nasdaqtrader
VONE,Vanguard Russell 1000 ETF,Nasdaq,1,,nasdaqtrader
VONG,Vanguard Russell 1000 Growth ETF,Nasdaq,1,,nasdaqtrader
VONV,Vanguard Russell 1000 Value ETF,Nasdaq,1,,nasdaqtrader
VOO,Vanguard S&P 500 ETF,NYSE Arca,1,,nasdaqtrader
VOOB,VistaShares Shield S&P 500 Enhanced Protection ETF,Nasdaq,1,,nasdaqtrader
VOOG,Vanguard S&P 500 Growth ETF,NYSE Arca,1,,nasdaqtrader
VOOV,Vanguard S&P 500 Value ETF,NYSE Arca,1,,nasdaqtrader
VOOY,XFUNDS Large Cap Income ETF,NYSE Arca,1,,nasdaqtrader
VOR,Vor Biopharma Inc. - Common Stock,Nasdaq,0,,nasdaqtrader
VOT,Vanguard Morningstar Mid-Cap Growth ETF,NYSE Arca,1,,nasdaqtrader
VOTE,TCW Transform 500 ETF,Nasdaq,1,,nasdaqtrader
VOX,Vanguard Communication Services  ETF,NYSE Arca,1,,nasdaqtrader
VOXP,Vox Populi ETF,Cboe BZX,1,,nasdaqtrader
VOXR,Vox Royalty Corp. - common stock,Nasdaq,0,,nasdaqtrader
VOYA,"Voya Financial, Inc. Common Stock",NYSE,0,,nasdaqtrader
VOYG,"Voyager Technologies, Inc. Class A Common Stock",NYSE,0,,nasdaqtrader
VPC,Virtus Private Credit Strategy ETF,NYSE Arca,1,,nasdaqtrader
VPFF,Virtus InfraCap Preferred and Income Securities ETF,NYSE Arca,1,,nasdaqtrader
VPG,"Vishay Precision Group, Inc. Common Stock",NYSE,0,,nasdaqtrader
VPL,Vanguard FTSE Pacific ETF,NYSE Arca,1,,nasdaqtrader
VPLS,Vanguard Core Plus Bond ETF,Nasdaq,1,,nasdaqtrader
VPU,Vanguard Utilities ETF,NYSE Arca,1,,nasdaqtrader
VPV,Invesco Pennsylvania Value Municipal Income Trust Common Stock (DE),NYSE,0,,nasdaqtrader
VPX,Variant Perception Cycle Aware US Equity ETF,NYSE Arca,1,,nasdaqtrader
VRA,"Vera Bradley, Inc. - Common Stock",Nasdaq,0,,nasdaqtrader
VRAI,Virtus Real Asset Income ETF,NYSE Arca,1,,nasdaqtrader
VRAX,Virax Biolabs Group Limited - Ordinary Shares,Nasdaq,0,,nasdaqtrader
VRC,Corgi VRT 2x Daily ETF,Cboe BZX,1,,nasdaqtrader
VRCA,Verrica Pharmaceuticals Inc. - Common Stock,Nasdaq,0,,nasdaqtrader
VRDN,"Viridian Therapeutics, Inc.  - Common Stock",Nasdaq,0,,nasdaqtrader
VREX,Varex Imaging Corporation - Common Stock,Nasdaq,0,,nasdaqtrader
VRIG,Invesco Variable Rate Investment Grade ETF,Nasdaq,1,,nasdaqtrader
VRM,"Vroom, Inc. - Common Stock",Nasdaq,0,,nasdaqtrader
VRNS,"Varonis Systems, Inc. - Common Stock",Nasdaq,0,,nasdaqtrader
VRP,Invesco Variable Rate Preferred ETF,NYSE Arca,1,,nasdaqtrader
VRRM,Verra Mobility Corporation - Class A Common Stock,Nasdaq,0,,nasdaqtrader
VRSK,"Verisk Analytics, Inc. - Common Stock",Nasdaq,0,,nasdaqtrader
VRSN,"VeriSign, Inc. - Common Stock",Nasdaq,0,,nasdaqtrader
VRT,"Vertiv Holdings, LLC Class A Common Stock",NYSE,0,,nasdaqtrader
VRTL,GraniteShares 2x Long VRT Daily ETF,Nasdaq,1,,nasdaqtrader
VRTS,"Virtus Investment Partners, Inc. Common Stock",NYSE,0,,nasdaqtrader
VRTX,Vertex Pharmaceuticals Incorporated - Common Stock,Nasdaq,0,,nasdaqtrader
VRXA,Veraxa Biotech AG - Ordinary Shares,Nasdaq,0,,nasdaqtrader
VRXAW,Veraxa Biotech AG - Warrants,Nasdaq,0,,nasdaqtrader
VS,Versus Systems Inc. - Common Stock,Nasdaq,0,,nasdaqtrader
VSA,VisionSys AI Inc. - American Depositary Shares,Nasdaq,0,,nasdaqtrader
VSAT,"ViaSat, Inc. - Common Stock",Nasdaq,0,,nasdaqtrader
VSDA,VictoryShares Dividend Accelerator ETF,Nasdaq,1,,nasdaqtrader
VSDB,Vanguard Short Duration Bond ETF,Cboe BZX,1,,nasdaqtrader
VSDM,Vanguard Short Duration Tax-Exempt Bond ETF,Cboe BZX,1,,nasdaqtrader
VSEC,VSE Corporation - Common Stock,Nasdaq,0,,nasdaqtrader
VSECU,VSE Corporation - Tangible Equity Units,Nasdaq,0,,nasdaqtrader
VSGX,Vanguard ESG International Stock ETF,Cboe BZX,1,,nasdaqtrader
VSH,"Vishay Intertechnology, Inc. Common Stock",NYSE,0,,nasdaqtrader
VSHY,Virtus Newfleet Short Duration High Yield Bond ETF,NYSE Arca,1,,nasdaqtrader
VSLU,Applied Finance Valuation Large Cap ETF,NYSE Arca,1,,nasdaqtrader
VSME,VS Media Holdings Limited - Class A Ordinary Shares,Nasdaq,0,,nasdaqtrader
VSMV,VictoryShares US Multi-Factor Minimum Volatility ETF,Nasdaq,1,,nasdaqtrader
VSNT,"Versant Media Group, Inc. - Class A Common Stock",Nasdaq,0,,nasdaqtrader
VSOL,VanEck Solana ETF,Nasdaq,1,,nasdaqtrader
VSS,Vanguard FTSE All-Wld ex-US SmCp Idx ETF,NYSE Arca,1,,nasdaqtrader
VST,Vistra Corp. Common Stock,NYSE,0,,nasdaqtrader
VSTL,Defiance Daily Target 2X Long VST ETF,Nasdaq,1,,nasdaqtrader
VSTM,"Verastem, Inc. - Common Stock",Nasdaq,0,,nasdaqtrader
VSTS,Vestis Corporation Common Stock,NYSE,0,,nasdaqtrader
VSXY,Victorias Secret & Co. Common Stock,NYSE,0,,nasdaqtrader
VT,Vanguard Total World Stock Index ETF,NYSE Arca,1,,nasdaqtrader
VTAK,"Catheter Precision, Inc. Common Stock",NYSE American,0,,nasdaqtrader
VTC,Vanguard Total Corporate Bond ETF,Nasdaq,1,,nasdaqtrader
VTEB,Vanguard Tax-Exempt Bond ETF,NYSE Arca,1,,nasdaqtrader
VTEC,Vanguard California Tax-Exempt Bond ETF,Cboe BZX,1,,nasdaqtrader
VTEI,Vanguard Tax-Managed Funds Vanguard Intermediate-Term Tax-Exempt Bond ETF,Cboe BZX,1,,nasdaqtrader
VTEL,Vanguard Long-Term Tax-Exempt Bond ETF,Cboe BZX,1,,nasdaqtrader
VTES,Vanguard Wellington Fund Vanguard Short-Term Tax Exempt Bond ETF,NYSE Arca,1,,nasdaqtrader
VTEX,VTEX Class A Common Shares,NYSE,0,,nasdaqtrader
VTG,Vanguard Total Treasury ETF,NYSE Arca,1,,nasdaqtrader
VTGN,"Vistagen Therapeutics, Inc. - Common Stock",Nasdaq,0,,nasdaqtrader
VTHR,Vanguard Russell 3000 ETF,Nasdaq,1,,nasdaqtrader
VTI,Vanguard Morningstar Total Stock Market ETF,NYSE Arca,1,,nasdaqtrader
VTIP,Vanguard Short-Term Inflation-Protected Securities Index Fund ETF Shares,Nasdaq,1,,nasdaqtrader
VTIX,Virtuix Holdings Inc. - Class A Common Stock,Nasdaq,0,,nasdaqtrader
VTMX,"Corporacion Inmobiliaria Vesta, S.A.B de C.V. American Depositary Shares, each representing ten (10) Common Shares",NYSE,0,,nasdaqtrader
VTN,Invesco Trust for Investment Grade New York Municipals Common Stock,NYSE,0,,nasdaqtrader
VTOL,"Bristow Group, Inc. Common Stock",NYSE,0,,nasdaqtrader
VTP,Vanguard Total Inflation-Protected Securities ETF,NYSE Arca,1,,nasdaqtrader
VTR,"Ventas, Inc. Common Stock",NYSE,0,,nasdaqtrader
VTRS,Viatris Inc. - Common Stock,Nasdaq,0,,nasdaqtrader
VTS,"Vitesse Energy, Inc. Common Stock",NYSE,0,,nasdaqtrader
VTSI,"VirTra, Inc. - Common Stock",Nasdaq,0,,nasdaqtrader
VTV,Vanguard Morningstar Value ETF,NYSE Arca,1,,nasdaqtrader
VTVT,vTv Therapeutics Inc. - Class A Common Stock,Nasdaq,0,,nasdaqtrader
VTWG,Vanguard Russell 2000 Growth ETF,Nasdaq,1,,nasdaqtrader
VTWO,Vanguard Russell 2000 ETF,Nasdaq,1,,nasdaqtrader
VTWV,Vanguard Russell 2000 Value ETF,Nasdaq,1,,nasdaqtrader
VUG,Vanguard Morningstar Growth ETF,NYSE Arca,1,,nasdaqtrader
VUS,Virtus US Dividend ETF,NYSE Arca,1,,nasdaqtrader
VUSB,Vanguard Ultra-Short Bond ETF,Cboe BZX,1,,nasdaqtrader
VUSE,Vident U.S. Equity Strategy ETF,NYSE Arca,1,,nasdaqtrader
VUSG,Vanguard Wellington U.S. Growth Active ETF,Cboe BZX,1,,nasdaqtrader
VUSI,Voya Ultra Short Income ETF,NYSE Arca,1,,nasdaqtrader
VUSV,Vanguard Wellington U.S. Value Active ETF,Cboe BZX,1,,nasdaqtrader
VUZI,Vuzix Corporation  - Common Stock,Nasdaq,0,,nasdaqtrader
VV,Vanguard Morningstar Large-Cap ETF,NYSE Arca,1,,nasdaqtrader
VVOS,"Vivos Therapeutics, Inc. - Common Stock",Nasdaq,0,,nasdaqtrader
VVR,Invesco Senior Income Trust Common Stock (DE),NYSE,0,,nasdaqtrader
VVV,Valvoline Inc. Common Stock,NYSE,0,,nasdaqtrader
VVX,"V2X, Inc. Common Stock",NYSE,0,,nasdaqtrader
VWAV,"VisionWave Holdings, Inc. - Common Stock",Nasdaq,0,,nasdaqtrader
VWAVW,"VisionWave Holdings, Inc. - Warrant",Nasdaq,0,,nasdaqtrader
VWO,Vanguard FTSE Emerging Markets ETF,NYSE Arca,1,,nasdaqtrader
VWOB,Vanguard Emerging Markets Government Bond ETF,Nasdaq,1,,nasdaqtrader
VXF,Vanguard Extended Market ETF,NYSE Arca,1,,nasdaqtrader
VXUS,Vanguard Total International Stock ETF,Nasdaq,1,,nasdaqtrader
VXX,iPath Series B S&P 500 VIX Short-Term Futures ETN,Cboe BZX,0,,nasdaqtrader
VXZ,iPath Series B S&P 500 VIX Mid-Term Futures ETN,Cboe BZX,0,,nasdaqtrader
VYGR,"Voyager Therapeutics, Inc. - Common Stock",Nasdaq,0,,nasdaqtrader
VYLD,"Inverse VIX Short-Term Futures ETNs due March 22, 2045",NYSE Arca,1,,nasdaqtrader
VYLR,Vylor Inc. Common Stock,NYSE,0,,nasdaqtrader
VYM,Vanguard High Dividend Yield ETF,NYSE Arca,1,,nasdaqtrader
VYMI,Vanguard International High Dividend Yield ETF,Nasdaq,1,,nasdaqtrader
VYX,NCR Voyix Corporation Common Stock,NYSE,0,,nasdaqtrader
VZ,Verizon Communications Inc. Common Stock,NYSE,0,,nasdaqtrader
VZLA,Vizsla Silver Corp. Common Shares,NYSE American,0,,nasdaqtrader
W,Wayfair Inc. Class A Common Stock,NYSE,0,,nasdaqtrader
WAB,Westinghouse Air Brake Technologies Corporation Common Stock,NYSE,0,,nasdaqtrader
WABC,Westamerica Bancorporation - Common Stock,Nasdaq,0,,nasdaqtrader
WABF,Western Asset Bond ETF,Nasdaq,1,,nasdaqtrader
WAFD,"WaFd, Inc. - Common Stock",Nasdaq,0,,nasdaqtrader
WAFDP,"WaFd, Inc. - Depositary Shares",Nasdaq,0,,nasdaqtrader
WAFU,Wah Fu Education Group Limited - Ordinary Shares,Nasdaq,0,,nasdaqtrader
WAGN,Pabrai Wagons ETF,NYSE Arca,1,,nasdaqtrader
WAL,Western Alliance Bancorporation Common Stock (DE),NYSE,0,,nasdaqtrader
WALD,Waldencast plc - Class A Ordinary Share,Nasdaq,0,,nasdaqtrader
WALDW,Waldencast plc - Warrant,Nasdaq,0,,nasdaqtrader
WAMA,WisdomTree US Adaptive Moving Average Fund,Nasdaq,1,,nasdaqtrader
WANT,Direxion Daily Consumer Discretionary Bull 3X ETF,NYSE Arca,1,,nasdaqtrader
WAR,U.S. Global Technology and Aerospace & Defense ETF,NYSE Arca,1,,nasdaqtrader
WARP,VanEck Space ETF,Nasdaq,1,,nasdaqtrader
WASH,"Washington Trust Bancorp, Inc. - Common Stock",Nasdaq,0,,nasdaqtrader
WAT,Waters Corporation Common Stock,NYSE,0,,nasdaqtrader
WATR,Air Water Ventures Limited - Ordinary Shares,Nasdaq,0,,nasdaqtrader
WATS,Corgi Battery Energy Storage Systems ETF,Cboe BZX,1,,nasdaqtrader
WATT,Energous Corporation - Common Stock,Nasdaq,0,,nasdaqtrader
WAVE,Eco Wave Power Global AB (publ) - American Depositary Shares,Nasdaq,0,,nasdaqtrader
WAY,Waystar Holding Corp. - Common Stock,Nasdaq,0,,nasdaqtrader
WB,Weibo Corporation - American Depositary Shares,Nasdaq,0,,nasdaqtrader
WBD,"Warner Bros. Discovery, Inc. - Series A Common Stock",Nasdaq,0,,nasdaqtrader
WBI,WaterBridge Infrastructure LLC Class A Shares Representing Limited Liability Company Interests,NYSE,0,,nasdaqtrader
WBIF,WBI BullBear Value 3000 ETF,NYSE Arca,1,,nasdaqtrader
WBIG,WBI BullBear Yield 3000 ETF,NYSE Arca,1,,nasdaqtrader
WBIL,WBI BullBear Quality 3000 ETF,NYSE Arca,1,,nasdaqtrader
WBIY,WBI Power Factor High Dividend ETF,NYSE,1,,nasdaqtrader
WBTN,WEBTOON Entertainment Inc. - Common stock,Nasdaq,0,,nasdaqtrader
WBUY,WEBUY GLOBAL LTD. - Class A Ordinary Shares,Nasdaq,0,,nasdaqtrader
WBX,Wallbox N.V. Class A Ordinary Shares,NYSE,0,,nasdaqtrader
WCAP,WarCap Unconstrained Equity ETF,NYSE Arca,1,,nasdaqtrader
WCBR,WisdomTree Cybersecurity Fund,Nasdaq,1,,nasdaqtrader
WCC,"WESCO International, Inc. Common Stock",NYSE,0,,nasdaqtrader
WCCB,West Coast Community Bancorp - Common Stock,Nasdaq,0,,nasdaqtrader
WCEO,Hypatia Women CEO ETF,NYSE Arca,1,,nasdaqtrader
WCLD,WisdomTree Cloud Computing Fund,Nasdaq,1,,nasdaqtrader
WCME,First Trust WCM Developing World Equity ETF,NYSE Arca,1,,nasdaqtrader
WCMG,First Trust WCM Global Equity ETF,NYSE Arca,1,,nasdaqtrader
WCMI,First Trust WCM International Equity ETF,NYSE Arca,1,,nasdaqtrader
WCN,"Waste Connections, Inc. Common Shares",NYSE,0,,nasdaqtrader
WCPB,Weitz Core Plus Bond ETF,NYSE Arca,1,,nasdaqtrader
WCT,Wellchange Holdings Company Limited - Class A Ordinary shares,Nasdaq,0,,nasdaqtrader
WD,"Walker & Dunlop, Inc Common Stock",NYSE,0,,nasdaqtrader
WDAF,WisdomTree Asia Defense Fund,Nasdaq,1,,nasdaqtrader
WDAI,Pacer S&P World 3AI Top 300 ETF,Cboe BZX,1,,nasdaqtrader
WDAY,"Workday, Inc. - Class A Common Stock",Nasdaq,0,,nasdaqtrader
WDC,Western Digital Corporation - Common Stock,Nasdaq,0,,nasdaqtrader
WDCC,Corgi WDC 2x Daily ETF,Cboe BZX,1,,nasdaqtrader
WDCX,Tradr 2X Long WDC Daily ETF,Cboe BZX,1,,nasdaqtrader
WDE,Principal Securitized Debt ETF,Cboe BZX,1,,nasdaqtrader
WDEF,WisdomTree Europe Defense Fund,NYSE Arca,1,,nasdaqtrader
WDFC,WD-40 Company - Common Stock,Nasdaq,0,,nasdaqtrader
WDGF,WisdomTree Global Defense Fund,Nasdaq,1,,nasdaqtrader
WDH,Waterdrop Inc. American Depositary Shares (each representing the right to receive 10 Class A Ordinary Shares),NYSE,0,,nasdaqtrader
WDI,Western Asset Diversified Income Fund Common Shares of Beneficial Interest,NYSE,0,,nasdaqtrader
WDIG,WisdomTree Efficient Rare Earth Plus Strategic Metals Fund,Cboe BZX,1,,nasdaqtrader
WDIV,State Street SPDR S&P Global Dividend ETF,NYSE Arca,1,,nasdaqtrader
WDNA,WisdomTree BioRevolution Fund,Cboe BZX,1,,nasdaqtrader
WDRN,"WisdomTree Physical AI, Humanoids and Drones Fund",Cboe BZX,1,,nasdaqtrader
WDS,"Woodside Energy Group Limited American Depositary Shares, each representing one Ordinary Share",NYSE,0,,nasdaqtrader
WDTE,Defiance S&P 500 Weekly Distribution ETF,NYSE Arca,1,,nasdaqtrader
WEA,Western Asset Bond Fund Share of Beneficial Interest,NYSE,0,,nasdaqtrader
WEAT,Teucrium Wheat Fund ETV,NYSE Arca,1,,nasdaqtrader
WEAV,"Weave Communications, Inc. Common Stock",NYSE,0,,nasdaqtrader
WEBL,Direxion Daily Dow Jones Internet Bull 3X ETF,NYSE Arca,1,,nasdaqtrader
WEBS,Direxion Daily Dow Jones Internet Bear 3X ETF,NYSE Arca,1,,nasdaqtrader
WEBX,Corgi Chinese Internet 2x Daily ETF,Cboe BZX,1,,nasdaqtrader
WEC,"WEC Energy Group, Inc. Common Stock",NYSE,0,,nasdaqtrader
WEED,Roundhill Cannabis ETF,Cboe BZX,1,,nasdaqtrader
WEEI,Westwood Salient Enhanced Energy Income ETF,Nasdaq,1,,nasdaqtrader
WEEK,Roundhill Weekly T-Bill ETF,Cboe BZX,1,,nasdaqtrader
WEEL,Peerless Option Income Wheel ETF,NYSE Arca,1,,nasdaqtrader
WELD,Tema U.S. Manufacturing & Reshoring ETF,NYSE Arca,1,,nasdaqtrader
WELL,Welltower Inc. Common Stock,NYSE,0,,nasdaqtrader
WEN,Wendy's Company (The) - Common Stock,Nasdaq,0,,nasdaqtrader
WENC,West Enclave Merger Corp. Ordinary Shares,NYSE,0,,nasdaqtrader
WENC.R,"West Enclave Merger Corp. Rights, each Right to acquire one-tenth (1/10) of one Ordinary Share",NYSE,0,,nasdaqtrader
WENC.U,"West Enclave Merger Corp. Units, each consisting of one Ordinary Share and one Right to acquire one-tenth (1/10) of one Ordinary Share",NYSE,0,,nasdaqtrader
WENN,Wen Acquisition Corp - Class A Ordinary Shares,Nasdaq,0,,nasdaqtrader
WENNU,Wen Acquisition Corp - Unit,Nasdaq,0,,nasdaqtrader
WENNW,Wen Acquisition Corp - Warrant,Nasdaq,0,,nasdaqtrader
WEPN,Nicholas Defense and Rare Earth Income ETF,NYSE Arca,1,,nasdaqtrader
WERN,"Werner Enterprises, Inc. - Common Stock",Nasdaq,0,,nasdaqtrader
WES,"Western Midstream Partners, LP Common Units Representing Limited Partner Interests",NYSE,0,,nasdaqtrader
WEST,Westrock Coffee Company - Common Stock,Nasdaq,0,,nasdaqtrader
WETH,Wetouch Technology Inc. - Common Stock,Nasdaq,0,,nasdaqtrader
WETO,Wetour Robotics Limited - Ordinary Shares,Nasdaq,0,,nasdaqtrader
WEX,WEX Inc. common stock,NYSE,0,,nasdaqtrader
WEYS,"Weyco Group, Inc. - Common Stock",Nasdaq,0,,nasdaqtrader
WF,Woori Financial Group Inc. American Depositary Shares (each representing three (3) shares of Common Stock),NYSE,0,,nasdaqtrader
WFC,Wells Fargo & Company Common Stock,NYSE,0,,nasdaqtrader
WFCF,"Where Food Comes From, Inc. - Common Stock",Nasdaq,0,,nasdaqtrader
WFF,WF Holding Limited - Ordinary Shares,Nasdaq,0,,nasdaqtrader
WFG,West Fraser Timber Co. Ltd Common stock,NYSE,0,,nasdaqtrader
WFRD,Weatherford International plc - Ordinary shares,Nasdaq,0,,nasdaqtrader
WGMI,CoinShares Bitcoin Mining and Digital Power ETF,Nasdaq,1,,nasdaqtrader
WGO,"Winnebago Industries, Inc. Common Stock",NYSE,0,,nasdaqtrader
WGS,GeneDx Holdings Corp. - Class A Common Stock,Nasdaq,0,,nasdaqtrader
WH,"Wyndham Hotels & Resorts, Inc. Common Stock",NYSE,0,,nasdaqtrader
WHD,"Cactus, Inc. Class A Common Stock",NYSE,0,,nasdaqtrader
WHF,"WhiteHorse Finance, Inc. - Closed End Fund",Nasdaq,0,,nasdaqtrader
WHFCL,"WhiteHorse Finance, Inc. - 7.875% Notes due 2028",Nasdaq,0,,nasdaqtrader
WHG,Westwood Holdings Group Inc Common Stock,NYSE,0,,nasdaqtrader
WHK,WhiteHawk Minerals Corp Class A Common Stock,NYSE,0,,nasdaqtrader
WHLR,"Wheeler Real Estate Investment Trust, Inc. - Common Stock",Nasdaq,0,,nasdaqtrader
WHLRD,"Wheeler Real Estate Investment Trust, Inc. - Series D Cumulative Preferred Stock",Nasdaq,0,,nasdaqtrader
WHLRL,"Wheeler Real Estate Investment Trust, Inc. - 7.00% Senior Subordinated Convertible Notes Due 2031",Nasdaq,0,,nasdaqtrader
WHLRP,"Wheeler Real Estate Investment Trust, Inc. - Series B Preferred Stock",Nasdaq,0,,nasdaqtrader
WHR,Whirlpool Corporation Common Stock,NYSE,0,,nasdaqtrader
WHWK,"Whitehawk Therapeutics, Inc. - Common Stock",Nasdaq,0,,nasdaqtrader
WIA,Western Asset Inflation-Linked Income Fund,NYSE,0,,nasdaqtrader
WIMA,WisdomTree International Adaptive Moving Average Fund,Nasdaq,1,,nasdaqtrader
WIMI,WiMi Hologram Cloud Inc. - Class B Ordinary Shares,Nasdaq,0,,nasdaqtrader
WINA,Winmark Corporation - Common Stock,Nasdaq,0,,nasdaqtrader
WING,Wingstop Inc. - Common Stock,Nasdaq,0,,nasdaqtrader
WINN,Harbor Long-Term Growers ETF,NYSE,1,,nasdaqtrader
WIP,State Street SPDR FTSE International Government Inflation-Protected Bond ETF,NYSE Arca,1,,nasdaqtrader
WISE,Themes Generative Artificial Intelligence ETF,Nasdaq,1,,nasdaqtrader
WIT,Wipro Limited Common Stock,NYSE,0,,nasdaqtrader
WIW,Western Asset Inflation-Linked Opportunities & Income Fund,NYSE,0,,nasdaqtrader
WIX,Wix.com Ltd. - Ordinary Shares,Nasdaq,0,,nasdaqtrader
WK,Workiva Inc. Class A Common Stock,NYSE,0,,nasdaqtrader
WKC,World Kinect Corporation Common Stock,NYSE,0,,nasdaqtrader
WKEY,WISeKey International Holding Ltd - American Depositary Shares,Nasdaq,0,,nasdaqtrader
WKHS,"Workhorse Group, Inc. - Common Stock",Nasdaq,0,,nasdaqtrader
WKSP,"Worksport, Ltd. - Common Stock",Nasdaq,0,,nasdaqtrader
WLCO,Wilco 63 Corporation - Class A Ordinary Shares,Nasdaq,0,,nasdaqtrader
WLCOU,Wilco 63 Corporation - Units,Nasdaq,0,,nasdaqtrader
WLCOW,Wilco 63 Corporation - Warrant,Nasdaq,0,,nasdaqtrader
WLDN,"Willdan Group, Inc. - Common Stock",Nasdaq,0,,nasdaqtrader
WLDR,Simplify Affinity World Leaders Equity ETF,Cboe BZX,1,,nasdaqtrader
WLDS,Wearable Devices Ltd. - Ordinary Share,Nasdaq,0,,nasdaqtrader
WLDSW,Wearable Devices Ltd. - Warrant,Nasdaq,0,,nasdaqtrader
WLDU,Leverage Shares 2x Long World Stock Daily ETF,Cboe BZX,1,,nasdaqtrader
WLFC,Willis Lease Finance Corporation - Common Stock,Nasdaq,0,,nasdaqtrader
WLII,Willow Lane Acquisition Corp. II - Class A Ordinary Shares,Nasdaq,0,,nasdaqtrader
WLIIU,Willow Lane Acquisition Corp. II - Unit,Nasdaq,0,,nasdaqtrader
WLIIW,Willow Lane Acquisition Corp. II - Warrants,Nasdaq,0,,nasdaqtrader
WLK,Westlake Corporation Common Stock,NYSE,0,,nasdaqtrader
WLKP,Westlake Chemical Partners LP Common Units representing limited partner interests,NYSE,0,,nasdaqtrader
WLTG,WealthTrust DBS Long Term Growth ETF,NYSE,1,,nasdaqtrader
WLTH,Wealthfront Corporation - Common Stock,Nasdaq,0,,nasdaqtrader
WLY,"John Wiley & Sons, Inc. Common Stock",NYSE,0,,nasdaqtrader
WLYB,"John Wiley & Sons, Inc. Common Stock",NYSE,0,,nasdaqtrader
WM,"Waste Management, Inc. Common Stock",NYSE,0,,nasdaqtrader
WMB,"Williams Companies, Inc. (The) Common Stock",NYSE,0,,nasdaqtrader
WMG,Warner Music Group Corp. - Class A Common Stock,Nasdaq,0,,nasdaqtrader
WMK,"Weis Markets, Inc. Common Stock",NYSE,0,,nasdaqtrader
WMS,"Advanced Drainage Systems, Inc. Common Stock",NYSE,0,,nasdaqtrader
WMSB,Weitz Multisector Bond ETF,NYSE Arca,1,,nasdaqtrader
WMT,Walmart Inc. - Common Stock,Nasdaq,0,,nasdaqtrader
WMTI,REX WMT Growth & Income ETF,Cboe BZX,1,,nasdaqtrader
WNC,Wabash National Corporation Common Stock,NYSE,0,,nasdaqtrader
WNDR,Corgi Travel & Leisure ETF,Cboe BZX,1,,nasdaqtrader
WNEB,"Western New England Bancorp, Inc. - Common Stock",Nasdaq,0,,nasdaqtrader
WNTR,YieldMax MSTR Short Option Income Strategy ETF,NYSE Arca,1,,nasdaqtrader
WNW,Meiwu Technology Company Limited - Ordinary Shares,Nasdaq,0,,nasdaqtrader
WOK,WORK Medical Technology Group LTD - Class A Ordinary Shares,Nasdaq,0,,nasdaqtrader
WOLF,"Wolfspeed, Inc. Common Stock New",NYSE,0,,nasdaqtrader
WOMN,Impact Shares Women's Empowerment ETF,NYSE Arca,1,,nasdaqtrader
WOOD,iShares Global Timber & Forestry ETF,Nasdaq,1,,nasdaqtrader
WOOF,"Petco Health and Wellness Company, Inc. - Class A Common Stock",Nasdaq,0,,nasdaqtrader
WOR,"Worthington Enterprises, Inc. Common Shares",NYSE,0,,nasdaqtrader
WPAC,White Pearl Acquisition Corp. Class A Ordinary Shares,NYSE,0,,nasdaqtrader
WPAC.R,"White Pearl Acquisition Corp. Rights, each right entitles the holder to receive one-fifth of one Class A ordinary share upon consummation of the initial business combination",NYSE,0,,nasdaqtrader
WPAC.U,"White Pearl Acquisition Corp. Units, each consisting of one Class A ordinary share and one right to receive one-fifth (1/5) of one Class A ordinary share",NYSE,0,,nasdaqtrader
WPC,W. P. Carey Inc. REIT,NYSE,0,,nasdaqtrader
WPM,Wheaton Precious Metals Corp Common Shares (Canada),NYSE,0,,nasdaqtrader
WPP,WPP plc American Depositary Shares,NYSE,0,,nasdaqtrader
WPRT,Westport Fuel Systems Inc - Common Shares,Nasdaq,0,,nasdaqtrader
WQTM,WisdomTree Quantum Computing Fund,Cboe BZX,1,,nasdaqtrader
WR,Corgi U.S. War Machine ETF,Cboe BZX,1,,nasdaqtrader
WRAP,"Wrap Technologies, Inc. - Common Stock",Nasdaq,0,,nasdaqtrader
WRB,W.R. Berkley Corporation Common Stock,NYSE,0,,nasdaqtrader
WRBY,Warby Parker Inc. Class A Common Stock,NYSE,0,,nasdaqtrader
WRD,WeRide Inc. - American Depositary Shares,Nasdaq,0,,nasdaqtrader
WRLD,World Acceptance Corporation - Common Stock,Nasdaq,0,,nasdaqtrader
WRN,Western Copper and Gold Corporation Common Stock,NYSE American,0,,nasdaqtrader
WRND,NYLIM Global Equity R&D Leaders ETF,Nasdaq,1,,nasdaqtrader
WRTH,Worth Charting Options Income ETF,Nasdaq,1,,nasdaqtrader
WS,"Worthington Steel, Inc. Common Shares",NYSE,0,,nasdaqtrader
WSBC,"WesBanco, Inc. - Common Stock",Nasdaq,0,,nasdaqtrader
WSBCO,"WesBanco, Inc. - Depositary Shares each representing 1/40th interest in a share of 7.375% Fixed-Rate Reset Non-Cumulative Perpetual Preferred Stock, Series B",Nasdaq,0,,nasdaqtrader
WSBF,"Waterstone Financial, Inc. - Common Stock",Nasdaq,0,,nasdaqtrader
WSBK,"Winchester Bancorp, Inc. - Common Stock",Nasdaq,0,,nasdaqtrader
WSC,WillScot Holdings Corporation - Class A Common Stock,Nasdaq,0,,nasdaqtrader
WSDB,Weitz Short Duration Bond ETF,NYSE Arca,1,,nasdaqtrader
WSE,Wise Group plc - Class A Ordinary Shares,Nasdaq,0,,nasdaqtrader
WSFS,WSFS Financial Corporation - Common Stock,Nasdaq,0,,nasdaqtrader
WSGE,Warren Street Global Equity ETF,Nasdaq,1,,nasdaqtrader
WSHP,WeShop Holdings Limited - Class A Ordinary Shares,Nasdaq,0,,nasdaqtrader
WSM,"Williams-Sonoma, Inc. Common Stock (DE)",NYSE,0,,nasdaqtrader
WSMD,Wasatch Small/Mid Cap ETF,NYSE Arca,1,,nasdaqtrader
WSML,iShares MSCI World Small-Cap ETF,Nasdaq,1,,nasdaqtrader
WSO,"Watsco, Inc. Common Stock",NYSE,0,,nasdaqtrader
WSO.B,"Watsco, Inc. Class B Common Stock",NYSE,0,,nasdaqtrader
WSPC,WisdomTree Space Economy Fund,Nasdaq,1,,nasdaqtrader
WST,"West Pharmaceutical Services, Inc. Common Stock",NYSE,0,,nasdaqtrader
WSTN,Westin Acquisition Corp - Class A Ordinary Share,Nasdaq,0,,nasdaqtrader
WSTNR,Westin Acquisition Corp - Right,Nasdaq,0,,nasdaqtrader
WSTNU,Westin Acquisition Corp - Units,Nasdaq,0,,nasdaqtrader
WT,"WisdomTree, Inc. Common Stock",NYSE,0,,nasdaqtrader
WTAI,WisdomTree Artificial Intelligence and Innovation Fund,Cboe BZX,1,,nasdaqtrader
WTBA,West Bancorporation - Common Stock,Nasdaq,0,,nasdaqtrader
WTBN,WisdomTree Bianco Total Return Fund,Nasdaq,1,,nasdaqtrader
WTF,Waton Financial Limited - Ordinary Shares,Nasdaq,0,,nasdaqtrader
WTFC,Wintrust Financial Corporation - Common Stock,Nasdaq,0,,nasdaqtrader
WTFCN,"Wintrust Financial Corporation - Depositary Shares, Each Representing a 1/1,000th Interest in a Share of 7.875% Fixed-Rate Reset Non-Cumulative Perpetual Preferred Stock, Series F, no par value, with a liquidation preference of $25,000 per share",Nasdaq,0,,nasdaqtrader
WTG,Wintergreen Acquisition Corp. - Ordinary Shares,Nasdaq,0,,nasdaqtrader
WTGUR,Wintergreen Acquisition Corp. - Rights,Nasdaq,0,,nasdaqtrader
WTGUU,Wintergreen Acquisition Corp. - Unit,Nasdaq,0,,nasdaqtrader
WTI,"W&T Offshore, Inc. Common Stock",NYSE,0,,nasdaqtrader
WTIB,USCF Oil Plus Bitcoin Strategy Fund,NYSE Arca,1,,nasdaqtrader
WTID,MicroSectors Energy 3X Inverse Leveraged ETNs,NYSE Arca,1,,nasdaqtrader
WTIP,WisdomTree Inflation Plus Fund,Nasdaq,1,,nasdaqtrader
WTIU,MicroSectors Energy 3X Leveraged ETNs,NYSE Arca,1,,nasdaqtrader
WTLS,WisdomTree Efficient Long/Short U.S. Equity Fund,Cboe BZX,1,,nasdaqtrader
WTM,"White Mountains Insurance Group, Ltd. Common Stock",NYSE,0,,nasdaqtrader
WTMF,WisdomTree Managed Futures Strategy Fund,NYSE Arca,1,,nasdaqtrader
WTMU,WisdomTree Core Laddered Municipal Fund,Nasdaq,1,,nasdaqtrader
WTMY,WisdomTree High Income Laddered Municipal Fund,Nasdaq,1,,nasdaqtrader
WTPI,WisdomTree Equity Premium Income Fund,NYSE Arca,1,,nasdaqtrader
WTRE,WisdomTree New Economy Real Estate Fund,NYSE Arca,1,,nasdaqtrader
WTRG,"Essential Utilities, Inc. Common Stock",NYSE,0,,nasdaqtrader
WTS,"Watts Water Technologies, Inc. Class A Common Stock",NYSE,0,,nasdaqtrader
WTTR,"Select Water Solutions, Inc. Class A common stock",NYSE,0,,nasdaqtrader
WTV,WisdomTree U.S. Value Fund,NYSE Arca,1,,nasdaqtrader
WTW,Willis Towers Watson Public Limited Company - Ordinary Shares,Nasdaq,0,,nasdaqtrader
WU,Western Union Company (The) Common Stock,NYSE,0,,nasdaqtrader
WUGI,AXS Esoterica NextG Economy ETF,Cboe BZX,1,,nasdaqtrader
WULF,TeraWulf Inc. - Common Stock,Nasdaq,0,,nasdaqtrader
WULX,Tradr 2X Long WULF Daily ETF,Cboe BZX,1,,nasdaqtrader
WVE,"Wave Life Sciences, Inc. - Common Stock",Nasdaq,0,,nasdaqtrader
WVVI,"Willamette Valley Vineyards, Inc. - Common Stock",Nasdaq,0,,nasdaqtrader
WVVIP,"Willamette Valley Vineyards, Inc. - Series A Redeemable Preferred Stock",Nasdaq,0,,nasdaqtrader
WW,"WW International, Inc.  - Common Stock",Nasdaq,0,,nasdaqtrader
WWD,"Woodward, Inc. - Common Stock",Nasdaq,0,,nasdaqtrader
WWJD,Inspire International ETF,NYSE Arca,1,,nasdaqtrader
WWR,"Westwater Resources, Inc. Common Stock",NYSE American,0,,nasdaqtrader
WWW,"Wolverine World Wide, Inc. Common Stock",NYSE,0,,nasdaqtrader
WX,Corgi All World 2x Daily ETF,Cboe BZX,1,,nasdaqtrader
WXET,Teucrium 2x Daily Wheat ETF,NYSE Arca,1,,nasdaqtrader
WXM,WF International Limited - Ordinary Shares,Nasdaq,0,,nasdaqtrader
WY,Weyerhaeuser Company Common Stock,NYSE,0,,nasdaqtrader
WYFI,"WhiteFiber, Inc. - Ordinary Shares",Nasdaq,0,,nasdaqtrader
WYFL,Defiance Daily Target 2X Long WYFI ETF,Cboe BZX,1,,nasdaqtrader
WYHG,Wing Yip Food Holdings Group Limited - American Depositary Shares,Nasdaq,0,,nasdaqtrader
WYNN,"Wynn Resorts, Limited - Common Stock",Nasdaq,0,,nasdaqtrader
WYY,WidePoint Corporation Common Stock,NYSE American,0,,nasdaqtrader
WZRD,Opportunistic Trader ETF,Cboe BZX,1,,nasdaqtrader
XA,Corgi AI Cybersecurity ETF,Cboe BZX,1,,nasdaqtrader
XAGG,Eaton Vance Income Opportunities ETF,NYSE Arca,1,,nasdaqtrader
XAGI,Corgi AGIX 2x Daily ETF,Cboe BZX,1,,nasdaqtrader
XAIR,"Beyond Air, Inc. - Common Stock",Nasdaq,0,,nasdaqtrader
XAIW,SpaceXAI Lab Ecosystem ETF,NYSE Arca,1,,nasdaqtrader
XAIX,Xtrackers Artificial Intelligence and Big Data ETF,Nasdaq,1,,nasdaqtrader
XAPR,FT Vest U.S. Equity Enhance & Moderate Buffer ETF - April,Cboe BZX,1,,nasdaqtrader
XAR,State Street SPDR S&P Aerospace & Defense ETF,NYSE Arca,1,,nasdaqtrader
XAUG,FT Vest U.S. Equity Enhance & Moderate Buffer ETF - August,Cboe BZX,1,,nasdaqtrader
XB,BondBloxx B-Rated USD High Yield Corporate Bond ETF,NYSE Arca,1,,nasdaqtrader
XBAP,Innovator U.S. Equity Accelerated 9 Buffer ETF - April,Cboe BZX,1,,nasdaqtrader
XBB,BondBloxx BB-Rated USD High Yield Corporate Bond ETF,NYSE Arca,1,,nasdaqtrader
XBCI,NEOS Boosted Bitcoin High Income ETF,Nasdaq,1,,nasdaqtrader
XBFR,Innovator Equity Managed 10 Buffer ETF,NYSE Arca,1,,nasdaqtrader
XBI,State Street SPDR S&P Biotech ETF,NYSE Arca,1,,nasdaqtrader
XBIL,US Treasury 6 Month Bill ETF,Nasdaq,1,,nasdaqtrader
XBIO,"Xenetic Biosciences, Inc. - Common Stock",Nasdaq,0,,nasdaqtrader
XBIT,XBiotech Inc. - Common Stock,Nasdaq,0,,nasdaqtrader
XBIX,Corgi U.S. Biotech 2x Daily ETF,Cboe BZX,1,,nasdaqtrader
XBJA,Innovator U.S. Equity Accelerated 9 Buffer ETF - January,Cboe BZX,1,,nasdaqtrader
XBJL,Innovator U.S. Equity Accelerated 9 Buffer ETF - July,Cboe BZX,1,,nasdaqtrader
XBNB,Teucrium xETFs 2x Long Daily BNB ETF,NYSE Arca,1,,nasdaqtrader
XBOC,Innovator U.S. Equity Accelerated 9 Buffer ETF - October,Cboe BZX,1,,nasdaqtrader
XBOX,Roundhill Ultra Short Duration No Dividend Target ETF,Cboe BZX,1,,nasdaqtrader
XBP,"XBP Global Holdings, Inc. - Common Stock",Nasdaq,0,,nasdaqtrader
XBPEW,"XBP Global Holdings, Inc. - Warrant",Nasdaq,0,,nasdaqtrader
XBTY,GraniteShares YieldBOOST Bitcoin ETF,Nasdaq,1,,nasdaqtrader
XC,WisdomTree True Emerging Markets Fund,NYSE Arca,1,,nasdaqtrader
XCBE,X3 Acquisition Corp. Ltd. - Class A Ordinary Shares,Nasdaq,0,,nasdaqtrader
XCBEU,X3 Acquisition Corp. Ltd. - Unit,Nasdaq,0,,nasdaqtrader
XCBEW,X3 Acquisition Corp. Ltd. - Warrant,Nasdaq,0,,nasdaqtrader
XCCC,BondBloxx CCC-Rated USD High Yield Corporate Bond ETF,NYSE Arca,1,,nasdaqtrader
XCEM,Columbia EM Core ex-China ETF,NYSE Arca,1,,nasdaqtrader
XCH,XCHG Limited - ADS,Nasdaq,0,,nasdaqtrader
XCHG,AB US Equity ETF,NYSE Arca,1,,nasdaqtrader
XCLR,Global X S&P 500 Collar 95-110 ETF,NYSE Arca,1,,nasdaqtrader
XCNY,State Street SPDR S&P Emerging Markets ex-China ETF,Nasdaq,1,,nasdaqtrader
XCOM,Corgi All Commodities 2x Daily ETF,Cboe BZX,1,,nasdaqtrader
XCOR,FundX ETF,NYSE Arca,1,,nasdaqtrader
XCSH,XFUNDS 1-3 Month BOX ETF,Nasdaq,1,,nasdaqtrader
XCUR,"Exicure, Inc. - Common Stock",Nasdaq,0,,nasdaqtrader
XDAT,Franklin Exponential Data ETF,Cboe BZX,1,,nasdaqtrader
XDEC,FT Vest U.S. Equity Enhance & Moderate Buffer ETF - December,Cboe BZX,1,,nasdaqtrader
XDEF,Xtrackers Europe Defense Technologies ETF,Nasdaq,1,,nasdaqtrader
XDIV,Roundhill S&P 500 No Dividend Target ETF,Cboe BZX,1,,nasdaqtrader
XDQQ,Innovator Growth Accelerated ETF - Quarterly,Cboe BZX,1,,nasdaqtrader
XDSQ,Innovator U.S. Equity Accelerated ETF - Quarterly,Cboe BZX,1,,nasdaqtrader
XDTE,Roundhill S&P 500 0DTE Covered Call Strategy ETF,Cboe BZX,1,,nasdaqtrader
XE,"X-Energy, Inc. - Class A Common Stock",Nasdaq,0,,nasdaqtrader
XEL,Xcel Energy Inc. - Common Stock,Nasdaq,0,,nasdaqtrader
XELB,"Xcel Brands, Inc - Common Stock",Nasdaq,0,,nasdaqtrader
XELLL,"Xcel Energy Inc. - 6.25% Junior Subordinated Notes, Series due 2085",Nasdaq,0,,nasdaqtrader
XEMD,BondBloxx JP Morgan USD Emerging Markets 1-10 Year Bond ETF,Cboe BZX,1,,nasdaqtrader
XEML,Xtrackers Europe Market Leaders ETF,Cboe BZX,1,,nasdaqtrader
XENE,Xenon Pharmaceuticals Inc. - Common Shares,Nasdaq,0,,nasdaqtrader
XERS,"Xeris Biopharma Holdings, Inc. - Common Stock",Nasdaq,0,,nasdaqtrader
XES,State Street SPDR S&P Oil & Gas Equipment & Services ETF,NYSE Arca,1,,nasdaqtrader
XEUR,Corgi Europe Equities 2x Daily ETF,Cboe BZX,1,,nasdaqtrader
XEY,GraniteShares YieldBOOST Ether ETF,Nasdaq,1,,nasdaqtrader
XFEB,FT Vest U.S. Equity Enhance & Moderate Buffer ETF - February,Cboe BZX,1,,nasdaqtrader
XFIV,BondBloxx Bloomberg Five Year Target Duration US Treasury ETF,NYSE Arca,1,,nasdaqtrader
XFLH,XFLH Capital Corporation Ordinary Shares,NYSE,0,,nasdaqtrader
XFLH.R,XFLH Capital Corporation Rights to receive one-seventh (1/7) of one Ordinary Share,NYSE,0,,nasdaqtrader
XFLH.U,"XFLH Capital Corporation Units, each consisting of one Ordinary Share and one Right",NYSE,0,,nasdaqtrader
XFLT,XAI Floating Rate & Alternative Income Trust Common Shares of Beneficial Interest,NYSE,0,,nasdaqtrader
XFLX,FundX Flexible ETF,NYSE Arca,1,,nasdaqtrader
XFOR,"X4 Pharmaceuticals, Inc. - Common Stock",Nasdaq,0,,nasdaqtrader
XGN,Exagen Inc. - Common Stock,Nasdaq,0,,nasdaqtrader
XHB,State Street SPDR S&P Homebuilders ETF,NYSE Arca,1,,nasdaqtrader
XHE,State Street SPDR S&P Health Care Equipment ETF,NYSE Arca,1,,nasdaqtrader
XHG,XChange TEC.INC - American Depositary Shares,Nasdaq,0,,nasdaqtrader
XHLD,"TEN Holdings, Inc. - Common Stock",Nasdaq,0,,nasdaqtrader
XHLF,BondBloxx Bloomberg Six Month Target Duration US Treasury ETF,NYSE Arca,1,,nasdaqtrader
XHOA,Corgi U.S. Real Estate 2x Daily ETF,Cboe BZX,1,,nasdaqtrader
XHR,"Xenia Hotels & Resorts, Inc. Common Stock",NYSE,0,,nasdaqtrader
XHS,State Street SPDR S&P Health Care Services ETF,NYSE Arca,1,,nasdaqtrader
XIDE,FT Vest U.S. Equity Buffer & Premium Income  ETF - December,Cboe BZX,1,,nasdaqtrader
XIDV,Franklin International Dividend Booster Index ETF,NYSE Arca,1,,nasdaqtrader
XIFR,"XPLR Infrastructure, LP Common Units representing limited partner interests",NYSE,0,,nasdaqtrader
XIGV,Defiance US 100 Tech Ex Software ETF,Cboe BZX,1,,nasdaqtrader
XIII,Churchill Capital Corp XIII - Class A Ordinary Shares,Nasdaq,0,,nasdaqtrader
XIIIU,Churchill Capital Corp XIII - Units,Nasdaq,0,,nasdaqtrader
XIIIW,Churchill Capital Corp XIII - Warrants,Nasdaq,0,,nasdaqtrader
XIJN,FT Vest U.S. Equity Buffer & Premium Income ETF - June,Cboe BZX,1,,nasdaqtrader
XIMR,FT Vest U.S. Equity Buffer & Premium Income ETF - March,Cboe BZX,1,,nasdaqtrader
XISE,FT Vest U.S. Equity Buffer & Premium Income ETF - September,Cboe BZX,1,,nasdaqtrader
XITK,State Street SPDR FactSet Innovative Technology ETF,NYSE Arca,1,,nasdaqtrader
XIWC,Corgi U.S. Micro-Cap 2x Daily ETF,Cboe BZX,1,,nasdaqtrader
XJAN,FT Vest U.S. Equity Enhance & Moderate Buffer ETF - January,Cboe BZX,1,,nasdaqtrader
XJH,iShares ESG Select Screened S&P Mid-Cap ETF,Cboe BZX,1,,nasdaqtrader
XJR,iShares ESG Select Screened S&P Small-Cap ETF,Cboe BZX,1,,nasdaqtrader
XJUL,FT Vest U.S. Equity Enhance & Moderate Buffer ETF - July,Cboe BZX,1,,nasdaqtrader
XJUN,FT Vest U.S. Equity Enhance & Moderate Buffer ETF - June,Cboe BZX,1,,nasdaqtrader
XKRE,Corgi U.S. Regional Banks 2x Daily ETF,Cboe BZX,1,,nasdaqtrader
XLAB,Exascale Labs Holdings Inc. - Class A Common Stock,Nasdaq,0,,nasdaqtrader
XLABW,Exascale Labs Holdings Inc. - Warrant,Nasdaq,0,,nasdaqtrader
XLB,State Street Materials Select Sector SPDR ETF,NYSE Arca,1,,nasdaqtrader
XLBI,State Street Materials Select Sector SPDR Premium Income ETF,NYSE Arca,1,,nasdaqtrader
XLBX,Corgi U.S. Materials 2x Daily ETF,Cboe BZX,1,,nasdaqtrader
XLC,State Street Communication Services Select Sector SPDR ETF,NYSE Arca,1,,nasdaqtrader
XLCD,MicroSectors -3x Short Communication Services (XLC) ETNs,Cboe BZX,1,,nasdaqtrader
XLCI,State Street Communication Services Select Sector SPDR Premium Income ETF,NYSE Arca,1,,nasdaqtrader
XLCU,MicroSectors 3x Long Communication Services (XLC) ETNs,Cboe BZX,1,,nasdaqtrader
XLE,State Street Energy Select Sector SPDR ETF,NYSE Arca,1,,nasdaqtrader
XLEI,State Street Energy Select Sector SPDR Premium Income ETF,NYSE Arca,1,,nasdaqtrader
XLEX,Corgi U.S. Energy 2x Daily ETF,Cboe BZX,1,,nasdaqtrader
XLF,State Street Financial Select Sector SPDR ETF,NYSE Arca,1,,nasdaqtrader
XLFI,State Street Financial Select Sector SPDR Premium Income ETF,NYSE Arca,1,,nasdaqtrader
XLFX,Corgi U.S. Financials 2x Daily ETF,Cboe BZX,1,,nasdaqtrader
XLG,Invesco S&P 500 Top 50 ETF,NYSE Arca,1,,nasdaqtrader
XLI,State Street Industrial Select Sector SPDR ETF,NYSE Arca,1,,nasdaqtrader
XLII,State Street Industrial Select Sector SPDR Premium Income ETF,NYSE Arca,1,,nasdaqtrader
XLIX,Corgi U.S. Industrials 2x Daily ETF,Cboe BZX,1,,nasdaqtrader
XLK,State Street Technology Select Sector SPDR ETF,NYSE Arca,1,,nasdaqtrader
XLKI,State Street Technology Select Sector SPDR Premium Income ETF,NYSE Arca,1,,nasdaqtrader
XLKX,Corgi U.S. Technology 2x Daily ETF,Cboe BZX,1,,nasdaqtrader
XLO,"Xilio Therapeutics, Inc. - Common Stock",Nasdaq,0,,nasdaqtrader
XLP,State Street Consumer Staples Select Sector SPDR ETF,NYSE Arca,1,,nasdaqtrader
XLPD,MicroSectors -3x Short Consumer Staples (XLP) ETNs,Cboe BZX,1,,nasdaqtrader
XLPU,MicroSectors 3x Long Consumer Staples (XLP) ETNs,Cboe BZX,1,,nasdaqtrader
XLPX,Corgi U.S. Consumer Staples 2x Daily ETF,Cboe BZX,1,,nasdaqtrader
XLRE,State Street Real Estate Select Sector SPDR ETF,NYSE Arca,1,,nasdaqtrader
XLRI,State Street Real Estate Select Sector SPDR Premium Income ETF,NYSE Arca,1,,nasdaqtrader
XLSI,State Street Consumer Staples Select Sector SPDR Premium Income ETF,NYSE Arca,1,,nasdaqtrader
XLSR,State Street US Sector Rotation ETF,NYSE Arca,1,,nasdaqtrader
XLU,State Street Utilities Select Sector SPDR ETF,NYSE Arca,1,,nasdaqtrader
XLUI,State Street Utilities Select Sector SPDR Premium Income ETF,NYSE Arca,1,,nasdaqtrader
XLUX,Corgi U.S. Utilities 2x Daily ETF,Cboe BZX,1,,nasdaqtrader
XLV,State Street Health Care Select Sector SPDR ETF,NYSE Arca,1,,nasdaqtrader
XLVI,State Street Health Care Select Sector SPDR Premium Income ETF,NYSE Arca,1,,nasdaqtrader
XLVX,Corgi U.S. Healthcare 2x Daily ETF,Cboe BZX,1,,nasdaqtrader
XLY,State Street Consumer Discretionary Select Sector SPDR ETF,NYSE Arca,1,,nasdaqtrader
XLYI,State Street Consumer Discretionary Select Sector SPDR Premium Income ETF,NYSE Arca,1,,nasdaqtrader
XLYX,Corgi U.S. Consumer Discretionary 2x Daily ETF,Cboe BZX,1,,nasdaqtrader
XMAG,Defiance Large Cap ex-Mag 7 ETF,Nasdaq,1,,nasdaqtrader
XMAR,FT Vest U.S. Equity Enhance & Moderate Buffer ETF - March,Cboe BZX,1,,nasdaqtrader
XMAX,"XMAX, Inc. - Common Stock",Nasdaq,0,,nasdaqtrader
XMAY,FT Vest U.S. Equity Enhance & Moderate Buffer ETF - May,Cboe BZX,1,,nasdaqtrader
XME,State Street SPDR S&P Metals & Mining ETF,NYSE Arca,1,,nasdaqtrader
XMHQ,Invesco S&P MidCap Quality ETF,NYSE Arca,1,,nasdaqtrader
XMLV,Invesco S&P MidCap Low Volatility ETF,NYSE Arca,1,,nasdaqtrader
XMMO,Invesco S&P MidCap Momentum ETF,NYSE Arca,1,,nasdaqtrader
XMPT,VanEck CEF Muni Income ETF,Cboe BZX,1,,nasdaqtrader
XMTR,"Xometry, Inc. - Class A Common Stock",Nasdaq,0,,nasdaqtrader
XMVM,Invesco S&P MidCap Value with Momentum ETF,NYSE Arca,1,,nasdaqtrader
XNAV,FundX Aggressive ETF,NYSE Arca,1,,nasdaqtrader
XNCR,"Xencor, Inc. - Common Stock",Nasdaq,0,,nasdaqtrader
XNDU,Xanadu Quantum Technologies Limited - Class B Subordinate Voting Shares,Nasdaq,0,,nasdaqtrader
XNDX,Tradr 2X Long XNDU Daily ETF,Cboe BZX,1,,nasdaqtrader
XNET,Xunlei Limited - American Depositary Shares,Nasdaq,0,,nasdaqtrader
XNOV,FT Vest U.S. Equity Enhance & Moderate Buffer ETF - November,Cboe BZX,1,,nasdaqtrader
XNTK,State Street SPDR NYSE Technology ETF,NYSE Arca,1,,nasdaqtrader
XOCT,FT Vest U.S. Equity Enhance & Moderate Buffer ETF - October,Cboe BZX,1,,nasdaqtrader
XOEF,iShares S&P 500 ex S&P 100 ETF,NYSE Arca,1,,nasdaqtrader
XOEX,Xtrackers S&P 100 Ex Top 20 ETF,Cboe BZX,1,,nasdaqtrader
XOM,ExxonMobil Holdings Corporation Common Stock,NYSE,0,,nasdaqtrader
XOMO,YieldMax XOM Option Income Strategy ETF,NYSE Arca,1,,nasdaqtrader
XOMX,Direxion Daily XOM Bull 2X ETF,Nasdaq,1,,nasdaqtrader
XONE,BondBloxx Bloomberg One Year Target Duration US Treasury ETF,NYSE Arca,1,,nasdaqtrader
XOP,State Street SPDR S&P Oil & Gas Exploration & Production ETF,NYSE Arca,1,,nasdaqtrader
XOS,"Xos, Inc. - Common Stock",Nasdaq,0,,nasdaqtrader
XOVL,Defiance Daily Target 2X Long XOVR ETF,Cboe BZX,1,,nasdaqtrader
XOVR,ERShares Private-Public Crossover ETF,Nasdaq,1,,nasdaqtrader
XP,XP Inc. - Class A Common Stock,Nasdaq,0,,nasdaqtrader
XPAV,Corgi U.S. Infrastructure 2x Daily ETF,Cboe BZX,1,,nasdaqtrader
XPAY,Roundhill S&P 500 Target 20 Managed Distribution ETF,NYSE Arca,1,,nasdaqtrader
XPEG,Leverage Shares 2X Long XPEV Daily ETF,Nasdaq,1,,nasdaqtrader
XPEL,"XPEL, Inc. - Common Stock",Nasdaq,0,,nasdaqtrader
XPER,Xperi Inc. Common Stock,NYSE,0,,nasdaqtrader
XPEV,"XPeng Inc. American depositary shares, each representing two Class A ordinary shares",NYSE,0,,nasdaqtrader
XPH,State Street SPDR S&P Pharmaceuticals ETF,NYSE Arca,1,,nasdaqtrader
XPL,Solitario Resources Corp. Common Stock,NYSE American,0,,nasdaqtrader
XPND,First Trust Expanded Technology ETF,NYSE Arca,1,,nasdaqtrader
XPO,"XPO, Inc. Common Stock",NYSE,0,,nasdaqtrader
XPOF,"Xponential Fitness, Inc. Class A Common Stock",NYSE,0,,nasdaqtrader
XPON,"Expion Energy, Inc. - Common Stock",Nasdaq,0,,nasdaqtrader
XPP,ProShares Ultra FTSE China 50,NYSE Arca,1,,nasdaqtrader
XPRO,Expro Ltd Ordinary Shares,NYSE,0,,nasdaqtrader
XQBT,Amplify Top 10 Quantum ETF,NYSE Arca,1,,nasdaqtrader
XQQI,NEOS Boosted Nasdaq-100 High Income ETF,Nasdaq,1,,nasdaqtrader
XQTM,Corgi Quantum Computing 2x Daily ETF,Cboe BZX,1,,nasdaqtrader
XRAY,DENTSPLY SIRONA Inc. - Common Stock,Nasdaq,0,,nasdaqtrader
XRLX,FundX Conservative ETF,NYSE Arca,1,,nasdaqtrader
XRMI,Global X S&P 500 Risk Managed Income ETF,NYSE Arca,1,,nasdaqtrader
XRN,Chiron Real Estate Inc. Common Stock,NYSE,0,,nasdaqtrader
XRP,Bitwise XRP ETF,NYSE Arca,1,,nasdaqtrader
XRPC,Canary XRP ETF,Nasdaq,1,,nasdaqtrader
XRPI,Volatility Shares Trust XRP ETF,Nasdaq,1,,nasdaqtrader
XRPM,Amplify XRP 3% Monthly Option Income ETF,Cboe BZX,1,,nasdaqtrader
XRPN,Armada Acquisition Corp. II - Class A Ordinary Shares,Nasdaq,0,,nasdaqtrader
XRPNU,Armada Acquisition Corp. II - Units,Nasdaq,0,,nasdaqtrader
XRPNW,Armada Acquisition Corp. II - Warrant,Nasdaq,0,,nasdaqtrader
XRPR,REX-Osprey XRP ETF,Cboe BZX,1,,nasdaqtrader
XRPT,Volatility Shares Trust XRP 2X ETF,Nasdaq,1,,nasdaqtrader
XRPZ,Franklin XRP ETF,NYSE Arca,1,,nasdaqtrader
XRT,State Street SPDR S&P Retail ETF,NYSE Arca,1,,nasdaqtrader
XRTX,XORTX Therapeutics Inc. - Common Shares,Nasdaq,0,,nasdaqtrader
XRX,Xerox Holdings Corporation - Common Stock,Nasdaq,0,,nasdaqtrader
XRXDW,Xerox Holdings Corporation - Warrants,Nasdaq,0,,nasdaqtrader
XSD,State Street SPDR S&P Semiconductor ETF,NYSE Arca,1,,nasdaqtrader
XSEM,Corgi U.S. Semiconductors 2x Daily ETF,Cboe BZX,1,,nasdaqtrader
XSEP,FT Vest U.S. Equity Enhance & Moderate Buffer ETF - September,Cboe BZX,1,,nasdaqtrader
XSHD,Invesco S&P SmallCap High Dividend Low Volatility ETF,Cboe BZX,1,,nasdaqtrader
XSHP,Kurv SpaceX Enhanced Income ETF,Cboe BZX,1,,nasdaqtrader
XSHQ,Invesco S&P SmallCap Quality ETF,Cboe BZX,1,,nasdaqtrader
XSLL,Xsolla SPAC 1 - Class A Ordinary Shares,Nasdaq,0,,nasdaqtrader
XSLLU,Xsolla SPAC 1 - Units,Nasdaq,0,,nasdaqtrader
XSLLW,Xsolla SPAC 1 - Warrants,Nasdaq,0,,nasdaqtrader
XSLV,Invesco S&P SmallCap Low Volatility ETF,NYSE Arca,1,,nasdaqtrader
XSMO,Invesco S&P SmallCap Momentum ETF,NYSE Arca,1,,nasdaqtrader
XSOE,WisdomTree Emerging Markets Ex-State Owned Enterprises Fund,NYSE Arca,1,,nasdaqtrader
XSPC,VegaShares Space & AI ETF,Nasdaq,1,,nasdaqtrader
XSPI,NEOS Boosted S&P 500 High Income ETF,Nasdaq,1,,nasdaqtrader
XSVM,Invesco S&P SmallCap Value with Momentum ETF,NYSE Arca,1,,nasdaqtrader
XSVN,BondBloxx Bloomberg Seven Year Target Duration US Treasury ETF,NYSE Arca,1,,nasdaqtrader
XSW,State Street SPDR S&P Software & Services ETF,NYSE Arca,1,,nasdaqtrader
XT,iShares Future Exponential Technologies ETF,Nasdaq,1,,nasdaqtrader
XTAI,Corgi Taiwan 2x Daily ETF,Cboe BZX,1,,nasdaqtrader
XTAP,Innovator U.S. Equity Accelerated Plus ETF - April,Cboe BZX,1,,nasdaqtrader
XTEN,BondBloxx Bloomberg Ten Year Target Duration US Treasury ETF,NYSE Arca,1,,nasdaqtrader
XTER,Karman Line Acquisition Corp. - Class A Ordinary Shares,Nasdaq,0,,nasdaqtrader
XTERU,Karman Line Acquisition Corp. - Units,Nasdaq,0,,nasdaqtrader
XTERW,Karman Line Acquisition Corp. - Warrants,Nasdaq,0,,nasdaqtrader
XTIA,"XTI Aerospace, Inc. Common Stock  - Common Stock",Nasdaq,0,,nasdaqtrader
XTJA,Innovator U.S. Equity Accelerated Plus ETF - January,Cboe BZX,1,,nasdaqtrader
XTJL,Innovator U.S. Equity Accelerated Plus ETF - July,Cboe BZX,1,,nasdaqtrader
XTL,State Street SPDR S&P Telecom ETF,NYSE Arca,1,,nasdaqtrader
XTLB,XTL Biopharmaceuticals Ltd. - American Depositary Shares,Nasdaq,0,,nasdaqtrader
XTN,State Street SPDR S&P Transportation ETF,NYSE Arca,1,,nasdaqtrader
XTND,"Xtend AI Robotics, Inc. Common Stock",NYSE,0,,nasdaqtrader
XTNT,"Xtant Medical Holdings, Inc. Common Stock",NYSE American,0,,nasdaqtrader
XTOC,Innovator U.S. Equity Accelerated Plus ETF - October,Cboe BZX,1,,nasdaqtrader
XTR,Global X S&P 500 Tail Risk ETF,NYSE Arca,1,,nasdaqtrader
XTRE,BondBloxx Bloomberg Three Year Target Duration US Treasury ETF,NYSE Arca,1,,nasdaqtrader
XTWO,BondBloxx Bloomberg Two Year Target Duration US Treasury ETF,NYSE Arca,1,,nasdaqtrader
XTWY,BondBloxx Bloomberg Twenty Year Target Duration US Treasury ETF,NYSE Arca,1,,nasdaqtrader
XUDV,Franklin U.S. Dividend Booster Index ETF,NYSE Arca,1,,nasdaqtrader
XUSM,MarketDesk International Momentum ETF,Nasdaq,1,,nasdaqtrader
XUSP,Innovator Uncapped Accelerated U.S. Equity ETF,Cboe BZX,1,,nasdaqtrader
XV,Simplify Target 15 Distribution ETF,NYSE Arca,1,,nasdaqtrader
XVAD,FT Vest AMD & Target Income ETF,Cboe BZX,1,,nasdaqtrader
XVAP,FT Vest AAPL & Target Income ETF,Cboe BZX,1,,nasdaqtrader
XVAZ,FT Vest AMZN & Target Income ETF,Cboe BZX,1,,nasdaqtrader
XVGL,FT Vest GOOG & Target Income ETF,Cboe BZX,1,,nasdaqtrader
XVMS,FT Vest MSFT & Target Income ETF,Cboe BZX,1,,nasdaqtrader
XVMT,FT Vest META & Target Income ETF,Cboe BZX,1,,nasdaqtrader
XVNV,FT Vest NVDA & Target Income ETF,Cboe BZX,1,,nasdaqtrader
XVPT,FT Vest PLTR & Target Income ETF,Cboe BZX,1,,nasdaqtrader
XVSP,FT Vest SPCX & Target Income ETF,Cboe BZX,1,,nasdaqtrader
XVTS,FT Vest TSLA & Target Income ETF,Cboe BZX,1,,nasdaqtrader
XVV,iShares ESG Select Screened S&P 500 ETF,Cboe BZX,1,,nasdaqtrader
XW,Corgi Ex-U.S. Equities 2x Daily ETF,Cboe BZX,1,,nasdaqtrader
XWEL,"XWELL, Inc. - Common Stock",Nasdaq,0,,nasdaqtrader
XWNG,Amplify Top 10 Space ETF,NYSE Arca,1,,nasdaqtrader
XX,"Roundhill S&P 500 Target 10,000 2030 ETF",Cboe BZX,1,,nasdaqtrader
XXI,"Twenty One Capital, Inc. Class A Common Stock",NYSE,0,,nasdaqtrader
XXII,"22nd Century Group, Inc - Common Stock",Nasdaq,0,,nasdaqtrader
XXRP,Teucrium 2x Long Daily XRP ETF,NYSE Arca,1,,nasdaqtrader
XXV,Simplify Ancorato Target 25 Distribution ETF,NYSE Arca,1,,nasdaqtrader
XXX,CYBER HORNET S&P 500 and XRP 75/25 Strategy ETF,Nasdaq,1,,nasdaqtrader
XYF,"X Financial American Depositary Shares, each representing six Class A Ordinary Shares",NYSE,0,,nasdaqtrader
XYL,Xylem Inc. Common Stock New,NYSE,0,,nasdaqtrader
XYLD,Global X S&P 500 Covered Call ETF,NYSE Arca,1,,nasdaqtrader
XYLG,Global X S&P 500 Covered Call & Growth ETF,NYSE Arca,1,,nasdaqtrader
XYZ,"Block, Inc. Class A Common Stock,",NYSE,0,,nasdaqtrader
XYZG,Leverage Shares 2X Long XYZ Daily ETF,Nasdaq,1,,nasdaqtrader
XYZY,YieldMax XYZ Option Income Strategy ETF,NYSE Arca,1,,nasdaqtrader
XZO,"Exzeo Group, Inc. Common Stock",NYSE,0,,nasdaqtrader
YAAS,Youxin Technology Ltd - Class A Ordinary shares,Nasdaq,0,,nasdaqtrader
YALA,"Yalla Group Limited American Depositary Shares, each representing one Class A Ordinary Share",NYSE,0,,nasdaqtrader
YALL,Truth Social God Bless America ETF,NYSE Arca,1,,nasdaqtrader
YANG,Direxion Daily FTSE China Bear 3X ETF,NYSE Arca,1,,nasdaqtrader
YARW,"Yarrow Bioscience, Inc. - Common Stock",Nasdaq,0,,nasdaqtrader
YB,Yuanbao Inc. - American Depositary Shares,Nasdaq,0,,nasdaqtrader
YBIT,YieldMax Bitcoin Option Income Strategy ETF,NYSE Arca,1,,nasdaqtrader
YBST,GraniteShares YieldBoost Single Stock Universe ETF,Nasdaq,1,,nasdaqtrader
YBTC,Roundhill Bitcoin Covered Call Strategy ETF,Cboe BZX,1,,nasdaqtrader
YBTY,GraniteShares YieldBoost TopYielders ETF,Nasdaq,1,,nasdaqtrader
YCBD,"cbdMD, Inc. Common Stock",NYSE American,0,,nasdaqtrader
YCL,ProShares Ultra Yen,NYSE Arca,1,,nasdaqtrader
YCLO,Franklin BSP CLO ETF,NYSE Arca,1,,nasdaqtrader
YCS,ProShares UltraShort Yen New,NYSE Arca,1,,nasdaqtrader
YCY,AA Mission Acquisition Corp. II Class A Ordinary Shares,NYSE,0,,nasdaqtrader
YCY.U,"AA Mission Acquisition Corp. II Units, each consisting of one Class A ordinary share and one-half of one warrant",NYSE,0,,nasdaqtrader
YCY.W,"AA Mission Acquisition Corp. II Warrants, each whole warrant entitles to purchase one Class A ordinary share at a price of $11.50 per share",NYSE,0,,nasdaqtrader
YDDL,One and One Green Technologies. INC - Class A Ordinary Shares,Nasdaq,0,,nasdaqtrader
YDEC,FT Vest International Equity Moderate Buffer ETF - December,Cboe BZX,1,,nasdaqtrader
YDES,YD Bio Limited - Ordinary Shares,Nasdaq,0,,nasdaqtrader
YDESW,YD Bio Limited - Warrants,Nasdaq,0,,nasdaqtrader
YDKG,Yueda Digital Holding - Class A Ordinary Share,Nasdaq,0,,nasdaqtrader
YEAR,AB Ultra Short Income ETF,NYSE Arca,1,,nasdaqtrader
YELP,Yelp Inc. Common Stock,NYSE,0,,nasdaqtrader
YETH,Roundhill Ether Covered Call Strategy ETF,Cboe BZX,1,,nasdaqtrader
YETI,"YETI Holdings, Inc. Common Stock",NYSE,0,,nasdaqtrader
YEXT,"Yext, Inc. Common Stock",NYSE,0,,nasdaqtrader
YFFI,Indexperts Yield Focused Fixed Income ETF,NYSE Arca,1,,nasdaqtrader
YFOR,YYForce Inc. - Class A Ordinary Shares,Nasdaq,0,,nasdaqtrader
YFYA,Yields for You Income Strategy A ETF,NYSE Arca,1,,nasdaqtrader
YGLD,Simplify Gold Strategy ETF,NYSE Arca,1,,nasdaqtrader
YHC,LQR House Inc. - Common Stock,Nasdaq,0,,nasdaqtrader
YHGJ,Yunhong Green CTI Ltd. - Common Stock,Nasdaq,0,,nasdaqtrader
YHNA,YHN Acquisition I Limited - Ordinary Shares,Nasdaq,0,,nasdaqtrader
YHNAR,YHN Acquisition I Limited - Right,Nasdaq,0,,nasdaqtrader
YHNAU,YHN Acquisition I Limited - Unit,Nasdaq,0,,nasdaqtrader
YI,"111, Inc. - American Depositary Shares",Nasdaq,0,,nasdaqtrader
YIBO,Planet Image International Limited - Class A Ordinary Shares,Nasdaq,0,,nasdaqtrader
YICC,Yorkville International Capital Corp. - Class A Ordinary Shares,Nasdaq,0,,nasdaqtrader
YICCU,Yorkville International Capital Corp. - Units,Nasdaq,0,,nasdaqtrader
YICCW,Yorkville International Capital Corp. - Warrants,Nasdaq,0,,nasdaqtrader
YINN,Direxion Daily FTSE China Bull 3X ETF,NYSE Arca,1,,nasdaqtrader
YJ,Yunji Inc. - American Depository Shares,Nasdaq,0,,nasdaqtrader
YJUN,FT Vest International Equity Moderate Buffer ETF - June,Cboe BZX,1,,nasdaqtrader
YLD,Principal Active High Yield ETF,NYSE Arca,1,,nasdaqtrader
YLDE,Franklin ClearBridge Enhanced Income ETF,Nasdaq,1,,nasdaqtrader
YLDW,Westwood Enhanced Income Opportunity ETF,NYSE Arca,1,,nasdaqtrader
YLDY,Horizon High Income ETF,Cboe BZX,1,,nasdaqtrader
YMAG,YieldMax Magnificent 7 Fund of Option Income ETFs,NYSE Arca,1,,nasdaqtrader
YMAR,FT Vest International Equity Moderate Buffer ETF - March,Cboe BZX,1,,nasdaqtrader
YMAT,"J-Star Holding Co., Ltd. - Class A Ordinary Shares",Nasdaq,0,,nasdaqtrader
YMAX,YieldMax Universe Fund of Option Income ETFs,NYSE Arca,1,,nasdaqtrader
YMM,Full Truck Alliance Co. Ltd. American Depositary Shares (each representing 20 Class A Ordinary Shares),NYSE,0,,nasdaqtrader
YMT,Yimutian Inc. - American Depositary Shares; each representing 25 Class A ordinary shares,Nasdaq,0,,nasdaqtrader
YNOT,Horizon Digital Frontier ETF,Nasdaq,1,,nasdaqtrader
YOKE,YOKE Core ETF,Nasdaq,1,,nasdaqtrader
YOLO,AdvisorShares Pure Cannabis ETF,NYSE Arca,1,,nasdaqtrader
YORW,The York Water Company - Common Stock,Nasdaq,0,,nasdaqtrader
YOU,"Clear Secure, Inc. Class A Common Stock",NYSE,0,,nasdaqtrader
YOUL,Youlife Group Inc. - American Depositary Shares,Nasdaq,0,,nasdaqtrader
YPF,YPF Sociedad Anonima American Depositary Shares,NYSE,0,,nasdaqtrader
YQ,17 Education & Technology Group Inc. - American Depositary Shares,Nasdaq,0,,nasdaqtrader
YQQQ,YieldMax Short N100 Option Income Strategy ETF,Nasdaq,1,,nasdaqtrader
YRAM,YieldMax Memory and Storage Portfolio Option Income ETF,Nasdaq,1,,nasdaqtrader
YRD,"Yiren Digital Ltd. American Depositary Shares, each representing two ordinary shares",NYSE,0,,nasdaqtrader
YSAG,Y'all Street Physical Silver ETF,Nasdaq,1,,nasdaqtrader
YSAU,Y'all Street Physical Gold ETF,Nasdaq,1,,nasdaqtrader
YSEP,FT Vest International Equity Buffer ETF - September,Cboe BZX,1,,nasdaqtrader
YSG,"Yatsen Holding Limited American Depositary Shares, each representing twenty (20) Class A Ordinary Shares",NYSE,0,,nasdaqtrader
YSPC,YieldMax SPCX Option Income Strategy ETF,NYSE Arca,1,,nasdaqtrader
YSPY,GraniteShares YieldBOOST SPY ETF,Nasdaq,1,,nasdaqtrader
YSS,York Space Systems Inc. Common Stock,NYSE,0,,nasdaqtrader
YSWY,"Yesway, Inc. - Class A Common Stock",Nasdaq,0,,nasdaqtrader
YSXT,"YSX Tech. Co., Ltd  - Class A Ordinary Shares",Nasdaq,0,,nasdaqtrader
YTRA,"Yatra Online, Inc. - Ordinary Shares",Nasdaq,0,,nasdaqtrader
YUM,"Yum! Brands, Inc.",NYSE,0,,nasdaqtrader
YUMC,"Yum China Holdings, Inc. Common Stock",NYSE,0,,nasdaqtrader
YUNG,Corgi Longevity Consumer ETF,Cboe BZX,1,,nasdaqtrader
YXI,ProShares Short FTSE China 50,NYSE Arca,1,,nasdaqtrader
YXT,YXT.COM GROUP HOLDING LIMITED - American Depository Shares,Nasdaq,0,,nasdaqtrader
YYAI,AiRWA Inc. - Common Stock,Nasdaq,0,,nasdaqtrader
YYY,Amplify CEF High Income ETF,NYSE Arca,1,,nasdaqtrader
YYYM,Amplify Municipal CEF High Income ETF,NYSE Arca,1,,nasdaqtrader
Z,"Zillow Group, Inc. - Class C Capital Stock",Nasdaq,0,,nasdaqtrader
ZALT,Innovator U.S. Equity 10 Buffer ETF - Quarterly,Cboe BZX,1,,nasdaqtrader
ZAP,Global X U.S. Electrification ETF,Nasdaq,1,,nasdaqtrader
ZAPR,Innovator Equity Defined Protection ETF - 1 Yr April,Cboe BZX,1,,nasdaqtrader
ZAUG,Innovator Equity Defined Protection ETF - 1 Yr August,Cboe BZX,1,,nasdaqtrader
ZBAO,Zhibao Technology Inc. - Class A Ordinary Shares,Nasdaq,0,,nasdaqtrader
ZBH,"Zimmer Biomet Holdings, Inc. Common Stock",NYSE,0,,nasdaqtrader
ZBIO,"Zenas BioPharma, Inc. - Common Stock",Nasdaq,0,,nasdaqtrader
ZBRA,Zebra Technologies Corporation - Class A Common Stock,Nasdaq,0,,nasdaqtrader
ZCBA,Global X Zero Coupon Bond 2030 ETF,NYSE Arca,1,,nasdaqtrader
ZCBB,Global X Zero Coupon Bond 2031 ETF,NYSE Arca,1,,nasdaqtrader
ZCBC,Global X Zero Coupon Bond 2032 ETF,NYSE Arca,1,,nasdaqtrader
ZCBE,Global X Zero Coupon Bond 2033 ETF,NYSE Arca,1,,nasdaqtrader
ZCBF,Global X Zero Coupon Bond 2034 ETF,NYSE Arca,1,,nasdaqtrader
ZCBG,Global X Zero Coupon Bond 2035 ETF,NYSE Arca,1,,nasdaqtrader
ZCMD,Zhongchao Inc. - Class A Ordinary Shares,Nasdaq,0,,nasdaqtrader
ZCSH,The Zcash ETF Shares,NYSE Arca,1,,nasdaqtrader
ZD,"Ziff Davis, Inc. - Common Stock",Nasdaq,0,,nasdaqtrader
ZDAI,"DirectBooking Technology Co., Ltd. - Class A Ordinary Shares",Nasdaq,0,,nasdaqtrader
ZDEK,Innovator Equity Defined Protection ETF - 1 Yr December,Cboe BZX,1,,nasdaqtrader
ZDGE,"Zedge, Inc. Class B Common Stock",NYSE American,0,,nasdaqtrader
ZDIS,Virtus Zevenbergen Discovery Growth ETF,NYSE Arca,1,,nasdaqtrader
ZECP,Zacks Earnings Consistent Portfolio ETF,Cboe BZX,1,,nasdaqtrader
ZENA,"ZenaTech, Inc. - Common Stock",Nasdaq,0,,nasdaqtrader
ZEO,Zeo Energy Corporation - Class A Common Stock,Nasdaq,0,,nasdaqtrader
ZEOWW,Zeo Energy Corporation - Warrants,Nasdaq,0,,nasdaqtrader
ZEPP,"Zepp Health Corporation American depositary shares, each representing sixteen Class A ordinary shares",NYSE,0,,nasdaqtrader
ZETA,Zeta Global Holdings Corp. Class A Common Stock,NYSE,0,,nasdaqtrader
ZFEB,Innovator Equity Defined Protection ETF - 1 Yr February,Cboe BZX,1,,nasdaqtrader
ZG,"Zillow Group, Inc. - Class A Common Stock",Nasdaq,0,,nasdaqtrader
ZGN,Ermenegildo Zegna N.V. Ordinary Shares,NYSE,0,,nasdaqtrader
ZH,"Zhihu Inc. American Depositary Shares, each representing three (3) Class A Ordinary Shares",NYSE,0,,nasdaqtrader
ZHDG,ZEGA Buy and Hedge ETF,NYSE Arca,1,,nasdaqtrader
ZHOG,F/m Opportunistic Income ETF,Nasdaq,1,,nasdaqtrader
ZIG,The Acquirers Fund,NYSE Arca,1,,nasdaqtrader
ZIM,ZIM Integrated Shipping Services Ltd. Ordinary Shares,NYSE,0,,nasdaqtrader
ZINC,Zacks Income ETF,NYSE Arca,1,,nasdaqtrader
ZINN,Virtus Zevenbergen Innovative Growth ETF,NYSE Arca,1,,nasdaqtrader
ZION,Zions Bancorporation N.A. - Common Stock,Nasdaq,0,,nasdaqtrader
ZIONP,Zions Bancorporation N.A. - Depositary Shares each representing a 1/40th ownership interest in a share of Series A Floating-Rate Non-Cumulative Perpetual Preferred Stock,Nasdaq,0,,nasdaqtrader
ZIP,"ZipRecruiter, Inc. Class A Common Stock",NYSE,0,,nasdaqtrader
ZJAN,Innovator Equity Defined Protection ETF - 1 Yr January,Cboe BZX,1,,nasdaqtrader
ZJK,"ZJK Industrial Co., Ltd. - Class A Ordinary Shares",Nasdaq,0,,nasdaqtrader
ZJUL,Innovator Equity Defined Protection ETF - 1 Yr July,Cboe BZX,1,,nasdaqtrader
ZJUN,Innovator Equity Defined Protection ETF - 1 Yr June,Cboe BZX,1,,nasdaqtrader
ZJYL,JIN MEDICAL INTERNATIONAL LTD. - Class A Ordinary Shares,Nasdaq,0,,nasdaqtrader
ZKH,"ZKH Group Limited American Depositary Shares, each representing thirty-five (35) Class A Ordinary Shares",NYSE,0,,nasdaqtrader
ZKIN,"ZK International Group Co., Ltd - Ordinary Share",Nasdaq,0,,nasdaqtrader
ZKP,Lafayette Digital Acquisition Corp. I - Class A Ordinary Shares,Nasdaq,0,,nasdaqtrader
ZKPU,Lafayette Digital Acquisition Corp. I - Unit,Nasdaq,0,,nasdaqtrader
ZKPW,Lafayette Digital Acquisition Corp. I - Warrant,Nasdaq,0,,nasdaqtrader
ZLAB,Zai Lab Limited - American Depositary Shares,Nasdaq,0,,nasdaqtrader
ZM,"Zoom Communications, Inc. - Class A Common Stock",Nasdaq,0,,nasdaqtrader
ZMAR,Innovator Equity Defined Protection ETF - 1 Yr March,Cboe BZX,1,,nasdaqtrader
ZMAY,Innovator Equity Defined Protection ETF - 1 Yr May,Cboe BZX,1,,nasdaqtrader
ZMUN,F/m Ultrashort Tax-Free Municipal ETF,Nasdaq,1,,nasdaqtrader
ZNB,Zeta Network Group - Class A Ordinary Shares,Nasdaq,0,,nasdaqtrader
ZNOV,Innovator Equity Defined Protection ETF - 1 Yr November,Cboe BZX,1,,nasdaqtrader
ZNTL,"Zentalis Pharmaceuticals, Inc. - common stock",Nasdaq,0,,nasdaqtrader
ZOCT,Innovator Equity Defined Protection ETF - 1 Yr October,Cboe BZX,1,,nasdaqtrader
ZONE,Zone Frontier Inc. Class B Common Stock,NYSE American,0,,nasdaqtrader
ZOOZ,ZOOZ Strategy Ltd. - Ordinary Shares,Nasdaq,0,,nasdaqtrader
ZOOZW,ZOOZ Strategy Ltd. - Warrant,Nasdaq,0,,nasdaqtrader
ZROZ,PIMCO 25  Year Zero Coupon U.S. Treasury Index Exchange-Traded Fund,NYSE Arca,1,,nasdaqtrader
ZS,"Zscaler, Inc. - Common Stock",Nasdaq,0,,nasdaqtrader
ZSB,USCF Sustainable Battery Metals Strategy Fund,NYSE Arca,1,,nasdaqtrader
ZSC,USCF Sustainable Commodity Strategy Fund,NYSE Arca,1,,nasdaqtrader
ZSEP,Innovator Equity Defined Protection ETF - 1 Yr September,Cboe BZX,1,,nasdaqtrader
ZSL,ProShares UltraShort Silver,NYSE Arca,1,,nasdaqtrader
ZSQR,Z Squared Inc. - Common Stock,Nasdaq,0,,nasdaqtrader
ZSTK,ZeroStack Corp. - Common Stock,Nasdaq,0,,nasdaqtrader
ZTAX,X-Square Municipal Income ETF,NYSE Arca,1,,nasdaqtrader
ZTEN,F/m 10-Year Investment Grade Corporate Bond ETF,Nasdaq,1,,nasdaqtrader
ZTG,Zenta Group Company Limited - Class A Ordinary Shares,Nasdaq,0,,nasdaqtrader
ZTO,"ZTO Express (Cayman) Inc. American Depositary Shares, each representing one Class A ordinary share.",NYSE,0,,nasdaqtrader
ZTOP,F/m High Yield 100 ETF,Nasdaq,1,,nasdaqtrader
ZTR,Virtus Total Return Fund Inc.,NYSE,0,,nasdaqtrader
ZTRE,F/m 3-Year Investment Grade Corporate Bond ETF,Nasdaq,1,,nasdaqtrader
ZTS,Zoetis Inc. Class A Common Stock,NYSE,0,,nasdaqtrader
ZTWO,F/m 2-Year Investment Grade Corporate Bond ETF,Nasdaq,1,,nasdaqtrader
ZUMZ,Zumiez Inc. - Common Stock,Nasdaq,0,,nasdaqtrader
ZURA,Zura Bio Limited - Class A Ordinary shares,Nasdaq,0,,nasdaqtrader
ZVIA,Zevia PBC Class A Common Stock,NYSE,0,,nasdaqtrader
ZVOL,Volatility Premium Plus ETF,Cboe BZX,1,,nasdaqtrader
ZVRA,"Zevra Therapeutics, Inc.  - Common Stock",Nasdaq,0,,nasdaqtrader
ZWS,Zurn Elkay Water Solutions Corporation Common Stock,NYSE,0,,nasdaqtrader
ZYBT,Zhengye Biotechnology Holding Limited - Class A Ordinary Shares,Nasdaq,0,,nasdaqtrader
ZYME,Zymeworks Inc. - Common Stock,Nasdaq,0,,nasdaqtrader
