date,ticker,mentions,authors,posts,comments,hype_docs,in_universe,by_subreddit
2026-10-01,AAOI,1,1,0,1,0,1,"{""wallstreetbets"":1}"
2026-10-01,AAPL,35,24,0,35,0,1,"{""smallstreetbets"":1,""wallstreetbets"":34}"
2026-10-01,ABAT,9,3,0,9,0,1,"{""pennystocks"":9}"
2026-10-01,ACN,37,21,0,37,0,1,"{""wallstreetbets"":37}"
2026-10-01,ADBE,7,1,0,7,0,1,"{""wallstreetbets"":7}"
2026-10-01,AEO,3,2,0,3,0,1,"{""wallstreetbets"":3}"
2026-10-01,AIB,1,1,1,0,0,1,"{""pennystocks"":1}"
2026-10-01,AIG,1,1,0,1,0,1,"{""wallstreetbets"":1}"
2026-10-01,AIRG,1,1,0,1,0,1,"{""pennystocks"":1}"
2026-10-01,AISP,5,4,3,2,0,1,"{""pennystocks"":5}"
2026-10-01,AKAM,3,3,0,3,0,1,"{""wallstreetbets"":3}"
2026-10-01,ALAB,12,8,0,12,0,1,"{""wallstreetbets"":12}"
2026-10-01,ALNT,1,1,0,1,0,1,"{""wallstreetbets"":1}"
2026-10-01,ALNY,1,1,0,1,0,1,"{""wallstreetbets"":1}"
2026-10-01,AMAT,7,6,0,7,0,1,"{""wallstreetbets"":7}"
2026-10-01,AMC,5,4,0,5,0,1,"{""smallstreetbets"":1,""wallstreetbets"":4}"
2026-10-01,AMD,21,15,0,21,0,1,"{""wallstreetbets"":21}"
2026-10-01,AMKR,2,2,0,2,0,1,"{""wallstreetbets"":2}"
2026-10-01,AMP,1,1,0,1,0,1,"{""wallstreetbets"":1}"
2026-10-01,AMZN,31,21,0,31,0,1,"{""wallstreetbets"":31}"
2026-10-01,APC,1,1,1,0,0,1,"{""pennystocks"":1}"
2026-10-01,APLD,4,4,0,4,0,1,"{""wallstreetbets"":4}"
2026-10-01,APP,23,18,0,23,0,1,"{""wallstreetbets"":23}"
2026-10-01,APPX,1,1,0,1,0,1,"{""wallstreetbets"":1}"
2026-10-01,ARM,2,2,0,2,0,1,"{""wallstreetbets"":2}"
2026-10-01,ASST,1,1,1,0,0,1,"{""wallstreetbets"":1}"
2026-10-01,ASTS,23,18,0,23,0,1,"{""wallstreetbets"":23}"
2026-10-01,ATCH,1,1,0,1,0,1,"{""wallstreetbets"":1}"
2026-10-01,AUR,1,1,0,1,0,1,"{""wallstreetbets"":1}"
2026-10-01,AUUD,1,1,0,1,0,1,"{""pennystocks"":1}"
2026-10-01,AVGO,36,25,0,36,1,1,"{""wallstreetbets"":36}"
2026-10-01,AXP,1,1,0,1,0,1,"{""wallstreetbets"":1}"
2026-10-01,BB,4,1,0,4,0,1,"{""wallstreetbets"":4}"
2026-10-01,BBAI,2,2,0,2,0,1,"{""wallstreetbets"":2}"
2026-10-01,BBB,1,1,0,1,0,1,"{""wallstreetbets"":1}"
2026-10-01,BBLG,1,1,0,1,0,1,"{""pennystocks"":1}"
2026-10-01,BCE,1,1,0,1,0,1,"{""wallstreetbets"":1}"
2026-10-01,BCS,1,1,0,1,0,1,"{""wallstreetbets"":1}"
2026-10-01,BE,1,1,0,1,0,1,"{""wallstreetbets"":1}"
2026-10-01,BENF,1,1,0,1,0,1,"{""pennystocks"":1}"
2026-10-01,BHB,1,1,0,1,0,1,"{""wallstreetbets"":1}"
2026-10-01,BIRD,1,1,0,1,0,1,"{""wallstreetbets"":1}"
2026-10-01,BIS,1,1,0,1,0,1,"{""wallstreetbets"":1}"
2026-10-01,BKYI,1,1,0,1,0,1,"{""pennystocks"":1}"
2026-10-01,BLGO,1,1,0,1,0,0,"{""pennystocks"":1}"
2026-10-01,BMNR,1,1,0,1,0,1,"{""wallstreetbets"":1}"
2026-10-01,BOBS,1,1,0,1,0,1,"{""wallstreetbets"":1}"
2026-10-01,BOFA,1,1,0,1,0,0,"{""wallstreetbets"":1}"
2026-10-01,BTI,1,1,0,1,0,1,"{""wallstreetbets"":1}"
2026-10-01,BTTC,3,2,2,1,0,1,"{""pennystocks"":3}"
2026-10-01,BULL,1,1,0,1,0,1,"{""wallstreetbets"":1}"
2026-10-01,BULZ,1,1,0,1,0,1,"{""wallstreetbets"":1}"
2026-10-01,BURU,4,4,2,2,0,1,"{""pennystocks"":3,""wallstreetbets"":1}"
2026-10-01,BWET,7,4,0,7,0,1,"{""wallstreetbets"":7}"
2026-10-01,CAPS,6,1,0,6,0,1,"{""pennystocks"":6}"
2026-10-01,CARR,1,1,0,1,0,1,"{""wallstreetbets"":1}"
2026-10-01,CATL,1,1,0,1,0,1,"{""wallstreetbets"":1}"
2026-10-01,CB,1,1,0,1,0,1,"{""wallstreetbets"":1}"
2026-10-01,CBRS,15,10,0,15,0,1,"{""wallstreetbets"":15}"
2026-10-01,CDL,2,2,0,2,0,1,"{""wallstreetbets"":2}"
2026-10-01,CE,1,1,0,1,0,1,"{""wallstreetbets"":1}"
2026-10-01,CEG,6,4,0,6,0,1,"{""wallstreetbets"":6}"
2026-10-01,CELH,1,1,0,1,0,1,"{""wallstreetbets"":1}"
2026-10-01,CHAD,1,1,0,1,0,1,"{""wallstreetbets"":1}"
2026-10-01,CHGG,1,1,0,1,0,1,"{""pennystocks"":1}"
2026-10-01,CIEN,1,1,0,1,0,1,"{""wallstreetbets"":1}"
2026-10-01,CIFR,1,1,0,1,0,1,"{""wallstreetbets"":1}"
2026-10-01,CIK,1,1,1,0,0,1,"{""pennystocks"":1}"
2026-10-01,CIRC,1,1,0,1,0,1,"{""wallstreetbets"":1}"
2026-10-01,CLX,1,1,0,1,0,1,"{""wallstreetbets"":1}"
2026-10-01,CMCT,1,1,0,1,0,1,"{""pennystocks"":1}"
2026-10-01,CME,1,1,0,1,0,1,"{""wallstreetbets"":1}"
2026-10-01,CMG,2,2,0,2,0,1,"{""wallstreetbets"":2}"
2026-10-01,CMPS,1,1,1,0,0,1,"{""smallstreetbets"":1}"
2026-10-01,CNTB,1,1,0,1,0,1,"{""pennystocks"":1}"
2026-10-01,COCK,1,1,0,1,0,0,"{""wallstreetbets"":1}"
2026-10-01,COHR,12,9,0,12,0,1,"{""wallstreetbets"":12}"
2026-10-01,COST,1,1,0,1,0,1,"{""wallstreetbets"":1}"
2026-10-01,COUR,1,1,1,0,0,1,"{""smallstreetbets"":1}"
2026-10-01,CPA,1,1,0,1,0,1,"{""wallstreetbets"":1}"
2026-10-01,CPNG,1,1,0,1,0,1,"{""wallstreetbets"":1}"
2026-10-01,CRDO,5,4,0,5,0,1,"{""wallstreetbets"":5}"
2026-10-01,CREDO,1,1,0,1,0,0,"{""wallstreetbets"":1}"
2026-10-01,CRM,3,1,0,3,0,1,"{""wallstreetbets"":3}"
2026-10-01,CRWD,3,3,0,3,0,1,"{""wallstreetbets"":3}"
2026-10-01,CRWV,5,3,0,5,0,1,"{""wallstreetbets"":5}"
2026-10-01,CTNT,1,1,1,0,0,1,"{""pennystocks"":1}"
2026-10-01,CTVA,7,7,1,6,0,1,"{""pennystocks"":2,""wallstreetbets"":5}"
2026-10-01,CVM,1,1,1,0,0,1,"{""pennystocks"":1}"
2026-10-01,CVNA,2,2,0,2,0,1,"{""wallstreetbets"":2}"
2026-10-01,CVS,1,1,0,1,0,1,"{""smallstreetbets"":1}"
2026-10-01,CXAI,1,1,0,1,0,1,"{""pennystocks"":1}"
2026-10-01,CYPH,2,1,0,2,1,1,"{""pennystocks"":2}"
2026-10-01,DAX,1,1,0,1,0,1,"{""wallstreetbets"":1}"
2026-10-01,DBGI,4,3,0,4,0,1,"{""pennystocks"":4}"
2026-10-01,DCOY,1,1,0,1,0,1,"{""pennystocks"":1}"
2026-10-01,DDOG,2,1,0,2,0,1,"{""wallstreetbets"":2}"
2026-10-01,DEA,1,1,0,1,0,1,"{""wallstreetbets"":1}"
2026-10-01,DEEZ,1,1,0,1,0,0,"{""wallstreetbets"":1}"
2026-10-01,DELL,7,5,0,7,0,1,"{""wallstreetbets"":7}"
2026-10-01,DEW,1,1,0,1,0,1,"{""wallstreetbets"":1}"
2026-10-01,DHT,1,1,0,1,0,1,"{""wallstreetbets"":1}"
2026-10-01,DIA,1,1,0,1,0,1,"{""wallstreetbets"":1}"
2026-10-01,DIS,1,1,0,1,0,1,"{""wallstreetbets"":1}"
2026-10-01,DJT,4,4,0,4,0,1,"{""smallstreetbets"":1,""wallstreetbets"":3}"
2026-10-01,DKNG,2,2,0,2,0,1,"{""wallstreetbets"":2}"
2026-10-01,DOCU,1,1,0,1,0,1,"{""wallstreetbets"":1}"
2026-10-01,DRTS,1,1,0,1,0,1,"{""pennystocks"":1}"
2026-10-01,DVLT,1,1,0,1,0,1,"{""pennystocks"":1}"
2026-10-01,DXYZ,2,2,0,2,0,1,"{""wallstreetbets"":2}"
2026-10-01,EFT,1,1,0,1,0,1,"{""wallstreetbets"":1}"
2026-10-01,EJH,2,1,2,0,0,1,"{""pennystocks"":2}"
2026-10-01,ELF,1,1,0,1,0,1,"{""wallstreetbets"":1}"
2026-10-01,ELS,1,1,0,1,0,1,"{""wallstreetbets"":1}"
2026-10-01,ELUT,1,1,0,1,0,1,"{""pennystocks"":1}"
2026-10-01,ENPH,1,1,0,1,0,1,"{""wallstreetbets"":1}"
2026-10-01,EOSE,1,1,0,1,0,1,"{""wallstreetbets"":1}"
2026-10-01,EPR,1,1,0,1,0,1,"{""wallstreetbets"":1}"
2026-10-01,EQT,1,1,0,1,0,1,"{""wallstreetbets"":1}"
2026-10-01,F,2,1,0,2,0,1,"{""wallstreetbets"":2}"
2026-10-01,FAS,1,1,0,1,0,1,"{""wallstreetbets"":1}"
2026-10-01,FDX,1,1,0,1,0,1,"{""wallstreetbets"":1}"
2026-10-01,FHTX,1,1,1,0,0,1,"{""pennystocks"":1}"
2026-10-01,FICO,10,6,0,10,0,1,"{""wallstreetbets"":10}"
2026-10-01,FLNA,2,1,0,2,0,1,"{""pennystocks"":2}"
2026-10-01,FMC,1,1,0,1,0,1,"{""wallstreetbets"":1}"
2026-10-01,FPS,1,1,0,1,0,1,"{""wallstreetbets"":1}"
2026-10-01,FRST,1,1,0,1,0,1,"{""wallstreetbets"":1}"
2026-10-01,FRVO,4,2,0,4,0,1,"{""wallstreetbets"":4}"
2026-10-01,GAYMF,2,2,0,2,0,0,"{""wallstreetbets"":2}"
2026-10-01,GBF,1,1,0,1,0,0,"{""wallstreetbets"":1}"
2026-10-01,GDX,1,1,0,1,0,1,"{""wallstreetbets"":1}"
2026-10-01,GE,1,1,0,1,0,1,"{""wallstreetbets"":1}"
2026-10-01,GEV,1,1,0,1,0,1,"{""wallstreetbets"":1}"
2026-10-01,GGLL,3,2,0,3,0,1,"{""wallstreetbets"":3}"
2026-10-01,GIPR,7,5,3,4,0,1,"{""pennystocks"":6,""smallstreetbets"":1}"
2026-10-01,GIS,1,1,0,1,0,1,"{""wallstreetbets"":1}"
2026-10-01,GLAS,2,1,1,1,0,1,"{""wallstreetbets"":2}"
2026-10-01,GLD,4,4,0,4,0,1,"{""wallstreetbets"":4}"
2026-10-01,GLND,1,1,0,1,0,1,"{""pennystocks"":1}"
2026-10-01,GLUE,1,1,0,1,0,1,"{""wallstreetbets"":1}"
2026-10-01,GLW,5,4,0,5,0,1,"{""wallstreetbets"":5}"
2026-10-01,GME,1,1,0,1,0,1,"{""smallstreetbets"":1}"
2026-10-01,GNS,7,6,1,6,0,1,"{""pennystocks"":7}"
2026-10-01,GOOG,101,65,0,101,2,1,"{""wallstreetbets"":101}"
2026-10-01,GOOGL,93,41,1,92,0,1,"{""wallstreetbets"":93}"
2026-10-01,GREN,1,1,0,1,0,0,"{""wallstreetbets"":1}"
2026-10-01,GRML,1,1,1,0,0,1,"{""pennystocks"":1}"
2026-10-01,GRND,1,1,0,1,0,1,"{""wallstreetbets"":1}"
2026-10-01,GSAT,1,1,0,1,0,1,"{""wallstreetbets"":1}"
2026-10-01,HD,1,1,1,0,0,1,"{""pennystocks"":1}"
2026-10-01,HEAD,1,1,0,1,0,0,"{""wallstreetbets"":1}"
2026-10-01,HHH,1,1,0,1,0,1,"{""wallstreetbets"":1}"
2026-10-01,HIMS,1,1,0,1,0,1,"{""wallstreetbets"":1}"
2026-10-01,HOG,2,2,0,2,0,1,"{""wallstreetbets"":2}"
2026-10-01,HOOD,21,16,0,21,0,1,"{""wallstreetbets"":21}"
2026-10-01,HOVR,1,1,0,1,0,1,"{""wallstreetbets"":1}"
2026-10-01,HPE,1,1,0,1,0,1,"{""wallstreetbets"":1}"
2026-10-01,HSY,1,1,0,1,0,1,"{""wallstreetbets"":1}"
2026-10-01,HTZ,9,6,0,9,0,1,"{""wallstreetbets"":9}"
2026-10-01,HUT,1,1,0,1,0,1,"{""wallstreetbets"":1}"
2026-10-01,IBIT,1,1,0,1,0,1,"{""wallstreetbets"":1}"
2026-10-01,IBKR,4,4,0,4,0,1,"{""wallstreetbets"":4}"
2026-10-01,IBM,10,7,0,10,0,1,"{""wallstreetbets"":10}"
2026-10-01,IBRX,1,1,0,1,0,1,"{""wallstreetbets"":1}"
2026-10-01,ICHR,1,1,1,0,0,1,"{""wallstreetbets"":1}"
2026-10-01,IEF,3,3,0,3,0,1,"{""wallstreetbets"":3}"
2026-10-01,IGV,1,1,0,1,0,1,"{""wallstreetbets"":1}"
2026-10-01,IMA,1,1,0,1,0,1,"{""wallstreetbets"":1}"
2026-10-01,IMAX,1,1,0,1,0,1,"{""wallstreetbets"":1}"
2026-10-01,IMSR,1,1,0,1,0,1,"{""wallstreetbets"":1}"
2026-10-01,INDV,1,1,0,1,0,1,"{""wallstreetbets"":1}"
2026-10-01,INFQ,2,1,0,2,0,1,"{""wallstreetbets"":2}"
2026-10-01,INOD,4,2,0,4,0,1,"{""wallstreetbets"":4}"
2026-10-01,INSG,2,2,0,2,0,1,"{""pennystocks"":2}"
2026-10-01,INTC,11,9,0,11,0,1,"{""wallstreetbets"":11}"
2026-10-01,INTU,2,1,0,2,0,1,"{""wallstreetbets"":2}"
2026-10-01,IOVA,2,2,0,2,0,1,"{""pennystocks"":1,""wallstreetbets"":1}"
2026-10-01,IREN,6,3,0,6,0,1,"{""wallstreetbets"":6}"
2026-10-01,ITT,1,1,0,1,0,1,"{""smallstreetbets"":1}"
2026-10-01,IUXX,1,1,0,1,0,0,"{""wallstreetbets"":1}"
2026-10-01,IWM,11,9,0,11,0,1,"{""smallstreetbets"":1,""wallstreetbets"":10}"
2026-10-01,IXG,1,1,0,1,0,1,"{""wallstreetbets"":1}"
2026-10-01,JBL,7,6,0,7,0,1,"{""wallstreetbets"":7}"
2026-10-01,JMKE,1,1,0,1,0,1,"{""wallstreetbets"":1}"
2026-10-01,JPM,6,3,0,6,0,1,"{""wallstreetbets"":6}"
2026-10-01,KDK,1,1,0,1,0,1,"{""wallstreetbets"":1}"
2026-10-01,KEEL,2,2,0,2,0,1,"{""pennystocks"":1,""wallstreetbets"":1}"
2026-10-01,KLAC,1,1,0,1,0,1,"{""wallstreetbets"":1}"
2026-10-01,KLAR,1,1,0,1,0,1,"{""wallstreetbets"":1}"
2026-10-01,KMI,1,1,0,1,0,1,"{""wallstreetbets"":1}"
2026-10-01,KOPN,2,2,0,2,0,1,"{""pennystocks"":2}"
2026-10-01,KYC,1,1,0,1,0,1,"{""wallstreetbets"":1}"
2026-10-01,LAC,1,1,0,1,0,1,"{""wallstreetbets"":1}"
2026-10-01,LCID,2,2,0,2,0,1,"{""smallstreetbets"":1,""wallstreetbets"":1}"
2026-10-01,LDI,1,1,0,1,0,1,"{""wallstreetbets"":1}"
2026-10-01,LESL,4,2,1,3,0,1,"{""pennystocks"":3,""smallstreetbets"":1}"
2026-10-01,LGHL,1,1,1,0,0,1,"{""pennystocks"":1}"
2026-10-01,LHX,1,1,0,1,0,1,"{""wallstreetbets"":1}"
2026-10-01,LITE,11,10,0,11,0,1,"{""wallstreetbets"":11}"
2026-10-01,LLY,3,1,0,3,0,1,"{""wallstreetbets"":3}"
2026-10-01,LNAI,2,1,1,1,0,1,"{""pennystocks"":2}"
2026-10-01,LPG,1,1,0,1,0,1,"{""wallstreetbets"":1}"
2026-10-01,LQDA,6,6,0,6,0,1,"{""wallstreetbets"":6}"
2026-10-01,LRCX,3,3,0,3,0,1,"{""wallstreetbets"":3}"
2026-10-01,LRN,1,1,1,0,0,1,"{""smallstreetbets"":1}"
2026-10-01,LUCD,3,3,1,2,0,1,"{""pennystocks"":3}"
2026-10-01,LULU,42,26,0,42,0,1,"{""wallstreetbets"":42}"
2026-10-01,LWLG,1,1,0,1,0,1,"{""pennystocks"":1}"
2026-10-01,MAAS,1,1,0,1,0,1,"{""wallstreetbets"":1}"
2026-10-01,MAGS,1,1,0,1,0,1,"{""wallstreetbets"":1}"
2026-10-01,MCD,26,16,0,26,0,1,"{""wallstreetbets"":26}"
2026-10-01,MDAI,1,1,0,1,0,1,"{""pennystocks"":1}"
2026-10-01,MEDS,9,3,2,7,0,1,"{""pennystocks"":8,""wallstreetbets"":1}"
2026-10-01,META,31,20,1,30,2,1,"{""wallstreetbets"":31}"
2026-10-01,MKC,2,2,0,2,0,1,"{""wallstreetbets"":2}"
2026-10-01,MKL,1,1,0,1,0,1,"{""wallstreetbets"":1}"
2026-10-01,MRNA,6,4,0,6,0,1,"{""wallstreetbets"":6}"
2026-10-01,MRVL,8,7,0,8,0,1,"{""wallstreetbets"":8}"
2026-10-01,MSA,1,1,1,0,0,1,"{""pennystocks"":1}"
2026-10-01,MSCI,1,1,0,1,0,1,"{""wallstreetbets"":1}"
2026-10-01,MSFT,36,28,1,35,0,1,"{""wallstreetbets"":36}"
2026-10-01,MSN,1,1,0,1,0,1,"{""smallstreetbets"":1}"
2026-10-01,MSOS,2,2,0,2,0,1,"{""wallstreetbets"":2}"
2026-10-01,MSTR,6,5,0,6,0,1,"{""wallstreetbets"":6}"
2026-10-01,MTG,1,1,0,1,0,1,"{""wallstreetbets"":1}"
2026-10-01,MU,10,8,1,9,0,1,"{""wallstreetbets"":10}"
2026-10-01,MUU,9,4,0,9,0,1,"{""wallstreetbets"":9}"
2026-10-01,MUZ,1,1,0,1,0,1,"{""wallstreetbets"":1}"
2026-10-01,MWH,1,1,0,1,0,1,"{""wallstreetbets"":1}"
2026-10-01,MX,3,2,2,1,0,1,"{""pennystocks"":1,""wallstreetbets"":2}"
2026-10-01,NAMM,13,7,0,13,0,1,"{""pennystocks"":11,""wallstreetbets"":2}"
2026-10-01,NAUT,2,2,0,2,0,1,"{""pennystocks"":2}"
2026-10-01,NBIS,23,15,0,23,0,1,"{""wallstreetbets"":23}"
2026-10-01,NEBX,1,1,0,1,0,1,"{""wallstreetbets"":1}"
2026-10-01,NFLX,26,19,0,26,0,1,"{""wallstreetbets"":26}"
2026-10-01,NIO,1,1,0,1,0,1,"{""wallstreetbets"":1}"
2026-10-01,NIVF,1,1,1,0,0,1,"{""pennystocks"":1}"
2026-10-01,NKE,445,236,1,444,0,1,"{""wallstreetbets"":445}"
2026-10-01,NOK,4,4,0,4,0,1,"{""wallstreetbets"":4}"
2026-10-01,NOW,1,1,0,1,0,1,"{""wallstreetbets"":1}"
2026-10-01,NU,1,1,0,1,0,1,"{""wallstreetbets"":1}"
2026-10-01,NUAI,1,1,0,1,0,1,"{""pennystocks"":1}"
2026-10-01,NVDA,77,63,3,74,0,1,"{""wallstreetbets"":77}"
2026-10-01,NVO,2,2,0,2,0,1,"{""wallstreetbets"":2}"
2026-10-01,NVTS,2,2,0,2,0,1,"{""wallstreetbets"":2}"
2026-10-01,NXE,1,1,0,1,0,1,"{""wallstreetbets"":1}"
2026-10-01,NXL,10,6,1,9,0,1,"{""pennystocks"":9,""smallstreetbets"":1}"
2026-10-01,O,1,1,0,1,0,1,"{""wallstreetbets"":1}"
2026-10-01,OCS,1,1,0,1,0,1,"{""wallstreetbets"":1}"
2026-10-01,OKLO,4,3,0,4,0,1,"{""wallstreetbets"":4}"
2026-10-01,ONCO,1,1,0,1,0,1,"{""pennystocks"":1}"
2026-10-01,ONDS,3,3,0,3,0,1,"{""wallstreetbets"":3}"
2026-10-01,ONON,7,4,0,7,0,1,"{""wallstreetbets"":7}"
2026-10-01,OPEN,2,2,0,2,0,1,"{""wallstreetbets"":2}"
2026-10-01,OPEX,1,1,0,1,0,1,"{""wallstreetbets"":1}"
2026-10-01,ORBS,3,1,0,3,0,1,"{""pennystocks"":1,""wallstreetbets"":2}"
2026-10-01,ORCL,14,14,1,13,0,1,"{""wallstreetbets"":14}"
2026-10-01,OTLK,1,1,0,1,0,1,"{""wallstreetbets"":1}"
2026-10-01,PACB,2,1,0,2,0,1,"{""pennystocks"":2}"
2026-10-01,PANW,1,1,0,1,0,1,"{""wallstreetbets"":1}"
2026-10-01,PBD,1,1,0,1,0,1,"{""wallstreetbets"":1}"
2026-10-01,PBK,2,2,0,2,0,1,"{""pennystocks"":2}"
2026-10-01,PCB,1,1,0,1,0,1,"{""pennystocks"":1}"
2026-10-01,PCR,1,1,0,1,0,1,"{""wallstreetbets"":1}"
2026-10-01,PDYN,1,1,0,1,0,1,"{""pennystocks"":1}"
2026-10-01,PENG,2,1,0,2,0,1,"{""wallstreetbets"":2}"
2026-10-01,PEP,3,3,0,3,0,1,"{""wallstreetbets"":3}"
2026-10-01,PG,1,1,0,1,0,1,"{""wallstreetbets"":1}"
2026-10-01,PGR,1,1,0,1,0,1,"{""wallstreetbets"":1}"
2026-10-01,PII,1,1,0,1,0,1,"{""wallstreetbets"":1}"
2026-10-01,PLNT,3,3,0,3,0,1,"{""wallstreetbets"":3}"
2026-10-01,PLTR,28,21,0,28,0,1,"{""wallstreetbets"":28}"
2026-10-01,PMI,6,5,0,6,0,1,"{""wallstreetbets"":6}"
2026-10-01,PPT,1,1,0,1,0,1,"{""wallstreetbets"":1}"
2026-10-01,PRAX,1,1,0,1,0,1,"{""wallstreetbets"":1}"
2026-10-01,PUSA,1,1,0,1,0,1,"{""pennystocks"":1}"
2026-10-01,QBTS,1,1,0,1,0,1,"{""wallstreetbets"":1}"
2026-10-01,QCOM,1,1,1,0,0,1,"{""pennystocks"":1}"
2026-10-01,QHY,1,1,0,1,0,1,"{""wallstreetbets"":1}"
2026-10-01,QMCO,1,1,1,0,0,1,"{""smallstreetbets"":1}"
2026-10-01,QNT,3,2,1,2,0,1,"{""wallstreetbets"":3}"
2026-10-01,QQQ,135,89,0,135,0,1,"{""wallstreetbets"":135}"
2026-10-01,QQQI,2,1,0,2,0,1,"{""wallstreetbets"":2}"
2026-10-01,QSI,6,4,3,3,0,1,"{""pennystocks"":6}"
2026-10-01,QXO,2,2,0,2,0,1,"{""wallstreetbets"":2}"
2026-10-01,RBRK,1,1,0,1,0,1,"{""wallstreetbets"":1}"
2026-10-01,RCAT,2,2,0,2,0,1,"{""pennystocks"":1,""wallstreetbets"":1}"
2026-10-01,RDDT,16,13,0,16,0,1,"{""wallstreetbets"":16}"
2026-10-01,RIOT,1,1,0,1,0,1,"{""wallstreetbets"":1}"
2026-10-01,RIVN,5,4,0,5,0,1,"{""wallstreetbets"":5}"
2026-10-01,RKLB,38,22,0,38,0,1,"{""wallstreetbets"":38}"
2026-10-01,ROBO,1,1,0,1,0,1,"{""wallstreetbets"":1}"
2026-10-01,ROLR,1,1,1,0,0,1,"{""smallstreetbets"":1}"
2026-10-01,ROPE,4,4,0,4,0,1,"{""wallstreetbets"":4}"
2026-10-01,RRX,2,1,0,2,0,1,"{""wallstreetbets"":2}"
2026-10-01,RSKD,1,1,0,1,0,1,"{""pennystocks"":1}"
2026-10-01,RSP,1,1,0,1,0,1,"{""wallstreetbets"":1}"
2026-10-01,RUM,1,1,0,1,0,1,"{""wallstreetbets"":1}"
2026-10-01,RYET,1,1,1,0,0,1,"{""smallstreetbets"":1}"
2026-10-01,RZAI,1,1,1,0,0,1,"{""smallstreetbets"":1}"
2026-10-01,RZLVW,1,1,0,1,0,1,"{""pennystocks"":1}"
2026-10-01,SAP,1,1,0,1,0,1,"{""wallstreetbets"":1}"
2026-10-01,SATL,11,4,0,11,0,1,"{""pennystocks"":5,""wallstreetbets"":6}"
2026-10-01,SBET,1,1,0,1,0,1,"{""wallstreetbets"":1}"
2026-10-01,SCHD,1,1,0,1,0,1,"{""wallstreetbets"":1}"
2026-10-01,SCHW,1,1,0,1,0,1,"{""wallstreetbets"":1}"
2026-10-01,SCKT,5,4,0,5,0,1,"{""pennystocks"":5}"
2026-10-01,SCNX,1,1,1,0,0,1,"{""pennystocks"":1}"
2026-10-01,SCO,1,1,0,1,0,1,"{""wallstreetbets"":1}"
2026-10-01,SCYB,1,1,0,1,0,1,"{""wallstreetbets"":1}"
2026-10-01,SDEV,16,9,2,14,0,1,"{""pennystocks"":11,""wallstreetbets"":5}"
2026-10-01,SGA,1,1,0,1,0,1,"{""wallstreetbets"":1}"
2026-10-01,SGOV,1,1,0,1,0,1,"{""wallstreetbets"":1}"
2026-10-01,SHFS,1,1,0,1,0,1,"{""pennystocks"":1}"
2026-10-01,SKHY,7,5,0,7,0,1,"{""wallstreetbets"":7}"
2026-10-01,SKYX,3,2,1,2,0,1,"{""pennystocks"":3}"
2026-10-01,SLND,2,1,0,2,0,1,"{""pennystocks"":2}"
2026-10-01,SLS,8,7,0,8,0,1,"{""pennystocks"":3,""wallstreetbets"":5}"
2026-10-01,SMCI,3,3,0,3,0,1,"{""wallstreetbets"":3}"
2026-10-01,SMJF,1,1,1,0,0,1,"{""pennystocks"":1}"
2026-10-01,SNDK,64,36,0,64,1,1,"{""wallstreetbets"":64}"
2026-10-01,SNDQ,1,1,0,1,0,1,"{""wallstreetbets"":1}"
2026-10-01,SNPS,5,3,0,5,0,1,"{""wallstreetbets"":5}"
2026-10-01,SNXX,2,1,0,2,0,1,"{""wallstreetbets"":2}"
2026-10-01,SOC,1,1,0,1,0,1,"{""wallstreetbets"":1}"
2026-10-01,SOFI,7,7,0,7,0,1,"{""smallstreetbets"":1,""wallstreetbets"":6}"
2026-10-01,SOLS,1,1,0,1,0,1,"{""wallstreetbets"":1}"
2026-10-01,SOLV,1,1,0,1,0,1,"{""wallstreetbets"":1}"
2026-10-01,SOXL,15,9,0,15,0,1,"{""wallstreetbets"":15}"
2026-10-01,SOXS,4,4,0,4,0,1,"{""wallstreetbets"":4}"
2026-10-01,SOXX,18,8,0,18,0,1,"{""wallstreetbets"":18}"
2026-10-01,SPCX,24,19,0,24,1,1,"{""wallstreetbets"":24}"
2026-10-01,SPTL,1,1,0,1,0,1,"{""wallstreetbets"":1}"
2026-10-01,SPXU,1,1,0,1,0,1,"{""wallstreetbets"":1}"
2026-10-01,SPY,277,165,2,275,1,1,"{""smallstreetbets"":4,""wallstreetbets"":273}"
2026-10-01,SQQQ,1,1,0,1,0,1,"{""wallstreetbets"":1}"
2026-10-01,SRFM,1,1,0,1,0,1,"{""pennystocks"":1}"
2026-10-01,SSB,1,1,0,1,0,1,"{""smallstreetbets"":1}"
2026-10-01,SSD,1,1,0,1,0,1,"{""wallstreetbets"":1}"
2026-10-01,SSGC,1,1,1,0,0,0,"{""pennystocks"":1}"
2026-10-01,SSM,3,2,0,3,0,1,"{""pennystocks"":2,""wallstreetbets"":1}"
2026-10-01,SSPY,1,1,0,1,0,1,"{""wallstreetbets"":1}"
2026-10-01,STLA,1,1,0,1,0,1,"{""wallstreetbets"":1}"
2026-10-01,STWD,1,1,0,1,0,1,"{""wallstreetbets"":1}"
2026-10-01,STZ,1,1,0,1,0,1,"{""wallstreetbets"":1}"
2026-10-01,TARA,1,1,0,1,0,1,"{""wallstreetbets"":1}"
2026-10-01,TBF,1,1,0,1,0,1,"{""wallstreetbets"":1}"
2026-10-01,TBT,1,1,0,1,0,1,"{""wallstreetbets"":1}"
2026-10-01,TDOC,1,1,0,1,0,1,"{""wallstreetbets"":1}"
2026-10-01,TEM,1,1,0,1,0,1,"{""wallstreetbets"":1}"
2026-10-01,TESLA,1,1,0,1,0,0,"{""wallstreetbets"":1}"
2026-10-01,TGE,1,1,0,1,0,1,"{""pennystocks"":1}"
2026-10-01,TLRY,1,1,0,1,0,1,"{""wallstreetbets"":1}"
2026-10-01,TLT,74,58,1,73,0,1,"{""wallstreetbets"":74}"
2026-10-01,TLTI,2,2,0,2,0,1,"{""wallstreetbets"":2}"
2026-10-01,TMF,1,1,0,1,0,1,"{""wallstreetbets"":1}"
2026-10-01,TMV,1,1,0,1,0,1,"{""wallstreetbets"":1}"
2026-10-01,TQQQ,9,6,0,9,0,1,"{""wallstreetbets"":9}"
2026-10-01,TRLV,1,1,0,1,0,1,"{""wallstreetbets"":1}"
2026-10-01,TSLA,31,22,1,30,0,1,"{""pennystocks"":1,""wallstreetbets"":30}"
2026-10-01,TSM,4,4,0,4,0,1,"{""wallstreetbets"":4}"
2026-10-01,TTAN,1,1,0,1,0,1,"{""wallstreetbets"":1}"
2026-10-01,TTD,4,4,0,4,0,1,"{""wallstreetbets"":4}"
2026-10-01,TTEC,1,1,0,1,0,1,"{""pennystocks"":1}"
2026-10-01,TTWO,9,8,1,8,0,1,"{""wallstreetbets"":9}"
2026-10-01,U,1,1,0,1,0,1,"{""wallstreetbets"":1}"
2026-10-01,UAA,1,1,0,1,0,1,"{""wallstreetbets"":1}"
2026-10-01,UBER,4,4,0,4,0,1,"{""wallstreetbets"":4}"
2026-10-01,UBS,1,1,0,1,0,1,"{""wallstreetbets"":1}"
2026-10-01,UMAC,1,1,0,1,0,1,"{""wallstreetbets"":1}"
2026-10-01,UNH,2,2,0,2,0,1,"{""wallstreetbets"":2}"
2026-10-01,UPS,1,1,0,1,0,1,"{""wallstreetbets"":1}"
2026-10-01,UPST,8,3,1,7,0,1,"{""wallstreetbets"":8}"
2026-10-01,USAR,1,1,0,1,0,1,"{""wallstreetbets"":1}"
2026-10-01,USB,1,1,0,1,0,1,"{""wallstreetbets"":1}"
2026-10-01,USO,24,12,0,24,0,1,"{""wallstreetbets"":24}"
2026-10-01,UTHR,2,1,0,2,0,1,"{""wallstreetbets"":2}"
2026-10-01,UTI,1,1,0,1,0,1,"{""wallstreetbets"":1}"
2026-10-01,UUP,1,1,0,1,0,1,"{""wallstreetbets"":1}"
2026-10-01,UUUU,2,2,0,2,0,1,"{""wallstreetbets"":2}"
2026-10-01,UVIX,2,2,0,2,0,1,"{""wallstreetbets"":2}"
2026-10-01,UVXY,2,2,1,1,0,1,"{""smallstreetbets"":1,""wallstreetbets"":1}"
2026-10-01,UZX,1,1,0,1,0,1,"{""pennystocks"":1}"
2026-10-01,VDE,1,1,0,1,0,1,"{""wallstreetbets"":1}"
2026-10-01,VEEA,4,3,3,1,0,1,"{""pennystocks"":3,""smallstreetbets"":1}"
2026-10-01,VEEE,1,1,0,1,0,1,"{""pennystocks"":1}"
2026-10-01,VERI,1,1,1,0,0,1,"{""pennystocks"":1}"
2026-10-01,VICI,4,3,0,4,0,1,"{""wallstreetbets"":4}"
2026-10-01,VICR,2,2,1,1,0,1,"{""wallstreetbets"":2}"
2026-10-01,VIVK,2,2,1,1,0,1,"{""pennystocks"":2}"
2026-10-01,VIX,1,1,0,1,0,0,"{""wallstreetbets"":1}"
2026-10-01,VOC,1,1,0,1,0,1,"{""wallstreetbets"":1}"
2026-10-01,VOO,10,9,0,10,0,1,"{""smallstreetbets"":1,""wallstreetbets"":9}"
2026-10-01,VRT,1,1,0,1,0,1,"{""wallstreetbets"":1}"
2026-10-01,VST,5,2,0,5,0,1,"{""wallstreetbets"":5}"
2026-10-01,VWAV,1,1,0,1,0,1,"{""pennystocks"":1}"
2026-10-01,VXUS,1,1,0,1,0,1,"{""wallstreetbets"":1}"
2026-10-01,VYLR,1,1,0,1,0,1,"{""wallstreetbets"":1}"
2026-10-01,WAL,1,1,0,1,0,1,"{""wallstreetbets"":1}"
2026-10-01,WBD,2,2,0,2,0,1,"{""wallstreetbets"":2}"
2026-10-01,WCT,8,3,1,7,0,1,"{""pennystocks"":8}"
2026-10-01,WDC,5,5,0,5,0,1,"{""wallstreetbets"":5}"
2026-10-01,WEN,1,1,0,1,0,1,"{""wallstreetbets"":1}"
2026-10-01,WETO,1,1,0,1,0,1,"{""pennystocks"":1}"
2026-10-01,WHR,1,1,0,1,0,1,"{""wallstreetbets"":1}"
2026-10-01,WMT,3,3,0,3,0,1,"{""wallstreetbets"":3}"
2026-10-01,WOOF,1,1,0,1,0,1,"{""wallstreetbets"":1}"
2026-10-01,WRB,1,1,0,1,0,1,"{""wallstreetbets"":1}"
2026-10-01,XE,1,1,0,1,0,1,"{""wallstreetbets"":1}"
2026-10-01,XLC,1,1,0,1,0,1,"{""wallstreetbets"":1}"
2026-10-01,XLE,1,1,0,1,0,1,"{""wallstreetbets"":1}"
2026-10-01,XLF,2,2,0,2,0,1,"{""wallstreetbets"":2}"
2026-10-01,XLK,2,2,0,2,0,1,"{""wallstreetbets"":2}"
2026-10-01,XLU,1,1,0,1,0,1,"{""wallstreetbets"":1}"
2026-10-01,YYAI,1,1,0,1,0,1,"{""pennystocks"":1}"
2026-10-01,ZENA,1,1,1,0,0,1,"{""pennystocks"":1}"
2026-10-01,ZROZ,3,1,1,2,0,1,"{""wallstreetbets"":3}"
2026-10-02,AAOI,3,3,0,3,0,1,"{""wallstreetbets"":3}"
2026-10-02,AAPL,19,11,0,19,0,1,"{""wallstreetbets"":19}"
2026-10-02,ACHR,1,1,0,1,0,1,"{""wallstreetbets"":1}"
2026-10-02,ACN,12,7,0,12,0,1,"{""wallstreetbets"":12}"
2026-10-02,ADBE,2,2,0,2,0,1,"{""wallstreetbets"":2}"
2026-10-02,AEHR,1,1,0,1,0,1,"{""wallstreetbets"":1}"
2026-10-02,AEO,2,1,0,2,0,1,"{""wallstreetbets"":2}"
2026-10-02,AIN,1,1,0,1,0,1,"{""wallstreetbets"":1}"
2026-10-02,AIXI,3,3,2,1,0,1,"{""pennystocks"":2,""smallstreetbets"":1}"
2026-10-02,ALAB,5,4,0,5,0,1,"{""wallstreetbets"":5}"
2026-10-02,AMAT,2,2,0,2,0,1,"{""wallstreetbets"":2}"
2026-10-02,AMBA,2,2,0,2,0,1,"{""wallstreetbets"":2}"
2026-10-02,AMC,3,3,0,3,0,1,"{""wallstreetbets"":3}"
2026-10-02,AMD,57,28,2,55,1,1,"{""wallstreetbets"":57}"
2026-10-02,AMIX,1,1,0,1,0,1,"{""pennystocks"":1}"
2026-10-02,AMKR,2,2,0,2,0,1,"{""wallstreetbets"":2}"
2026-10-02,AMOD,19,10,1,18,0,1,"{""pennystocks"":19}"
2026-10-02,AMZM,1,1,0,1,0,0,"{""wallstreetbets"":1}"
2026-10-02,AMZN,24,14,0,24,0,1,"{""wallstreetbets"":24}"
2026-10-02,AMZU,1,1,0,1,0,1,"{""wallstreetbets"":1}"
2026-10-02,ANET,2,2,0,2,0,1,"{""wallstreetbets"":2}"
2026-10-02,ANEW,4,1,0,4,0,1,"{""pennystocks"":4}"
2026-10-02,ANTA,2,2,0,2,0,1,"{""wallstreetbets"":2}"
2026-10-02,APLD,25,14,1,24,0,1,"{""wallstreetbets"":25}"
2026-10-02,APP,31,23,0,31,0,1,"{""pennystocks"":1,""wallstreetbets"":30}"
2026-10-02,ARAY,10,1,0,10,0,1,"{""wallstreetbets"":10}"
2026-10-02,ARKG,1,1,0,1,0,1,"{""wallstreetbets"":1}"
2026-10-02,ARLP,1,1,0,1,0,1,"{""wallstreetbets"":1}"
2026-10-02,ARM,3,3,0,3,0,1,"{""wallstreetbets"":3}"
2026-10-02,ASML,6,6,0,6,0,1,"{""wallstreetbets"":6}"
2026-10-02,ASS,2,2,0,2,0,0,"{""wallstreetbets"":2}"
2026-10-02,ASTS,24,16,0,24,0,1,"{""wallstreetbets"":24}"
2026-10-02,ATCH,1,1,0,1,0,1,"{""pennystocks"":1}"
2026-10-02,AUR,2,2,1,1,0,1,"{""wallstreetbets"":2}"
2026-10-02,AUUD,1,1,0,1,0,1,"{""pennystocks"":1}"
2026-10-02,AVAV,3,2,0,3,0,1,"{""wallstreetbets"":3}"
2026-10-02,AVGO,22,20,0,22,0,1,"{""wallstreetbets"":22}"
2026-10-02,AXON,3,2,0,3,0,1,"{""wallstreetbets"":3}"
2026-10-02,AXS,1,1,0,1,0,1,"{""wallstreetbets"":1}"
2026-10-02,AXTI,4,3,0,4,0,1,"{""wallstreetbets"":4}"
2026-10-02,BA,1,1,0,1,0,1,"{""wallstreetbets"":1}"
2026-10-02,BABA,2,2,0,2,0,1,"{""wallstreetbets"":2}"
2026-10-02,BBAI,2,2,1,1,0,1,"{""pennystocks"":1,""wallstreetbets"":1}"
2026-10-02,BBCP,1,1,0,1,0,1,"{""wallstreetbets"":1}"
2026-10-02,BBLG,1,1,0,1,0,1,"{""pennystocks"":1}"
2026-10-02,BBW,1,1,0,1,0,1,"{""wallstreetbets"":1}"
2026-10-02,BCG,1,1,0,1,0,1,"{""wallstreetbets"":1}"
2026-10-02,BCRX,1,1,0,1,0,1,"{""wallstreetbets"":1}"
2026-10-02,BE,1,1,0,1,0,1,"{""wallstreetbets"":1}"
2026-10-02,BENF,2,1,0,2,0,1,"{""pennystocks"":2}"
2026-10-02,BERZ,1,1,0,1,0,1,"{""wallstreetbets"":1}"
2026-10-02,BETR,1,1,0,1,0,1,"{""wallstreetbets"":1}"
2026-10-02,BKYI,1,1,0,1,0,1,"{""pennystocks"":1}"
2026-10-02,BLGO,1,1,1,0,0,0,"{""pennystocks"":1}"
2026-10-02,BLPTF,1,1,1,0,0,0,"{""pennystocks"":1}"
2026-10-02,BNTX,1,1,1,0,0,1,"{""wallstreetbets"":1}"
2026-10-02,BOFA,1,1,0,1,0,0,"{""wallstreetbets"":1}"
2026-10-02,BOP,5,1,0,5,0,0,"{""wallstreetbets"":5}"
2026-10-02,BRUN,6,2,0,6,0,1,"{""wallstreetbets"":6}"
2026-10-02,BUFF,1,1,1,0,0,1,"{""pennystocks"":1}"
2026-10-02,BULL,1,1,0,1,0,1,"{""wallstreetbets"":1}"
2026-10-02,BURU,1,1,0,1,0,1,"{""pennystocks"":1}"
2026-10-02,BWET,9,5,0,9,0,1,"{""wallstreetbets"":9}"
2026-10-02,BYND,4,4,1,3,0,1,"{""wallstreetbets"":4}"
2026-10-02,CAPS,4,1,0,4,0,1,"{""pennystocks"":4}"
2026-10-02,CBRS,9,8,0,9,0,1,"{""wallstreetbets"":9}"
2026-10-02,CCL,3,3,0,3,0,1,"{""wallstreetbets"":3}"
2026-10-02,CCS,1,1,0,1,0,1,"{""wallstreetbets"":1}"
2026-10-02,CDP,1,1,0,1,0,1,"{""wallstreetbets"":1}"
2026-10-02,CDT,1,1,0,1,0,1,"{""smallstreetbets"":1}"
2026-10-02,CEF,1,1,1,0,0,1,"{""wallstreetbets"":1}"
2026-10-02,CEG,1,1,0,1,0,1,"{""wallstreetbets"":1}"
2026-10-02,CELH,1,1,0,1,0,1,"{""wallstreetbets"":1}"
2026-10-02,CHAD,1,1,0,1,0,1,"{""wallstreetbets"":1}"
2026-10-02,CHTR,1,1,0,1,0,1,"{""wallstreetbets"":1}"
2026-10-02,CIFR,1,1,0,1,0,1,"{""wallstreetbets"":1}"
2026-10-02,CIRC,2,1,0,2,0,1,"{""wallstreetbets"":2}"
2026-10-02,CLFD,1,1,0,1,0,1,"{""wallstreetbets"":1}"
2026-10-02,CMG,1,1,0,1,0,1,"{""pennystocks"":1}"
2026-10-02,CMPS,2,2,0,2,0,1,"{""smallstreetbets"":1,""wallstreetbets"":1}"
2026-10-02,CNTB,1,1,0,1,0,1,"{""pennystocks"":1}"
2026-10-02,COHR,2,2,0,2,0,1,"{""wallstreetbets"":2}"
2026-10-02,COIN,7,5,1,6,0,1,"{""wallstreetbets"":7}"
2026-10-02,CPNG,1,1,0,1,0,1,"{""wallstreetbets"":1}"
2026-10-02,CPS,1,1,0,1,0,1,"{""wallstreetbets"":1}"
2026-10-02,CRCL,1,1,0,1,0,1,"{""wallstreetbets"":1}"
2026-10-02,CRDO,22,17,0,22,0,1,"{""smallstreetbets"":2,""wallstreetbets"":20}"
2026-10-02,CRM,1,1,0,1,0,1,"{""wallstreetbets"":1}"
2026-10-02,CROX,1,1,0,1,0,1,"{""wallstreetbets"":1}"
2026-10-02,CRWD,6,6,0,6,0,1,"{""wallstreetbets"":6}"
2026-10-02,CRWV,4,2,0,4,0,1,"{""wallstreetbets"":4}"
2026-10-02,CTM,1,1,0,1,0,1,"{""pennystocks"":1}"
2026-10-02,CUM,2,1,0,2,0,0,"{""wallstreetbets"":2}"
2026-10-02,CVNA,4,4,0,4,0,1,"{""wallstreetbets"":4}"
2026-10-02,CYCU,15,10,2,13,1,1,"{""pennystocks"":15}"
2026-10-02,CYPH,1,1,0,1,1,1,"{""pennystocks"":1}"
2026-10-02,DAR,2,1,0,2,0,1,"{""wallstreetbets"":2}"
2026-10-02,DBGI,1,1,0,1,0,1,"{""pennystocks"":1}"
2026-10-02,DDC,5,4,1,4,1,1,"{""pennystocks"":4,""wallstreetbets"":1}"
2026-10-02,DDD,1,1,0,1,0,1,"{""wallstreetbets"":1}"
2026-10-02,DDDD,1,1,0,1,0,1,"{""wallstreetbets"":1}"
2026-10-02,DDOG,2,1,0,2,0,1,"{""wallstreetbets"":2}"
2026-10-02,DECK,1,1,0,1,0,1,"{""wallstreetbets"":1}"
2026-10-02,DELL,12,8,0,12,0,1,"{""wallstreetbets"":12}"
2026-10-02,DGXX,1,1,0,1,0,1,"{""pennystocks"":1}"
2026-10-02,DIBS,1,1,0,1,0,1,"{""wallstreetbets"":1}"
2026-10-02,DIPR,1,1,0,1,0,1,"{""wallstreetbets"":1}"
2026-10-02,DIPS,1,1,0,1,0,1,"{""wallstreetbets"":1}"
2026-10-02,DIS,2,2,0,2,0,1,"{""wallstreetbets"":2}"
2026-10-02,DJT,1,1,0,1,0,1,"{""wallstreetbets"":1}"
2026-10-02,DKNG,2,2,0,2,0,1,"{""pennystocks"":1,""wallstreetbets"":1}"
2026-10-02,DRAM,1,1,0,1,0,1,"{""wallstreetbets"":1}"
2026-10-02,DSL,1,1,0,1,0,1,"{""wallstreetbets"":1}"
2026-10-02,DUOL,2,2,0,2,0,1,"{""wallstreetbets"":2}"
2026-10-02,DVLT,1,1,0,1,0,1,"{""pennystocks"":1}"
2026-10-02,DXYZ,4,4,1,3,0,1,"{""wallstreetbets"":4}"
2026-10-02,ECAT,1,1,1,0,0,1,"{""pennystocks"":1}"
2026-10-02,EDC,1,1,0,1,0,1,"{""wallstreetbets"":1}"
2026-10-02,EKG,1,1,0,1,0,1,"{""wallstreetbets"":1}"
2026-10-02,EML,1,1,0,1,0,1,"{""wallstreetbets"":1}"
2026-10-02,ENE,4,1,0,4,0,0,"{""wallstreetbets"":4}"
2026-10-02,EOSE,1,1,0,1,0,1,"{""wallstreetbets"":1}"
2026-10-02,ESKRF,2,1,2,0,0,0,"{""pennystocks"":2}"
2026-10-02,ESP,1,1,0,1,0,1,"{""wallstreetbets"":1}"
2026-10-02,EXPO,1,1,1,0,0,1,"{""smallstreetbets"":1}"
2026-10-02,FCX,1,1,0,1,0,1,"{""wallstreetbets"":1}"
2026-10-02,FEAM,1,1,1,0,0,1,"{""pennystocks"":1}"
2026-10-02,FFAI,1,1,0,1,0,1,"{""wallstreetbets"":1}"
2026-10-02,FHTX,1,1,1,0,0,1,"{""pennystocks"":1}"
2026-10-02,FICO,4,2,0,4,0,1,"{""wallstreetbets"":4}"
2026-10-02,FIS,1,1,0,1,0,1,"{""wallstreetbets"":1}"
2026-10-02,FLEE,2,1,0,2,0,1,"{""wallstreetbets"":2}"
2026-10-02,FLNA,1,1,0,1,0,1,"{""pennystocks"":1}"
2026-10-02,FLNC,1,1,0,1,0,1,"{""wallstreetbets"":1}"
2026-10-02,FLUT,2,1,2,0,0,1,"{""wallstreetbets"":2}"
2026-10-02,FLUX,4,2,0,4,0,1,"{""pennystocks"":4}"
2026-10-02,FNGR,1,1,0,1,0,1,"{""pennystocks"":1}"
2026-10-02,FPS,1,1,0,1,0,1,"{""wallstreetbets"":1}"
2026-10-02,FRVO,1,1,0,1,0,1,"{""wallstreetbets"":1}"
2026-10-02,FSLR,1,1,0,1,0,1,"{""wallstreetbets"":1}"
2026-10-02,FXY,1,1,0,1,0,1,"{""wallstreetbets"":1}"
2026-10-02,GAYMF,1,1,0,1,0,0,"{""wallstreetbets"":1}"
2026-10-02,GEV,3,2,0,3,0,1,"{""wallstreetbets"":3}"
2026-10-02,GGLL,4,2,0,4,0,1,"{""wallstreetbets"":4}"
2026-10-02,GIB,1,1,0,1,0,1,"{""wallstreetbets"":1}"
2026-10-02,GILT,1,1,0,1,0,1,"{""wallstreetbets"":1}"
2026-10-02,GLAS,2,2,0,2,0,1,"{""wallstreetbets"":2}"
2026-10-02,GLD,2,2,0,2,0,1,"{""wallstreetbets"":2}"
2026-10-02,GLND,1,1,0,1,0,1,"{""pennystocks"":1}"
2026-10-02,GME,21,17,1,20,1,1,"{""pennystocks"":1,""wallstreetbets"":20}"
2026-10-02,GOOG,37,32,2,35,0,1,"{""wallstreetbets"":37}"
2026-10-02,GOOGL,29,17,1,28,0,1,"{""wallstreetbets"":29}"
2026-10-02,GOW,19,6,1,18,0,1,"{""pennystocks"":19}"
2026-10-02,GRML,4,2,4,0,0,1,"{""pennystocks"":1,""wallstreetbets"":3}"
2026-10-02,GRND,1,1,0,1,0,1,"{""wallstreetbets"":1}"
2026-10-02,GTO,1,1,0,1,0,1,"{""wallstreetbets"":1}"
2026-10-02,HD,1,1,0,1,0,1,"{""wallstreetbets"":1}"
2026-10-02,HMR,1,1,0,1,0,1,"{""pennystocks"":1}"
2026-10-02,HOOD,38,27,1,37,1,1,"{""smallstreetbets"":1,""wallstreetbets"":37}"
2026-10-02,HPE,5,3,0,5,0,1,"{""wallstreetbets"":5}"
2026-10-02,HPQ,1,1,1,0,0,1,"{""pennystocks"":1}"
2026-10-02,HTZ,7,7,1,6,0,1,"{""pennystocks"":2,""smallstreetbets"":1,""wallstreetbets"":4}"
2026-10-02,IBIT,3,2,1,2,0,1,"{""wallstreetbets"":3}"
2026-10-02,IBKR,5,5,0,5,0,1,"{""wallstreetbets"":5}"
2026-10-02,IBM,3,2,0,3,0,1,"{""wallstreetbets"":3}"
2026-10-02,IBRX,1,1,0,1,0,1,"{""wallstreetbets"":1}"
2026-10-02,IEP,1,1,1,0,0,1,"{""wallstreetbets"":1}"
2026-10-02,ILMN,1,1,1,0,0,1,"{""wallstreetbets"":1}"
2026-10-02,IMA,1,1,0,1,0,1,"{""wallstreetbets"":1}"
2026-10-02,IMAX,1,1,0,1,0,1,"{""wallstreetbets"":1}"
2026-10-02,INDV,2,1,0,2,0,1,"{""wallstreetbets"":2}"
2026-10-02,INFQ,3,2,0,3,0,1,"{""wallstreetbets"":3}"
2026-10-02,INOD,1,1,0,1,0,1,"{""wallstreetbets"":1}"
2026-10-02,INSG,1,1,0,1,0,1,"{""pennystocks"":1}"
2026-10-02,INTC,18,17,0,18,0,1,"{""smallstreetbets"":1,""wallstreetbets"":17}"
2026-10-02,INTU,1,1,0,1,0,1,"{""wallstreetbets"":1}"
2026-10-02,IOVA,1,1,0,1,0,1,"{""wallstreetbets"":1}"
2026-10-02,IREN,4,4,0,4,0,1,"{""wallstreetbets"":4}"
2026-10-02,IVV,1,1,0,1,0,1,"{""wallstreetbets"":1}"
2026-10-02,IWC,1,1,0,1,0,1,"{""wallstreetbets"":1}"
2026-10-02,IWM,7,6,0,7,0,1,"{""wallstreetbets"":7}"
2026-10-02,JBL,1,1,0,1,0,1,"{""wallstreetbets"":1}"
2026-10-02,JNUG,1,1,0,1,0,1,"{""wallstreetbets"":1}"
2026-10-02,JOBY,1,1,0,1,0,1,"{""wallstreetbets"":1}"
2026-10-02,JPM,5,4,0,5,0,1,"{""wallstreetbets"":5}"
2026-10-02,JPO,1,1,0,1,0,1,"{""wallstreetbets"":1}"
2026-10-02,KDK,2,1,2,0,0,1,"{""pennystocks"":1,""wallstreetbets"":1}"
2026-10-02,KEEL,3,3,0,3,0,1,"{""wallstreetbets"":3}"
2026-10-02,LAES,1,1,0,1,0,1,"{""wallstreetbets"":1}"
2026-10-02,LCTX,1,1,0,1,0,1,"{""wallstreetbets"":1}"
2026-10-02,LEGO,1,1,0,1,0,1,"{""wallstreetbets"":1}"
2026-10-02,LEN,1,1,0,1,0,1,"{""pennystocks"":1}"
2026-10-02,LITE,7,3,0,7,0,1,"{""wallstreetbets"":7}"
2026-10-02,LQDA,1,1,0,1,0,1,"{""wallstreetbets"":1}"
2026-10-02,LULU,18,13,0,18,0,1,"{""smallstreetbets"":1,""wallstreetbets"":17}"
2026-10-02,LUNR,7,5,0,7,0,1,"{""wallstreetbets"":7}"
2026-10-02,LWLG,1,1,0,1,0,1,"{""wallstreetbets"":1}"
2026-10-02,MARA,1,1,0,1,0,1,"{""wallstreetbets"":1}"
2026-10-02,MCD,11,9,0,11,0,1,"{""wallstreetbets"":11}"
2026-10-02,MDB,1,1,0,1,0,1,"{""wallstreetbets"":1}"
2026-10-02,META,23,22,0,23,0,1,"{""smallstreetbets"":1,""wallstreetbets"":22}"
2026-10-02,METH,1,1,0,1,0,0,"{""wallstreetbets"":1}"
2026-10-02,MGM,1,1,0,1,0,1,"{""wallstreetbets"":1}"
2026-10-02,MGY,1,1,0,1,0,1,"{""wallstreetbets"":1}"
2026-10-02,MOD,1,1,0,1,0,1,"{""wallstreetbets"":1}"
2026-10-02,MRNA,6,6,1,5,0,1,"{""wallstreetbets"":6}"
2026-10-02,MRVL,9,8,0,9,0,1,"{""smallstreetbets"":1,""wallstreetbets"":8}"
2026-10-02,MSCI,2,2,1,1,0,1,"{""wallstreetbets"":2}"
2026-10-02,MSFT,15,14,0,15,0,1,"{""smallstreetbets"":1,""wallstreetbets"":14}"
2026-10-02,MSTR,16,16,1,15,0,1,"{""wallstreetbets"":16}"
2026-10-02,MU,15,8,2,13,0,1,"{""smallstreetbets"":1,""wallstreetbets"":14}"
2026-10-02,MUU,6,5,0,6,0,1,"{""wallstreetbets"":6}"
2026-10-02,MUZ,1,1,0,1,0,1,"{""wallstreetbets"":1}"
2026-10-02,MXL,2,2,0,2,0,1,"{""wallstreetbets"":2}"
2026-10-02,NASA,1,1,0,1,0,1,"{""wallstreetbets"":1}"
2026-10-02,NAUT,6,5,2,4,0,1,"{""pennystocks"":3,""smallstreetbets"":1,""wallstreetbets"":2}"
2026-10-02,NBIS,17,11,0,17,0,1,"{""smallstreetbets"":1,""wallstreetbets"":16}"
2026-10-02,NEOV,1,1,1,0,0,1,"{""pennystocks"":1}"
2026-10-02,NFLX,38,29,0,38,1,1,"{""wallstreetbets"":38}"
2026-10-02,NIKE,1,1,0,1,0,0,"{""wallstreetbets"":1}"
2026-10-02,NIVF,1,1,1,0,1,1,"{""pennystocks"":1}"
2026-10-02,NKE,180,136,2,178,0,1,"{""smallstreetbets"":1,""wallstreetbets"":179}"
2026-10-02,NNBR,1,1,1,0,0,1,"{""pennystocks"":1}"
2026-10-02,NOC,1,1,0,1,0,1,"{""wallstreetbets"":1}"
2026-10-02,NOK,2,2,0,2,0,1,"{""wallstreetbets"":2}"
2026-10-02,NOW,1,1,0,1,0,1,"{""wallstreetbets"":1}"
2026-10-02,NVA,1,1,0,1,0,1,"{""wallstreetbets"":1}"
2026-10-02,NVDA,101,74,2,99,0,1,"{""wallstreetbets"":101}"
2026-10-02,NVDL,1,1,0,1,0,1,"{""wallstreetbets"":1}"
2026-10-02,NVDU,1,1,0,1,0,1,"{""wallstreetbets"":1}"
2026-10-02,NVTS,10,6,1,9,0,1,"{""smallstreetbets"":1,""wallstreetbets"":9}"
2026-10-02,NWL,1,1,1,0,0,1,"{""smallstreetbets"":1}"
2026-10-02,NXL,1,1,1,0,0,1,"{""pennystocks"":1}"
2026-10-02,NXPI,1,1,0,1,0,1,"{""wallstreetbets"":1}"
2026-10-02,OFRM,1,1,0,1,0,1,"{""wallstreetbets"":1}"
2026-10-02,OIL,1,1,0,1,0,0,"{""wallstreetbets"":1}"
2026-10-02,OKLO,11,5,0,11,0,1,"{""wallstreetbets"":11}"
2026-10-02,ONDS,3,3,0,3,0,1,"{""wallstreetbets"":3}"
2026-10-02,ONON,6,4,0,6,0,1,"{""wallstreetbets"":6}"
2026-10-02,OPNW,1,1,0,1,0,1,"{""pennystocks"":1}"
2026-10-02,OPRA,1,1,0,1,0,1,"{""wallstreetbets"":1}"
2026-10-02,ORBS,3,3,0,3,0,1,"{""pennystocks"":3}"
2026-10-02,ORCL,3,3,0,3,0,1,"{""wallstreetbets"":3}"
2026-10-02,PACB,1,1,0,1,0,1,"{""pennystocks"":1}"
2026-10-02,PCB,1,1,0,1,0,1,"{""wallstreetbets"":1}"
2026-10-02,PCS,1,1,0,1,0,1,"{""wallstreetbets"":1}"
2026-10-02,PDS,1,1,0,1,0,1,"{""wallstreetbets"":1}"
2026-10-02,PEP,1,1,0,1,0,1,"{""wallstreetbets"":1}"
2026-10-02,PINS,2,1,0,2,0,1,"{""wallstreetbets"":2}"
2026-10-02,PL,1,1,0,1,0,1,"{""wallstreetbets"":1}"
2026-10-02,PLNT,1,1,0,1,0,1,"{""wallstreetbets"":1}"
2026-10-02,PLTR,11,9,0,11,0,1,"{""wallstreetbets"":11}"
2026-10-02,PMA,1,1,0,1,0,1,"{""wallstreetbets"":1}"
2026-10-02,PMI,2,1,0,2,0,1,"{""pennystocks"":2}"
2026-10-02,PNW,1,1,0,1,0,1,"{""wallstreetbets"":1}"
2026-10-02,PRN,1,1,0,1,0,1,"{""wallstreetbets"":1}"
2026-10-02,PUSA,1,1,0,1,0,1,"{""wallstreetbets"":1}"
2026-10-02,QCOM,2,2,0,2,0,1,"{""wallstreetbets"":2}"
2026-10-02,QLD,1,1,0,1,0,1,"{""wallstreetbets"":1}"
2026-10-02,QNCRF,1,1,1,0,0,0,"{""wallstreetbets"":1}"
2026-10-02,QQQ,117,76,0,117,0,1,"{""wallstreetbets"":117}"
2026-10-02,QSI,1,1,0,1,0,1,"{""pennystocks"":1}"
2026-10-02,QTEX,3,3,2,1,0,1,"{""pennystocks"":2,""smallstreetbets"":1}"
2026-10-02,RACE,1,1,1,0,0,1,"{""wallstreetbets"":1}"
2026-10-02,RAMP,1,1,0,1,0,1,"{""wallstreetbets"":1}"
2026-10-02,RBLX,2,2,0,2,0,1,"{""wallstreetbets"":2}"
2026-10-02,RCL,1,1,0,1,0,1,"{""wallstreetbets"":1}"
2026-10-02,RDDT,42,30,0,42,0,1,"{""pennystocks"":1,""wallstreetbets"":41}"
2026-10-02,RETO,3,3,0,3,0,1,"{""pennystocks"":3}"
2026-10-02,RIG,1,1,0,1,0,1,"{""wallstreetbets"":1}"
2026-10-02,RIOT,2,2,0,2,0,1,"{""wallstreetbets"":2}"
2026-10-02,RIVN,10,8,0,10,0,1,"{""wallstreetbets"":10}"
2026-10-02,RKLB,25,13,0,25,0,1,"{""wallstreetbets"":25}"
2026-10-02,RMBS,1,1,0,1,0,1,"{""wallstreetbets"":1}"
2026-10-02,ROC,1,1,0,1,0,1,"{""wallstreetbets"":1}"
2026-10-02,ROPE,1,1,0,1,0,1,"{""wallstreetbets"":1}"
2026-10-02,RSP,1,1,0,1,0,1,"{""wallstreetbets"":1}"
2026-10-02,SATL,1,1,0,1,0,1,"{""pennystocks"":1}"
2026-10-02,SBUX,1,1,0,1,0,1,"{""wallstreetbets"":1}"
2026-10-02,SCHW,1,1,0,1,0,1,"{""wallstreetbets"":1}"
2026-10-02,SCKT,3,3,1,2,0,1,"{""pennystocks"":2,""smallstreetbets"":1}"
2026-10-02,SDEV,11,9,1,10,0,1,"{""pennystocks"":8,""smallstreetbets"":1,""wallstreetbets"":2}"
2026-10-02,SENS,1,1,0,1,0,1,"{""pennystocks"":1}"
2026-10-02,SES,1,1,0,1,0,1,"{""pennystocks"":1}"
2026-10-02,SEZL,1,1,0,1,0,1,"{""wallstreetbets"":1}"
2026-10-02,SGOV,1,1,0,1,0,1,"{""wallstreetbets"":1}"
2026-10-02,SGRX,2,2,1,1,0,1,"{""pennystocks"":1,""smallstreetbets"":1}"
2026-10-02,SIL,2,2,0,2,0,1,"{""wallstreetbets"":2}"
2026-10-02,SJM,2,1,0,2,0,1,"{""wallstreetbets"":2}"
2026-10-02,SKHY,6,5,0,6,0,1,"{""wallstreetbets"":6}"
2026-10-02,SLV,1,1,0,1,0,1,"{""wallstreetbets"":1}"
2026-10-02,SMCI,6,5,0,6,0,1,"{""wallstreetbets"":6}"
2026-10-02,SMH,1,1,0,1,0,1,"{""wallstreetbets"":1}"
2026-10-02,SMR,1,1,0,1,0,1,"{""wallstreetbets"":1}"
2026-10-02,SMX,1,1,1,0,0,1,"{""pennystocks"":1}"
2026-10-02,SNDK,67,34,0,67,0,1,"{""wallstreetbets"":67}"
2026-10-02,SNPS,1,1,0,1,0,1,"{""wallstreetbets"":1}"
2026-10-02,SNXX,1,1,0,1,0,1,"{""wallstreetbets"":1}"
2026-10-02,SOFI,15,11,0,15,0,1,"{""pennystocks"":1,""wallstreetbets"":14}"
2026-10-02,SOUN,2,2,0,2,0,1,"{""pennystocks"":1,""wallstreetbets"":1}"
2026-10-02,SOXL,22,15,0,22,0,1,"{""wallstreetbets"":22}"
2026-10-02,SOXS,5,5,0,5,0,1,"{""wallstreetbets"":5}"
2026-10-02,SOXX,5,5,0,5,0,1,"{""wallstreetbets"":5}"
2026-10-02,SPCE,1,1,0,1,0,1,"{""wallstreetbets"":1}"
2026-10-02,SPCX,49,36,1,48,0,1,"{""smallstreetbets"":1,""wallstreetbets"":48}"
2026-10-02,SPXU,1,1,0,1,0,1,"{""wallstreetbets"":1}"
2026-10-02,SPY,227,136,0,227,0,1,"{""smallstreetbets"":1,""wallstreetbets"":226}"
2026-10-02,SPYG,1,1,0,1,0,1,"{""wallstreetbets"":1}"
2026-10-02,SQQQ,3,3,0,3,0,1,"{""wallstreetbets"":3}"
2026-10-02,SRFM,1,1,0,1,0,1,"{""wallstreetbets"":1}"
2026-10-02,SSM,10,3,0,10,0,1,"{""pennystocks"":9,""wallstreetbets"":1}"
2026-10-02,STKH,1,1,1,0,0,1,"{""pennystocks"":1}"
2026-10-02,STX,57,48,1,56,0,1,"{""wallstreetbets"":57}"
2026-10-02,STZ,3,3,0,3,0,1,"{""wallstreetbets"":3}"
2026-10-02,SUGP,1,1,1,0,0,1,"{""pennystocks"":1}"
2026-10-02,SVIA,1,1,0,1,0,1,"{""wallstreetbets"":1}"
2026-10-02,SWISF,1,1,1,0,0,0,"{""smallstreetbets"":1}"
2026-10-02,SYNA,3,2,0,3,0,1,"{""wallstreetbets"":3}"
2026-10-02,TDOC,1,1,0,1,0,1,"{""wallstreetbets"":1}"
2026-10-02,TESL,1,1,0,1,0,1,"{""wallstreetbets"":1}"
2026-10-02,TITS,1,1,0,1,0,0,"{""wallstreetbets"":1}"
2026-10-02,TLRY,1,1,0,1,0,1,"{""wallstreetbets"":1}"
2026-10-02,TLT,35,28,0,35,0,1,"{""wallstreetbets"":35}"
2026-10-02,TNMG,1,1,0,1,0,1,"{""pennystocks"":1}"
2026-10-02,TNON,1,1,0,1,0,1,"{""pennystocks"":1}"
2026-10-02,TPG,1,1,0,1,0,1,"{""wallstreetbets"":1}"
2026-10-02,TQQQ,7,7,0,7,0,1,"{""wallstreetbets"":7}"
2026-10-02,TSLA,55,41,1,54,0,1,"{""wallstreetbets"":55}"
2026-10-02,TSM,5,5,0,5,0,1,"{""wallstreetbets"":5}"
2026-10-02,TSNP,1,1,0,1,0,0,"{""pennystocks"":1}"
2026-10-02,TSXV:ESKR,2,1,2,0,0,0,"{""pennystocks"":2}"
2026-10-02,TSXV:RZL,1,1,1,0,0,0,"{""smallstreetbets"":1}"
2026-10-02,TTD,5,5,0,5,0,1,"{""wallstreetbets"":5}"
2026-10-02,TTWO,3,3,0,3,0,1,"{""wallstreetbets"":3}"
2026-10-02,TWLO,1,1,0,1,0,1,"{""wallstreetbets"":1}"
2026-10-02,TXN,1,1,0,1,0,1,"{""wallstreetbets"":1}"
2026-10-02,U,1,1,0,1,0,1,"{""wallstreetbets"":1}"
2026-10-02,UBER,1,1,0,1,0,1,"{""wallstreetbets"":1}"
2026-10-02,UFO,1,1,0,1,0,1,"{""wallstreetbets"":1}"
2026-10-02,UNH,1,1,0,1,0,1,"{""wallstreetbets"":1}"
2026-10-02,UPST,1,1,0,1,0,1,"{""wallstreetbets"":1}"
2026-10-02,USAR,1,1,0,1,0,1,"{""wallstreetbets"":1}"
2026-10-02,USB,1,1,0,1,0,1,"{""wallstreetbets"":1}"
2026-10-02,USDE,2,2,0,2,0,1,"{""pennystocks"":2}"
2026-10-02,USO,9,8,0,9,0,1,"{""wallstreetbets"":9}"
2026-10-02,UVIX,1,1,0,1,0,1,"{""wallstreetbets"":1}"
2026-10-02,UVXY,1,1,0,1,0,1,"{""wallstreetbets"":1}"
2026-10-02,VAL,2,2,0,2,0,1,"{""wallstreetbets"":2}"
2026-10-02,VEEA,19,7,0,19,0,1,"{""pennystocks"":19}"
2026-10-02,VEU,1,1,0,1,0,1,"{""wallstreetbets"":1}"
2026-10-02,VOO,10,10,1,9,0,1,"{""wallstreetbets"":10}"
2026-10-02,VST,23,15,1,22,0,1,"{""wallstreetbets"":23}"
2026-10-02,VTI,1,1,0,1,0,1,"{""wallstreetbets"":1}"
2026-10-02,VXUS,2,2,0,2,0,1,"{""wallstreetbets"":2}"
2026-10-02,VYM,1,1,0,1,0,1,"{""wallstreetbets"":1}"
2026-10-02,WCT,4,3,1,3,0,1,"{""pennystocks"":4}"
2026-10-02,WDC,167,88,0,167,0,1,"{""wallstreetbets"":167}"
2026-10-02,WHK,3,1,2,1,0,1,"{""wallstreetbets"":3}"
2026-10-02,WMT,1,1,0,1,0,1,"{""wallstreetbets"":1}"
2026-10-02,WOOF,1,1,0,1,0,1,"{""wallstreetbets"":1}"
2026-10-02,WRD,3,1,0,3,0,1,"{""wallstreetbets"":3}"
2026-10-02,WULF,1,1,0,1,0,1,"{""wallstreetbets"":1}"
2026-10-02,WYFI,1,1,0,1,0,1,"{""wallstreetbets"":1}"
2026-10-02,XLC,1,1,0,1,0,1,"{""wallstreetbets"":1}"
2026-10-02,XLF,1,1,0,1,0,1,"{""wallstreetbets"":1}"
2026-10-02,XLK,2,2,0,2,0,1,"{""wallstreetbets"":2}"
2026-10-02,XLY,1,1,0,1,0,1,"{""wallstreetbets"":1}"
2026-10-02,XRPN,2,1,0,2,0,1,"{""wallstreetbets"":2}"
2026-10-02,XRX,1,1,1,0,0,1,"{""pennystocks"":1}"
2026-10-02,YFOR,2,1,0,2,0,1,"{""pennystocks"":2}"
2026-10-02,ZETA,2,1,0,2,0,1,"{""wallstreetbets"":2}"
2026-10-02,ZNB,1,1,1,0,0,1,"{""pennystocks"":1}"
2026-10-02,ZROZ,2,2,0,2,0,1,"{""wallstreetbets"":2}"
2026-10-03,AAOI,4,4,1,3,0,1,"{""wallstreetbets"":4}"
2026-10-03,AAPL,2,2,0,2,0,1,"{""wallstreetbets"":2}"
2026-10-03,ACHR,2,2,0,2,1,1,"{""wallstreetbets"":2}"
2026-10-03,ADBE,1,1,0,1,0,1,"{""wallstreetbets"":1}"
2026-10-03,AEO,1,1,1,0,0,1,"{""wallstreetbets"":1}"
2026-10-03,ALMU,1,1,0,1,0,1,"{""wallstreetbets"":1}"
2026-10-03,AMC,1,1,0,1,0,1,"{""wallstreetbets"":1}"
2026-10-03,AMD,13,13,1,12,1,1,"{""smallstreetbets"":1,""wallstreetbets"":12}"
2026-10-03,AMZN,5,5,0,5,0,1,"{""wallstreetbets"":5}"
2026-10-03,ANAL,1,1,0,1,0,0,"{""wallstreetbets"":1}"
2026-10-03,APAC,1,1,0,1,0,1,"{""wallstreetbets"":1}"
2026-10-03,APLD,10,9,3,7,0,1,"{""smallstreetbets"":1,""wallstreetbets"":9}"
2026-10-03,APP,14,11,1,13,0,1,"{""wallstreetbets"":14}"
2026-10-03,ARBE,1,1,0,1,0,1,"{""wallstreetbets"":1}"
2026-10-03,ARKQ,1,1,0,1,0,1,"{""wallstreetbets"":1}"
2026-10-03,ARM,1,1,0,1,0,1,"{""wallstreetbets"":1}"
2026-10-03,ASML,1,1,0,1,0,1,"{""wallstreetbets"":1}"
2026-10-03,ASTS,6,5,0,6,0,1,"{""wallstreetbets"":6}"
2026-10-03,AVGO,3,3,0,3,0,1,"{""wallstreetbets"":3}"
2026-10-03,AVUV,1,1,0,1,0,1,"{""pennystocks"":1}"
2026-10-03,AWIP,1,1,0,1,0,0,"{""smallstreetbets"":1}"
2026-10-03,BABA,1,1,0,1,0,1,"{""wallstreetbets"":1}"
2026-10-03,BBAI,1,1,0,1,0,1,"{""wallstreetbets"":1}"
2026-10-03,BCDS,1,1,1,0,0,0,"{""wallstreetbets"":1}"
2026-10-03,BLGO,1,1,0,1,0,0,"{""pennystocks"":1}"
2026-10-03,BMNR,1,1,0,1,0,1,"{""wallstreetbets"":1}"
2026-10-03,BOP,2,1,0,2,0,0,"{""wallstreetbets"":2}"
2026-10-03,BWET,1,1,0,1,0,1,"{""wallstreetbets"":1}"
2026-10-03,BYND,2,2,0,2,0,1,"{""wallstreetbets"":2}"
2026-10-03,CASY,1,1,0,1,0,1,"{""wallstreetbets"":1}"
2026-10-03,CBRS,1,1,0,1,0,1,"{""wallstreetbets"":1}"
2026-10-03,CELH,1,1,0,1,0,1,"{""wallstreetbets"":1}"
2026-10-03,CHTR,4,4,1,3,0,1,"{""wallstreetbets"":4}"
2026-10-03,CIFR,2,2,0,2,0,1,"{""wallstreetbets"":2}"
2026-10-03,CIMA,1,1,0,1,0,0,"{""smallstreetbets"":1}"
2026-10-03,CLNE,1,1,0,1,0,1,"{""wallstreetbets"":1}"
2026-10-03,CLSK,1,1,0,1,0,1,"{""wallstreetbets"":1}"
2026-10-03,CLX,1,1,0,1,0,1,"{""wallstreetbets"":1}"
2026-10-03,COHR,2,2,0,2,0,1,"{""wallstreetbets"":2}"
2026-10-03,CPA,1,1,0,1,0,1,"{""wallstreetbets"":1}"
2026-10-03,CRDO,1,1,0,1,0,1,"{""wallstreetbets"":1}"
2026-10-03,CRWD,2,2,0,2,0,1,"{""wallstreetbets"":2}"
2026-10-03,CRWV,1,1,0,1,0,1,"{""wallstreetbets"":1}"
2026-10-03,CTVA,1,1,0,1,0,1,"{""wallstreetbets"":1}"
2026-10-03,DAL,1,1,0,1,0,1,"{""wallstreetbets"":1}"
2026-10-03,DELL,3,3,0,3,0,1,"{""wallstreetbets"":3}"
2026-10-03,DFTX,1,1,0,1,0,1,"{""wallstreetbets"":1}"
2026-10-03,DGX,1,1,0,1,0,1,"{""wallstreetbets"":1}"
2026-10-03,DJT,2,2,0,2,0,1,"{""wallstreetbets"":2}"
2026-10-03,DKNG,1,1,0,1,0,1,"{""wallstreetbets"":1}"
2026-10-03,DOCN,1,1,0,1,0,1,"{""wallstreetbets"":1}"
2026-10-03,DXYZ,1,1,0,1,0,1,"{""wallstreetbets"":1}"
2026-10-03,EME,1,1,0,1,0,1,"{""wallstreetbets"":1}"
2026-10-03,ENE,1,1,0,1,0,0,"{""wallstreetbets"":1}"
2026-10-03,ETHA,1,1,0,1,0,1,"{""wallstreetbets"":1}"
2026-10-03,F,2,1,0,2,0,1,"{""wallstreetbets"":2}"
2026-10-03,FCA,1,1,0,1,0,1,"{""wallstreetbets"":1}"
2026-10-03,FSLR,2,1,0,2,0,1,"{""wallstreetbets"":2}"
2026-10-03,FSLY,1,1,0,1,0,1,"{""wallstreetbets"":1}"
2026-10-03,GLD,2,2,0,2,0,1,"{""wallstreetbets"":2}"
2026-10-03,GLXY,1,1,0,1,0,1,"{""wallstreetbets"":1}"
2026-10-03,GME,5,5,0,5,1,1,"{""wallstreetbets"":5}"
2026-10-03,GOOG,2,2,0,2,0,1,"{""wallstreetbets"":2}"
2026-10-03,GOOGL,5,5,0,5,0,1,"{""wallstreetbets"":5}"
2026-10-03,HEAD,1,1,0,1,0,0,"{""wallstreetbets"":1}"
2026-10-03,HIVE,3,3,0,3,0,1,"{""wallstreetbets"":3}"
2026-10-03,HOOD,2,2,0,2,0,1,"{""wallstreetbets"":2}"
2026-10-03,HPE,3,3,0,3,0,1,"{""wallstreetbets"":3}"
2026-10-03,IBIT,1,1,0,1,0,1,"{""wallstreetbets"":1}"
2026-10-03,IBKR,1,1,0,1,0,1,"{""wallstreetbets"":1}"
2026-10-03,IBM,6,4,0,6,0,1,"{""wallstreetbets"":6}"
2026-10-03,IBRX,3,2,0,3,0,1,"{""wallstreetbets"":3}"
2026-10-03,INFQ,2,2,0,2,0,1,"{""wallstreetbets"":2}"
2026-10-03,INTC,8,6,1,7,0,1,"{""wallstreetbets"":8}"
2026-10-03,IONQ,1,1,0,1,0,1,"{""wallstreetbets"":1}"
2026-10-03,IREN,4,4,0,4,0,1,"{""wallstreetbets"":4}"
2026-10-03,ITA,1,1,0,1,0,1,"{""wallstreetbets"":1}"
2026-10-03,IWM,4,4,0,4,0,1,"{""wallstreetbets"":4}"
2026-10-03,JOBY,1,1,0,1,0,1,"{""wallstreetbets"":1}"
2026-10-03,JPM,1,1,0,1,0,1,"{""wallstreetbets"":1}"
2026-10-03,KDK,1,1,0,1,0,1,"{""wallstreetbets"":1}"
2026-10-03,KLAC,1,1,0,1,0,1,"{""wallstreetbets"":1}"
2026-10-03,KULR,1,1,0,1,1,1,"{""wallstreetbets"":1}"
2026-10-03,LAES,1,1,0,1,0,1,"{""wallstreetbets"":1}"
2026-10-03,LITE,4,4,0,4,0,1,"{""wallstreetbets"":4}"
2026-10-03,LULU,4,4,0,4,0,1,"{""wallstreetbets"":4}"
2026-10-03,MCD,1,1,0,1,0,1,"{""wallstreetbets"":1}"
2026-10-03,MCHP,1,1,0,1,0,1,"{""wallstreetbets"":1}"
2026-10-03,META,2,2,1,1,0,1,"{""wallstreetbets"":2}"
2026-10-03,MMA,1,1,0,1,0,1,"{""wallstreetbets"":1}"
2026-10-03,MMP,1,1,1,0,0,0,"{""wallstreetbets"":1}"
2026-10-03,MRVL,4,4,0,4,0,1,"{""wallstreetbets"":4}"
2026-10-03,MSFT,4,4,0,4,0,1,"{""wallstreetbets"":4}"
2026-10-03,MU,1,1,0,1,0,1,"{""wallstreetbets"":1}"
2026-10-03,MUU,3,3,0,3,0,1,"{""wallstreetbets"":3}"
2026-10-03,NAUT,2,2,1,1,0,1,"{""pennystocks"":1,""wallstreetbets"":1}"
2026-10-03,NBIS,1,1,0,1,1,1,"{""wallstreetbets"":1}"
2026-10-03,NFLX,6,6,0,6,0,1,"{""wallstreetbets"":6}"
2026-10-03,NKE,15,13,0,15,0,1,"{""wallstreetbets"":15}"
2026-10-03,NLST,1,1,1,0,0,0,"{""pennystocks"":1}"
2026-10-03,NOK,1,1,0,1,0,1,"{""wallstreetbets"":1}"
2026-10-03,NTAP,1,1,0,1,0,1,"{""wallstreetbets"":1}"
2026-10-03,NVDA,16,16,2,14,0,1,"{""wallstreetbets"":16}"
2026-10-03,NVDL,1,1,0,1,0,1,"{""wallstreetbets"":1}"
2026-10-03,NVR,1,1,0,1,0,1,"{""wallstreetbets"":1}"
2026-10-03,NVTS,1,1,0,1,0,1,"{""wallstreetbets"":1}"
2026-10-03,NXGB,1,1,1,0,0,0,"{""wallstreetbets"":1}"
2026-10-03,NXT,2,1,0,2,0,1,"{""wallstreetbets"":2}"
2026-10-03,NYT,1,1,0,1,0,1,"{""wallstreetbets"":1}"
2026-10-03,OKLO,1,1,0,1,0,1,"{""wallstreetbets"":1}"
2026-10-03,OKTA,1,1,0,1,0,1,"{""wallstreetbets"":1}"
2026-10-03,ONDS,2,2,0,2,0,1,"{""wallstreetbets"":2}"
2026-10-03,ONON,2,2,0,2,0,1,"{""wallstreetbets"":2}"
2026-10-03,ORCL,1,1,0,1,0,1,"{""wallstreetbets"":1}"
2026-10-03,OUST,2,2,0,2,0,1,"{""wallstreetbets"":2}"
2026-10-03,OWL,1,1,0,1,0,1,"{""wallstreetbets"":1}"
2026-10-03,PANW,1,1,0,1,0,1,"{""wallstreetbets"":1}"
2026-10-03,PDD,1,1,0,1,0,1,"{""wallstreetbets"":1}"
2026-10-03,PEP,1,1,0,1,0,1,"{""wallstreetbets"":1}"
2026-10-03,PLBY,1,1,0,1,0,1,"{""wallstreetbets"":1}"
2026-10-03,PLTR,1,1,0,1,0,1,"{""wallstreetbets"":1}"
2026-10-03,PMI,1,1,0,1,0,1,"{""wallstreetbets"":1}"
2026-10-03,PSC,1,1,1,0,0,1,"{""wallstreetbets"":1}"
2026-10-03,QCOM,1,1,0,1,0,1,"{""wallstreetbets"":1}"
2026-10-03,QLD,1,1,0,1,0,1,"{""wallstreetbets"":1}"
2026-10-03,QQQ,37,34,1,36,0,1,"{""smallstreetbets"":1,""wallstreetbets"":36}"
2026-10-03,QQQI,1,1,0,1,0,1,"{""wallstreetbets"":1}"
2026-10-03,QQQM,2,2,1,1,0,1,"{""wallstreetbets"":2}"
2026-10-03,RBC,1,1,0,1,0,1,"{""wallstreetbets"":1}"
2026-10-03,RDDT,8,6,1,7,0,1,"{""wallstreetbets"":8}"
2026-10-03,RIOT,1,1,0,1,0,1,"{""wallstreetbets"":1}"
2026-10-03,RKLB,4,4,0,4,1,1,"{""wallstreetbets"":4}"
2026-10-03,RMBS,1,1,0,1,0,1,"{""pennystocks"":1}"
2026-10-03,ROBO,2,1,0,2,0,1,"{""wallstreetbets"":2}"
2026-10-03,ROK,1,1,0,1,0,1,"{""wallstreetbets"":1}"
2026-10-03,ROPE,2,2,0,2,0,1,"{""wallstreetbets"":2}"
2026-10-03,RSP,1,1,0,1,0,1,"{""wallstreetbets"":1}"
2026-10-03,RSST,1,1,0,1,0,1,"{""wallstreetbets"":1}"
2026-10-03,SASS,1,1,0,1,0,1,"{""wallstreetbets"":1}"
2026-10-03,SBET,1,1,0,1,0,1,"{""wallstreetbets"":1}"
2026-10-03,SBR,1,1,0,1,0,1,"{""wallstreetbets"":1}"
2026-10-03,SCD,1,1,0,1,0,1,"{""pennystocks"":1}"
2026-10-03,SCHD,2,2,0,2,0,1,"{""wallstreetbets"":2}"
2026-10-03,SCHG,2,2,1,1,0,1,"{""wallstreetbets"":2}"
2026-10-03,SCKT,1,1,1,0,0,1,"{""pennystocks"":1}"
2026-10-03,SDEV,1,1,0,1,0,1,"{""pennystocks"":1}"
2026-10-03,SGOV,1,1,0,1,0,1,"{""wallstreetbets"":1}"
2026-10-03,SIL,1,1,0,1,0,1,"{""wallstreetbets"":1}"
2026-10-03,SKHY,2,2,0,2,0,1,"{""wallstreetbets"":2}"
2026-10-03,SLI,1,1,1,0,0,1,"{""pennystocks"":1}"
2026-10-03,SLS,2,2,0,2,1,1,"{""wallstreetbets"":2}"
2026-10-03,SMCI,2,2,0,2,0,1,"{""wallstreetbets"":2}"
2026-10-03,SNDK,9,7,0,9,0,1,"{""wallstreetbets"":9}"
2026-10-03,SOFI,2,2,0,2,0,1,"{""wallstreetbets"":2}"
2026-10-03,SOXL,1,1,0,1,0,1,"{""wallstreetbets"":1}"
2026-10-03,SOXX,1,1,0,1,0,1,"{""wallstreetbets"":1}"
2026-10-03,SPCX,10,8,0,10,0,1,"{""smallstreetbets"":3,""wallstreetbets"":7}"
2026-10-03,SPY,38,32,0,38,1,1,"{""wallstreetbets"":38}"
2026-10-03,SPYD,1,1,0,1,0,1,"{""wallstreetbets"":1}"
2026-10-03,SPYI,1,1,0,1,0,1,"{""wallstreetbets"":1}"
2026-10-03,SQQQ,1,1,0,1,0,1,"{""wallstreetbets"":1}"
2026-10-03,STX,3,3,0,3,0,1,"{""wallstreetbets"":3}"
2026-10-03,STZ,1,1,0,1,0,1,"{""wallstreetbets"":1}"
2026-10-03,SYM,2,2,0,2,0,1,"{""wallstreetbets"":2}"
2026-10-03,TE,2,1,0,2,0,1,"{""wallstreetbets"":2}"
2026-10-03,TEO,1,1,0,1,0,1,"{""wallstreetbets"":1}"
2026-10-03,TER,1,1,0,1,0,1,"{""wallstreetbets"":1}"
2026-10-03,TLT,3,3,0,3,0,1,"{""wallstreetbets"":3}"
2026-10-03,TMF,1,1,0,1,0,1,"{""wallstreetbets"":1}"
2026-10-03,TQQQ,2,2,0,2,0,1,"{""wallstreetbets"":2}"
2026-10-03,TS,1,1,0,1,0,1,"{""wallstreetbets"":1}"
2026-10-03,TSLA,4,3,1,3,0,1,"{""wallstreetbets"":4}"
2026-10-03,TSLL,1,1,0,1,0,1,"{""wallstreetbets"":1}"
2026-10-03,TSM,1,1,0,1,0,1,"{""wallstreetbets"":1}"
2026-10-03,TTWO,1,1,0,1,0,1,"{""wallstreetbets"":1}"
2026-10-03,UBER,1,1,0,1,0,1,"{""wallstreetbets"":1}"
2026-10-03,UDR,5,1,5,0,0,1,"{""wallstreetbets"":5}"
2026-10-03,ULTA,1,1,0,1,0,1,"{""wallstreetbets"":1}"
2026-10-03,UMAC,1,1,0,1,0,1,"{""wallstreetbets"":1}"
2026-10-03,UPST,2,2,0,2,0,1,"{""wallstreetbets"":2}"
2026-10-03,USO,1,1,0,1,0,1,"{""wallstreetbets"":1}"
2026-10-03,VFC,1,1,0,1,0,1,"{""wallstreetbets"":1}"
2026-10-03,VOO,9,9,1,8,0,1,"{""wallstreetbets"":9}"
2026-10-03,VRT,1,1,0,1,0,1,"{""wallstreetbets"":1}"
2026-10-03,VST,1,1,0,1,0,1,"{""wallstreetbets"":1}"
2026-10-03,VTI,6,6,2,4,0,1,"{""wallstreetbets"":6}"
2026-10-03,VTY,1,1,0,1,0,0,"{""wallstreetbets"":1}"
2026-10-03,VUG,1,1,0,1,0,1,"{""wallstreetbets"":1}"
2026-10-03,VXUS,1,1,0,1,0,1,"{""wallstreetbets"":1}"
2026-10-03,WBD,1,1,0,1,0,1,"{""wallstreetbets"":1}"
2026-10-03,WDC,7,7,0,7,0,1,"{""wallstreetbets"":7}"
2026-10-03,WEN,1,1,1,0,0,1,"{""wallstreetbets"":1}"
2026-10-03,WOLF,1,1,0,1,0,1,"{""wallstreetbets"":1}"
2026-10-03,WOOF,1,1,0,1,0,1,"{""wallstreetbets"":1}"
2026-10-03,WST,1,1,0,1,0,1,"{""wallstreetbets"":1}"
2026-10-03,WULF,14,13,1,13,0,1,"{""wallstreetbets"":14}"
2026-10-03,XNDU,3,1,1,2,1,1,"{""wallstreetbets"":3}"
2026-10-03,XRPN,1,1,0,1,0,1,"{""wallstreetbets"":1}"
2026-10-03,ZBRA,1,1,0,1,0,1,"{""wallstreetbets"":1}"
2026-10-03,ZETA,1,1,0,1,0,1,"{""wallstreetbets"":1}"
2026-10-04,AAOI,1,1,0,1,0,1,"{""wallstreetbets"":1}"
2026-10-04,AAPL,1,1,0,1,0,1,"{""wallstreetbets"":1}"
2026-10-04,ABBV,1,1,0,1,0,1,"{""wallstreetbets"":1}"
2026-10-04,ABCL,1,1,0,1,0,1,"{""wallstreetbets"":1}"
2026-10-04,ADBE,1,1,0,1,0,1,"{""wallstreetbets"":1}"
2026-10-04,AEM,1,1,0,1,0,1,"{""wallstreetbets"":1}"
2026-10-04,AIS,1,1,0,1,0,1,"{""wallstreetbets"":1}"
2026-10-04,ALGM,1,1,0,1,0,1,"{""wallstreetbets"":1}"
2026-10-04,AMD,8,7,0,8,0,1,"{""wallstreetbets"":8}"
2026-10-04,AME,3,1,2,1,2,1,"{""pennystocks"":1,""smallstreetbets"":2}"
2026-10-04,AMGN,1,1,0,1,0,1,"{""wallstreetbets"":1}"
2026-10-04,AMZN,4,4,0,4,0,1,"{""wallstreetbets"":4}"
2026-10-04,APLD,10,9,0,10,0,1,"{""wallstreetbets"":10}"
2026-10-04,APP,2,2,0,2,0,1,"{""wallstreetbets"":2}"
2026-10-04,ARIS,1,1,0,1,0,1,"{""wallstreetbets"":1}"
2026-10-04,ASPI,1,1,0,1,0,1,"{""wallstreetbets"":1}"
2026-10-04,ASTS,4,4,0,4,0,1,"{""wallstreetbets"":4}"
2026-10-04,AUR,1,1,0,1,0,1,"{""wallstreetbets"":1}"
2026-10-04,AVGO,6,6,0,6,0,1,"{""wallstreetbets"":6}"
2026-10-04,BABA,1,1,0,1,0,1,"{""wallstreetbets"":1}"
2026-10-04,BBBY,1,1,0,1,0,0,"{""wallstreetbets"":1}"
2026-10-04,BCRX,1,1,0,1,0,1,"{""wallstreetbets"":1}"
2026-10-04,BGC,1,1,0,1,0,1,"{""wallstreetbets"":1}"
2026-10-04,BNTX,1,1,0,1,0,1,"{""wallstreetbets"":1}"
2026-10-04,BOTZ,1,1,0,1,0,1,"{""wallstreetbets"":1}"
2026-10-04,BRUN,1,1,0,1,0,1,"{""wallstreetbets"":1}"
2026-10-04,BTG,1,1,0,1,0,1,"{""wallstreetbets"":1}"
2026-10-04,BUDA,1,1,0,1,0,1,"{""wallstreetbets"":1}"
2026-10-04,BWET,3,3,0,3,0,1,"{""wallstreetbets"":3}"
2026-10-04,CAPS,1,1,0,1,0,1,"{""pennystocks"":1}"
2026-10-04,CBRS,3,3,0,3,0,1,"{""wallstreetbets"":3}"
2026-10-04,CEG,1,1,1,0,0,1,"{""wallstreetbets"":1}"
2026-10-04,CELH,1,1,0,1,0,1,"{""wallstreetbets"":1}"
2026-10-04,CHTR,5,3,0,5,0,1,"{""wallstreetbets"":5}"
2026-10-04,CIRC,1,1,1,0,0,1,"{""smallstreetbets"":1}"
2026-10-04,CLX,1,1,0,1,0,1,"{""wallstreetbets"":1}"
2026-10-04,CMCSA,2,2,0,2,0,1,"{""wallstreetbets"":2}"
2026-10-04,CMG,1,1,0,1,0,1,"{""wallstreetbets"":1}"
2026-10-04,CNTB,1,1,1,0,0,1,"{""pennystocks"":1}"
2026-10-04,COIN,1,1,0,1,0,1,"{""wallstreetbets"":1}"
2026-10-04,CRCL,1,1,0,1,0,1,"{""wallstreetbets"":1}"
2026-10-04,CRM,1,1,0,1,0,1,"{""wallstreetbets"":1}"
2026-10-04,CRWV,1,1,0,1,0,1,"{""wallstreetbets"":1}"
2026-10-04,CTVA,1,1,0,1,0,1,"{""wallstreetbets"":1}"
2026-10-04,CVNA,1,1,0,1,0,1,"{""wallstreetbets"":1}"
2026-10-04,CYCU,2,2,0,2,0,1,"{""pennystocks"":1,""wallstreetbets"":1}"
2026-10-04,CYPH,1,1,0,1,1,1,"{""pennystocks"":1}"
2026-10-04,DAL,1,1,0,1,0,1,"{""wallstreetbets"":1}"
2026-10-04,DEA,1,1,0,1,0,1,"{""wallstreetbets"":1}"
2026-10-04,DJT,2,2,0,2,0,1,"{""smallstreetbets"":1,""wallstreetbets"":1}"
2026-10-04,DRIP,1,1,0,1,0,1,"{""wallstreetbets"":1}"
2026-10-04,DRTS,11,9,1,10,1,1,"{""wallstreetbets"":11}"
2026-10-04,DXYZ,5,1,1,4,0,1,"{""wallstreetbets"":5}"
2026-10-04,EDC,1,1,0,1,0,1,"{""wallstreetbets"":1}"
2026-10-04,EDV,1,1,0,1,0,1,"{""wallstreetbets"":1}"
2026-10-04,ELMT,2,2,0,2,0,1,"{""pennystocks"":1,""wallstreetbets"":1}"
2026-10-04,ENB,1,1,0,1,0,1,"{""wallstreetbets"":1}"
2026-10-04,EQX,1,1,0,1,0,1,"{""wallstreetbets"":1}"
2026-10-04,EXUS,1,1,0,1,0,1,"{""wallstreetbets"":1}"
2026-10-04,FAX,1,1,0,1,0,1,"{""wallstreetbets"":1}"
2026-10-04,FICO,1,1,0,1,0,1,"{""wallstreetbets"":1}"
2026-10-04,FRMI,1,1,0,1,0,1,"{""wallstreetbets"":1}"
2026-10-04,FRMM,1,1,1,0,0,1,"{""pennystocks"":1}"
2026-10-04,FRO,1,1,0,1,0,1,"{""wallstreetbets"":1}"
2026-10-04,FRVO,1,1,0,1,0,1,"{""wallstreetbets"":1}"
2026-10-04,GAINZ,1,1,0,1,0,1,"{""wallstreetbets"":1}"
2026-10-04,GCTS,1,1,0,1,0,1,"{""pennystocks"":1}"
2026-10-04,GEO,1,1,0,1,0,1,"{""smallstreetbets"":1}"
2026-10-04,GIS,1,1,0,1,0,1,"{""wallstreetbets"":1}"
2026-10-04,GLD,5,4,2,3,0,1,"{""wallstreetbets"":5}"
2026-10-04,GLW,1,1,0,1,0,1,"{""wallstreetbets"":1}"
2026-10-04,GME,5,5,0,5,0,1,"{""smallstreetbets"":1,""wallstreetbets"":4}"
2026-10-04,GOOG,10,9,0,10,0,1,"{""wallstreetbets"":10}"
2026-10-04,GOOGL,7,6,0,7,0,1,"{""wallstreetbets"":7}"
2026-10-04,HOOD,3,2,0,3,0,1,"{""wallstreetbets"":3}"
2026-10-04,HTZ,1,1,0,1,0,1,"{""smallstreetbets"":1}"
2026-10-04,IBKR,3,3,0,3,0,1,"{""wallstreetbets"":3}"
2026-10-04,IBM,6,4,2,4,2,1,"{""pennystocks"":1,""smallstreetbets"":1,""wallstreetbets"":4}"
2026-10-04,ICLN,1,1,0,1,0,1,"{""wallstreetbets"":1}"
2026-10-04,IGV,1,1,0,1,0,1,"{""wallstreetbets"":1}"
2026-10-04,INT,1,1,0,1,0,1,"{""wallstreetbets"":1}"
2026-10-04,INTC,3,3,0,3,0,1,"{""pennystocks"":1,""wallstreetbets"":2}"
2026-10-04,INTU,1,1,0,1,0,1,"{""wallstreetbets"":1}"
2026-10-04,IONQ,1,1,0,1,0,1,"{""wallstreetbets"":1}"
2026-10-04,IREN,3,3,0,3,0,1,"{""wallstreetbets"":3}"
2026-10-04,IWM,2,2,0,2,0,1,"{""wallstreetbets"":2}"
2026-10-04,KDK,1,1,0,1,0,1,"{""wallstreetbets"":1}"
2026-10-04,KEEL,2,2,0,2,0,1,"{""wallstreetbets"":2}"
2026-10-04,KOID,1,1,0,1,0,1,"{""wallstreetbets"":1}"
2026-10-04,LCID,2,2,0,2,0,1,"{""wallstreetbets"":2}"
2026-10-04,LDI,1,1,0,1,0,1,"{""wallstreetbets"":1}"
2026-10-04,LEVI,1,1,0,1,0,1,"{""wallstreetbets"":1}"
2026-10-04,LIEN,1,1,0,1,0,1,"{""wallstreetbets"":1}"
2026-10-04,LITE,1,1,0,1,0,1,"{""wallstreetbets"":1}"
2026-10-04,LQDA,1,1,1,0,0,1,"{""smallstreetbets"":1}"
2026-10-04,LULU,1,1,0,1,0,1,"{""wallstreetbets"":1}"
2026-10-04,LUNR,1,1,0,1,0,1,"{""pennystocks"":1}"
2026-10-04,LWLG,1,1,0,1,0,1,"{""wallstreetbets"":1}"
2026-10-04,MANE,1,1,0,1,0,1,"{""wallstreetbets"":1}"
2026-10-04,MDB,1,1,0,1,0,1,"{""wallstreetbets"":1}"
2026-10-04,MESS,1,1,0,1,0,0,"{""wallstreetbets"":1}"
2026-10-04,META,12,12,0,12,0,1,"{""wallstreetbets"":12}"
2026-10-04,MKC,2,2,0,2,0,1,"{""wallstreetbets"":2}"
2026-10-04,MNST,1,1,0,1,0,1,"{""smallstreetbets"":1}"
2026-10-04,MRNA,3,3,0,3,0,1,"{""wallstreetbets"":3}"
2026-10-04,MRVL,1,1,0,1,0,1,"{""wallstreetbets"":1}"
2026-10-04,MSFT,4,4,0,4,0,1,"{""wallstreetbets"":4}"
2026-10-04,MSTR,3,3,0,3,0,1,"{""wallstreetbets"":3}"
2026-10-04,MU,1,1,0,1,0,1,"{""wallstreetbets"":1}"
2026-10-04,MUU,4,4,0,4,0,1,"{""wallstreetbets"":4}"
2026-10-04,NBIS,10,9,1,9,0,1,"{""wallstreetbets"":10}"
2026-10-04,NEM,1,1,0,1,0,1,"{""wallstreetbets"":1}"
2026-10-04,NFLX,5,5,0,5,0,1,"{""wallstreetbets"":5}"
2026-10-04,NKE,13,13,1,12,0,1,"{""wallstreetbets"":13}"
2026-10-04,NLR,1,1,0,1,0,1,"{""wallstreetbets"":1}"
2026-10-04,NNN,1,1,0,1,0,1,"{""wallstreetbets"":1}"
2026-10-04,NUAI,2,2,0,2,0,1,"{""pennystocks"":1,""wallstreetbets"":1}"
2026-10-04,NVDA,8,7,0,8,0,1,"{""wallstreetbets"":8}"
2026-10-04,NXXT,1,1,0,1,0,1,"{""wallstreetbets"":1}"
2026-10-04,ONDS,1,1,0,1,0,1,"{""wallstreetbets"":1}"
2026-10-04,ORCL,1,1,0,1,0,1,"{""wallstreetbets"":1}"
2026-10-04,ORMP,1,1,0,1,0,1,"{""wallstreetbets"":1}"
2026-10-04,PEP,1,1,0,1,0,1,"{""wallstreetbets"":1}"
2026-10-04,PINS,1,1,0,1,0,1,"{""wallstreetbets"":1}"
2026-10-04,PLTR,3,3,0,3,0,1,"{""wallstreetbets"":3}"
2026-10-04,PMA,1,1,0,1,0,1,"{""wallstreetbets"":1}"
2026-10-04,PTA,1,1,0,1,0,1,"{""wallstreetbets"":1}"
2026-10-04,QLD,1,1,0,1,0,1,"{""wallstreetbets"":1}"
2026-10-04,QNT,1,1,1,0,0,1,"{""wallstreetbets"":1}"
2026-10-04,QQQ,26,21,1,25,0,1,"{""wallstreetbets"":26}"
2026-10-04,QQQI,1,1,0,1,0,1,"{""wallstreetbets"":1}"
2026-10-04,QXO,2,1,0,2,0,1,"{""wallstreetbets"":2}"
2026-10-04,RAY,1,1,1,0,0,0,"{""wallstreetbets"":1}"
2026-10-04,RBC,1,1,0,1,0,1,"{""wallstreetbets"":1}"
2026-10-04,RBRK,1,1,0,1,0,1,"{""wallstreetbets"":1}"
2026-10-04,RDDT,8,6,0,8,0,1,"{""wallstreetbets"":8}"
2026-10-04,RDW,1,1,0,1,0,1,"{""pennystocks"":1}"
2026-10-04,RIG,3,1,0,3,0,1,"{""wallstreetbets"":3}"
2026-10-04,RIOT,1,1,0,1,0,1,"{""wallstreetbets"":1}"
2026-10-04,RIVN,1,1,0,1,0,1,"{""wallstreetbets"":1}"
2026-10-04,RKLB,5,5,1,4,0,1,"{""wallstreetbets"":5}"
2026-10-04,ROBO,1,1,0,1,0,1,"{""wallstreetbets"":1}"
2026-10-04,ROC,1,1,0,1,0,1,"{""wallstreetbets"":1}"
2026-10-04,ROPE,1,1,0,1,0,1,"{""wallstreetbets"":1}"
2026-10-04,RTO,1,1,0,1,0,1,"{""wallstreetbets"":1}"
2026-10-04,RXRX,1,1,0,1,0,1,"{""wallstreetbets"":1}"
2026-10-04,SAP,1,1,0,1,0,1,"{""wallstreetbets"":1}"
2026-10-04,SCHV,1,1,0,1,0,1,"{""wallstreetbets"":1}"
2026-10-04,SGA,1,1,0,1,0,1,"{""wallstreetbets"":1}"
2026-10-04,SGOV,1,1,0,1,0,1,"{""wallstreetbets"":1}"
2026-10-04,SIF,1,1,0,1,0,1,"{""wallstreetbets"":1}"
2026-10-04,SKHY,2,2,0,2,0,1,"{""pennystocks"":1,""wallstreetbets"":1}"
2026-10-04,SLS,2,2,0,2,0,1,"{""wallstreetbets"":2}"
2026-10-04,SMCI,1,1,0,1,0,1,"{""wallstreetbets"":1}"
2026-10-04,SNDK,3,3,0,3,0,1,"{""wallstreetbets"":3}"
2026-10-04,SNOW,1,1,0,1,0,1,"{""wallstreetbets"":1}"
2026-10-04,SOFI,1,1,0,1,0,1,"{""wallstreetbets"":1}"
2026-10-04,SOUN,1,1,0,1,0,1,"{""wallstreetbets"":1}"
2026-10-04,SOXL,5,4,0,5,0,1,"{""wallstreetbets"":5}"
2026-10-04,SOXS,1,1,0,1,0,1,"{""wallstreetbets"":1}"
2026-10-04,SPCX,8,8,1,7,0,1,"{""wallstreetbets"":8}"
2026-10-04,SPWR,1,1,0,1,0,1,"{""wallstreetbets"":1}"
2026-10-04,SPY,36,31,2,34,0,1,"{""smallstreetbets"":3,""wallstreetbets"":33}"
2026-10-04,SSD,2,1,0,2,0,1,"{""wallstreetbets"":2}"
2026-10-04,SSM,1,1,0,1,0,1,"{""pennystocks"":1}"
2026-10-04,STNG,1,1,0,1,0,1,"{""wallstreetbets"":1}"
2026-10-04,STX,2,2,1,1,0,1,"{""wallstreetbets"":2}"
2026-10-04,TBF,1,1,0,1,0,1,"{""wallstreetbets"":1}"
2026-10-04,TE,1,1,0,1,0,1,"{""wallstreetbets"":1}"
2026-10-04,THC,1,1,0,1,0,1,"{""wallstreetbets"":1}"
2026-10-04,TJX,1,1,0,1,0,1,"{""smallstreetbets"":1}"
2026-10-04,TLT,9,7,0,9,0,1,"{""wallstreetbets"":9}"
2026-10-04,TMCR,1,1,0,1,0,1,"{""wallstreetbets"":1}"
2026-10-04,TNDM,1,1,0,1,0,1,"{""wallstreetbets"":1}"
2026-10-04,TPL,1,1,0,1,0,1,"{""wallstreetbets"":1}"
2026-10-04,TQQQ,2,2,0,2,0,1,"{""wallstreetbets"":2}"
2026-10-04,TSLA,3,3,0,3,0,1,"{""wallstreetbets"":3}"
2026-10-04,TSLL,1,1,0,1,0,1,"{""wallstreetbets"":1}"
2026-10-04,TSM,1,1,0,1,0,1,"{""wallstreetbets"":1}"
2026-10-04,TXN,1,1,0,1,0,1,"{""wallstreetbets"":1}"
2026-10-04,UBER,3,3,0,3,0,1,"{""wallstreetbets"":3}"
2026-10-04,UBS,1,1,0,1,0,1,"{""wallstreetbets"":1}"
2026-10-04,UNH,1,1,0,1,0,1,"{""wallstreetbets"":1}"
2026-10-04,UPST,1,1,0,1,0,1,"{""wallstreetbets"":1}"
2026-10-04,USG,1,1,0,1,0,1,"{""wallstreetbets"":1}"
2026-10-04,USO,4,2,0,4,0,1,"{""wallstreetbets"":4}"
2026-10-04,UUUU,1,1,0,1,0,1,"{""wallstreetbets"":1}"
2026-10-04,VAL,3,1,0,3,0,1,"{""wallstreetbets"":3}"
2026-10-04,VDE,1,1,0,1,0,1,"{""wallstreetbets"":1}"
2026-10-04,VEEA,2,2,0,2,0,1,"{""pennystocks"":2}"
2026-10-04,VEU,1,1,0,1,0,1,"{""wallstreetbets"":1}"
2026-10-04,VGK,1,1,0,1,0,1,"{""wallstreetbets"":1}"
2026-10-04,VII,1,1,0,1,0,1,"{""wallstreetbets"":1}"
2026-10-04,VITL,1,1,0,1,0,1,"{""wallstreetbets"":1}"
2026-10-04,VOO,5,5,0,5,0,1,"{""wallstreetbets"":5}"
2026-10-04,VST,3,3,0,3,0,1,"{""wallstreetbets"":3}"
2026-10-04,VTI,1,1,0,1,0,1,"{""wallstreetbets"":1}"
2026-10-04,VTY,1,1,0,1,0,0,"{""wallstreetbets"":1}"
2026-10-04,WDC,7,6,0,7,0,1,"{""wallstreetbets"":7}"
2026-10-04,WULF,10,8,0,10,0,1,"{""wallstreetbets"":10}"
2026-10-04,XAR,1,1,0,1,0,1,"{""wallstreetbets"":1}"
2026-10-04,ZETA,1,1,0,1,0,1,"{""wallstreetbets"":1}"
2026-10-05,AAOI,7,6,0,7,0,1,"{""wallstreetbets"":7}"
2026-10-05,AAPL,15,9,0,15,0,1,"{""wallstreetbets"":15}"
2026-10-05,ABM,1,1,0,1,0,1,"{""smallstreetbets"":1}"
2026-10-05,ABNB,1,1,0,1,0,1,"{""wallstreetbets"":1}"
2026-10-05,ACHR,1,1,0,1,0,1,"{""wallstreetbets"":1}"
2026-10-05,ACN,2,1,0,2,0,1,"{""wallstreetbets"":2}"
2026-10-05,ADSK,1,1,0,1,0,1,"{""wallstreetbets"":1}"
2026-10-05,AEHR,2,2,0,2,0,1,"{""wallstreetbets"":2}"
2026-10-05,AEO,2,2,0,2,0,1,"{""wallstreetbets"":2}"
2026-10-05,AGMH,3,3,0,3,0,1,"{""pennystocks"":3}"
2026-10-05,AIBZ,2,1,2,0,0,1,"{""pennystocks"":2}"
2026-10-05,ALEC,10,7,0,10,0,1,"{""pennystocks"":10}"
2026-10-05,ALNT,1,1,0,1,0,1,"{""wallstreetbets"":1}"
2026-10-05,AMAT,5,3,0,5,0,1,"{""wallstreetbets"":5}"
2026-10-05,AMBA,1,1,0,1,0,1,"{""wallstreetbets"":1}"
2026-10-05,AMC,4,4,0,4,0,1,"{""pennystocks"":2,""wallstreetbets"":2}"
2026-10-05,AMD,15,15,1,14,0,1,"{""wallstreetbets"":15}"
2026-10-05,AMOD,3,2,0,3,0,1,"{""pennystocks"":3}"
2026-10-05,AMT,1,1,0,1,0,1,"{""wallstreetbets"":1}"
2026-10-05,AMZN,32,22,0,32,0,1,"{""wallstreetbets"":32}"
2026-10-05,AMZU,1,1,0,1,0,1,"{""wallstreetbets"":1}"
2026-10-05,APLD,37,25,3,34,0,1,"{""smallstreetbets"":1,""wallstreetbets"":36}"
2026-10-05,APOG,1,1,1,0,0,1,"{""smallstreetbets"":1}"
2026-10-05,APP,7,6,0,7,0,1,"{""wallstreetbets"":7}"
2026-10-05,APT,2,1,0,2,0,1,"{""wallstreetbets"":2}"
2026-10-05,APUS,4,3,1,3,0,1,"{""pennystocks"":1,""smallstreetbets"":1,""wallstreetbets"":2}"
2026-10-05,ARKG,2,2,0,2,0,1,"{""wallstreetbets"":2}"
2026-10-05,ARM,2,2,0,2,0,1,"{""wallstreetbets"":2}"
2026-10-05,ASIC,1,1,0,1,0,1,"{""pennystocks"":1}"
2026-10-05,ASML,3,3,0,3,0,1,"{""smallstreetbets"":1,""wallstreetbets"":2}"
2026-10-05,ASST,1,1,0,1,0,1,"{""wallstreetbets"":1}"
2026-10-05,ASTS,15,13,1,14,0,1,"{""smallstreetbets"":1,""wallstreetbets"":14}"
2026-10-05,ATH,1,1,0,1,0,0,"{""wallstreetbets"":1}"
2026-10-05,ATHS,3,2,0,3,0,1,"{""wallstreetbets"":3}"
2026-10-05,AUUD,3,2,0,3,0,1,"{""pennystocks"":3}"
2026-10-05,AVGO,22,19,0,22,0,1,"{""wallstreetbets"":22}"
2026-10-05,AVL,1,1,0,1,0,1,"{""wallstreetbets"":1}"
2026-10-05,AXON,3,3,0,3,0,1,"{""wallstreetbets"":3}"
2026-10-05,BA,1,1,0,1,0,1,"{""wallstreetbets"":1}"
2026-10-05,BAM,1,1,0,1,0,1,"{""wallstreetbets"":1}"
2026-10-05,BBAI,3,1,0,3,0,1,"{""pennystocks"":1,""wallstreetbets"":2}"
2026-10-05,BBLG,1,1,0,1,0,1,"{""pennystocks"":1}"
2026-10-05,BE,2,2,1,1,0,1,"{""smallstreetbets"":1,""wallstreetbets"":1}"
2026-10-05,BEEP,1,1,0,1,0,1,"{""wallstreetbets"":1}"
2026-10-05,BERZ,1,1,0,1,0,1,"{""wallstreetbets"":1}"
2026-10-05,BESS,1,1,0,1,0,1,"{""pennystocks"":1}"
2026-10-05,BGLC,2,2,2,0,0,1,"{""pennystocks"":1,""smallstreetbets"":1}"
2026-10-05,BITX,1,1,1,0,0,1,"{""wallstreetbets"":1}"
2026-10-05,BKYI,4,1,0,4,0,1,"{""pennystocks"":4}"
2026-10-05,BLGO,9,3,0,9,0,1,"{""pennystocks"":9}"
2026-10-05,BLIN,4,1,3,1,0,1,"{""pennystocks"":2,""smallstreetbets"":2}"
2026-10-05,BROS,1,1,0,1,0,1,"{""wallstreetbets"":1}"
2026-10-05,BRUN,1,1,0,1,0,1,"{""wallstreetbets"":1}"
2026-10-05,BTTC,1,1,0,1,0,1,"{""pennystocks"":1}"
2026-10-05,BUDA,2,1,0,2,0,1,"{""wallstreetbets"":2}"
2026-10-05,BULL,3,1,0,3,2,1,"{""wallstreetbets"":3}"
2026-10-05,BWET,3,2,0,3,0,1,"{""wallstreetbets"":3}"
2026-10-05,BYND,5,4,0,5,0,1,"{""pennystocks"":1,""wallstreetbets"":4}"
2026-10-05,CANE,3,1,0,3,0,1,"{""wallstreetbets"":3}"
2026-10-05,CAPS,2,2,0,2,0,1,"{""pennystocks"":2}"
2026-10-05,CAVA,2,2,0,2,0,1,"{""wallstreetbets"":2}"
2026-10-05,CBRS,15,8,0,15,0,1,"{""wallstreetbets"":15}"
2026-10-05,CBRZ,1,1,0,1,0,1,"{""wallstreetbets"":1}"
2026-10-05,CCJ,2,2,0,2,0,1,"{""wallstreetbets"":2}"
2026-10-05,CCXI,1,1,0,1,0,1,"{""wallstreetbets"":1}"
2026-10-05,CCXIW,1,1,1,0,0,1,"{""smallstreetbets"":1}"
2026-10-05,CDT,1,1,0,1,0,1,"{""pennystocks"":1}"
2026-10-05,CEG,1,1,0,1,0,1,"{""wallstreetbets"":1}"
2026-10-05,CELH,2,2,0,2,0,1,"{""wallstreetbets"":2}"
2026-10-05,CFA,1,1,0,1,0,1,"{""wallstreetbets"":1}"
2026-10-05,CGMU,1,1,0,1,0,1,"{""wallstreetbets"":1}"
2026-10-05,CHGG,1,1,0,1,0,1,"{""pennystocks"":1}"
2026-10-05,CIFR,3,2,0,3,0,1,"{""wallstreetbets"":3}"
2026-10-05,CLNE,1,1,1,0,0,1,"{""wallstreetbets"":1}"
2026-10-05,CLS,1,1,0,1,0,1,"{""wallstreetbets"":1}"
2026-10-05,CLX,1,1,0,1,0,1,"{""wallstreetbets"":1}"
2026-10-05,CMG,5,3,0,5,0,1,"{""wallstreetbets"":5}"
2026-10-05,CMP,1,1,0,1,0,1,"{""wallstreetbets"":1}"
2026-10-05,CMPS,2,2,1,1,1,1,"{""wallstreetbets"":2}"
2026-10-05,CMS,1,1,1,0,0,1,"{""pennystocks"":1}"
2026-10-05,CNC,2,2,0,2,0,1,"{""pennystocks"":1,""wallstreetbets"":1}"
2026-10-05,CNQ,1,1,0,1,0,1,"{""wallstreetbets"":1}"
2026-10-05,COHR,2,2,0,2,0,1,"{""wallstreetbets"":2}"
2026-10-05,COIN,2,2,0,2,0,1,"{""wallstreetbets"":2}"
2026-10-05,COPX,1,1,0,1,0,1,"{""wallstreetbets"":1}"
2026-10-05,CPA,1,1,0,1,0,1,"{""wallstreetbets"":1}"
2026-10-05,CPAC,1,1,0,1,0,1,"{""wallstreetbets"":1}"
2026-10-05,CRCL,2,2,0,2,0,1,"{""wallstreetbets"":2}"
2026-10-05,CRDO,5,5,0,5,0,1,"{""wallstreetbets"":5}"
2026-10-05,CRM,1,1,0,1,0,1,"{""wallstreetbets"":1}"
2026-10-05,CRWD,7,7,0,7,0,1,"{""wallstreetbets"":7}"
2026-10-05,CRWV,6,6,0,6,0,1,"{""wallstreetbets"":6}"
2026-10-05,CSE:LUXX,2,1,2,0,0,0,"{""pennystocks"":2}"
2026-10-05,CSE:SONI,2,1,2,0,0,0,"{""pennystocks"":2}"
2026-10-05,CTSH,1,1,0,1,0,1,"{""wallstreetbets"":1}"
2026-10-05,CVNA,2,2,0,2,0,1,"{""wallstreetbets"":2}"
2026-10-05,CYCU,1,1,0,1,0,1,"{""pennystocks"":1}"
2026-10-05,CYPH,1,1,0,1,0,1,"{""pennystocks"":1}"
2026-10-05,DAL,1,1,0,1,0,1,"{""wallstreetbets"":1}"
2026-10-05,DELL,14,7,0,14,0,1,"{""wallstreetbets"":14}"
2026-10-05,DFLI,4,2,1,3,0,1,"{""pennystocks"":4}"
2026-10-05,DFNS,1,1,0,1,0,1,"{""pennystocks"":1}"
2026-10-05,DGX,1,1,0,1,0,1,"{""wallstreetbets"":1}"
2026-10-05,DIPS,1,1,0,1,0,1,"{""wallstreetbets"":1}"
2026-10-05,DIS,2,2,0,2,0,1,"{""wallstreetbets"":2}"
2026-10-05,DJT,4,4,0,4,0,1,"{""smallstreetbets"":1,""wallstreetbets"":3}"
2026-10-05,DKNG,1,1,0,1,0,1,"{""wallstreetbets"":1}"
2026-10-05,DMX,2,2,0,2,0,1,"{""wallstreetbets"":2}"
2026-10-05,DRTS,17,14,0,17,0,1,"{""wallstreetbets"":17}"
2026-10-05,DRTSW,1,1,0,1,0,1,"{""wallstreetbets"":1}"
2026-10-05,DTE,1,1,0,1,0,1,"{""wallstreetbets"":1}"
2026-10-05,DXJ,1,1,0,1,0,1,"{""wallstreetbets"":1}"
2026-10-05,DXY,1,1,0,1,0,0,"{""wallstreetbets"":1}"
2026-10-05,DXYZ,2,2,0,2,0,1,"{""wallstreetbets"":2}"
2026-10-05,EBS,6,3,0,6,0,1,"{""wallstreetbets"":6}"
2026-10-05,EET,2,2,0,2,0,1,"{""wallstreetbets"":2}"
2026-10-05,ENSIF,1,1,0,1,0,0,"{""pennystocks"":1}"
2026-10-05,EOSE,2,2,0,2,0,1,"{""wallstreetbets"":2}"
2026-10-05,ERO,1,1,0,1,0,1,"{""wallstreetbets"":1}"
2026-10-05,EROC,1,1,0,1,0,1,"{""wallstreetbets"":1}"
2026-10-05,EVTL,1,1,0,1,0,1,"{""pennystocks"":1}"
2026-10-05,EWT,1,1,0,1,0,1,"{""wallstreetbets"":1}"
2026-10-05,EWY,1,1,0,1,0,1,"{""wallstreetbets"":1}"
2026-10-05,EWZ,5,5,0,5,0,1,"{""wallstreetbets"":5}"
2026-10-05,EYPT,1,1,1,0,0,1,"{""wallstreetbets"":1}"
2026-10-05,FAB,1,1,0,1,0,1,"{""wallstreetbets"":1}"
2026-10-05,FAS,1,1,0,1,0,1,"{""wallstreetbets"":1}"
2026-10-05,FCHL,1,1,0,1,0,1,"{""pennystocks"":1}"
2026-10-05,FCRS,1,1,1,0,0,1,"{""smallstreetbets"":1}"
2026-10-05,FDT,1,1,0,1,0,1,"{""smallstreetbets"":1}"
2026-10-05,FICO,2,2,0,2,0,1,"{""wallstreetbets"":2}"
2026-10-05,FIGS,1,1,0,1,0,1,"{""wallstreetbets"":1}"
2026-10-05,FPS,1,1,1,0,0,1,"{""wallstreetbets"":1}"
2026-10-05,FRO,1,1,0,1,0,1,"{""wallstreetbets"":1}"
2026-10-05,FRVO,4,4,0,4,0,1,"{""smallstreetbets"":1,""wallstreetbets"":3}"
2026-10-05,FSLR,3,3,0,3,0,1,"{""wallstreetbets"":3}"
2026-10-05,FUL,1,1,0,1,0,1,"{""wallstreetbets"":1}"
2026-10-05,FWRG,1,1,0,1,0,1,"{""wallstreetbets"":1}"
2026-10-05,GCTS,3,2,0,3,0,1,"{""pennystocks"":3}"
2026-10-05,GEV,1,1,0,1,0,1,"{""wallstreetbets"":1}"
2026-10-05,GGLL,1,1,0,1,0,1,"{""wallstreetbets"":1}"
2026-10-05,GIC,1,1,0,1,0,1,"{""wallstreetbets"":1}"
2026-10-05,GIII,1,1,0,1,0,1,"{""wallstreetbets"":1}"
2026-10-05,GLD,5,5,0,5,0,1,"{""wallstreetbets"":5}"
2026-10-05,GLND,2,2,0,2,0,1,"{""pennystocks"":2}"
2026-10-05,GME,24,22,2,22,0,1,"{""wallstreetbets"":24}"
2026-10-05,GNS,2,2,0,2,0,1,"{""smallstreetbets"":2}"
2026-10-05,GOOG,23,18,0,23,0,1,"{""wallstreetbets"":23}"
2026-10-05,GOOGL,15,11,0,15,0,1,"{""wallstreetbets"":15}"
2026-10-05,GOVX,1,1,0,1,0,1,"{""pennystocks"":1}"
2026-10-05,GPRO,1,1,0,1,0,1,"{""wallstreetbets"":1}"
2026-10-05,GSAT,1,1,0,1,0,1,"{""pennystocks"":1}"
2026-10-05,HALO,1,1,0,1,0,1,"{""wallstreetbets"":1}"
2026-10-05,HIMS,1,1,0,1,0,1,"{""wallstreetbets"":1}"
2026-10-05,HOOD,9,8,1,8,0,1,"{""smallstreetbets"":1,""wallstreetbets"":8}"
2026-10-05,HPE,1,1,0,1,0,1,"{""wallstreetbets"":1}"
2026-10-05,HQWWW,1,1,1,0,0,1,"{""smallstreetbets"":1}"
2026-10-05,HSAI,2,1,0,2,0,1,"{""wallstreetbets"":2}"
2026-10-05,HTB,1,1,0,1,0,1,"{""wallstreetbets"":1}"
2026-10-05,HTZ,5,4,0,5,0,1,"{""wallstreetbets"":5}"
2026-10-05,HUM,3,2,0,3,0,1,"{""wallstreetbets"":3}"
2026-10-05,IBKR,3,3,1,2,0,1,"{""wallstreetbets"":3}"
2026-10-05,IBM,4,4,0,4,0,1,"{""wallstreetbets"":4}"
2026-10-05,IBRX,5,3,0,5,0,1,"{""pennystocks"":1,""wallstreetbets"":4}"
2026-10-05,ICU,1,1,0,1,0,1,"{""pennystocks"":1}"
2026-10-05,IDA,3,2,0,3,0,1,"{""wallstreetbets"":3}"
2026-10-05,IDE,1,1,0,1,0,1,"{""wallstreetbets"":1}"
2026-10-05,IEF,3,1,0,3,0,1,"{""wallstreetbets"":3}"
2026-10-05,ILF,1,1,0,1,0,1,"{""wallstreetbets"":1}"
2026-10-05,IMC,1,1,0,1,0,1,"{""wallstreetbets"":1}"
2026-10-05,IMSR,2,2,0,2,0,1,"{""wallstreetbets"":2}"
2026-10-05,INDV,1,1,0,1,0,1,"{""wallstreetbets"":1}"
2026-10-05,INFQ,9,3,1,8,0,1,"{""smallstreetbets"":1,""wallstreetbets"":8}"
2026-10-05,INOD,1,1,0,1,0,1,"{""wallstreetbets"":1}"
2026-10-05,INTC,25,15,1,24,0,1,"{""wallstreetbets"":25}"
2026-10-05,INTL,1,1,0,1,0,1,"{""wallstreetbets"":1}"
2026-10-05,INTR,1,1,0,1,0,1,"{""wallstreetbets"":1}"
2026-10-05,IONQ,5,4,0,5,0,1,"{""pennystocks"":3,""wallstreetbets"":2}"
2026-10-05,IPOS,1,1,0,1,0,1,"{""wallstreetbets"":1}"
2026-10-05,IREN,11,10,0,11,0,1,"{""wallstreetbets"":11}"
2026-10-05,ISRG,1,1,0,1,0,1,"{""wallstreetbets"":1}"
2026-10-05,ITB,1,1,0,1,0,1,"{""wallstreetbets"":1}"
2026-10-05,ITUB,1,1,0,1,0,1,"{""wallstreetbets"":1}"
2026-10-05,IVV,1,1,0,1,0,1,"{""wallstreetbets"":1}"
2026-10-05,IWM,12,7,0,12,0,1,"{""wallstreetbets"":12}"
2026-10-05,IWN,1,1,0,1,0,1,"{""wallstreetbets"":1}"
2026-10-05,JPM,9,6,0,9,0,1,"{""wallstreetbets"":9}"
2026-10-05,KEEL,1,1,0,1,0,1,"{""wallstreetbets"":1}"
2026-10-05,KITT,1,1,0,1,0,1,"{""pennystocks"":1}"
2026-10-05,KLAR,1,1,0,1,0,1,"{""wallstreetbets"":1}"
2026-10-05,KOD,3,2,0,3,0,1,"{""wallstreetbets"":3}"
2026-10-05,KULR,1,1,0,1,0,1,"{""pennystocks"":1}"
2026-10-05,KWEB,1,1,0,1,0,1,"{""wallstreetbets"":1}"
2026-10-05,LCID,2,2,0,2,0,1,"{""pennystocks"":1,""wallstreetbets"":1}"
2026-10-05,LEN,2,2,0,2,0,1,"{""wallstreetbets"":2}"
2026-10-05,LEVI,3,3,0,3,0,1,"{""wallstreetbets"":3}"
2026-10-05,LEXX,1,1,1,0,0,1,"{""pennystocks"":1}"
2026-10-05,LITE,1,1,0,1,0,1,"{""wallstreetbets"":1}"
2026-10-05,LMT,1,1,0,1,0,1,"{""wallstreetbets"":1}"
2026-10-05,LQDA,1,1,0,1,0,1,"{""wallstreetbets"":1}"
2026-10-05,LSAK,3,1,0,3,0,1,"{""wallstreetbets"":3}"
2026-10-05,LULU,10,8,0,10,0,1,"{""wallstreetbets"":10}"
2026-10-05,LUVU,1,1,1,0,0,1,"{""pennystocks"":1}"
2026-10-05,LUXFF,2,1,2,0,0,0,"{""pennystocks"":2}"
2026-10-05,LUXX,2,1,2,0,0,0,"{""pennystocks"":2}"
2026-10-05,MAGS,1,1,0,1,0,1,"{""wallstreetbets"":1}"
2026-10-05,MARK,1,1,0,1,0,0,"{""pennystocks"":1}"
2026-10-05,MBLY,1,1,0,1,0,1,"{""wallstreetbets"":1}"
2026-10-05,MCD,10,9,1,9,0,1,"{""wallstreetbets"":10}"
2026-10-05,MDA,2,2,0,2,0,1,"{""wallstreetbets"":2}"
2026-10-05,MELI,2,2,0,2,0,1,"{""wallstreetbets"":2}"
2026-10-05,META,22,19,0,22,0,1,"{""wallstreetbets"":22}"
2026-10-05,MGY,3,2,0,3,0,1,"{""wallstreetbets"":3}"
2026-10-05,MIC,1,1,0,1,0,1,"{""wallstreetbets"":1}"
2026-10-05,MKC,1,1,0,1,0,1,"{""wallstreetbets"":1}"
2026-10-05,MMA,1,1,0,1,0,1,"{""wallstreetbets"":1}"
2026-10-05,MOBX,1,1,0,1,0,1,"{""pennystocks"":1}"
2026-10-05,MOS,1,1,0,1,0,1,"{""wallstreetbets"":1}"
2026-10-05,MPC,2,2,0,2,0,1,"{""wallstreetbets"":2}"
2026-10-05,MRNA,15,15,0,15,0,1,"{""wallstreetbets"":15}"
2026-10-05,MRVL,11,11,0,11,0,1,"{""wallstreetbets"":11}"
2026-10-05,MSAI,1,1,0,1,0,1,"{""pennystocks"":1}"
2026-10-05,MSFT,49,33,1,48,0,1,"{""wallstreetbets"":49}"
2026-10-05,MSM,2,2,0,2,0,1,"{""wallstreetbets"":2}"
2026-10-05,MSTR,8,8,1,7,0,1,"{""wallstreetbets"":8}"
2026-10-05,MSTU,1,1,0,1,0,1,"{""wallstreetbets"":1}"
2026-10-05,MTG,1,1,0,1,0,1,"{""wallstreetbets"":1}"
2026-10-05,MU,14,10,1,13,0,1,"{""smallstreetbets"":1,""wallstreetbets"":13}"
2026-10-05,MUU,2,2,0,2,0,1,"{""wallstreetbets"":2}"
2026-10-05,MVIS,1,1,0,1,0,1,"{""pennystocks"":1}"
2026-10-05,MVST,1,1,0,1,0,1,"{""wallstreetbets"":1}"
2026-10-05,NAT,3,3,0,3,0,1,"{""wallstreetbets"":3}"
2026-10-05,NAUT,3,3,1,2,0,1,"{""pennystocks"":2,""wallstreetbets"":1}"
2026-10-05,NBIS,18,15,0,18,0,1,"{""smallstreetbets"":1,""wallstreetbets"":17}"
2026-10-05,NCLH,1,1,0,1,0,1,"{""wallstreetbets"":1}"
2026-10-05,NFE,2,2,0,2,0,1,"{""pennystocks"":2}"
2026-10-05,NFLX,25,20,0,25,0,1,"{""wallstreetbets"":25}"
2026-10-05,NIKE,1,1,0,1,0,0,"{""wallstreetbets"":1}"
2026-10-05,NIVF,1,1,0,1,0,1,"{""pennystocks"":1}"
2026-10-05,NKE,37,29,1,36,0,1,"{""wallstreetbets"":37}"
2026-10-05,NOK,3,3,0,3,0,1,"{""wallstreetbets"":3}"
2026-10-05,NOW,1,1,0,1,0,1,"{""wallstreetbets"":1}"
2026-10-05,NRR,2,1,2,0,0,1,"{""pennystocks"":1,""smallstreetbets"":1}"
2026-10-05,NRXP,1,1,0,1,0,1,"{""pennystocks"":1}"
2026-10-05,NTSK,1,1,0,1,0,1,"{""wallstreetbets"":1}"
2026-10-05,NUAI,1,1,0,1,0,1,"{""wallstreetbets"":1}"
2026-10-05,NVAX,5,3,0,5,0,1,"{""wallstreetbets"":5}"
2026-10-05,NVD,2,2,0,2,0,1,"{""wallstreetbets"":2}"
2026-10-05,NVDA,117,89,3,114,0,1,"{""smallstreetbets"":3,""wallstreetbets"":114}"
2026-10-05,NVO,1,1,0,1,0,1,"{""wallstreetbets"":1}"
2026-10-05,NXP,1,1,0,1,0,1,"{""wallstreetbets"":1}"
2026-10-05,NXPI,1,1,0,1,0,1,"{""wallstreetbets"":1}"
2026-10-05,OKLO,6,5,0,6,0,1,"{""wallstreetbets"":6}"
2026-10-05,ONDS,3,3,0,3,0,1,"{""wallstreetbets"":3}"
2026-10-05,ONON,1,1,0,1,0,1,"{""wallstreetbets"":1}"
2026-10-05,OPEN,2,2,0,2,0,1,"{""wallstreetbets"":2}"
2026-10-05,OPP,1,1,0,1,0,1,"{""wallstreetbets"":1}"
2026-10-05,ORBS,2,1,0,2,0,1,"{""pennystocks"":1,""wallstreetbets"":1}"
2026-10-05,ORCL,12,10,1,11,0,1,"{""smallstreetbets"":2,""wallstreetbets"":10}"
2026-10-05,OTLY,1,1,0,1,0,1,"{""pennystocks"":1}"
2026-10-05,OUST,1,1,0,1,0,1,"{""wallstreetbets"":1}"
2026-10-05,PAC,1,1,0,1,0,1,"{""wallstreetbets"":1}"
2026-10-05,PANW,2,2,0,2,0,1,"{""wallstreetbets"":2}"
2026-10-05,PBR,4,3,0,4,0,1,"{""wallstreetbets"":4}"
2026-10-05,PCB,1,1,0,1,0,1,"{""wallstreetbets"":1}"
2026-10-05,PCF,1,1,0,1,0,1,"{""pennystocks"":1}"
2026-10-05,PCVX,5,5,0,5,0,1,"{""wallstreetbets"":5}"
2026-10-05,PDSB,1,1,0,1,0,1,"{""pennystocks"":1}"
2026-10-05,PENG,3,3,0,3,0,1,"{""wallstreetbets"":3}"
2026-10-05,PEP,1,1,0,1,0,1,"{""wallstreetbets"":1}"
2026-10-05,PFE,4,4,0,4,0,1,"{""wallstreetbets"":4}"
2026-10-05,PHO,1,1,0,1,0,1,"{""wallstreetbets"":1}"
2026-10-05,PINS,2,1,0,2,0,1,"{""wallstreetbets"":2}"
2026-10-05,PL,1,1,1,0,1,1,"{""smallstreetbets"":1}"
2026-10-05,PLTR,4,4,0,4,0,1,"{""wallstreetbets"":4}"
2026-10-05,PMI,15,10,0,15,0,1,"{""pennystocks"":2,""wallstreetbets"":13}"
2026-10-05,PNXP,1,1,1,0,0,1,"{""pennystocks"":1}"
2026-10-05,PSKY,1,1,0,1,0,1,"{""wallstreetbets"":1}"
2026-10-05,PSX,2,2,0,2,0,1,"{""wallstreetbets"":2}"
2026-10-05,PURR,1,1,0,1,0,1,"{""wallstreetbets"":1}"
2026-10-05,PYPD,1,1,0,1,0,1,"{""wallstreetbets"":1}"
2026-10-05,QCOM,11,10,1,10,0,1,"{""wallstreetbets"":11}"
2026-10-05,QDEL,1,1,0,1,0,1,"{""wallstreetbets"":1}"
2026-10-05,QLD,1,1,0,1,0,1,"{""wallstreetbets"":1}"
2026-10-05,QMCO,1,1,1,0,0,1,"{""smallstreetbets"":1}"
2026-10-05,QQQ,137,69,1,136,0,1,"{""smallstreetbets"":1,""wallstreetbets"":136}"
2026-10-05,QTEX,8,4,1,7,0,1,"{""pennystocks"":1,""smallstreetbets"":1,""wallstreetbets"":6}"
2026-10-05,QXO,5,4,0,5,0,1,"{""wallstreetbets"":5}"
2026-10-05,RAMP,1,1,0,1,0,1,"{""wallstreetbets"":1}"
2026-10-05,RDDT,20,16,0,20,0,1,"{""wallstreetbets"":20}"
2026-10-05,RDTL,1,1,0,1,0,1,"{""wallstreetbets"":1}"
2026-10-05,RECT,2,1,0,2,0,1,"{""wallstreetbets"":2}"
2026-10-05,RETO,1,1,0,1,0,1,"{""pennystocks"":1}"
2026-10-05,RGTI,1,1,0,1,0,1,"{""wallstreetbets"":1}"
2026-10-05,RGTIW,1,1,1,0,0,1,"{""smallstreetbets"":1}"
2026-10-05,RIG,1,1,0,1,0,1,"{""wallstreetbets"":1}"
2026-10-05,RIOT,1,1,0,1,0,1,"{""wallstreetbets"":1}"
2026-10-05,RIVN,3,2,0,3,0,1,"{""wallstreetbets"":3}"
2026-10-05,RKLB,14,10,0,14,0,1,"{""wallstreetbets"":14}"
2026-10-05,RMBS,1,1,0,1,0,1,"{""wallstreetbets"":1}"
2026-10-05,RNG,1,1,1,0,0,1,"{""wallstreetbets"":1}"
2026-10-05,ROC,1,1,0,1,0,1,"{""wallstreetbets"":1}"
2026-10-05,ROK,1,1,0,1,0,1,"{""wallstreetbets"":1}"
2026-10-05,ROPE,2,2,0,2,0,1,"{""wallstreetbets"":2}"
2026-10-05,RRX,1,1,0,1,0,1,"{""wallstreetbets"":1}"
2026-10-05,RSP,2,2,0,2,0,1,"{""wallstreetbets"":2}"
2026-10-05,RTX,1,1,0,1,0,1,"{""wallstreetbets"":1}"
2026-10-05,RXO,1,1,0,1,0,1,"{""wallstreetbets"":1}"
2026-10-05,RXRX,3,3,0,3,1,1,"{""wallstreetbets"":3}"
2026-10-05,RYET,4,3,3,1,0,1,"{""pennystocks"":2,""smallstreetbets"":2}"
2026-10-05,RZLV,2,1,0,2,0,1,"{""pennystocks"":2}"
2026-10-05,SAIQ,6,5,1,5,0,1,"{""pennystocks"":4,""smallstreetbets"":1,""wallstreetbets"":1}"
2026-10-05,SCC,2,2,0,2,0,1,"{""wallstreetbets"":2}"
2026-10-05,SCHD,2,1,0,2,0,1,"{""wallstreetbets"":2}"
2026-10-05,SCHG,1,1,0,1,0,1,"{""wallstreetbets"":1}"
2026-10-05,SCKT,5,4,1,4,1,1,"{""pennystocks"":4,""smallstreetbets"":1}"
2026-10-05,SCO,1,1,0,1,0,1,"{""wallstreetbets"":1}"
2026-10-05,SDEV,20,14,0,20,0,1,"{""pennystocks"":8,""wallstreetbets"":12}"
2026-10-05,SERV,1,1,0,1,0,1,"{""wallstreetbets"":1}"
2026-10-05,SES,1,1,0,1,0,1,"{""pennystocks"":1}"
2026-10-05,SGOV,2,2,0,2,0,1,"{""wallstreetbets"":2}"
2026-10-05,SGRX,2,1,0,2,0,1,"{""pennystocks"":2}"
2026-10-05,SI,2,2,0,2,0,1,"{""wallstreetbets"":2}"
2026-10-05,SIRI,1,1,0,1,0,1,"{""wallstreetbets"":1}"
2026-10-05,SKHY,2,2,0,2,0,1,"{""wallstreetbets"":2}"
2026-10-05,SLND,2,1,0,2,0,1,"{""pennystocks"":2}"
2026-10-05,SLS,4,4,0,4,0,1,"{""wallstreetbets"":4}"
2026-10-05,SLV,2,2,0,2,0,1,"{""wallstreetbets"":2}"
2026-10-05,SMCI,3,1,0,3,0,1,"{""wallstreetbets"":3}"
2026-10-05,SMR,1,1,0,1,0,1,"{""wallstreetbets"":1}"
2026-10-05,SMTC,1,1,0,1,0,1,"{""wallstreetbets"":1}"
2026-10-05,SNDK,39,27,0,39,0,1,"{""wallstreetbets"":39}"
2026-10-05,SNY,2,1,0,2,0,1,"{""wallstreetbets"":2}"
2026-10-05,SOFI,10,7,0,10,0,1,"{""wallstreetbets"":10}"
2026-10-05,SONI,2,1,2,0,0,0,"{""pennystocks"":2}"
2026-10-05,SONIF,2,1,2,0,0,0,"{""pennystocks"":2}"
2026-10-05,SOXL,24,9,0,24,0,1,"{""wallstreetbets"":24}"
2026-10-05,SOXS,2,2,1,1,0,1,"{""wallstreetbets"":2}"
2026-10-05,SOXX,4,4,0,4,0,1,"{""wallstreetbets"":4}"
2026-10-05,SPCE,2,1,0,2,0,1,"{""wallstreetbets"":2}"
2026-10-05,SPCF,1,1,0,1,0,1,"{""wallstreetbets"":1}"
2026-10-05,SPCX,191,115,2,189,1,1,"{""wallstreetbets"":191}"
2026-10-05,SPGI,1,1,0,1,0,1,"{""wallstreetbets"":1}"
2026-10-05,SPMO,2,2,0,2,0,1,"{""wallstreetbets"":2}"
2026-10-05,SPXC,1,1,0,1,0,1,"{""wallstreetbets"":1}"
2026-10-05,SPXL,1,1,0,1,0,1,"{""wallstreetbets"":1}"
2026-10-05,SPXU,1,1,0,1,0,1,"{""wallstreetbets"":1}"
2026-10-05,SPY,247,145,1,246,1,1,"{""smallstreetbets"":2,""wallstreetbets"":245}"
2026-10-05,SPYD,1,1,0,1,0,1,"{""wallstreetbets"":1}"
2026-10-05,SQQQ,2,2,0,2,0,1,"{""wallstreetbets"":2}"
2026-10-05,SRXH,1,1,0,1,0,1,"{""wallstreetbets"":1}"
2026-10-05,SSM,3,2,0,3,0,1,"{""pennystocks"":3}"
2026-10-05,SSPC,1,1,0,1,0,1,"{""wallstreetbets"":1}"
2026-10-05,STM,1,1,0,1,0,1,"{""wallstreetbets"":1}"
2026-10-05,STNG,2,1,0,2,0,1,"{""wallstreetbets"":2}"
2026-10-05,STX,8,7,0,8,0,1,"{""wallstreetbets"":8}"
2026-10-05,STZ,1,1,0,1,0,1,"{""wallstreetbets"":1}"
2026-10-05,SYM,1,1,0,1,0,1,"{""wallstreetbets"":1}"
2026-10-05,TCV,2,1,2,0,0,1,"{""pennystocks"":1,""smallstreetbets"":1}"
2026-10-05,TE,1,1,0,1,0,1,"{""wallstreetbets"":1}"
2026-10-05,TER,1,1,0,1,0,1,"{""wallstreetbets"":1}"
2026-10-05,TGT,1,1,0,1,0,1,"{""wallstreetbets"":1}"
2026-10-05,TLT,48,30,0,48,0,1,"{""wallstreetbets"":48}"
2026-10-05,TMC,1,1,0,1,0,1,"{""wallstreetbets"":1}"
2026-10-05,TMF,1,1,0,1,0,1,"{""wallstreetbets"":1}"
2026-10-05,TNON,1,1,0,1,0,1,"{""pennystocks"":1}"
2026-10-05,TQQQ,4,4,0,4,0,1,"{""wallstreetbets"":4}"
2026-10-05,TSLA,47,32,4,43,1,1,"{""wallstreetbets"":47}"
2026-10-05,TSM,16,12,0,16,0,1,"{""wallstreetbets"":16}"
2026-10-05,TSN,1,1,0,1,0,1,"{""wallstreetbets"":1}"
2026-10-05,TTAN,1,1,0,1,0,1,"{""wallstreetbets"":1}"
2026-10-05,TTD,2,2,0,2,0,1,"{""pennystocks"":1,""wallstreetbets"":1}"
2026-10-05,TTWO,3,3,0,3,0,1,"{""wallstreetbets"":3}"
2026-10-05,TWG,1,1,0,1,0,1,"{""pennystocks"":1}"
2026-10-05,TWLO,6,2,1,5,0,1,"{""smallstreetbets"":1,""wallstreetbets"":5}"
2026-10-05,TWST,2,2,0,2,0,1,"{""wallstreetbets"":2}"
2026-10-05,TXN,1,1,0,1,0,1,"{""wallstreetbets"":1}"
2026-10-05,UAMY,2,2,0,2,0,1,"{""pennystocks"":1,""wallstreetbets"":1}"
2026-10-05,UBER,2,2,0,2,0,1,"{""wallstreetbets"":2}"
2026-10-05,UEC,2,1,0,2,0,1,"{""wallstreetbets"":2}"
2026-10-05,UMAC,3,1,0,3,0,1,"{""wallstreetbets"":3}"
2026-10-05,UMC,1,1,0,1,0,1,"{""wallstreetbets"":1}"
2026-10-05,UNCY,1,1,0,1,0,1,"{""pennystocks"":1}"
2026-10-05,UNG,1,1,0,1,0,1,"{""wallstreetbets"":1}"
2026-10-05,UNH,2,2,0,2,0,1,"{""wallstreetbets"":2}"
2026-10-05,UPST,3,1,0,3,0,1,"{""wallstreetbets"":3}"
2026-10-05,URA,1,1,0,1,0,1,"{""wallstreetbets"":1}"
2026-10-05,USAF,1,1,1,0,0,1,"{""smallstreetbets"":1}"
2026-10-05,USG,1,1,0,1,0,1,"{""wallstreetbets"":1}"
2026-10-05,USGO,2,2,0,2,0,1,"{""pennystocks"":2}"
2026-10-05,USO,9,7,0,9,0,1,"{""wallstreetbets"":9}"
2026-10-05,UUUU,5,5,0,5,0,1,"{""wallstreetbets"":5}"
2026-10-05,UVXY,1,1,0,1,0,1,"{""wallstreetbets"":1}"
2026-10-05,VAL,1,1,0,1,0,1,"{""wallstreetbets"":1}"
2026-10-05,VCX,1,1,1,0,0,1,"{""wallstreetbets"":1}"
2026-10-05,VEEA,23,14,1,22,0,1,"{""pennystocks"":22,""smallstreetbets"":1}"
2026-10-05,VIP,2,2,0,2,0,1,"{""wallstreetbets"":2}"
2026-10-05,VITL,1,1,0,1,0,1,"{""wallstreetbets"":1}"
2026-10-05,VIX,1,1,0,1,0,0,"{""wallstreetbets"":1}"
2026-10-05,VKTX,1,1,0,1,0,1,"{""wallstreetbets"":1}"
2026-10-05,VLO,5,5,0,5,0,1,"{""wallstreetbets"":5}"
2026-10-05,VMNT,1,1,0,1,0,1,"{""pennystocks"":1}"
2026-10-05,VOO,9,8,0,9,0,1,"{""wallstreetbets"":9}"
2026-10-05,VPG,1,1,0,1,0,1,"{""wallstreetbets"":1}"
2026-10-05,VRAX,1,1,0,1,0,1,"{""pennystocks"":1}"
2026-10-05,VRT,3,1,0,3,0,1,"{""wallstreetbets"":3}"
2026-10-05,VST,45,25,0,45,0,1,"{""wallstreetbets"":45}"
2026-10-05,VTI,1,1,0,1,0,1,"{""wallstreetbets"":1}"
2026-10-05,VWAV,1,1,1,0,0,1,"{""pennystocks"":1}"
2026-10-05,VXUS,2,2,0,2,0,1,"{""wallstreetbets"":2}"
2026-10-05,VYM,1,1,0,1,0,1,"{""wallstreetbets"":1}"
2026-10-05,WDC,24,19,0,24,0,1,"{""wallstreetbets"":24}"
2026-10-05,WEN,3,1,0,3,0,1,"{""wallstreetbets"":3}"
2026-10-05,WFC,1,1,0,1,0,1,"{""wallstreetbets"":1}"
2026-10-05,WKHS,1,1,0,1,0,1,"{""pennystocks"":1}"
2026-10-05,WMT,5,2,0,5,0,1,"{""wallstreetbets"":5}"
2026-10-05,WOLF,1,1,1,0,0,1,"{""wallstreetbets"":1}"
2026-10-05,WORK,1,1,0,1,0,0,"{""wallstreetbets"":1}"
2026-10-05,WULF,11,11,0,11,0,1,"{""wallstreetbets"":11}"
2026-10-05,XBI,1,1,0,1,0,1,"{""wallstreetbets"":1}"
2026-10-05,XERS,1,1,0,1,0,1,"{""wallstreetbets"":1}"
2026-10-05,XLF,1,1,0,1,0,1,"{""wallstreetbets"":1}"
2026-10-05,XLK,2,2,0,2,0,1,"{""wallstreetbets"":2}"
2026-10-05,XLU,1,1,0,1,0,1,"{""wallstreetbets"":1}"
2026-10-05,XNDU,2,1,0,2,0,1,"{""wallstreetbets"":2}"
2026-10-05,XRPN,1,1,0,1,0,1,"{""wallstreetbets"":1}"
2026-10-05,XRX,1,1,0,1,0,1,"{""wallstreetbets"":1}"
2026-10-05,XXX,3,3,0,3,0,1,"{""wallstreetbets"":3}"
2026-10-05,YINN,4,1,0,4,0,1,"{""wallstreetbets"":4}"
2026-10-05,YOU,1,1,0,1,0,1,"{""wallstreetbets"":1}"
2026-10-05,ZENA,3,2,0,3,0,1,"{""wallstreetbets"":3}"
2026-10-06,AAOI,7,7,0,7,0,1,"{""wallstreetbets"":7}"
2026-10-06,AAPL,25,13,1,24,0,1,"{""wallstreetbets"":25}"
2026-10-06,ABSI,1,1,0,1,0,1,"{""wallstreetbets"":1}"
2026-10-06,ACHR,1,1,0,1,0,1,"{""wallstreetbets"":1}"
2026-10-06,ADBE,8,7,2,6,0,1,"{""wallstreetbets"":8}"
2026-10-06,ADSK,1,1,1,0,0,1,"{""wallstreetbets"":1}"
2026-10-06,AEHR,1,1,0,1,0,1,"{""wallstreetbets"":1}"
2026-10-06,AIIO,9,4,0,9,0,1,"{""pennystocks"":9}"
2026-10-06,AIXI,4,3,2,2,0,1,"{""pennystocks"":3,""smallstreetbets"":1}"
2026-10-06,ALAB,1,1,0,1,0,1,"{""wallstreetbets"":1}"
2026-10-06,ALDX,1,1,1,0,0,1,"{""pennystocks"":1}"
2026-10-06,ALEC,6,2,0,6,0,1,"{""pennystocks"":6}"
2026-10-06,ALT,1,1,0,1,0,1,"{""wallstreetbets"":1}"
2026-10-06,AMAT,3,2,0,3,0,1,"{""wallstreetbets"":3}"
2026-10-06,AMC,3,3,0,3,0,1,"{""wallstreetbets"":3}"
2026-10-06,AMD,144,117,9,135,0,1,"{""wallstreetbets"":144}"
2026-10-06,AMFN,1,1,0,1,0,1,"{""wallstreetbets"":1}"
2026-10-06,AMG,1,1,0,1,0,1,"{""wallstreetbets"":1}"
2026-10-06,AMPX,1,1,0,1,0,1,"{""wallstreetbets"":1}"
2026-10-06,AMZN,26,19,0,26,0,1,"{""wallstreetbets"":26}"
2026-10-06,AMZU,1,1,0,1,0,1,"{""wallstreetbets"":1}"
2026-10-06,APCX,1,1,0,1,0,1,"{""wallstreetbets"":1}"
2026-10-06,APLD,38,24,0,38,1,1,"{""wallstreetbets"":38}"
2026-10-06,APLX,1,1,0,1,0,1,"{""wallstreetbets"":1}"
2026-10-06,APP,2,2,0,2,0,1,"{""wallstreetbets"":2}"
2026-10-06,APUS,3,3,1,2,0,1,"{""pennystocks"":3}"
2026-10-06,ARAI,4,2,0,4,0,1,"{""pennystocks"":4}"
2026-10-06,ARCT,1,1,0,1,0,1,"{""wallstreetbets"":1}"
2026-10-06,ARKG,1,1,0,1,0,1,"{""wallstreetbets"":1}"
2026-10-06,ARKK,3,3,0,3,0,1,"{""wallstreetbets"":3}"
2026-10-06,ARM,3,3,0,3,0,1,"{""wallstreetbets"":3}"
2026-10-06,ASML,4,4,0,4,0,1,"{""wallstreetbets"":4}"
2026-10-06,ASST,3,2,0,3,0,1,"{""pennystocks"":2,""wallstreetbets"":1}"
2026-10-06,ASSX,1,1,0,1,0,1,"{""wallstreetbets"":1}"
2026-10-06,ASTS,30,22,1,29,1,1,"{""wallstreetbets"":30}"
2026-10-06,ASTX,2,2,1,1,0,1,"{""wallstreetbets"":2}"
2026-10-06,AUUD,2,2,0,2,0,1,"{""pennystocks"":2}"
2026-10-06,AVAV,1,1,0,1,0,1,"{""wallstreetbets"":1}"
2026-10-06,AVGO,44,35,0,44,1,1,"{""wallstreetbets"":44}"
2026-10-06,AXON,1,1,0,1,0,1,"{""wallstreetbets"":1}"
2026-10-06,BA,1,1,0,1,0,1,"{""wallstreetbets"":1}"
2026-10-06,BAER,1,1,0,1,0,1,"{""wallstreetbets"":1}"
2026-10-06,BAGTE,1,1,0,1,0,0,"{""wallstreetbets"":1}"
2026-10-06,BBAI,1,1,0,1,0,1,"{""pennystocks"":1}"
2026-10-06,BBB,3,3,0,3,0,1,"{""wallstreetbets"":3}"
2026-10-06,BBLG,3,1,0,3,0,1,"{""pennystocks"":3}"
2026-10-06,BCDA,1,1,1,0,0,1,"{""pennystocks"":1}"
2026-10-06,BFRG,2,1,0,2,0,1,"{""pennystocks"":2}"
2026-10-06,BKYI,1,1,0,1,0,1,"{""pennystocks"":1}"
2026-10-06,BLIN,2,1,1,1,0,1,"{""pennystocks"":1,""smallstreetbets"":1}"
2026-10-06,BMNR,1,1,0,1,0,1,"{""wallstreetbets"":1}"
2026-10-06,BMO,5,2,0,5,0,1,"{""wallstreetbets"":5}"
2026-10-06,BNKK,1,1,0,1,0,1,"{""pennystocks"":1}"
2026-10-06,BRUN,5,1,0,5,0,1,"{""wallstreetbets"":5}"
2026-10-06,BST,1,1,0,1,0,1,"{""wallstreetbets"":1}"
2026-10-06,BSTZ,1,1,0,1,0,1,"{""wallstreetbets"":1}"
2026-10-06,BSY,1,1,1,0,0,1,"{""wallstreetbets"":1}"
2026-10-06,BULL,2,2,0,2,1,1,"{""wallstreetbets"":2}"
2026-10-06,BURU,5,3,0,5,0,1,"{""pennystocks"":5}"
2026-10-06,BWET,9,8,0,9,0,1,"{""wallstreetbets"":9}"
2026-10-06,BYND,3,3,0,3,0,1,"{""pennystocks"":1,""wallstreetbets"":2}"
2026-10-06,BZAI,1,1,0,1,0,1,"{""pennystocks"":1}"
2026-10-06,CAC,1,1,0,1,0,1,"{""pennystocks"":1}"
2026-10-06,CANE,1,1,0,1,0,1,"{""wallstreetbets"":1}"
2026-10-06,CBRS,4,4,0,4,0,1,"{""wallstreetbets"":4}"
2026-10-06,CCJ,1,1,0,1,0,1,"{""wallstreetbets"":1}"
2026-10-06,CCL,1,1,0,1,0,1,"{""wallstreetbets"":1}"
2026-10-06,CDNS,1,1,1,0,0,1,"{""wallstreetbets"":1}"
2026-10-06,CDT,1,1,0,1,0,1,"{""pennystocks"":1}"
2026-10-06,CEG,26,17,0,26,0,1,"{""wallstreetbets"":26}"
2026-10-06,CELH,2,2,0,2,0,1,"{""wallstreetbets"":2}"
2026-10-06,CIEN,1,1,0,1,0,1,"{""wallstreetbets"":1}"
2026-10-06,CIRC,12,5,2,10,1,1,"{""pennystocks"":5,""smallstreetbets"":2,""wallstreetbets"":5}"
2026-10-06,CLNE,1,1,1,0,0,1,"{""smallstreetbets"":1}"
2026-10-06,CLS,1,1,0,1,0,1,"{""wallstreetbets"":1}"
2026-10-06,CLSK,2,1,0,2,0,1,"{""pennystocks"":2}"
2026-10-06,CLX,1,1,0,1,0,1,"{""wallstreetbets"":1}"
2026-10-06,CMG,2,1,0,2,0,1,"{""wallstreetbets"":2}"
2026-10-06,CMS,1,1,0,1,0,1,"{""wallstreetbets"":1}"
2026-10-06,COHR,1,1,0,1,0,1,"{""wallstreetbets"":1}"
2026-10-06,COIN,1,1,0,1,0,1,"{""wallstreetbets"":1}"
2026-10-06,CRDO,8,7,0,8,0,1,"{""wallstreetbets"":8}"
2026-10-06,CRM,2,2,0,2,0,1,"{""wallstreetbets"":2}"
2026-10-06,CRSR,1,1,0,1,0,1,"{""wallstreetbets"":1}"
2026-10-06,CRWD,10,9,0,10,0,1,"{""wallstreetbets"":10}"
2026-10-06,CRWL,1,1,0,1,0,1,"{""wallstreetbets"":1}"
2026-10-06,CRWV,9,7,0,9,0,1,"{""wallstreetbets"":9}"
2026-10-06,CSCO,1,1,0,1,0,1,"{""wallstreetbets"":1}"
2026-10-06,CSE:NASA,1,1,1,0,1,0,"{""pennystocks"":1}"
2026-10-06,CSHI,1,1,0,1,0,1,"{""wallstreetbets"":1}"
2026-10-06,CVNA,2,2,0,2,0,1,"{""wallstreetbets"":2}"
2026-10-06,CVS,1,1,1,0,0,1,"{""wallstreetbets"":1}"
2026-10-06,DAL,2,2,0,2,0,1,"{""wallstreetbets"":2}"
2026-10-06,DDOG,2,1,0,2,0,1,"{""wallstreetbets"":2}"
2026-10-06,DELL,7,5,0,7,0,1,"{""wallstreetbets"":7}"
2026-10-06,DFSC,1,1,0,1,0,1,"{""pennystocks"":1}"
2026-10-06,DIA,1,1,0,1,0,1,"{""wallstreetbets"":1}"
2026-10-06,DIPS,1,1,0,1,0,1,"{""wallstreetbets"":1}"
2026-10-06,DJT,4,4,0,4,0,1,"{""wallstreetbets"":4}"
2026-10-06,DKNG,1,1,0,1,0,1,"{""wallstreetbets"":1}"
2026-10-06,DMA,1,1,0,1,0,1,"{""wallstreetbets"":1}"
2026-10-06,DOCS,1,1,0,1,0,1,"{""wallstreetbets"":1}"
2026-10-06,DPLS,1,1,0,1,0,1,"{""pennystocks"":1}"
2026-10-06,DRAM,1,1,0,1,0,1,"{""wallstreetbets"":1}"
2026-10-06,DRCT,1,1,1,0,0,1,"{""pennystocks"":1}"
2026-10-06,DRTS,1,1,0,1,0,1,"{""wallstreetbets"":1}"
2026-10-06,DTH,1,1,0,1,0,1,"{""wallstreetbets"":1}"
2026-10-06,DVLT,3,3,0,3,0,1,"{""pennystocks"":3}"
2026-10-06,DXYZ,2,2,0,2,0,1,"{""wallstreetbets"":2}"
2026-10-06,DYOR,2,2,1,1,0,1,"{""pennystocks"":1,""smallstreetbets"":1}"
2026-10-06,EARTH,1,1,0,1,0,0,"{""wallstreetbets"":1}"
2026-10-06,EBS,1,1,0,1,0,1,"{""wallstreetbets"":1}"
2026-10-06,ECL,1,1,0,1,0,1,"{""wallstreetbets"":1}"
2026-10-06,EDIG,1,1,0,1,0,0,"{""pennystocks"":1}"
2026-10-06,EET,1,1,0,1,0,1,"{""wallstreetbets"":1}"
2026-10-06,EMAT,1,1,1,0,0,1,"{""pennystocks"":1}"
2026-10-06,EMP,1,1,0,1,0,1,"{""wallstreetbets"":1}"
2026-10-06,EOSE,1,1,0,1,0,1,"{""wallstreetbets"":1}"
2026-10-06,ETHA,1,1,0,1,0,1,"{""wallstreetbets"":1}"
2026-10-06,ETSY,1,1,0,1,0,1,"{""wallstreetbets"":1}"
2026-10-06,EVO,2,2,1,1,0,1,"{""wallstreetbets"":2}"
2026-10-06,EWT,1,1,0,1,0,1,"{""wallstreetbets"":1}"
2026-10-06,EWY,1,1,0,1,0,1,"{""wallstreetbets"":1}"
2026-10-06,EWZ,5,2,0,5,0,1,"{""wallstreetbets"":5}"
2026-10-06,FANG,1,1,0,1,0,1,"{""wallstreetbets"":1}"
2026-10-06,FCEL,2,2,0,2,0,1,"{""wallstreetbets"":2}"
2026-10-06,FCHL,1,1,0,1,0,1,"{""pennystocks"":1}"
2026-10-06,FEAM,1,1,0,1,0,1,"{""pennystocks"":1}"
2026-10-06,FEMY,1,1,0,1,0,1,"{""pennystocks"":1}"
2026-10-06,FLBR,1,1,0,1,0,1,"{""wallstreetbets"":1}"
2026-10-06,FNV,1,1,1,0,0,1,"{""pennystocks"":1}"
2026-10-06,FPS,1,1,0,1,0,1,"{""wallstreetbets"":1}"
2026-10-06,FRGT,2,2,2,0,0,1,"{""pennystocks"":1,""smallstreetbets"":1}"
2026-10-06,FRMI,1,1,0,1,0,1,"{""wallstreetbets"":1}"
2026-10-06,FRVO,2,2,1,1,0,1,"{""smallstreetbets"":1,""wallstreetbets"":1}"
2026-10-06,GAW,1,1,0,1,0,0,"{""wallstreetbets"":1}"
2026-10-06,GEO,1,1,0,1,0,1,"{""wallstreetbets"":1}"
2026-10-06,GEV,1,1,0,1,0,1,"{""wallstreetbets"":1}"
2026-10-06,GEVO,1,1,0,1,0,1,"{""pennystocks"":1}"
2026-10-06,GGLL,6,4,0,6,0,1,"{""wallstreetbets"":6}"
2026-10-06,GLD,2,2,0,2,0,1,"{""wallstreetbets"":2}"
2026-10-06,GLW,2,2,1,1,0,1,"{""wallstreetbets"":2}"
2026-10-06,GLXY,1,1,1,0,0,1,"{""wallstreetbets"":1}"
2026-10-06,GME,12,10,2,10,0,1,"{""pennystocks"":1,""wallstreetbets"":11}"
2026-10-06,GNS,2,2,0,2,0,1,"{""pennystocks"":1,""wallstreetbets"":1}"
2026-10-06,GOGO,1,1,1,0,0,1,"{""pennystocks"":1}"
2026-10-06,GOOG,30,26,0,30,0,1,"{""wallstreetbets"":30}"
2026-10-06,GOOGL,20,14,0,20,0,1,"{""wallstreetbets"":20}"
2026-10-06,GPRO,2,2,0,2,0,1,"{""pennystocks"":2}"
2026-10-06,GRND,1,1,0,1,0,1,"{""wallstreetbets"":1}"
2026-10-06,GRPN,4,1,0,4,0,1,"{""wallstreetbets"":4}"
2026-10-06,GSK,1,1,0,1,0,1,"{""wallstreetbets"":1}"
2026-10-06,GUTS,1,1,0,1,0,1,"{""wallstreetbets"":1}"
2026-10-06,HAS,1,1,0,1,0,1,"{""wallstreetbets"":1}"
2026-10-06,HCMC,1,1,0,1,0,1,"{""pennystocks"":1}"
2026-10-06,HIMS,1,1,0,1,0,1,"{""wallstreetbets"":1}"
2026-10-06,HMR,1,1,1,0,0,1,"{""pennystocks"":1}"
2026-10-06,HOOD,12,10,1,11,0,1,"{""wallstreetbets"":12}"
2026-10-06,HORT,1,1,0,1,0,0,"{""wallstreetbets"":1}"
2026-10-06,HPE,1,1,0,1,0,1,"{""wallstreetbets"":1}"
2026-10-06,HRS,1,1,0,1,0,0,"{""wallstreetbets"":1}"
2026-10-06,HSBC,1,1,0,1,0,1,"{""wallstreetbets"":1}"
2026-10-06,HTZ,104,59,4,100,1,1,"{""pennystocks"":9,""smallstreetbets"":1,""wallstreetbets"":94}"
2026-10-06,IBKR,1,1,0,1,0,1,"{""wallstreetbets"":1}"
2026-10-06,IBRX,2,1,0,2,0,1,"{""wallstreetbets"":2}"
2026-10-06,ICU,1,1,1,0,0,1,"{""pennystocks"":1}"
2026-10-06,IFRX,1,1,1,0,0,1,"{""pennystocks"":1}"
2026-10-06,INFQ,15,4,1,14,0,1,"{""wallstreetbets"":15}"
2026-10-06,INGN,1,1,0,1,0,1,"{""pennystocks"":1}"
2026-10-06,INSW,1,1,1,0,0,1,"{""pennystocks"":1}"
2026-10-06,INTC,35,28,0,35,0,1,"{""wallstreetbets"":35}"
2026-10-06,INV,2,1,0,2,0,1,"{""wallstreetbets"":2}"
2026-10-06,IONQ,1,1,0,1,0,1,"{""wallstreetbets"":1}"
2026-10-06,IPDN,2,2,1,1,0,1,"{""pennystocks"":1,""smallstreetbets"":1}"
2026-10-06,IQST,1,1,0,1,0,1,"{""pennystocks"":1}"
2026-10-06,IREN,3,3,0,3,0,1,"{""wallstreetbets"":3}"
2026-10-06,IREZ,1,1,0,1,0,1,"{""wallstreetbets"":1}"
2026-10-06,ITA,1,1,0,1,0,1,"{""wallstreetbets"":1}"
2026-10-06,IVF,2,2,0,2,0,1,"{""wallstreetbets"":2}"
2026-10-06,IWL,2,1,0,2,0,1,"{""wallstreetbets"":2}"
2026-10-06,IWM,14,11,0,14,0,1,"{""smallstreetbets"":1,""wallstreetbets"":13}"
2026-10-06,IWO,1,1,0,1,0,1,"{""wallstreetbets"":1}"
2026-10-06,IWR,2,2,0,2,0,1,"{""wallstreetbets"":2}"
2026-10-06,JACK,1,1,0,1,0,1,"{""wallstreetbets"":1}"
2026-10-06,JAGX,3,3,1,2,0,1,"{""pennystocks"":2,""smallstreetbets"":1}"
2026-10-06,JMKE,3,2,0,3,0,1,"{""wallstreetbets"":3}"
2026-10-06,JOBY,1,1,0,1,0,1,"{""pennystocks"":1}"
2026-10-06,JPM,1,1,0,1,0,1,"{""wallstreetbets"":1}"
2026-10-06,JUSH,1,1,1,0,0,1,"{""pennystocks"":1}"
2026-10-06,KITT,3,3,0,3,0,1,"{""pennystocks"":3}"
2026-10-06,KLAC,1,1,1,0,0,1,"{""wallstreetbets"":1}"
2026-10-06,KLIC,1,1,0,1,0,1,"{""wallstreetbets"":1}"
2026-10-06,KOD,1,1,0,1,0,1,"{""wallstreetbets"":1}"
2026-10-06,KORU,2,1,0,2,0,1,"{""wallstreetbets"":2}"
2026-10-06,KRMN,1,1,0,1,0,1,"{""wallstreetbets"":1}"
2026-10-06,KTOS,1,1,0,1,0,1,"{""wallstreetbets"":1}"
2026-10-06,LCID,3,1,0,3,0,1,"{""wallstreetbets"":3}"
2026-10-06,LEN,1,1,0,1,0,1,"{""wallstreetbets"":1}"
2026-10-06,LEVI,2,1,0,2,0,1,"{""wallstreetbets"":2}"
2026-10-06,LGHL,1,1,0,1,0,1,"{""pennystocks"":1}"
2026-10-06,LITE,4,4,0,4,0,1,"{""wallstreetbets"":4}"
2026-10-06,LITZ,1,1,0,1,0,1,"{""wallstreetbets"":1}"
2026-10-06,LLY,1,1,0,1,0,1,"{""wallstreetbets"":1}"
2026-10-06,LOB,1,1,0,1,0,1,"{""wallstreetbets"":1}"
2026-10-06,LONA,1,1,0,1,0,1,"{""wallstreetbets"":1}"
2026-10-06,LSE:ASC,1,1,1,0,0,0,"{""wallstreetbets"":1}"
2026-10-06,LUCD,1,1,0,1,0,1,"{""pennystocks"":1}"
2026-10-06,LULU,28,14,1,27,0,1,"{""wallstreetbets"":28}"
2026-10-06,LUMN,1,1,0,1,0,1,"{""wallstreetbets"":1}"
2026-10-06,MAT,4,1,0,4,0,1,"{""wallstreetbets"":4}"
2026-10-06,MCD,8,8,0,8,0,1,"{""wallstreetbets"":8}"
2026-10-06,META,16,16,0,16,0,1,"{""wallstreetbets"":16}"
2026-10-06,MIC,1,1,0,1,0,1,"{""wallstreetbets"":1}"
2026-10-06,MLM,1,1,0,1,0,1,"{""wallstreetbets"":1}"
2026-10-06,MMA,2,2,0,2,0,1,"{""wallstreetbets"":2}"
2026-10-06,MNGZ,1,1,0,1,0,1,"{""wallstreetbets"":1}"
2026-10-06,MNTN,1,1,1,0,0,1,"{""smallstreetbets"":1}"
2026-10-06,MOBX,2,2,0,2,0,1,"{""pennystocks"":1,""wallstreetbets"":1}"
2026-10-06,MRNA,18,18,0,18,0,1,"{""wallstreetbets"":18}"
2026-10-06,MRVL,55,40,3,52,0,1,"{""wallstreetbets"":55}"
2026-10-06,MSBT,1,1,0,1,0,1,"{""wallstreetbets"":1}"
2026-10-06,MSFT,32,27,1,31,0,1,"{""smallstreetbets"":2,""wallstreetbets"":30}"
2026-10-06,MSOS,1,1,0,1,0,1,"{""pennystocks"":1}"
2026-10-06,MSTR,16,15,1,15,0,1,"{""wallstreetbets"":16}"
2026-10-06,MTG,1,1,0,1,0,1,"{""smallstreetbets"":1}"
2026-10-06,MU,6,5,0,6,0,1,"{""wallstreetbets"":6}"
2026-10-06,MUU,2,2,0,2,0,1,"{""wallstreetbets"":2}"
2026-10-06,MUZ,2,2,0,2,0,1,"{""wallstreetbets"":2}"
2026-10-06,NAUT,2,1,0,2,0,1,"{""pennystocks"":2}"
2026-10-06,NBIS,26,21,1,25,0,1,"{""wallstreetbets"":26}"
2026-10-06,NEON,1,1,0,1,0,1,"{""pennystocks"":1}"
2026-10-06,NEPH,1,1,0,1,0,1,"{""pennystocks"":1}"
2026-10-06,NET,1,1,0,1,0,1,"{""wallstreetbets"":1}"
2026-10-06,NEWT,1,1,0,1,0,1,"{""wallstreetbets"":1}"
2026-10-06,NFE,3,3,0,3,0,1,"{""pennystocks"":3}"
2026-10-06,NFLX,36,30,2,34,0,1,"{""smallstreetbets"":2,""wallstreetbets"":34}"
2026-10-06,NIO,1,1,0,1,0,1,"{""pennystocks"":1}"
2026-10-06,NIVF,1,1,1,0,0,1,"{""pennystocks"":1}"
2026-10-06,NKE,32,21,0,32,0,1,"{""wallstreetbets"":32}"
2026-10-06,NKTX,1,1,0,1,0,1,"{""wallstreetbets"":1}"
2026-10-06,NLR,3,3,0,3,0,1,"{""wallstreetbets"":3}"
2026-10-06,NLST,3,3,1,2,0,1,"{""pennystocks"":2,""wallstreetbets"":1}"
2026-10-06,NNE,1,1,0,1,0,1,"{""wallstreetbets"":1}"
2026-10-06,NOK,11,8,0,11,0,1,"{""wallstreetbets"":11}"
2026-10-06,NRC,2,2,1,1,0,1,"{""wallstreetbets"":2}"
2026-10-06,NTZ,1,1,0,1,0,1,"{""wallstreetbets"":1}"
2026-10-06,NVAX,5,3,1,4,0,1,"{""wallstreetbets"":5}"
2026-10-06,NVDA,106,86,5,101,0,1,"{""wallstreetbets"":106}"
2026-10-06,NVO,5,4,0,5,0,1,"{""wallstreetbets"":5}"
2026-10-06,NVTS,2,2,0,2,0,1,"{""wallstreetbets"":2}"
2026-10-06,NXH,1,1,0,1,0,1,"{""wallstreetbets"":1}"
2026-10-06,NYT,1,1,0,1,0,1,"{""wallstreetbets"":1}"
2026-10-06,O,1,1,0,1,0,1,"{""wallstreetbets"":1}"
2026-10-06,OCGN,1,1,0,1,0,1,"{""wallstreetbets"":1}"
2026-10-06,ODC,1,1,0,1,0,1,"{""wallstreetbets"":1}"
2026-10-06,OKLO,18,12,1,17,0,1,"{""wallstreetbets"":18}"
2026-10-06,OLB,2,2,0,2,0,1,"{""pennystocks"":2}"
2026-10-06,OLOX,4,4,1,3,0,1,"{""pennystocks"":3,""wallstreetbets"":1}"
2026-10-06,ONDS,8,7,1,7,0,1,"{""pennystocks"":4,""wallstreetbets"":4}"
2026-10-06,ONON,1,1,0,1,0,1,"{""wallstreetbets"":1}"
2026-10-06,OPNW,1,1,0,1,0,1,"{""wallstreetbets"":1}"
2026-10-06,OPTT,4,2,0,4,0,1,"{""pennystocks"":4}"
2026-10-06,OPTX,1,1,0,1,0,1,"{""wallstreetbets"":1}"
2026-10-06,ORCL,8,7,0,8,0,1,"{""wallstreetbets"":8}"
2026-10-06,ORO,1,1,0,1,0,1,"{""pennystocks"":1}"
2026-10-06,OZSC,1,1,0,1,0,1,"{""pennystocks"":1}"
2026-10-06,P,1,1,0,1,0,1,"{""wallstreetbets"":1}"
2026-10-06,PANW,6,5,0,6,0,1,"{""wallstreetbets"":6}"
2026-10-06,PBR,1,1,0,1,0,1,"{""wallstreetbets"":1}"
2026-10-06,PDS,1,1,1,0,0,1,"{""pennystocks"":1}"
2026-10-06,PDSB,1,1,1,0,0,1,"{""pennystocks"":1}"
2026-10-06,PED,1,1,0,1,0,1,"{""wallstreetbets"":1}"
2026-10-06,PENG,39,17,1,38,1,1,"{""wallstreetbets"":39}"
2026-10-06,PEP,3,3,0,3,0,1,"{""wallstreetbets"":3}"
2026-10-06,PINS,1,1,0,1,0,1,"{""wallstreetbets"":1}"
2026-10-06,PLA,1,1,0,1,0,1,"{""wallstreetbets"":1}"
2026-10-06,PLTR,8,8,0,8,0,1,"{""wallstreetbets"":8}"
2026-10-06,PLTU,1,1,0,1,0,1,"{""wallstreetbets"":1}"
2026-10-06,PNW,2,1,0,2,0,1,"{""wallstreetbets"":2}"
2026-10-06,PNXP,4,1,2,2,0,1,"{""pennystocks"":3,""smallstreetbets"":1}"
2026-10-06,PTC,1,1,0,1,0,1,"{""wallstreetbets"":1}"
2026-10-06,PTLO,1,1,0,1,0,1,"{""wallstreetbets"":1}"
2026-10-06,PWR,1,1,0,1,0,1,"{""wallstreetbets"":1}"
2026-10-06,PYPL,2,2,0,2,0,1,"{""wallstreetbets"":2}"
2026-10-06,QCOM,4,4,0,4,0,1,"{""wallstreetbets"":4}"
2026-10-06,QNT,2,1,0,2,0,1,"{""wallstreetbets"":2}"
2026-10-06,QQQ,143,81,0,143,0,1,"{""wallstreetbets"":143}"
2026-10-06,QSI,2,2,1,1,0,1,"{""pennystocks"":2}"
2026-10-06,QTEX,6,6,1,5,0,1,"{""pennystocks"":4,""wallstreetbets"":2}"
2026-10-06,QXO,1,1,0,1,0,1,"{""wallstreetbets"":1}"
2026-10-06,RAC,1,1,1,0,0,1,"{""wallstreetbets"":1}"
2026-10-06,RBC,1,1,0,1,0,1,"{""wallstreetbets"":1}"
2026-10-06,RDDT,22,20,2,20,0,1,"{""wallstreetbets"":22}"
2026-10-06,RDTL,1,1,0,1,0,1,"{""wallstreetbets"":1}"
2026-10-06,RECT,1,1,0,1,0,1,"{""wallstreetbets"":1}"
2026-10-06,RIG,3,2,0,3,0,1,"{""wallstreetbets"":3}"
2026-10-06,RIOT,1,1,0,1,0,1,"{""wallstreetbets"":1}"
2026-10-06,RIVN,3,3,1,2,0,1,"{""wallstreetbets"":3}"
2026-10-06,RKLB,33,18,1,32,1,1,"{""wallstreetbets"":33}"
2026-10-06,RLC,1,1,0,1,0,0,"{""wallstreetbets"":1}"
2026-10-06,RNA,1,1,0,1,0,1,"{""wallstreetbets"":1}"
2026-10-06,RNG,1,1,1,0,0,1,"{""smallstreetbets"":1}"
2026-10-06,ROG,1,1,0,1,0,1,"{""wallstreetbets"":1}"
2026-10-06,ROPE,3,3,0,3,0,1,"{""wallstreetbets"":3}"
2026-10-06,RPM,2,2,0,2,0,1,"{""wallstreetbets"":2}"
2026-10-06,RRX,1,1,0,1,0,1,"{""wallstreetbets"":1}"
2026-10-06,RSP,5,3,0,5,0,1,"{""wallstreetbets"":5}"
2026-10-06,RUBI,1,1,0,1,0,1,"{""pennystocks"":1}"
2026-10-06,RUM,1,1,0,1,0,1,"{""wallstreetbets"":1}"
2026-10-06,RUN,1,1,0,1,0,1,"{""wallstreetbets"":1}"
2026-10-06,RXRX,5,4,0,5,0,1,"{""pennystocks"":3,""wallstreetbets"":2}"
2026-10-06,SAP,1,1,0,1,0,1,"{""wallstreetbets"":1}"
2026-10-06,SBFM,1,1,1,0,0,1,"{""pennystocks"":1}"
2026-10-06,SCHD,1,1,0,1,0,1,"{""wallstreetbets"":1}"
2026-10-06,SCKT,3,2,0,3,0,1,"{""pennystocks"":3}"
2026-10-06,SDEV,4,4,1,3,0,1,"{""pennystocks"":2,""wallstreetbets"":2}"
2026-10-06,SES,1,1,0,1,0,1,"{""pennystocks"":1}"
2026-10-06,SETM,1,1,0,1,0,1,"{""wallstreetbets"":1}"
2026-10-06,SG,1,1,0,1,0,1,"{""wallstreetbets"":1}"
2026-10-06,SGOV,3,3,0,3,0,1,"{""wallstreetbets"":3}"
2026-10-06,SHEL,1,1,0,1,0,1,"{""wallstreetbets"":1}"
2026-10-06,SILJ,1,1,1,0,0,1,"{""wallstreetbets"":1}"
2026-10-06,SKHY,16,12,1,15,0,1,"{""wallstreetbets"":16}"
2026-10-06,SLS,8,8,1,7,0,1,"{""pennystocks"":1,""wallstreetbets"":7}"
2026-10-06,SMCI,1,1,0,1,0,1,"{""wallstreetbets"":1}"
2026-10-06,SMH,1,1,0,1,0,1,"{""wallstreetbets"":1}"
2026-10-06,SMR,2,2,0,2,0,1,"{""wallstreetbets"":2}"
2026-10-06,SMTC,1,1,1,0,0,1,"{""wallstreetbets"":1}"
2026-10-06,SNDK,80,51,1,79,0,1,"{""wallstreetbets"":80}"
2026-10-06,SNES,5,2,0,5,0,1,"{""wallstreetbets"":5}"
2026-10-06,SNPS,1,1,1,0,0,1,"{""wallstreetbets"":1}"
2026-10-06,SNXX,1,1,0,1,0,1,"{""wallstreetbets"":1}"
2026-10-06,SOAR,3,3,0,3,0,1,"{""pennystocks"":3}"
2026-10-06,SOFI,4,3,0,4,0,1,"{""wallstreetbets"":4}"
2026-10-06,SOUN,6,3,3,3,0,1,"{""pennystocks"":2,""wallstreetbets"":4}"
2026-10-06,SOXL,21,8,0,21,0,1,"{""wallstreetbets"":21}"
2026-10-06,SOXS,10,3,0,10,0,1,"{""wallstreetbets"":10}"
2026-10-06,SOXX,5,5,0,5,0,1,"{""wallstreetbets"":5}"
2026-10-06,SPCE,1,1,0,1,0,1,"{""wallstreetbets"":1}"
2026-10-06,SPCX,114,73,4,110,0,1,"{""wallstreetbets"":114}"
2026-10-06,SPH,1,1,0,1,0,1,"{""wallstreetbets"":1}"
2026-10-06,SPMO,2,1,0,2,0,1,"{""wallstreetbets"":2}"
2026-10-06,SPOT,1,1,0,1,0,1,"{""wallstreetbets"":1}"
2026-10-06,SPXU,1,1,0,1,0,1,"{""wallstreetbets"":1}"
2026-10-06,SPXX,1,1,0,1,0,1,"{""wallstreetbets"":1}"
2026-10-06,SPY,382,204,3,379,2,1,"{""smallstreetbets"":2,""wallstreetbets"":380}"
2026-10-06,SPYD,1,1,0,1,0,1,"{""wallstreetbets"":1}"
2026-10-06,SQQQ,1,1,0,1,0,1,"{""wallstreetbets"":1}"
2026-10-06,SRFM,1,1,0,1,0,1,"{""wallstreetbets"":1}"
2026-10-06,SRXH,2,2,0,2,0,1,"{""pennystocks"":1,""wallstreetbets"":1}"
2026-10-06,SSD,3,3,0,3,0,1,"{""wallstreetbets"":3}"
2026-10-06,SSPC,3,3,0,3,0,1,"{""wallstreetbets"":3}"
2026-10-06,STDN,1,1,0,1,0,1,"{""wallstreetbets"":1}"
2026-10-06,STNG,1,1,1,0,0,1,"{""pennystocks"":1}"
2026-10-06,STRL,1,1,0,1,0,1,"{""wallstreetbets"":1}"
2026-10-06,STX,23,18,0,23,0,1,"{""wallstreetbets"":23}"
2026-10-06,STZ,3,3,0,3,0,1,"{""wallstreetbets"":3}"
2026-10-06,SYNA,1,1,0,1,0,1,"{""wallstreetbets"":1}"
2026-10-06,T,1,1,0,1,0,1,"{""wallstreetbets"":1}"
2026-10-06,TCV,1,1,1,0,0,1,"{""smallstreetbets"":1}"
2026-10-06,TEC,1,1,1,0,0,1,"{""pennystocks"":1}"
2026-10-06,TECL,1,1,0,1,0,1,"{""wallstreetbets"":1}"
2026-10-06,TEM,3,3,0,3,0,1,"{""wallstreetbets"":3}"
2026-10-06,TLN,2,2,0,2,0,1,"{""wallstreetbets"":2}"
2026-10-06,TLT,10,8,0,10,0,1,"{""wallstreetbets"":10}"
2026-10-06,TMUS,2,1,0,2,0,1,"{""wallstreetbets"":2}"
2026-10-06,TNK,1,1,1,0,0,1,"{""pennystocks"":1}"
2026-10-06,TQQQ,5,4,0,5,0,1,"{""wallstreetbets"":5}"
2026-10-06,TSLA,37,23,1,36,0,1,"{""wallstreetbets"":37}"
2026-10-06,TSM,2,2,0,2,0,1,"{""wallstreetbets"":2}"
2026-10-06,TTD,3,1,0,3,0,1,"{""wallstreetbets"":3}"
2026-10-06,TTWO,4,4,0,4,0,1,"{""wallstreetbets"":4}"
2026-10-06,TVA,1,1,0,1,0,1,"{""wallstreetbets"":1}"
2026-10-06,TWLO,2,2,0,2,0,1,"{""wallstreetbets"":2}"
2026-10-06,TWST,3,3,0,3,0,1,"{""wallstreetbets"":3}"
2026-10-06,TXN,1,1,0,1,0,1,"{""wallstreetbets"":1}"
2026-10-06,UAMY,1,1,0,1,0,1,"{""pennystocks"":1}"
2026-10-06,UBER,2,2,0,2,0,1,"{""wallstreetbets"":2}"
2026-10-06,UBS,4,4,1,3,0,1,"{""pennystocks"":1,""wallstreetbets"":3}"
2026-10-06,UMAC,1,1,1,0,0,1,"{""wallstreetbets"":1}"
2026-10-06,UNH,2,2,0,2,0,1,"{""wallstreetbets"":2}"
2026-10-06,URA,2,2,0,2,0,1,"{""wallstreetbets"":2}"
2026-10-06,USAR,2,2,0,2,0,1,"{""wallstreetbets"":2}"
2026-10-06,USG,1,1,0,1,0,1,"{""wallstreetbets"":1}"
2026-10-06,USO,4,4,0,4,0,1,"{""wallstreetbets"":4}"
2026-10-06,USOI,1,1,0,1,0,1,"{""wallstreetbets"":1}"
2026-10-06,UTI,1,1,0,1,0,1,"{""wallstreetbets"":1}"
2026-10-06,UUUU,5,4,1,4,0,1,"{""wallstreetbets"":5}"
2026-10-06,VACI,1,1,1,0,0,1,"{""pennystocks"":1}"
2026-10-06,VAL,2,1,0,2,0,1,"{""wallstreetbets"":2}"
2026-10-06,VARO,1,1,0,1,0,0,"{""wallstreetbets"":1}"
2026-10-06,VCX,1,1,0,1,0,1,"{""wallstreetbets"":1}"
2026-10-06,VEEA,14,6,0,14,0,1,"{""pennystocks"":14}"
2026-10-06,VERU,1,1,0,1,0,1,"{""pennystocks"":1}"
2026-10-06,VGT,1,1,0,1,0,1,"{""wallstreetbets"":1}"
2026-10-06,VNRX,2,2,0,2,0,1,"{""pennystocks"":2}"
2026-10-06,VOO,21,18,0,21,0,1,"{""wallstreetbets"":21}"
2026-10-06,VRT,2,2,0,2,0,1,"{""wallstreetbets"":2}"
2026-10-06,VST,48,27,0,48,0,1,"{""wallstreetbets"":48}"
2026-10-06,VTI,3,3,0,3,0,1,"{""wallstreetbets"":3}"
2026-10-06,VVV,1,1,0,1,0,1,"{""wallstreetbets"":1}"
2026-10-06,VZ,1,1,0,1,0,1,"{""wallstreetbets"":1}"
2026-10-06,WAB,1,1,0,1,0,1,"{""wallstreetbets"":1}"
2026-10-06,WCC,1,1,0,1,0,1,"{""wallstreetbets"":1}"
2026-10-06,WDC,46,39,0,46,0,1,"{""wallstreetbets"":46}"
2026-10-06,WHLR,8,5,1,7,0,1,"{""pennystocks"":8}"
2026-10-06,WISH,2,2,0,2,0,0,"{""wallstreetbets"":2}"
2026-10-06,WMT,2,2,0,2,0,1,"{""wallstreetbets"":2}"
2026-10-06,WNTR,1,1,0,1,0,1,"{""wallstreetbets"":1}"
2026-10-06,WULF,3,2,0,3,0,1,"{""wallstreetbets"":3}"
2026-10-06,WYHG,8,1,0,8,0,1,"{""pennystocks"":1,""wallstreetbets"":7}"
2026-10-06,XHG,1,1,1,0,0,1,"{""pennystocks"":1}"
2026-10-06,XHLD,2,2,0,2,0,1,"{""pennystocks"":2}"
2026-10-06,XLF,2,2,0,2,0,1,"{""wallstreetbets"":2}"
2026-10-06,XLI,1,1,0,1,0,1,"{""wallstreetbets"":1}"
2026-10-06,XLK,1,1,0,1,0,1,"{""wallstreetbets"":1}"
2026-10-06,XLU,4,3,0,4,0,1,"{""wallstreetbets"":4}"
2026-10-06,XNDU,1,1,0,1,0,1,"{""pennystocks"":1}"
2026-10-06,ZENA,3,2,1,2,0,1,"{""pennystocks"":1,""wallstreetbets"":2}"
2026-10-06,ZIM,1,1,1,0,0,1,"{""pennystocks"":1}"
2026-10-07,AAOI,1,1,0,1,0,1,"{""wallstreetbets"":1}"
2026-10-07,AAPL,41,32,1,40,0,1,"{""wallstreetbets"":41}"
2026-10-07,ABBV,1,1,0,1,0,1,"{""wallstreetbets"":1}"
2026-10-07,ABT,1,1,0,1,0,1,"{""wallstreetbets"":1}"
2026-10-07,ADBE,8,8,2,6,1,1,"{""wallstreetbets"":8}"
2026-10-07,ADBT,1,1,0,1,0,1,"{""pennystocks"":1}"
2026-10-07,ADIL,1,1,0,1,0,1,"{""pennystocks"":1}"
2026-10-07,ADSK,1,1,0,1,0,1,"{""wallstreetbets"":1}"
2026-10-07,AEC,1,1,0,1,0,1,"{""wallstreetbets"":1}"
2026-10-07,AEM,2,2,0,2,0,1,"{""wallstreetbets"":2}"
2026-10-07,AEO,1,1,1,0,0,1,"{""wallstreetbets"":1}"
2026-10-07,AIB,2,2,0,2,0,1,"{""pennystocks"":2}"
2026-10-07,AIIO,1,1,0,1,0,1,"{""pennystocks"":1}"
2026-10-07,AIM:QUBE,1,1,1,0,0,0,"{""pennystocks"":1}"
2026-10-07,AIXI,1,1,0,1,0,1,"{""pennystocks"":1}"
2026-10-07,AKAM,1,1,0,1,0,1,"{""wallstreetbets"":1}"
2026-10-07,ALEC,5,3,0,5,0,1,"{""pennystocks"":5}"
2026-10-07,AMAT,1,1,0,1,0,1,"{""wallstreetbets"":1}"
2026-10-07,AMC,7,5,0,7,0,1,"{""wallstreetbets"":7}"
2026-10-07,AMCR,1,1,0,1,0,1,"{""wallstreetbets"":1}"
2026-10-07,AMD,92,79,4,88,0,1,"{""smallstreetbets"":2,""wallstreetbets"":90}"
2026-10-07,AMID,1,1,0,1,0,1,"{""wallstreetbets"":1}"
2026-10-07,AMKR,1,1,0,1,0,1,"{""wallstreetbets"":1}"
2026-10-07,AMPX,2,2,0,2,0,1,"{""pennystocks"":1,""wallstreetbets"":1}"
2026-10-07,AMZN,40,28,0,40,0,1,"{""wallstreetbets"":40}"
2026-10-07,ANTW,1,1,0,1,0,1,"{""wallstreetbets"":1}"
2026-10-07,APLD,188,99,4,184,1,1,"{""wallstreetbets"":188}"
2026-10-07,APT,1,1,1,0,0,1,"{""smallstreetbets"":1}"
2026-10-07,APUS,2,2,0,2,0,1,"{""pennystocks"":2}"
2026-10-07,ARAY,1,1,0,1,0,1,"{""pennystocks"":1}"
2026-10-07,AREC,1,1,1,0,0,1,"{""pennystocks"":1}"
2026-10-07,ARM,1,1,0,1,0,1,"{""wallstreetbets"":1}"
2026-10-07,ASIC,2,2,0,2,0,1,"{""wallstreetbets"":2}"
2026-10-07,ASML,4,4,0,4,0,1,"{""wallstreetbets"":4}"
2026-10-07,ASNS,1,1,0,1,0,1,"{""pennystocks"":1}"
2026-10-07,ASTS,9,7,0,9,0,1,"{""wallstreetbets"":9}"
2026-10-07,AUR,1,1,0,1,0,1,"{""wallstreetbets"":1}"
2026-10-07,AVAV,1,1,0,1,0,1,"{""wallstreetbets"":1}"
2026-10-07,AVGO,21,16,0,21,0,1,"{""wallstreetbets"":21}"
2026-10-07,AXON,1,1,0,1,0,1,"{""wallstreetbets"":1}"
2026-10-07,AXSM,1,1,0,1,0,1,"{""pennystocks"":1}"
2026-10-07,BA,1,1,0,1,0,1,"{""wallstreetbets"":1}"
2026-10-07,BAB,1,1,0,1,0,1,"{""wallstreetbets"":1}"
2026-10-07,BABA,2,2,0,2,0,1,"{""wallstreetbets"":2}"
2026-10-07,BAER,2,2,0,2,0,1,"{""pennystocks"":1,""wallstreetbets"":1}"
2026-10-07,BAM,1,1,0,1,0,1,"{""wallstreetbets"":1}"
2026-10-07,BB,1,1,0,1,0,1,"{""wallstreetbets"":1}"
2026-10-07,BBB,1,1,0,1,0,1,"{""wallstreetbets"":1}"
2026-10-07,BBLG,1,1,0,1,0,1,"{""pennystocks"":1}"
2026-10-07,BBY,1,1,0,1,0,1,"{""wallstreetbets"":1}"
2026-10-07,BDC,1,1,0,1,0,1,"{""wallstreetbets"":1}"
2026-10-07,BDRY,1,1,0,1,0,1,"{""wallstreetbets"":1}"
2026-10-07,BE,1,1,0,1,0,1,"{""wallstreetbets"":1}"
2026-10-07,BER,1,1,0,1,0,0,"{""wallstreetbets"":1}"
2026-10-07,BFLY,1,1,0,1,0,1,"{""pennystocks"":1}"
2026-10-07,BIP,1,1,0,1,0,1,"{""wallstreetbets"":1}"
2026-10-07,BIYA,11,8,3,8,0,1,"{""pennystocks"":7,""smallstreetbets"":2,""wallstreetbets"":2}"
2026-10-07,BKYI,1,1,0,1,0,1,"{""pennystocks"":1}"
2026-10-07,BLIN,4,3,2,2,0,1,"{""pennystocks"":4}"
2026-10-07,BMNR,1,1,0,1,0,1,"{""wallstreetbets"":1}"
2026-10-07,BMRN,1,1,0,1,0,1,"{""pennystocks"":1}"
2026-10-07,BN,1,1,0,1,0,1,"{""wallstreetbets"":1}"
2026-10-07,BNDX,1,1,0,1,0,1,"{""wallstreetbets"":1}"
2026-10-07,BOFA,1,1,0,1,0,0,"{""wallstreetbets"":1}"
2026-10-07,BRUN,2,1,1,1,0,1,"{""wallstreetbets"":2}"
2026-10-07,BSP,3,3,0,3,0,1,"{""wallstreetbets"":3}"
2026-10-07,BTQ,1,1,0,1,0,1,"{""wallstreetbets"":1}"
2026-10-07,BULG,1,1,0,1,0,1,"{""wallstreetbets"":1}"
2026-10-07,BULL,70,27,1,69,0,1,"{""wallstreetbets"":70}"
2026-10-07,BURU,2,2,1,1,0,1,"{""pennystocks"":1,""smallstreetbets"":1}"
2026-10-07,BWET,6,5,0,6,0,1,"{""wallstreetbets"":6}"
2026-10-07,BYND,2,2,0,2,0,1,"{""wallstreetbets"":2}"
2026-10-07,C,1,1,0,1,0,1,"{""wallstreetbets"":1}"
2026-10-07,CAPR,2,1,0,2,0,1,"{""wallstreetbets"":2}"
2026-10-07,CAVA,1,1,0,1,0,1,"{""wallstreetbets"":1}"
2026-10-07,CCL,1,1,0,1,0,1,"{""wallstreetbets"":1}"
2026-10-07,CD,1,1,0,1,0,1,"{""wallstreetbets"":1}"
2026-10-07,CDT,1,1,0,1,0,1,"{""pennystocks"":1}"
2026-10-07,CEG,6,4,0,6,0,1,"{""wallstreetbets"":6}"
2026-10-07,CELH,1,1,0,1,0,1,"{""wallstreetbets"":1}"
2026-10-07,CERO,1,1,0,1,0,1,"{""pennystocks"":1}"
2026-10-07,CHAD,1,1,0,1,0,1,"{""wallstreetbets"":1}"
2026-10-07,CHTR,1,1,0,1,0,1,"{""wallstreetbets"":1}"
2026-10-07,CIFR,1,1,0,1,0,1,"{""wallstreetbets"":1}"
2026-10-07,CIRC,8,5,0,8,0,1,"{""pennystocks"":5,""wallstreetbets"":3}"
2026-10-07,CLFD,1,1,0,1,0,1,"{""wallstreetbets"":1}"
2026-10-07,CLGN,1,1,0,1,0,1,"{""pennystocks"":1}"
2026-10-07,CLIR,1,1,0,1,0,1,"{""pennystocks"":1}"
2026-10-07,CLSK,2,1,0,2,0,1,"{""wallstreetbets"":2}"
2026-10-07,CLX,1,1,0,1,0,1,"{""wallstreetbets"":1}"
2026-10-07,CME,1,1,0,1,0,1,"{""wallstreetbets"":1}"
2026-10-07,CMG,1,1,0,1,0,1,"{""wallstreetbets"":1}"
2026-10-07,CMP,1,1,0,1,0,1,"{""wallstreetbets"":1}"
2026-10-07,CNC,1,1,0,1,0,1,"{""pennystocks"":1}"
2026-10-07,CNTB,1,1,0,1,0,1,"{""pennystocks"":1}"
2026-10-07,COHR,1,1,0,1,0,1,"{""wallstreetbets"":1}"
2026-10-07,COIN,2,2,1,1,0,1,"{""wallstreetbets"":2}"
2026-10-07,COPR,1,1,0,1,0,1,"{""pennystocks"":1}"
2026-10-07,COTI,1,1,0,1,0,0,"{""wallstreetbets"":1}"
2026-10-07,COUR,1,1,0,1,0,1,"{""wallstreetbets"":1}"
2026-10-07,CPA,2,2,0,2,0,1,"{""wallstreetbets"":2}"
2026-10-07,CPB,1,1,0,1,0,1,"{""wallstreetbets"":1}"
2026-10-07,CPRI,1,1,0,1,0,1,"{""wallstreetbets"":1}"
2026-10-07,CRBU,1,1,1,0,0,1,"{""pennystocks"":1}"
2026-10-07,CRCL,1,1,1,0,0,1,"{""wallstreetbets"":1}"
2026-10-07,CRDO,2,2,0,2,0,1,"{""wallstreetbets"":2}"
2026-10-07,CRM,3,3,0,3,0,1,"{""wallstreetbets"":3}"
2026-10-07,CRWD,14,11,1,13,0,1,"{""wallstreetbets"":14}"
2026-10-07,CRWV,5,5,2,3,0,1,"{""wallstreetbets"":5}"
2026-10-07,CSCO,1,1,0,1,0,1,"{""wallstreetbets"":1}"
2026-10-07,CSE:HERB,1,1,1,0,0,0,"{""pennystocks"":1}"
2026-10-07,CTA,1,1,0,1,0,1,"{""wallstreetbets"":1}"
2026-10-07,CTSH,1,1,0,1,0,1,"{""wallstreetbets"":1}"
2026-10-07,CUM,1,1,0,1,0,0,"{""wallstreetbets"":1}"
2026-10-07,CVNA,1,1,0,1,0,1,"{""wallstreetbets"":1}"
2026-10-07,CVS,1,1,0,1,0,1,"{""wallstreetbets"":1}"
2026-10-07,CVX,1,1,0,1,0,1,"{""wallstreetbets"":1}"
2026-10-07,CYPH,2,1,0,2,0,1,"{""pennystocks"":2}"
2026-10-07,CYTK,1,1,0,1,0,1,"{""pennystocks"":1}"
2026-10-07,DAR,1,1,0,1,0,1,"{""wallstreetbets"":1}"
2026-10-07,DAX,2,2,0,2,0,1,"{""wallstreetbets"":2}"
2026-10-07,DCMT,2,2,1,1,0,1,"{""pennystocks"":2}"
2026-10-07,DDD,1,1,0,1,0,1,"{""pennystocks"":1}"
2026-10-07,DDOG,1,1,0,1,0,1,"{""wallstreetbets"":1}"
2026-10-07,DEEZ,1,1,0,1,0,0,"{""wallstreetbets"":1}"
2026-10-07,DELL,4,4,0,4,0,1,"{""wallstreetbets"":4}"
2026-10-07,DFUS,8,3,1,7,0,1,"{""wallstreetbets"":8}"
2026-10-07,DHS,1,1,0,1,0,1,"{""smallstreetbets"":1}"
2026-10-07,DIA,3,3,0,3,0,1,"{""wallstreetbets"":3}"
2026-10-07,DINO,1,1,0,1,0,1,"{""wallstreetbets"":1}"
2026-10-07,DIS,3,3,0,3,0,1,"{""wallstreetbets"":3}"
2026-10-07,DJT,1,1,0,1,0,1,"{""wallstreetbets"":1}"
2026-10-07,DKI,1,1,0,1,0,1,"{""pennystocks"":1}"
2026-10-07,DNUT,1,1,0,1,0,1,"{""wallstreetbets"":1}"
2026-10-07,DPLS,1,1,0,1,0,1,"{""pennystocks"":1}"
2026-10-07,DRIP,1,1,0,1,0,1,"{""wallstreetbets"":1}"
2026-10-07,DRNZ,1,1,1,0,0,1,"{""wallstreetbets"":1}"
2026-10-07,DTSS,1,1,1,0,0,1,"{""wallstreetbets"":1}"
2026-10-07,DVA,1,1,0,1,0,1,"{""wallstreetbets"":1}"
2026-10-07,EDV,1,1,0,1,0,1,"{""wallstreetbets"":1}"
2026-10-07,ELTP,3,3,0,3,0,1,"{""pennystocks"":3}"
2026-10-07,ENT,1,1,0,1,0,1,"{""wallstreetbets"":1}"
2026-10-07,EONR,1,1,0,1,0,1,"{""pennystocks"":1}"
2026-10-07,ETSY,1,1,0,1,0,1,"{""wallstreetbets"":1}"
2026-10-07,EWZ,1,1,0,1,0,1,"{""wallstreetbets"":1}"
2026-10-07,FAS,1,1,0,1,0,1,"{""wallstreetbets"":1}"
2026-10-07,FEAM,1,1,0,1,0,1,"{""pennystocks"":1}"
2026-10-07,FFR,4,1,0,4,0,1,"{""wallstreetbets"":4}"
2026-10-07,FIG,1,1,0,1,0,1,"{""wallstreetbets"":1}"
2026-10-07,FLEE,1,1,0,1,0,1,"{""wallstreetbets"":1}"
2026-10-07,FPS,4,1,0,4,0,1,"{""wallstreetbets"":4}"
2026-10-07,FRSH,1,1,0,1,0,1,"{""pennystocks"":1}"
2026-10-07,FRUT,1,1,0,1,0,1,"{""wallstreetbets"":1}"
2026-10-07,FRVO,2,1,0,2,0,1,"{""wallstreetbets"":2}"
2026-10-07,FTEC,1,1,0,1,0,1,"{""wallstreetbets"":1}"
2026-10-07,FWD,2,1,0,2,0,1,"{""wallstreetbets"":2}"
2026-10-07,GANX,1,1,0,1,0,1,"{""pennystocks"":1}"
2026-10-07,GAYMF,1,1,0,1,0,0,"{""wallstreetbets"":1}"
2026-10-07,GCDT,2,2,1,1,0,1,"{""pennystocks"":1,""wallstreetbets"":1}"
2026-10-07,GERN,1,1,0,1,0,1,"{""pennystocks"":1}"
2026-10-07,GEV,7,5,1,6,0,1,"{""wallstreetbets"":7}"
2026-10-07,GGLL,2,2,0,2,0,1,"{""wallstreetbets"":2}"
2026-10-07,GIPR,6,5,1,5,0,1,"{""pennystocks"":6}"
2026-10-07,GLD,17,11,0,17,0,1,"{""wallstreetbets"":17}"
2026-10-07,GLND,1,1,0,1,0,1,"{""pennystocks"":1}"
2026-10-07,GLW,1,1,0,1,0,1,"{""wallstreetbets"":1}"
2026-10-07,GLXY,1,1,0,1,0,1,"{""wallstreetbets"":1}"
2026-10-07,GME,15,14,0,15,0,1,"{""pennystocks"":1,""wallstreetbets"":14}"
2026-10-07,GNS,1,1,0,1,0,1,"{""pennystocks"":1}"
2026-10-07,GOOG,16,16,0,16,1,1,"{""smallstreetbets"":1,""wallstreetbets"":15}"
2026-10-07,GOOGL,16,12,1,15,0,1,"{""wallstreetbets"":16}"
2026-10-07,GPRO,2,2,0,2,0,1,"{""pennystocks"":2}"
2026-10-07,GTX,1,1,0,1,0,1,"{""wallstreetbets"":1}"
2026-10-07,HAL,2,2,1,1,0,1,"{""wallstreetbets"":2}"
2026-10-07,HALO,1,1,0,1,0,1,"{""wallstreetbets"":1}"
2026-10-07,HERB,1,1,1,0,0,0,"{""pennystocks"":1}"
2026-10-07,HESM,2,2,0,2,0,1,"{""wallstreetbets"":2}"
2026-10-07,HIMS,1,1,0,1,0,1,"{""wallstreetbets"":1}"
2026-10-07,HITI,2,2,0,2,0,1,"{""pennystocks"":1,""wallstreetbets"":1}"
2026-10-07,HMR,1,1,0,1,0,1,"{""pennystocks"":1}"
2026-10-07,HOLO,1,1,0,1,0,1,"{""pennystocks"":1}"
2026-10-07,HOOD,15,13,1,14,0,1,"{""wallstreetbets"":15}"
2026-10-07,HOVR,1,1,0,1,0,1,"{""wallstreetbets"":1}"
2026-10-07,HPE,2,2,0,2,0,1,"{""wallstreetbets"":2}"
2026-10-07,HSBC,1,1,0,1,0,1,"{""wallstreetbets"":1}"
2026-10-07,HTFL,1,1,0,1,0,1,"{""wallstreetbets"":1}"
2026-10-07,HTZ,110,63,4,106,2,1,"{""pennystocks"":14,""wallstreetbets"":96}"
2026-10-07,HUT,2,1,0,2,0,1,"{""wallstreetbets"":2}"
2026-10-07,IBATF,1,1,0,1,0,1,"{""wallstreetbets"":1}"
2026-10-07,IBIT,1,1,0,1,0,1,"{""wallstreetbets"":1}"
2026-10-07,IBKR,3,1,0,3,0,1,"{""wallstreetbets"":3}"
2026-10-07,IBM,5,4,0,5,0,1,"{""wallstreetbets"":5}"
2026-10-07,IBRX,5,5,0,5,0,1,"{""pennystocks"":4,""wallstreetbets"":1}"
2026-10-07,INFQ,4,1,1,3,0,1,"{""wallstreetbets"":4}"
2026-10-07,INSM,1,1,0,1,0,1,"{""pennystocks"":1}"
2026-10-07,INTC,17,15,2,15,0,1,"{""wallstreetbets"":17}"
2026-10-07,INTU,1,1,0,1,0,1,"{""wallstreetbets"":1}"
2026-10-07,IONQ,1,1,0,1,0,1,"{""wallstreetbets"":1}"
2026-10-07,IP,1,1,0,1,0,1,"{""wallstreetbets"":1}"
2026-10-07,IREN,13,13,0,13,0,1,"{""wallstreetbets"":13}"
2026-10-07,ITA,1,1,0,1,0,1,"{""wallstreetbets"":1}"
2026-10-07,IVA,2,1,0,2,0,1,"{""pennystocks"":2}"
2026-10-07,IVF,2,2,0,2,0,1,"{""wallstreetbets"":2}"
2026-10-07,IWM,18,10,0,18,0,1,"{""wallstreetbets"":18}"
2026-10-07,IWO,1,1,0,1,0,1,"{""wallstreetbets"":1}"
2026-10-07,JEDI,1,1,0,1,0,1,"{""wallstreetbets"":1}"
2026-10-07,JNUG,1,1,0,1,0,1,"{""wallstreetbets"":1}"
2026-10-07,JPM,5,5,1,4,0,1,"{""wallstreetbets"":5}"
2026-10-07,KAIT,1,1,0,1,0,1,"{""wallstreetbets"":1}"
2026-10-07,KBLB,1,1,0,1,0,1,"{""pennystocks"":1}"
2026-10-07,KEEL,7,7,0,7,0,1,"{""wallstreetbets"":7}"
2026-10-07,KORU,2,1,0,2,0,1,"{""wallstreetbets"":2}"
2026-10-07,KSS,1,1,0,1,0,1,"{""wallstreetbets"":1}"
2026-10-07,LAKE,1,1,1,0,0,1,"{""wallstreetbets"":1}"
2026-10-07,LDI,1,1,0,1,0,1,"{""wallstreetbets"":1}"
2026-10-07,LEGO,1,1,0,1,0,1,"{""wallstreetbets"":1}"
2026-10-07,LEN,2,2,0,2,0,1,"{""wallstreetbets"":2}"
2026-10-07,LEVI,13,9,0,13,0,1,"{""wallstreetbets"":13}"
2026-10-07,LGCL,1,1,0,1,0,1,"{""pennystocks"":1}"
2026-10-07,LICN,1,1,1,0,0,1,"{""smallstreetbets"":1}"
2026-10-07,LLY,11,5,0,11,0,1,"{""wallstreetbets"":11}"
2026-10-07,LONA,1,1,0,1,0,1,"{""wallstreetbets"":1}"
2026-10-07,LPCN,2,2,1,1,0,1,"{""pennystocks"":2}"
2026-10-07,LQDA,2,1,0,2,0,1,"{""wallstreetbets"":2}"
2026-10-07,LTC,3,3,1,2,0,1,"{""pennystocks"":2,""wallstreetbets"":1}"
2026-10-07,LUFFF,1,1,1,0,0,0,"{""pennystocks"":1}"
2026-10-07,LULU,19,11,1,18,0,1,"{""wallstreetbets"":19}"
2026-10-07,LUNR,5,3,0,5,1,1,"{""wallstreetbets"":5}"
2026-10-07,LUXFF,1,1,0,1,0,0,"{""pennystocks"":1}"
2026-10-07,LUXX,1,1,0,1,0,0,"{""pennystocks"":1}"
2026-10-07,LW,1,1,0,1,0,1,"{""wallstreetbets"":1}"
2026-10-07,MA,1,1,0,1,0,1,"{""wallstreetbets"":1}"
2026-10-07,MAIA,1,1,0,1,0,1,"{""pennystocks"":1}"
2026-10-07,MARA,1,1,1,0,0,1,"{""pennystocks"":1}"
2026-10-07,MAT,1,1,0,1,0,1,"{""wallstreetbets"":1}"
2026-10-07,MBLY,1,1,1,0,0,1,"{""smallstreetbets"":1}"
2026-10-07,MCD,13,8,0,13,0,1,"{""wallstreetbets"":13}"
2026-10-07,MCFT,1,1,1,0,0,1,"{""wallstreetbets"":1}"
2026-10-07,MCK,1,1,0,1,0,1,"{""wallstreetbets"":1}"
2026-10-07,MDGL,1,1,0,1,0,1,"{""pennystocks"":1}"
2026-10-07,META,32,23,1,31,0,1,"{""wallstreetbets"":32}"
2026-10-07,MFG,1,1,0,1,0,1,"{""wallstreetbets"":1}"
2026-10-07,MGM,1,1,0,1,0,1,"{""wallstreetbets"":1}"
2026-10-07,MMA,3,1,0,3,0,1,"{""pennystocks"":1,""wallstreetbets"":2}"
2026-10-07,MMI,2,1,0,2,0,1,"{""wallstreetbets"":2}"
2026-10-07,MOD,1,1,0,1,0,1,"{""wallstreetbets"":1}"
2026-10-07,MRA,1,1,0,1,0,1,"{""wallstreetbets"":1}"
2026-10-07,MRNA,1,1,0,1,0,1,"{""wallstreetbets"":1}"
2026-10-07,MRNO,2,2,0,2,0,1,"{""pennystocks"":2}"
2026-10-07,MRVL,12,8,0,12,0,1,"{""wallstreetbets"":12}"
2026-10-07,MSFT,39,25,1,38,0,1,"{""wallstreetbets"":39}"
2026-10-07,MSTR,4,3,0,4,0,1,"{""wallstreetbets"":4}"
2026-10-07,MTEN,3,1,0,3,0,1,"{""pennystocks"":3}"
2026-10-07,MU,10,10,1,9,0,1,"{""smallstreetbets"":1,""wallstreetbets"":9}"
2026-10-07,MUU,3,3,0,3,0,1,"{""wallstreetbets"":3}"
2026-10-07,MUZ,2,2,0,2,0,1,"{""wallstreetbets"":2}"
2026-10-07,NAUT,1,1,0,1,0,1,"{""pennystocks"":1}"
2026-10-07,NBIS,22,19,2,20,0,1,"{""wallstreetbets"":22}"
2026-10-07,NERD,1,1,0,1,0,1,"{""wallstreetbets"":1}"
2026-10-07,NFLX,20,18,0,20,0,1,"{""wallstreetbets"":20}"
2026-10-07,NIO,1,1,0,1,0,1,"{""wallstreetbets"":1}"
2026-10-07,NKE,20,15,0,20,0,1,"{""wallstreetbets"":20}"
2026-10-07,NLST,2,2,1,1,0,1,"{""pennystocks"":2}"
2026-10-07,NOC,1,1,0,1,0,1,"{""wallstreetbets"":1}"
2026-10-07,NOK,3,3,0,3,0,1,"{""wallstreetbets"":3}"
2026-10-07,NOW,2,1,0,2,0,1,"{""wallstreetbets"":2}"
2026-10-07,NRXP,1,1,1,0,0,1,"{""pennystocks"":1}"
2026-10-07,NUAI,2,2,0,2,0,1,"{""wallstreetbets"":2}"
2026-10-07,NVAX,1,1,0,1,0,1,"{""wallstreetbets"":1}"
2026-10-07,NVDA,131,104,5,126,1,1,"{""pennystocks"":1,""wallstreetbets"":130}"
2026-10-07,NVO,3,3,0,3,0,1,"{""wallstreetbets"":3}"
2026-10-07,NVTS,2,2,0,2,0,1,"{""wallstreetbets"":2}"
2026-10-07,NWTG,1,1,0,1,0,1,"{""pennystocks"":1}"
2026-10-07,NXAT,2,1,0,2,0,1,"{""pennystocks"":2}"
2026-10-07,NXH,1,1,1,0,0,1,"{""wallstreetbets"":1}"
2026-10-07,NXPI,1,1,0,1,0,1,"{""wallstreetbets"":1}"
2026-10-07,NXT,1,1,0,1,0,1,"{""wallstreetbets"":1}"
2026-10-07,NXTS,1,1,1,0,0,1,"{""pennystocks"":1}"
2026-10-07,NYC,1,1,0,1,0,1,"{""wallstreetbets"":1}"
2026-10-07,OKLO,3,3,1,2,0,1,"{""wallstreetbets"":3}"
2026-10-07,OLB,1,1,1,0,0,1,"{""pennystocks"":1}"
2026-10-07,OLOX,1,1,1,0,0,1,"{""pennystocks"":1}"
2026-10-07,ONDS,6,6,0,6,0,1,"{""pennystocks"":1,""wallstreetbets"":5}"
2026-10-07,OPCH,1,1,0,1,0,1,"{""wallstreetbets"":1}"
2026-10-07,OPEN,2,2,0,2,0,1,"{""wallstreetbets"":2}"
2026-10-07,OPTT,1,1,0,1,0,1,"{""pennystocks"":1}"
2026-10-07,ORCL,6,6,0,6,0,1,"{""wallstreetbets"":6}"
2026-10-07,OSS,3,3,0,3,0,1,"{""wallstreetbets"":3}"
2026-10-07,OUST,1,1,0,1,0,1,"{""wallstreetbets"":1}"
2026-10-07,OWL,1,1,0,1,0,1,"{""wallstreetbets"":1}"
2026-10-07,OXY,1,1,0,1,0,1,"{""wallstreetbets"":1}"
2026-10-07,OZEM,1,1,0,1,0,1,"{""wallstreetbets"":1}"
2026-10-07,PANW,2,2,1,1,0,1,"{""wallstreetbets"":2}"
2026-10-07,PDSB,2,2,0,2,0,1,"{""pennystocks"":2}"
2026-10-07,PENG,9,9,0,9,0,1,"{""wallstreetbets"":9}"
2026-10-07,PEP,3,2,0,3,0,1,"{""wallstreetbets"":3}"
2026-10-07,PFAI,1,1,0,1,0,1,"{""wallstreetbets"":1}"
2026-10-07,PFE,2,2,0,2,0,1,"{""wallstreetbets"":2}"
2026-10-07,PLBY,1,1,0,1,0,1,"{""wallstreetbets"":1}"
2026-10-07,PLNT,1,1,0,1,0,1,"{""wallstreetbets"":1}"
2026-10-07,PLTR,12,10,1,11,0,1,"{""wallstreetbets"":12}"
2026-10-07,PM,1,1,0,1,0,1,"{""wallstreetbets"":1}"
2026-10-07,POET,1,1,0,1,0,1,"{""wallstreetbets"":1}"
2026-10-07,PROK,1,1,0,1,0,1,"{""pennystocks"":1}"
2026-10-07,PSRHF,1,1,0,1,0,1,"{""pennystocks"":1}"
2026-10-07,PURR,1,1,0,1,0,1,"{""wallstreetbets"":1}"
2026-10-07,PWR,1,1,0,1,0,1,"{""wallstreetbets"":1}"
2026-10-07,QCOM,3,3,1,2,0,1,"{""smallstreetbets"":1,""wallstreetbets"":2}"
2026-10-07,QQQ,92,65,2,90,0,1,"{""smallstreetbets"":1,""wallstreetbets"":91}"
2026-10-07,QSI,1,1,0,1,0,1,"{""pennystocks"":1}"
2026-10-07,QTEX,1,1,0,1,0,1,"{""pennystocks"":1}"
2026-10-07,QTREX,1,1,0,1,0,0,"{""wallstreetbets"":1}"
2026-10-07,QXO,3,1,0,3,0,1,"{""wallstreetbets"":3}"
2026-10-07,RAMP,1,1,0,1,0,1,"{""wallstreetbets"":1}"
2026-10-07,RBLX,1,1,0,1,0,1,"{""wallstreetbets"":1}"
2026-10-07,RDDT,24,21,0,24,0,1,"{""wallstreetbets"":24}"
2026-10-07,RGTI,1,1,0,1,0,1,"{""wallstreetbets"":1}"
2026-10-07,RIO,1,1,0,1,0,1,"{""wallstreetbets"":1}"
2026-10-07,RIOT,1,1,0,1,0,1,"{""wallstreetbets"":1}"
2026-10-07,RITE,1,1,0,1,0,1,"{""pennystocks"":1}"
2026-10-07,RIVN,1,1,0,1,0,1,"{""wallstreetbets"":1}"
2026-10-07,RKLB,7,3,0,7,0,1,"{""wallstreetbets"":7}"
2026-10-07,RKLX,1,1,0,1,0,1,"{""wallstreetbets"":1}"
2026-10-07,RKTO,1,1,0,1,0,1,"{""wallstreetbets"":1}"
2026-10-07,ROPE,1,1,0,1,0,1,"{""wallstreetbets"":1}"
2026-10-07,RPD,1,1,1,0,0,1,"{""wallstreetbets"":1}"
2026-10-07,RVII,1,1,0,1,0,1,"{""wallstreetbets"":1}"
2026-10-07,RXRX,2,2,0,2,0,1,"{""wallstreetbets"":2}"
2026-10-07,RYTM,1,1,0,1,0,1,"{""pennystocks"":1}"
2026-10-07,SAP,3,1,0,3,0,1,"{""wallstreetbets"":3}"
2026-10-07,SBFM,1,1,0,1,0,1,"{""pennystocks"":1}"
2026-10-07,SBUX,1,1,0,1,0,1,"{""wallstreetbets"":1}"
2026-10-07,SCHB,1,1,0,1,0,1,"{""wallstreetbets"":1}"
2026-10-07,SCHD,1,1,0,1,0,1,"{""wallstreetbets"":1}"
2026-10-07,SCHZ,1,1,0,1,0,1,"{""wallstreetbets"":1}"
2026-10-07,SCKT,2,1,2,0,0,1,"{""pennystocks"":1,""smallstreetbets"":1}"
2026-10-07,SCWO,1,1,0,1,0,1,"{""pennystocks"":1}"
2026-10-07,SCZ,1,1,0,1,0,1,"{""pennystocks"":1}"
2026-10-07,SDEV,1,1,0,1,0,1,"{""pennystocks"":1}"
2026-10-07,SECZ,1,1,0,1,0,1,"{""wallstreetbets"":1}"
2026-10-07,SES,1,1,0,1,0,1,"{""pennystocks"":1}"
2026-10-07,SGI,1,1,0,1,0,1,"{""wallstreetbets"":1}"
2026-10-07,SGOV,6,5,0,6,0,1,"{""wallstreetbets"":6}"
2026-10-07,SIF,1,1,0,1,0,1,"{""smallstreetbets"":1}"
2026-10-07,SKHY,8,8,0,8,0,1,"{""wallstreetbets"":8}"
2026-10-07,SKYD,1,1,0,1,0,1,"{""wallstreetbets"":1}"
2026-10-07,SLND,3,1,0,3,0,1,"{""wallstreetbets"":3}"
2026-10-07,SLS,5,5,0,5,0,1,"{""pennystocks"":3,""wallstreetbets"":2}"
2026-10-07,SLV,1,1,0,1,0,1,"{""wallstreetbets"":1}"
2026-10-07,SMCI,14,11,0,14,0,1,"{""wallstreetbets"":14}"
2026-10-07,SMG,1,1,0,1,0,1,"{""wallstreetbets"":1}"
2026-10-07,SMR,2,1,0,2,0,1,"{""wallstreetbets"":2}"
2026-10-07,SNDK,73,44,1,72,0,1,"{""wallstreetbets"":73}"
2026-10-07,SNXX,1,1,0,1,0,1,"{""wallstreetbets"":1}"
2026-10-07,SOAR,2,2,0,2,0,1,"{""pennystocks"":2}"
2026-10-07,SOUN,1,1,0,1,0,1,"{""pennystocks"":1}"
2026-10-07,SOXL,26,11,0,26,0,1,"{""wallstreetbets"":26}"
2026-10-07,SOXS,9,4,0,9,0,1,"{""wallstreetbets"":9}"
2026-10-07,SOXX,8,5,0,8,0,1,"{""wallstreetbets"":8}"
2026-10-07,SPCE,2,2,0,2,0,1,"{""wallstreetbets"":2}"
2026-10-07,SPCX,47,42,1,46,0,1,"{""wallstreetbets"":47}"
2026-10-07,SPGI,1,1,0,1,0,1,"{""wallstreetbets"":1}"
2026-10-07,SPY,309,162,0,309,0,1,"{""smallstreetbets"":1,""wallstreetbets"":308}"
2026-10-07,SPYM,1,1,0,1,0,1,"{""wallstreetbets"":1}"
2026-10-07,SQQQ,4,3,0,4,0,1,"{""wallstreetbets"":4}"
2026-10-07,SRXH,1,1,0,1,0,1,"{""pennystocks"":1}"
2026-10-07,SSD,2,2,0,2,0,1,"{""wallstreetbets"":2}"
2026-10-07,SSL,1,1,0,1,0,1,"{""wallstreetbets"":1}"
2026-10-07,SSPC,2,2,0,2,0,1,"{""wallstreetbets"":2}"
2026-10-07,STX,13,7,0,13,0,1,"{""wallstreetbets"":13}"
2026-10-07,STZ,2,2,0,2,0,1,"{""wallstreetbets"":2}"
2026-10-07,SXTC,6,5,2,4,0,1,"{""pennystocks"":4,""smallstreetbets"":2}"
2026-10-07,T,1,1,0,1,0,1,"{""wallstreetbets"":1}"
2026-10-07,TBF,1,1,0,1,0,1,"{""wallstreetbets"":1}"
2026-10-07,TCPA,1,1,0,1,0,1,"{""wallstreetbets"":1}"
2026-10-07,TCV,1,1,1,0,0,1,"{""pennystocks"":1}"
2026-10-07,TEAM,1,1,0,1,0,1,"{""wallstreetbets"":1}"
2026-10-07,TLRY,1,1,0,1,0,1,"{""wallstreetbets"":1}"
2026-10-07,TLS,1,1,0,1,0,1,"{""wallstreetbets"":1}"
2026-10-07,TLT,23,19,0,23,0,1,"{""wallstreetbets"":23}"
2026-10-07,TMF,1,1,0,1,0,1,"{""wallstreetbets"":1}"
2026-10-07,TMV,1,1,1,0,0,1,"{""smallstreetbets"":1}"
2026-10-07,TOPP,6,5,1,5,0,1,"{""pennystocks"":6}"
2026-10-07,TOST,1,1,0,1,0,1,"{""wallstreetbets"":1}"
2026-10-07,TQQQ,5,2,0,5,0,1,"{""wallstreetbets"":5}"
2026-10-07,TSLA,17,17,0,17,0,1,"{""wallstreetbets"":17}"
2026-10-07,TSLQ,1,1,0,1,0,1,"{""wallstreetbets"":1}"
2026-10-07,TSM,4,4,0,4,0,1,"{""wallstreetbets"":4}"
2026-10-07,TTD,3,3,0,3,0,1,"{""pennystocks"":1,""wallstreetbets"":2}"
2026-10-07,TTWO,4,4,2,2,1,1,"{""wallstreetbets"":4}"
2026-10-07,TVGN,1,1,0,1,0,1,"{""pennystocks"":1}"
2026-10-07,TVTX,1,1,0,1,0,1,"{""pennystocks"":1}"
2026-10-07,TWST,2,1,0,2,0,1,"{""wallstreetbets"":2}"
2026-10-07,TXG,1,1,0,1,0,1,"{""wallstreetbets"":1}"
2026-10-07,UBER,6,6,0,6,0,1,"{""pennystocks"":1,""wallstreetbets"":5}"
2026-10-07,UCO,1,1,0,1,0,1,"{""wallstreetbets"":1}"
2026-10-07,UCTT,3,1,0,3,0,1,"{""wallstreetbets"":3}"
2026-10-07,UMAC,1,1,0,1,0,1,"{""wallstreetbets"":1}"
2026-10-07,UNH,1,1,0,1,0,1,"{""wallstreetbets"":1}"
2026-10-07,UPST,1,1,0,1,0,1,"{""wallstreetbets"":1}"
2026-10-07,USO,8,8,0,8,0,1,"{""wallstreetbets"":8}"
2026-10-07,UUU,1,1,0,1,0,1,"{""wallstreetbets"":1}"
2026-10-07,UUUU,11,7,0,11,0,1,"{""wallstreetbets"":11}"
2026-10-07,UVXY,1,1,0,1,0,1,"{""wallstreetbets"":1}"
2026-10-07,V,1,1,0,1,0,1,"{""wallstreetbets"":1}"
2026-10-07,VAC,1,1,1,0,0,1,"{""pennystocks"":1}"
2026-10-07,VCIG,3,3,1,2,1,1,"{""pennystocks"":3}"
2026-10-07,VEEA,6,3,0,6,0,1,"{""pennystocks"":6}"
2026-10-07,VGT,1,1,0,1,0,1,"{""wallstreetbets"":1}"
2026-10-07,VII,1,1,1,0,0,1,"{""wallstreetbets"":1}"
2026-10-07,VKTX,1,1,0,1,0,1,"{""wallstreetbets"":1}"
2026-10-07,VLTLF,1,1,0,1,0,1,"{""pennystocks"":1}"
2026-10-07,VMAR,1,1,0,1,0,1,"{""pennystocks"":1}"
2026-10-07,VOO,11,11,0,11,0,1,"{""wallstreetbets"":11}"
2026-10-07,VRCA,1,1,0,1,0,1,"{""pennystocks"":1}"
2026-10-07,VRRM,1,1,0,1,0,1,"{""wallstreetbets"":1}"
2026-10-07,VRT,7,5,1,6,0,1,"{""wallstreetbets"":7}"
2026-10-07,VRTX,1,1,0,1,0,1,"{""wallstreetbets"":1}"
2026-10-07,VST,16,15,0,16,0,1,"{""wallstreetbets"":16}"
2026-10-07,VSTM,1,1,0,1,0,1,"{""pennystocks"":1}"
2026-10-07,VTI,4,2,0,4,0,1,"{""wallstreetbets"":4}"
2026-10-07,VVV,1,1,0,1,0,1,"{""wallstreetbets"":1}"
2026-10-07,VWAV,1,1,0,1,0,1,"{""pennystocks"":1}"
2026-10-07,VXX,1,1,0,1,0,1,"{""wallstreetbets"":1}"
2026-10-07,WBD,2,2,0,2,0,1,"{""wallstreetbets"":2}"
2026-10-07,WDAY,1,1,0,1,0,1,"{""wallstreetbets"":1}"
2026-10-07,WDC,25,15,0,25,0,1,"{""wallstreetbets"":25}"
2026-10-07,WEN,2,1,0,2,0,1,"{""wallstreetbets"":2}"
2026-10-07,WETO,14,3,0,14,0,1,"{""pennystocks"":14}"
2026-10-07,WOLF,3,3,1,2,0,1,"{""wallstreetbets"":3}"
2026-10-07,WORX,3,2,1,2,0,1,"{""pennystocks"":3}"
2026-10-07,WULF,10,8,0,10,0,1,"{""wallstreetbets"":10}"
2026-10-07,WYHG,2,2,0,2,0,1,"{""wallstreetbets"":2}"
2026-10-07,XAIR,1,1,0,1,0,1,"{""pennystocks"":1}"
2026-10-07,XOM,2,2,0,2,0,1,"{""wallstreetbets"":2}"
2026-10-07,XRPN,1,1,0,1,0,1,"{""wallstreetbets"":1}"
2026-10-07,YETI,1,1,0,1,0,1,"{""wallstreetbets"":1}"
2026-10-07,YLD,1,1,0,1,0,1,"{""wallstreetbets"":1}"
2026-10-07,ZENA,3,2,0,3,0,1,"{""wallstreetbets"":3}"
2026-10-07,ZETA,1,1,0,1,0,1,"{""wallstreetbets"":1}"
2026-10-07,ZROZ,2,2,0,2,0,1,"{""wallstreetbets"":2}"
2026-10-07,ZSQR,1,1,0,1,0,1,"{""pennystocks"":1}"
2026-10-08,AAOI,13,8,1,12,0,1,"{""wallstreetbets"":13}"
2026-10-08,AAOX,1,1,0,1,0,1,"{""wallstreetbets"":1}"
2026-10-08,AAPL,23,19,1,22,0,1,"{""smallstreetbets"":1,""wallstreetbets"":22}"
2026-10-08,ACN,2,1,0,2,0,1,"{""wallstreetbets"":2}"
2026-10-08,ADBE,13,11,0,13,0,1,"{""wallstreetbets"":13}"
2026-10-08,ADXN,1,1,0,1,0,1,"{""pennystocks"":1}"
2026-10-08,AEHR,3,3,0,3,0,1,"{""wallstreetbets"":3}"
2026-10-08,AGNC,2,1,0,2,0,1,"{""wallstreetbets"":2}"
2026-10-08,AIG,1,1,0,1,0,1,"{""wallstreetbets"":1}"
2026-10-08,AISP,1,1,1,0,0,1,"{""smallstreetbets"":1}"
2026-10-08,AIXI,5,4,2,3,0,1,"{""pennystocks"":4,""smallstreetbets"":1}"
2026-10-08,ALAB,2,2,0,2,0,1,"{""wallstreetbets"":2}"
2026-10-08,ALEC,4,3,1,3,0,1,"{""pennystocks"":4}"
2026-10-08,ALGN,1,1,1,0,0,1,"{""wallstreetbets"":1}"
2026-10-08,ALPP,1,1,0,1,0,0,"{""pennystocks"":1}"
2026-10-08,AMC,6,4,0,6,0,1,"{""wallstreetbets"":6}"
2026-10-08,AMD,45,39,0,45,0,1,"{""smallstreetbets"":1,""wallstreetbets"":44}"
2026-10-08,AME,1,1,0,1,0,1,"{""pennystocks"":1}"
2026-10-08,AMKR,1,1,0,1,0,1,"{""wallstreetbets"":1}"
2026-10-08,AMLIF,1,1,1,0,0,1,"{""pennystocks"":1}"
2026-10-08,AMPX,1,1,0,1,0,1,"{""wallstreetbets"":1}"
2026-10-08,AMS,1,1,0,1,0,1,"{""wallstreetbets"":1}"
2026-10-08,AMT,1,1,0,1,0,1,"{""wallstreetbets"":1}"
2026-10-08,AMZN,16,12,0,16,1,1,"{""wallstreetbets"":16}"
2026-10-08,AMZU,1,1,0,1,0,1,"{""wallstreetbets"":1}"
2026-10-08,APAC,1,1,0,1,0,1,"{""wallstreetbets"":1}"
2026-10-08,APLD,115,57,1,114,0,1,"{""wallstreetbets"":115}"
2026-10-08,APLX,6,4,0,6,0,1,"{""wallstreetbets"":6}"
2026-10-08,APP,2,2,0,2,0,1,"{""pennystocks"":1,""wallstreetbets"":1}"
2026-10-08,ARIA,1,1,1,0,0,1,"{""pennystocks"":1}"
2026-10-08,ARKG,1,1,0,1,0,1,"{""wallstreetbets"":1}"
2026-10-08,ARM,3,3,0,3,0,1,"{""wallstreetbets"":3}"
2026-10-08,ASC,2,1,0,2,0,1,"{""wallstreetbets"":2}"
2026-10-08,ASM,5,1,1,4,0,1,"{""wallstreetbets"":5}"
2026-10-08,ASML,1,1,0,1,0,1,"{""wallstreetbets"":1}"
2026-10-08,ASTS,91,65,1,90,0,1,"{""pennystocks"":1,""wallstreetbets"":90}"
2026-10-08,AVAV,3,2,0,3,0,1,"{""wallstreetbets"":3}"
2026-10-08,AVDV,1,1,0,1,0,1,"{""wallstreetbets"":1}"
2026-10-08,AVEX,1,1,0,1,0,1,"{""wallstreetbets"":1}"
2026-10-08,AVGO,33,27,0,33,0,1,"{""wallstreetbets"":33}"
2026-10-08,AVGV,1,1,0,1,0,1,"{""wallstreetbets"":1}"
2026-10-08,AVL,2,1,0,2,0,1,"{""wallstreetbets"":2}"
2026-10-08,AVUV,1,1,0,1,0,1,"{""wallstreetbets"":1}"
2026-10-08,AXP,4,3,0,4,0,1,"{""wallstreetbets"":4}"
2026-10-08,AXTI,3,3,0,3,0,1,"{""wallstreetbets"":3}"
2026-10-08,BABA,2,2,0,2,0,1,"{""wallstreetbets"":2}"
2026-10-08,BAC,1,1,0,1,0,1,"{""wallstreetbets"":1}"
2026-10-08,BBB,1,1,0,1,0,1,"{""smallstreetbets"":1}"
2026-10-08,BBLG,2,1,0,2,0,1,"{""pennystocks"":2}"
2026-10-08,BCRX,5,1,0,5,0,1,"{""wallstreetbets"":5}"
2026-10-08,BEP,1,1,0,1,0,1,"{""wallstreetbets"":1}"
2026-10-08,BERZ,1,1,0,1,0,1,"{""wallstreetbets"":1}"
2026-10-08,BHP,1,1,0,1,0,1,"{""wallstreetbets"":1}"
2026-10-08,BKYI,1,1,0,1,0,1,"{""pennystocks"":1}"
2026-10-08,BLRX,1,1,1,0,0,1,"{""pennystocks"":1}"
2026-10-08,BNO,3,3,0,3,0,1,"{""wallstreetbets"":3}"
2026-10-08,BNY,2,1,0,2,0,1,"{""smallstreetbets"":2}"
2026-10-08,BOIL,1,1,0,1,0,1,"{""wallstreetbets"":1}"
2026-10-08,BOXX,1,1,0,1,0,1,"{""wallstreetbets"":1}"
2026-10-08,BRAG,1,1,0,1,0,1,"{""wallstreetbets"":1}"
2026-10-08,BRUN,1,1,0,1,0,1,"{""wallstreetbets"":1}"
2026-10-08,BSX,1,1,0,1,0,1,"{""wallstreetbets"":1}"
2026-10-08,BTA,1,1,0,1,0,1,"{""wallstreetbets"":1}"
2026-10-08,BTE,1,1,0,1,0,1,"{""pennystocks"":1}"
2026-10-08,BULL,5,4,0,5,0,1,"{""wallstreetbets"":5}"
2026-10-08,BUNNY,1,1,0,1,0,0,"{""wallstreetbets"":1}"
2026-10-08,BWET,20,14,1,19,0,1,"{""wallstreetbets"":20}"
2026-10-08,BYND,4,4,0,4,0,1,"{""wallstreetbets"":4}"
2026-10-08,C,1,1,0,1,0,1,"{""wallstreetbets"":1}"
2026-10-08,CAKE,1,1,0,1,0,1,"{""wallstreetbets"":1}"
2026-10-08,CAPR,1,1,0,1,0,1,"{""pennystocks"":1}"
2026-10-08,CAVA,1,1,0,1,0,1,"{""wallstreetbets"":1}"
2026-10-08,CBRS,7,5,0,7,0,1,"{""wallstreetbets"":7}"
2026-10-08,CCJ,1,1,0,1,0,1,"{""wallstreetbets"":1}"
2026-10-08,CCO,1,1,1,0,0,1,"{""wallstreetbets"":1}"
2026-10-08,CDL,1,1,0,1,0,1,"{""wallstreetbets"":1}"
2026-10-08,CEG,1,1,0,1,0,1,"{""wallstreetbets"":1}"
2026-10-08,CELH,3,3,1,2,0,1,"{""wallstreetbets"":3}"
2026-10-08,CHGG,1,1,0,1,0,1,"{""pennystocks"":1}"
2026-10-08,CHPT,1,1,0,1,0,1,"{""wallstreetbets"":1}"
2026-10-08,CHR,1,1,0,1,0,1,"{""pennystocks"":1}"
2026-10-08,CHRS,1,1,1,0,0,1,"{""pennystocks"":1}"
2026-10-08,CHTR,3,2,0,3,0,1,"{""wallstreetbets"":3}"
2026-10-08,CIFR,12,7,0,12,0,1,"{""wallstreetbets"":12}"
2026-10-08,CINGF,1,1,1,0,0,0,"{""pennystocks"":1}"
2026-10-08,CLMT,4,3,0,4,0,1,"{""wallstreetbets"":4}"
2026-10-08,CLOV,4,3,0,4,0,1,"{""wallstreetbets"":4}"
2026-10-08,CLSK,3,1,0,3,0,1,"{""wallstreetbets"":3}"
2026-10-08,CME,1,1,0,1,0,1,"{""wallstreetbets"":1}"
2026-10-08,CMG,12,8,1,11,1,1,"{""pennystocks"":1,""wallstreetbets"":11}"
2026-10-08,CMPS,2,1,1,1,0,1,"{""pennystocks"":1,""wallstreetbets"":1}"
2026-10-08,CMS,2,2,0,2,0,1,"{""wallstreetbets"":2}"
2026-10-08,COHR,3,3,0,3,0,1,"{""wallstreetbets"":3}"
2026-10-08,COIN,3,2,1,2,0,1,"{""pennystocks"":1,""wallstreetbets"":2}"
2026-10-08,CORZ,1,1,1,0,0,1,"{""wallstreetbets"":1}"
2026-10-08,CPA,4,4,0,4,0,1,"{""smallstreetbets"":2,""wallstreetbets"":2}"
2026-10-08,CRBU,1,1,0,1,0,1,"{""pennystocks"":1}"
2026-10-08,CRCL,1,1,0,1,0,1,"{""wallstreetbets"":1}"
2026-10-08,CRDO,9,6,0,9,0,1,"{""wallstreetbets"":9}"
2026-10-08,CRE,1,1,0,1,0,1,"{""wallstreetbets"":1}"
2026-10-08,CRM,3,3,0,3,0,1,"{""wallstreetbets"":3}"
2026-10-08,CRWD,4,4,0,4,0,1,"{""wallstreetbets"":4}"
2026-10-08,CRWV,6,3,0,6,0,1,"{""wallstreetbets"":6}"
2026-10-08,CTSH,2,2,0,2,0,1,"{""wallstreetbets"":2}"
2026-10-08,CVNA,4,3,0,4,0,1,"{""wallstreetbets"":4}"
2026-10-08,CVR,1,1,1,0,0,1,"{""pennystocks"":1}"
2026-10-08,CVS,1,1,0,1,0,1,"{""wallstreetbets"":1}"
2026-10-08,CVX,1,1,0,1,0,1,"{""wallstreetbets"":1}"
2026-10-08,CYPH,3,1,0,3,1,1,"{""pennystocks"":3}"
2026-10-08,DAL,6,4,0,6,0,1,"{""wallstreetbets"":6}"
2026-10-08,DDD,1,1,0,1,0,1,"{""wallstreetbets"":1}"
2026-10-08,DDOG,3,1,0,3,0,1,"{""wallstreetbets"":3}"
2026-10-08,DELL,20,9,0,20,0,1,"{""smallstreetbets"":3,""wallstreetbets"":17}"
2026-10-08,DFLI,1,1,0,1,0,1,"{""pennystocks"":1}"
2026-10-08,DIPS,9,3,0,9,0,1,"{""wallstreetbets"":9}"
2026-10-08,DJT,4,4,0,4,0,1,"{""smallstreetbets"":1,""wallstreetbets"":3}"
2026-10-08,DKI,6,5,2,4,0,1,"{""pennystocks"":4,""smallstreetbets"":1,""wallstreetbets"":1}"
2026-10-08,DKNG,3,3,0,3,0,1,"{""pennystocks"":1,""wallstreetbets"":2}"
2026-10-08,DMA,1,1,0,1,0,1,"{""wallstreetbets"":1}"
2026-10-08,DNUT,1,1,0,1,0,1,"{""wallstreetbets"":1}"
2026-10-08,DRIP,2,2,0,2,0,1,"{""wallstreetbets"":2}"
2026-10-08,DRTS,2,1,0,2,0,1,"{""wallstreetbets"":2}"
2026-10-08,DSL,1,1,0,1,0,1,"{""wallstreetbets"":1}"
2026-10-08,DUNK,1,1,0,1,0,1,"{""wallstreetbets"":1}"
2026-10-08,DXYZ,1,1,0,1,0,1,"{""wallstreetbets"":1}"
2026-10-08,DYOR,1,1,1,0,0,1,"{""pennystocks"":1}"
2026-10-08,EDV,1,1,0,1,0,1,"{""wallstreetbets"":1}"
2026-10-08,EOSE,1,1,0,1,0,1,"{""wallstreetbets"":1}"
2026-10-08,ERX,1,1,0,1,0,1,"{""wallstreetbets"":1}"
2026-10-08,EWY,1,1,0,1,0,1,"{""wallstreetbets"":1}"
2026-10-08,FCHL,1,1,0,1,0,1,"{""pennystocks"":1}"
2026-10-08,FICO,1,1,0,1,0,1,"{""wallstreetbets"":1}"
2026-10-08,FID,4,1,0,4,0,1,"{""wallstreetbets"":4}"
2026-10-08,FIZZ,1,1,0,1,0,1,"{""wallstreetbets"":1}"
2026-10-08,FLUT,1,1,0,1,0,1,"{""wallstreetbets"":1}"
2026-10-08,FLYE,2,2,2,0,0,1,"{""pennystocks"":1,""smallstreetbets"":1}"
2026-10-08,FNGR,1,1,0,1,0,1,"{""pennystocks"":1}"
2026-10-08,FPS,2,1,0,2,0,1,"{""wallstreetbets"":2}"
2026-10-08,FRGT,1,1,0,1,0,1,"{""pennystocks"":1}"
2026-10-08,FRMI,1,1,0,1,0,1,"{""wallstreetbets"":1}"
2026-10-08,FRVO,1,1,0,1,0,1,"{""wallstreetbets"":1}"
2026-10-08,FSLR,3,2,0,3,0,1,"{""wallstreetbets"":3}"
2026-10-08,FSLY,1,1,0,1,0,1,"{""wallstreetbets"":1}"
2026-10-08,GCTS,1,1,0,1,0,1,"{""pennystocks"":1}"
2026-10-08,GD,1,1,0,1,0,1,"{""wallstreetbets"":1}"
2026-10-08,GDX,1,1,0,1,0,1,"{""wallstreetbets"":1}"
2026-10-08,GEO,2,2,0,2,0,1,"{""pennystocks"":1,""wallstreetbets"":1}"
2026-10-08,GEV,3,1,0,3,0,1,"{""wallstreetbets"":3}"
2026-10-08,GFS,1,1,0,1,0,1,"{""wallstreetbets"":1}"
2026-10-08,GFUZ,3,2,0,3,0,1,"{""wallstreetbets"":3}"
2026-10-08,GLD,16,8,0,16,0,1,"{""wallstreetbets"":16}"
2026-10-08,GLND,1,1,0,1,0,1,"{""pennystocks"":1}"
2026-10-08,GLW,3,3,0,3,0,1,"{""wallstreetbets"":3}"
2026-10-08,GME,31,23,3,28,2,1,"{""smallstreetbets"":2,""wallstreetbets"":29}"
2026-10-08,GNRC,1,1,0,1,0,1,"{""wallstreetbets"":1}"
2026-10-08,GOEV,1,1,1,0,0,0,"{""pennystocks"":1}"
2026-10-08,GOGO,2,1,0,2,0,1,"{""pennystocks"":2}"
2026-10-08,GOOG,30,22,0,30,0,1,"{""wallstreetbets"":30}"
2026-10-08,GOOGL,33,21,1,32,0,1,"{""wallstreetbets"":33}"
2026-10-08,GRML,1,1,0,1,0,1,"{""pennystocks"":1}"
2026-10-08,GRPN,1,1,1,0,0,1,"{""wallstreetbets"":1}"
2026-10-08,GRRR,1,1,0,1,0,1,"{""wallstreetbets"":1}"
2026-10-08,GS,1,1,0,1,0,1,"{""wallstreetbets"":1}"
2026-10-08,GSK,1,1,1,0,0,1,"{""pennystocks"":1}"
2026-10-08,GTX,1,1,1,0,0,1,"{""wallstreetbets"":1}"
2026-10-08,HEXO,1,1,0,1,0,0,"{""wallstreetbets"":1}"
2026-10-08,HIBS,1,1,0,1,0,1,"{""wallstreetbets"":1}"
2026-10-08,HIMS,1,1,0,1,0,1,"{""wallstreetbets"":1}"
2026-10-08,HMR,1,1,1,0,0,1,"{""pennystocks"":1}"
2026-10-08,HOOD,21,15,0,21,0,1,"{""smallstreetbets"":1,""wallstreetbets"":20}"
2026-10-08,HORT,1,1,0,1,0,0,"{""wallstreetbets"":1}"
2026-10-08,HPE,2,2,0,2,0,1,"{""wallstreetbets"":2}"
2026-10-08,HRNY,1,1,0,1,0,0,"{""pennystocks"":1}"
2026-10-08,HTZ,23,15,2,21,0,1,"{""pennystocks"":1,""wallstreetbets"":22}"
2026-10-08,HUM,8,4,0,8,0,1,"{""wallstreetbets"":8}"
2026-10-08,HUT,6,2,0,6,0,1,"{""wallstreetbets"":6}"
2026-10-08,IBIT,2,2,0,2,0,1,"{""wallstreetbets"":2}"
2026-10-08,IBKR,3,2,0,3,0,1,"{""wallstreetbets"":3}"
2026-10-08,IBM,7,7,0,7,0,1,"{""wallstreetbets"":7}"
2026-10-08,IDA,2,2,0,2,0,1,"{""wallstreetbets"":2}"
2026-10-08,IDE,1,1,0,1,0,1,"{""wallstreetbets"":1}"
2026-10-08,IDMO,1,1,0,1,0,1,"{""wallstreetbets"":1}"
2026-10-08,IFS,1,1,0,1,0,1,"{""wallstreetbets"":1}"
2026-10-08,IHT,3,1,2,1,0,1,"{""pennystocks"":1,""smallstreetbets"":2}"
2026-10-08,IMA,1,1,0,1,0,1,"{""wallstreetbets"":1}"
2026-10-08,INFQ,4,3,0,4,0,1,"{""wallstreetbets"":4}"
2026-10-08,INSW,1,1,0,1,0,1,"{""wallstreetbets"":1}"
2026-10-08,INTC,11,10,0,11,0,1,"{""wallstreetbets"":11}"
2026-10-08,IONQ,6,4,0,6,0,1,"{""wallstreetbets"":6}"
2026-10-08,IPW,3,2,1,2,0,1,"{""pennystocks"":3}"
2026-10-08,IRD,2,1,0,2,0,1,"{""pennystocks"":2}"
2026-10-08,IREN,19,16,0,19,0,1,"{""wallstreetbets"":19}"
2026-10-08,IWM,18,14,0,18,0,1,"{""wallstreetbets"":18}"
2026-10-08,IWO,1,1,0,1,0,1,"{""wallstreetbets"":1}"
2026-10-08,JEDI,1,1,0,1,0,1,"{""wallstreetbets"":1}"
2026-10-08,JEPI,1,1,0,1,0,1,"{""wallstreetbets"":1}"
2026-10-08,JMKE,3,3,0,3,0,1,"{""wallstreetbets"":3}"
2026-10-08,JOBY,1,1,0,1,0,1,"{""wallstreetbets"":1}"
2026-10-08,JPM,5,5,0,5,0,1,"{""wallstreetbets"":5}"
2026-10-08,JTAI,1,1,0,1,0,1,"{""pennystocks"":1}"
2026-10-08,KEEL,14,9,0,14,0,1,"{""wallstreetbets"":14}"
2026-10-08,KMI,1,1,0,1,0,1,"{""wallstreetbets"":1}"
2026-10-08,KOLD,1,1,0,1,0,1,"{""wallstreetbets"":1}"
2026-10-08,KORU,1,1,0,1,0,1,"{""wallstreetbets"":1}"
2026-10-08,KTOS,2,2,0,2,0,1,"{""wallstreetbets"":2}"
2026-10-08,KYTX,2,1,0,2,0,1,"{""pennystocks"":2}"
2026-10-08,LAZR,3,2,0,3,0,1,"{""wallstreetbets"":3}"
2026-10-08,LCTX,1,1,1,0,0,1,"{""wallstreetbets"":1}"
2026-10-08,LEU,2,2,0,2,0,1,"{""wallstreetbets"":2}"
2026-10-08,LEVI,2,2,0,2,0,1,"{""wallstreetbets"":2}"
2026-10-08,LHX,1,1,0,1,0,1,"{""wallstreetbets"":1}"
2026-10-08,LLY,7,4,0,7,0,1,"{""wallstreetbets"":7}"
2026-10-08,LMT,1,1,0,1,0,1,"{""wallstreetbets"":1}"
2026-10-08,LOW,2,2,0,2,0,1,"{""wallstreetbets"":2}"
2026-10-08,LRCX,1,1,0,1,0,1,"{""wallstreetbets"":1}"
2026-10-08,LSAK,1,1,0,1,0,1,"{""wallstreetbets"":1}"
2026-10-08,LULU,24,10,0,24,0,1,"{""wallstreetbets"":24}"
2026-10-08,LUNR,1,1,0,1,0,1,"{""wallstreetbets"":1}"
2026-10-08,MAAS,1,1,0,1,0,1,"{""wallstreetbets"":1}"
2026-10-08,MCD,27,16,1,26,0,1,"{""wallstreetbets"":27}"
2026-10-08,MDCX,1,1,1,0,0,1,"{""pennystocks"":1}"
2026-10-08,META,30,20,0,30,0,1,"{""wallstreetbets"":30}"
2026-10-08,MGM,1,1,0,1,0,1,"{""wallstreetbets"":1}"
2026-10-08,MIC,1,1,0,1,0,1,"{""wallstreetbets"":1}"
2026-10-08,MMA,1,1,0,1,0,1,"{""wallstreetbets"":1}"
2026-10-08,MMM,1,1,0,1,0,1,"{""wallstreetbets"":1}"
2026-10-08,MNDR,1,1,1,0,0,1,"{""pennystocks"":1}"
2026-10-08,MNST,3,1,0,3,0,1,"{""wallstreetbets"":3}"
2026-10-08,MO,1,1,0,1,0,1,"{""wallstreetbets"":1}"
2026-10-08,MOBX,4,2,1,3,0,1,"{""pennystocks"":1,""wallstreetbets"":3}"
2026-10-08,MOO,1,1,0,1,0,1,"{""wallstreetbets"":1}"
2026-10-08,MPC,3,3,0,3,0,1,"{""wallstreetbets"":3}"
2026-10-08,MRNA,2,2,0,2,0,1,"{""wallstreetbets"":2}"
2026-10-08,MRNO,1,1,1,0,0,1,"{""pennystocks"":1}"
2026-10-08,MRVL,8,7,0,8,0,1,"{""wallstreetbets"":8}"
2026-10-08,MS,1,1,0,1,0,1,"{""wallstreetbets"":1}"
2026-10-08,MSFT,32,26,0,32,0,1,"{""wallstreetbets"":32}"
2026-10-08,MSM,1,1,0,1,0,1,"{""wallstreetbets"":1}"
2026-10-08,MSTR,8,8,0,8,1,1,"{""wallstreetbets"":8}"
2026-10-08,MU,13,7,1,12,0,1,"{""wallstreetbets"":13}"
2026-10-08,MUU,3,3,0,3,0,1,"{""wallstreetbets"":3}"
2026-10-08,MUZ,2,2,0,2,0,1,"{""wallstreetbets"":2}"
2026-10-08,NASA,2,1,2,0,0,1,"{""wallstreetbets"":2}"
2026-10-08,NBIL,2,2,0,2,0,1,"{""wallstreetbets"":2}"
2026-10-08,NBIS,52,32,0,52,0,1,"{""wallstreetbets"":52}"
2026-10-08,NBIZ,1,1,0,1,0,1,"{""wallstreetbets"":1}"
2026-10-08,NFLX,27,21,0,27,0,1,"{""wallstreetbets"":27}"
2026-10-08,NIO,5,1,5,0,0,1,"{""pennystocks"":1,""wallstreetbets"":4}"
2026-10-08,NKE,20,15,0,20,0,1,"{""wallstreetbets"":20}"
2026-10-08,NLR,1,1,0,1,0,1,"{""wallstreetbets"":1}"
2026-10-08,NOK,5,3,0,5,0,1,"{""wallstreetbets"":5}"
2026-10-08,NOW,1,1,0,1,0,1,"{""wallstreetbets"":1}"
2026-10-08,NVDA,93,78,1,92,0,1,"{""wallstreetbets"":93}"
2026-10-08,NVDL,1,1,0,1,0,1,"{""wallstreetbets"":1}"
2026-10-08,NVDQ,1,1,0,1,0,1,"{""wallstreetbets"":1}"
2026-10-08,NVO,1,1,0,1,0,1,"{""wallstreetbets"":1}"
2026-10-08,NVT,2,1,0,2,0,1,"{""wallstreetbets"":2}"
2026-10-08,NXE,3,2,0,3,0,1,"{""wallstreetbets"":3}"
2026-10-08,NYT,1,1,0,1,0,1,"{""wallstreetbets"":1}"
2026-10-08,OILK,1,1,0,1,0,1,"{""wallstreetbets"":1}"
2026-10-08,OKLO,19,12,0,19,0,1,"{""wallstreetbets"":19}"
2026-10-08,OLB,8,5,1,7,0,1,"{""pennystocks"":8}"
2026-10-08,OLOX,1,1,0,1,0,1,"{""pennystocks"":1}"
2026-10-08,ONDS,9,8,0,9,0,1,"{""pennystocks"":1,""wallstreetbets"":8}"
2026-10-08,ONON,3,2,0,3,0,1,"{""wallstreetbets"":3}"
2026-10-08,OPEN,5,4,1,4,0,1,"{""wallstreetbets"":5}"
2026-10-08,OPER,1,1,0,1,0,1,"{""wallstreetbets"":1}"
2026-10-08,ORCL,25,21,0,25,0,1,"{""wallstreetbets"":25}"
2026-10-08,OSCR,1,1,0,1,0,1,"{""wallstreetbets"":1}"
2026-10-08,OSS,1,1,0,1,0,1,"{""wallstreetbets"":1}"
2026-10-08,P,1,1,0,1,0,1,"{""wallstreetbets"":1}"
2026-10-08,PACB,1,1,0,1,0,1,"{""pennystocks"":1}"
2026-10-08,PBJ,1,1,0,1,0,1,"{""wallstreetbets"":1}"
2026-10-08,PCVX,1,1,0,1,0,1,"{""wallstreetbets"":1}"
2026-10-08,PENG,1,1,0,1,0,1,"{""wallstreetbets"":1}"
2026-10-08,PEP,6,5,0,6,0,1,"{""wallstreetbets"":6}"
2026-10-08,PFAI,1,1,1,0,0,1,"{""pennystocks"":1}"
2026-10-08,PHAR,2,1,0,2,0,1,"{""pennystocks"":2}"
2026-10-08,PII,1,1,0,1,0,1,"{""wallstreetbets"":1}"
2026-10-08,PINS,1,1,0,1,0,1,"{""wallstreetbets"":1}"
2026-10-08,PLTR,45,43,1,44,0,1,"{""wallstreetbets"":45}"
2026-10-08,PLTZ,1,1,0,1,0,1,"{""wallstreetbets"":1}"
2026-10-08,POET,1,1,0,1,0,1,"{""wallstreetbets"":1}"
2026-10-08,PPT,1,1,0,1,0,1,"{""wallstreetbets"":1}"
2026-10-08,PSX,1,1,0,1,0,1,"{""wallstreetbets"":1}"
2026-10-08,PTPI,1,1,0,1,0,1,"{""pennystocks"":1}"
2026-10-08,QBTS,3,3,0,3,0,1,"{""wallstreetbets"":3}"
2026-10-08,QCOM,4,2,0,4,0,1,"{""wallstreetbets"":4}"
2026-10-08,QMCO,1,1,0,1,0,1,"{""smallstreetbets"":1}"
2026-10-08,QNME,1,1,0,1,0,1,"{""pennystocks"":1}"
2026-10-08,QQQ,122,78,1,121,0,1,"{""wallstreetbets"":122}"
2026-10-08,QQQM,1,1,0,1,0,1,"{""wallstreetbets"":1}"
2026-10-08,QSI,1,1,0,1,0,1,"{""pennystocks"":1}"
2026-10-08,QTEX,1,1,0,1,0,1,"{""pennystocks"":1}"
2026-10-08,QTUP,1,1,0,1,0,1,"{""wallstreetbets"":1}"
2026-10-08,RAMZ,2,1,0,2,0,1,"{""wallstreetbets"":2}"
2026-10-08,RCAT,1,1,0,1,0,1,"{""wallstreetbets"":1}"
2026-10-08,RDDT,28,22,0,28,0,1,"{""pennystocks"":1,""wallstreetbets"":27}"
2026-10-08,RDTL,3,2,0,3,0,1,"{""wallstreetbets"":3}"
2026-10-08,REA,2,2,1,1,0,1,"{""wallstreetbets"":2}"
2026-10-08,RGTI,1,1,0,1,0,1,"{""wallstreetbets"":1}"
2026-10-08,RIG,1,1,0,1,0,1,"{""wallstreetbets"":1}"
2026-10-08,RIME,1,1,0,1,0,1,"{""pennystocks"":1}"
2026-10-08,RIOT,1,1,0,1,0,1,"{""wallstreetbets"":1}"
2026-10-08,RIVN,1,1,0,1,0,1,"{""wallstreetbets"":1}"
2026-10-08,RKLB,12,10,0,12,0,1,"{""wallstreetbets"":12}"
2026-10-08,RMBS,1,1,0,1,0,1,"{""wallstreetbets"":1}"
2026-10-08,RMD,1,1,0,1,0,1,"{""smallstreetbets"":1}"
2026-10-08,RMTG,2,1,1,1,0,1,"{""pennystocks"":2}"
2026-10-08,RSP,8,6,0,8,0,1,"{""wallstreetbets"":8}"
2026-10-08,RVI,3,2,1,2,0,1,"{""wallstreetbets"":3}"
2026-10-08,RVII,1,1,0,1,0,1,"{""wallstreetbets"":1}"
2026-10-08,RZAI,1,1,0,1,0,1,"{""pennystocks"":1}"
2026-10-08,RZLV,3,3,0,3,0,1,"{""pennystocks"":2,""wallstreetbets"":1}"
2026-10-08,S,1,1,0,1,0,1,"{""wallstreetbets"":1}"
2026-10-08,SBFM,3,3,1,2,0,1,"{""pennystocks"":3}"
2026-10-08,SBUX,11,8,0,11,0,1,"{""wallstreetbets"":11}"
2026-10-08,SCHD,2,2,0,2,0,1,"{""wallstreetbets"":2}"
2026-10-08,SDC,1,1,0,1,0,0,"{""wallstreetbets"":1}"
2026-10-08,SDEV,1,1,1,0,0,1,"{""wallstreetbets"":1}"
2026-10-08,SDST,2,1,0,2,0,1,"{""pennystocks"":2}"
2026-10-08,SGI,1,1,0,1,0,1,"{""wallstreetbets"":1}"
2026-10-08,SGOV,7,6,0,7,0,1,"{""wallstreetbets"":7}"
2026-10-08,SIM,1,1,0,1,0,1,"{""wallstreetbets"":1}"
2026-10-08,SKHY,23,14,0,23,0,1,"{""wallstreetbets"":23}"
2026-10-08,SKM,1,1,0,1,0,1,"{""wallstreetbets"":1}"
2026-10-08,SKYX,1,1,0,1,0,1,"{""pennystocks"":1}"
2026-10-08,SLS,3,2,0,3,0,1,"{""wallstreetbets"":3}"
2026-10-08,SLV,1,1,0,1,0,1,"{""wallstreetbets"":1}"
2026-10-08,SMC,1,1,0,1,0,1,"{""wallstreetbets"":1}"
2026-10-08,SMCI,2,2,0,2,0,1,"{""wallstreetbets"":2}"
2026-10-08,SMR,2,2,0,2,0,1,"{""wallstreetbets"":2}"
2026-10-08,SNDK,39,28,0,39,0,1,"{""wallstreetbets"":39}"
2026-10-08,SNXX,2,2,0,2,0,1,"{""smallstreetbets"":1,""wallstreetbets"":1}"
2026-10-08,SOAR,1,1,0,1,0,1,"{""pennystocks"":1}"
2026-10-08,SOC,2,2,0,2,0,1,"{""pennystocks"":1,""wallstreetbets"":1}"
2026-10-08,SOFI,2,2,0,2,0,1,"{""wallstreetbets"":2}"
2026-10-08,SOS,3,3,0,3,0,1,"{""pennystocks"":1,""wallstreetbets"":2}"
2026-10-08,SOUN,3,3,1,2,0,1,"{""pennystocks"":1,""smallstreetbets"":1,""wallstreetbets"":1}"
2026-10-08,SOXL,31,16,0,31,0,1,"{""wallstreetbets"":31}"
2026-10-08,SOXS,12,6,0,12,0,1,"{""wallstreetbets"":12}"
2026-10-08,SOXX,8,5,0,8,0,1,"{""wallstreetbets"":8}"
2026-10-08,SPAI,1,1,0,1,0,1,"{""pennystocks"":1}"
2026-10-08,SPCE,1,1,0,1,0,1,"{""wallstreetbets"":1}"
2026-10-08,SPCH,1,1,0,1,0,1,"{""wallstreetbets"":1}"
2026-10-08,SPCX,84,62,2,82,0,1,"{""smallstreetbets"":1,""wallstreetbets"":83}"
2026-10-08,SPMO,2,2,0,2,0,1,"{""wallstreetbets"":2}"
2026-10-08,SPX,1,1,0,1,0,0,"{""wallstreetbets"":1}"
2026-10-08,SPXU,1,1,0,1,0,1,"{""wallstreetbets"":1}"
2026-10-08,SPY,259,160,3,256,1,1,"{""smallstreetbets"":5,""wallstreetbets"":254}"
2026-10-08,SPYD,3,2,0,3,0,1,"{""wallstreetbets"":3}"
2026-10-08,SPYM,7,4,0,7,0,1,"{""smallstreetbets"":6,""wallstreetbets"":1}"
2026-10-08,SQQQ,1,1,0,1,0,1,"{""wallstreetbets"":1}"
2026-10-08,SRE,1,1,0,1,0,1,"{""wallstreetbets"":1}"
2026-10-08,SSD,1,1,0,1,0,1,"{""wallstreetbets"":1}"
2026-10-08,SSO,2,2,0,2,0,1,"{""wallstreetbets"":2}"
2026-10-08,STRC,1,1,0,1,0,1,"{""wallstreetbets"":1}"
2026-10-08,STX,4,3,0,4,0,1,"{""wallstreetbets"":4}"
2026-10-08,STZ,1,1,0,1,0,1,"{""wallstreetbets"":1}"
2026-10-08,SVRN,1,1,0,1,0,1,"{""pennystocks"":1}"
2026-10-08,SWAN,1,1,0,1,0,1,"{""wallstreetbets"":1}"
2026-10-08,SWBI,1,1,0,1,0,1,"{""wallstreetbets"":1}"
2026-10-08,SXTC,3,3,2,1,0,1,"{""pennystocks"":2,""smallstreetbets"":1}"
2026-10-08,T,4,3,1,3,0,1,"{""wallstreetbets"":4}"
2026-10-08,TBF,1,1,0,1,0,1,"{""wallstreetbets"":1}"
2026-10-08,TECL,1,1,0,1,0,1,"{""wallstreetbets"":1}"
2026-10-08,TEM,1,1,0,1,0,1,"{""wallstreetbets"":1}"
2026-10-08,TER,1,1,0,1,0,1,"{""wallstreetbets"":1}"
2026-10-08,TFC,1,1,0,1,0,1,"{""wallstreetbets"":1}"
2026-10-08,TGE,1,1,0,1,0,1,"{""wallstreetbets"":1}"
2026-10-08,TGT,1,1,0,1,0,1,"{""wallstreetbets"":1}"
2026-10-08,THC,2,1,0,2,0,1,"{""wallstreetbets"":2}"
2026-10-08,TJX,1,1,0,1,0,1,"{""wallstreetbets"":1}"
2026-10-08,TLRY,2,2,0,2,0,1,"{""wallstreetbets"":2}"
2026-10-08,TLT,15,15,0,15,0,1,"{""wallstreetbets"":15}"
2026-10-08,TMUS,2,2,1,1,0,1,"{""wallstreetbets"":2}"
2026-10-08,TNDM,1,1,0,1,0,1,"{""wallstreetbets"":1}"
2026-10-08,TOPP,2,1,1,1,0,1,"{""pennystocks"":2}"
2026-10-08,TQQQ,6,6,0,6,0,1,"{""wallstreetbets"":6}"
2026-10-08,TRT,1,1,0,1,0,1,"{""pennystocks"":1}"
2026-10-08,TSHA,2,1,0,2,0,1,"{""pennystocks"":2}"
2026-10-08,TSLA,18,17,1,17,0,1,"{""wallstreetbets"":18}"
2026-10-08,TSM,10,6,0,10,0,1,"{""wallstreetbets"":10}"
2026-10-08,TSXV:OTC,1,1,0,1,0,0,"{""wallstreetbets"":1}"
2026-10-08,TTD,4,4,1,3,0,1,"{""wallstreetbets"":4}"
2026-10-08,TTWO,16,7,0,16,0,1,"{""wallstreetbets"":16}"
2026-10-08,UBER,6,5,0,6,0,1,"{""wallstreetbets"":6}"
2026-10-08,UBS,1,1,0,1,0,1,"{""wallstreetbets"":1}"
2026-10-08,UCTT,2,1,0,2,0,1,"{""wallstreetbets"":2}"
2026-10-08,UGA,1,1,0,1,0,1,"{""wallstreetbets"":1}"
2026-10-08,UGL,1,1,0,1,0,1,"{""wallstreetbets"":1}"
2026-10-08,ULCC,1,1,0,1,0,1,"{""smallstreetbets"":1}"
2026-10-08,UMAC,1,1,0,1,0,1,"{""wallstreetbets"":1}"
2026-10-08,UNG,2,2,0,2,0,1,"{""wallstreetbets"":2}"
2026-10-08,UNH,6,5,0,6,0,1,"{""wallstreetbets"":6}"
2026-10-08,UNL,1,1,0,1,0,1,"{""wallstreetbets"":1}"
2026-10-08,UPST,10,2,0,10,0,1,"{""wallstreetbets"":10}"
2026-10-08,URNM,1,1,0,1,0,1,"{""wallstreetbets"":1}"
2026-10-08,USAR,1,1,1,0,0,1,"{""wallstreetbets"":1}"
2026-10-08,USB,2,2,0,2,0,1,"{""wallstreetbets"":2}"
2026-10-08,USO,25,14,0,25,0,1,"{""wallstreetbets"":25}"
2026-10-08,UUUU,12,10,1,11,0,1,"{""wallstreetbets"":12}"
2026-10-08,UWMC,1,1,0,1,0,1,"{""wallstreetbets"":1}"
2026-10-08,VAC,4,1,1,3,0,1,"{""wallstreetbets"":4}"
2026-10-08,VAL,1,1,0,1,0,1,"{""wallstreetbets"":1}"
2026-10-08,VCIG,2,2,1,1,0,1,"{""pennystocks"":2}"
2026-10-08,VDC,1,1,0,1,0,1,"{""wallstreetbets"":1}"
2026-10-08,VEEA,6,3,0,6,0,1,"{""pennystocks"":6}"
2026-10-08,VERI,1,1,0,1,0,1,"{""pennystocks"":1}"
2026-10-08,VFLO,1,1,0,1,0,1,"{""wallstreetbets"":1}"
2026-10-08,VGT,2,2,0,2,0,1,"{""wallstreetbets"":2}"
2026-10-08,VHUB,1,1,0,1,0,1,"{""wallstreetbets"":1}"
2026-10-08,VIP,3,3,0,3,0,1,"{""wallstreetbets"":3}"
2026-10-08,VLO,1,1,0,1,0,1,"{""wallstreetbets"":1}"
2026-10-08,VOO,14,12,0,14,0,1,"{""smallstreetbets"":1,""wallstreetbets"":13}"
2026-10-08,VRCA,2,1,0,2,0,1,"{""pennystocks"":2}"
2026-10-08,VRT,2,2,0,2,0,1,"{""wallstreetbets"":2}"
2026-10-08,VSNT,1,1,0,1,0,1,"{""wallstreetbets"":1}"
2026-10-08,VST,8,7,0,8,0,1,"{""wallstreetbets"":8}"
2026-10-08,VTI,2,2,0,2,0,1,"{""wallstreetbets"":2}"
2026-10-08,VXUS,1,1,0,1,0,1,"{""wallstreetbets"":1}"
2026-10-08,VZ,4,2,1,3,0,1,"{""wallstreetbets"":4}"
2026-10-08,WBD,4,1,0,4,0,1,"{""wallstreetbets"":4}"
2026-10-08,WDC,23,18,1,22,1,1,"{""wallstreetbets"":23}"
2026-10-08,WFC,1,1,0,1,0,1,"{""wallstreetbets"":1}"
2026-10-08,WHLR,6,1,0,6,0,1,"{""pennystocks"":6}"
2026-10-08,WMT,3,2,0,3,0,1,"{""wallstreetbets"":3}"
2026-10-08,WOLF,2,2,0,2,0,1,"{""wallstreetbets"":2}"
2026-10-08,WORX,2,1,0,2,0,1,"{""pennystocks"":2}"
2026-10-08,WRD,4,1,0,4,0,1,"{""wallstreetbets"":4}"
2026-10-08,WULF,10,7,0,10,0,1,"{""wallstreetbets"":10}"
2026-10-08,WYFI,2,2,0,2,0,1,"{""wallstreetbets"":2}"
2026-10-08,WYNN,2,2,1,1,0,1,"{""wallstreetbets"":2}"
2026-10-08,XBI,1,1,1,0,0,1,"{""wallstreetbets"":1}"
2026-10-08,XLB,1,1,0,1,0,1,"{""wallstreetbets"":1}"
2026-10-08,XLE,1,1,0,1,0,1,"{""wallstreetbets"":1}"
2026-10-08,XLF,2,2,0,2,0,1,"{""wallstreetbets"":2}"
2026-10-08,XLK,1,1,0,1,0,1,"{""wallstreetbets"":1}"
2026-10-08,XLP,1,1,0,1,0,1,"{""wallstreetbets"":1}"
2026-10-08,XLU,1,1,0,1,0,1,"{""wallstreetbets"":1}"
2026-10-08,XOM,1,1,0,1,0,1,"{""wallstreetbets"":1}"
2026-10-08,XRPNW,1,1,0,1,0,1,"{""smallstreetbets"":1}"
2026-10-08,XX,1,1,0,1,0,1,"{""wallstreetbets"":1}"
2026-10-08,XXX,1,1,0,1,0,1,"{""wallstreetbets"":1}"
2026-10-08,YUNG,1,1,0,1,0,1,"{""wallstreetbets"":1}"
2026-10-08,Z,1,1,0,1,0,1,"{""wallstreetbets"":1}"
2026-10-08,ZENA,3,2,3,0,0,1,"{""pennystocks"":3}"
2026-10-08,ZETA,2,1,0,2,0,1,"{""wallstreetbets"":2}"
2026-10-09,AAL,4,1,0,4,0,1,"{""wallstreetbets"":4}"
2026-10-09,AAOG,1,1,1,0,0,1,"{""pennystocks"":1}"
2026-10-09,AAOI,5,4,0,5,0,1,"{""wallstreetbets"":5}"
2026-10-09,AAPL,38,32,0,38,0,1,"{""smallstreetbets"":1,""wallstreetbets"":37}"
2026-10-09,ABTC,1,1,0,1,0,1,"{""smallstreetbets"":1}"
2026-10-09,ACHR,1,1,0,1,0,1,"{""wallstreetbets"":1}"
2026-10-09,ADBE,20,15,2,18,0,1,"{""wallstreetbets"":20}"
2026-10-09,AEHR,1,1,0,1,0,1,"{""wallstreetbets"":1}"
2026-10-09,AEON,1,1,0,1,0,1,"{""wallstreetbets"":1}"
2026-10-09,AIG,1,1,0,1,0,1,"{""wallstreetbets"":1}"
2026-10-09,AIXI,1,1,1,0,0,1,"{""pennystocks"":1}"
2026-10-09,AKAM,1,1,0,1,0,1,"{""wallstreetbets"":1}"
2026-10-09,ALAB,1,1,0,1,0,1,"{""wallstreetbets"":1}"
2026-10-09,ALB,1,1,0,1,0,1,"{""wallstreetbets"":1}"
2026-10-09,ALDS,1,1,0,1,0,1,"{""wallstreetbets"":1}"
2026-10-09,ALEC,3,3,0,3,0,1,"{""pennystocks"":3}"
2026-10-09,AMD,37,30,0,37,0,1,"{""wallstreetbets"":37}"
2026-10-09,AMG,1,1,0,1,0,1,"{""wallstreetbets"":1}"
2026-10-09,AMOD,1,1,0,1,0,1,"{""pennystocks"":1}"
2026-10-09,AMT,2,2,0,2,0,1,"{""wallstreetbets"":2}"
2026-10-09,AMZN,27,17,1,26,0,1,"{""wallstreetbets"":27}"
2026-10-09,AMZU,3,2,0,3,0,1,"{""wallstreetbets"":3}"
2026-10-09,APLD,34,18,1,33,0,1,"{""wallstreetbets"":34}"
2026-10-09,APUS,1,1,0,1,0,1,"{""pennystocks"":1}"
2026-10-09,ARM,2,2,1,1,0,1,"{""wallstreetbets"":2}"
2026-10-09,ASC,1,1,0,1,0,1,"{""wallstreetbets"":1}"
2026-10-09,ASML,4,4,1,3,0,1,"{""smallstreetbets"":1,""wallstreetbets"":3}"
2026-10-09,ASS,1,1,0,1,0,0,"{""wallstreetbets"":1}"
2026-10-09,ASTN,5,2,0,5,0,1,"{""wallstreetbets"":5}"
2026-10-09,ASTS,302,182,0,302,0,1,"{""wallstreetbets"":302}"
2026-10-09,ASTX,3,3,1,2,0,1,"{""wallstreetbets"":3}"
2026-10-09,ATEX,1,1,0,1,0,1,"{""pennystocks"":1}"
2026-10-09,ATI,1,1,0,1,0,1,"{""wallstreetbets"":1}"
2026-10-09,ATZAF,1,1,0,1,0,1,"{""wallstreetbets"":1}"
2026-10-09,AVAV,1,1,0,1,0,1,"{""wallstreetbets"":1}"
2026-10-09,AVGO,13,7,0,13,0,1,"{""wallstreetbets"":13}"
2026-10-09,AXON,1,1,0,1,0,1,"{""wallstreetbets"":1}"
2026-10-09,AXTI,1,1,0,1,0,1,"{""wallstreetbets"":1}"
2026-10-09,AZZ,1,1,0,1,0,1,"{""wallstreetbets"":1}"
2026-10-09,B,1,1,0,1,0,1,"{""wallstreetbets"":1}"
2026-10-09,BABA,2,2,0,2,0,1,"{""wallstreetbets"":2}"
2026-10-09,BAC,2,1,0,2,0,1,"{""wallstreetbets"":2}"
2026-10-09,BBB,1,1,0,1,0,1,"{""smallstreetbets"":1}"
2026-10-09,BBLG,4,2,0,4,0,1,"{""pennystocks"":4}"
2026-10-09,BCE,2,2,0,2,0,1,"{""wallstreetbets"":2}"
2026-10-09,BDAI,1,1,0,1,0,1,"{""pennystocks"":1}"
2026-10-09,BE,1,1,0,1,0,1,"{""wallstreetbets"":1}"
2026-10-09,BMEA,1,1,0,1,0,1,"{""pennystocks"":1}"
2026-10-09,BMO,1,1,1,0,0,1,"{""wallstreetbets"":1}"
2026-10-09,BNO,1,1,0,1,0,1,"{""wallstreetbets"":1}"
2026-10-09,BOXX,1,1,0,1,0,1,"{""wallstreetbets"":1}"
2026-10-09,BRRR,1,1,0,1,0,1,"{""wallstreetbets"":1}"
2026-10-09,BRUN,2,2,0,2,0,1,"{""wallstreetbets"":2}"
2026-10-09,BULL,3,2,0,3,1,1,"{""wallstreetbets"":3}"
2026-10-09,BURU,1,1,0,1,0,1,"{""pennystocks"":1}"
2026-10-09,BWET,5,5,0,5,0,1,"{""wallstreetbets"":5}"
2026-10-09,CBRS,6,5,0,6,0,1,"{""wallstreetbets"":6}"
2026-10-09,CCI,1,1,0,1,0,1,"{""wallstreetbets"":1}"
2026-10-09,CCL,1,1,0,1,0,1,"{""wallstreetbets"":1}"
2026-10-09,CCO,1,1,1,0,0,1,"{""pennystocks"":1}"
2026-10-09,CD,1,1,1,0,0,1,"{""wallstreetbets"":1}"
2026-10-09,CEG,1,1,0,1,0,1,"{""wallstreetbets"":1}"
2026-10-09,CELH,2,2,0,2,0,1,"{""wallstreetbets"":2}"
2026-10-09,CFA,2,1,0,2,0,1,"{""wallstreetbets"":2}"
2026-10-09,CHAT,1,1,0,1,0,1,"{""wallstreetbets"":1}"
2026-10-09,CHTR,2,2,0,2,0,1,"{""wallstreetbets"":2}"
2026-10-09,CIBR,1,1,0,1,0,1,"{""wallstreetbets"":1}"
2026-10-09,CIFR,13,1,0,13,0,1,"{""wallstreetbets"":13}"
2026-10-09,CIIT,1,1,1,0,0,1,"{""pennystocks"":1}"
2026-10-09,CLGN,1,1,0,1,0,1,"{""pennystocks"":1}"
2026-10-09,CLMT,1,1,0,1,0,1,"{""wallstreetbets"":1}"
2026-10-09,CLOV,1,1,1,0,0,1,"{""pennystocks"":1}"
2026-10-09,CLSK,3,1,0,3,0,1,"{""wallstreetbets"":3}"
2026-10-09,CMG,3,3,1,2,0,1,"{""wallstreetbets"":3}"
2026-10-09,CMPS,4,3,1,3,0,1,"{""pennystocks"":4}"
2026-10-09,COHR,2,2,0,2,0,1,"{""wallstreetbets"":2}"
2026-10-09,COIN,2,2,0,2,0,1,"{""wallstreetbets"":2}"
2026-10-09,CORD,1,1,1,0,0,1,"{""pennystocks"":1}"
2026-10-09,COUR,1,1,1,0,0,1,"{""wallstreetbets"":1}"
2026-10-09,CPA,3,2,0,3,0,1,"{""smallstreetbets"":2,""wallstreetbets"":1}"
2026-10-09,CPNG,2,1,0,2,0,1,"{""wallstreetbets"":2}"
2026-10-09,CPS,1,1,0,1,0,1,"{""wallstreetbets"":1}"
2026-10-09,CRCL,2,2,0,2,0,1,"{""wallstreetbets"":2}"
2026-10-09,CRDO,2,2,0,2,0,1,"{""wallstreetbets"":2}"
2026-10-09,CRIB,1,1,0,1,0,1,"{""wallstreetbets"":1}"
2026-10-09,CRM,2,2,0,2,0,1,"{""wallstreetbets"":2}"
2026-10-09,CRML,1,1,0,1,0,1,"{""wallstreetbets"":1}"
2026-10-09,CRWD,4,4,0,4,0,1,"{""wallstreetbets"":4}"
2026-10-09,CRWV,1,1,0,1,0,1,"{""wallstreetbets"":1}"
2026-10-09,CSV,2,2,1,1,1,1,"{""wallstreetbets"":2}"
2026-10-09,CVX,1,1,1,0,0,1,"{""smallstreetbets"":1}"
2026-10-09,CWEB,1,1,0,1,0,1,"{""wallstreetbets"":1}"
2026-10-09,CYPH,1,1,0,1,0,1,"{""pennystocks"":1}"
2026-10-09,DAL,4,2,0,4,0,1,"{""wallstreetbets"":4}"
2026-10-09,DBA,1,1,0,1,0,1,"{""wallstreetbets"":1}"
2026-10-09,DDOG,3,1,0,3,0,1,"{""wallstreetbets"":3}"
2026-10-09,DELL,4,3,0,4,0,1,"{""smallstreetbets"":1,""wallstreetbets"":3}"
2026-10-09,DFSC,1,1,1,0,0,1,"{""pennystocks"":1}"
2026-10-09,DFTX,1,1,0,1,0,1,"{""pennystocks"":1}"
2026-10-09,DIA,2,1,0,2,0,1,"{""wallstreetbets"":2}"
2026-10-09,DIAN,1,1,0,1,0,0,"{""wallstreetbets"":1}"
2026-10-09,DJT,5,5,0,5,0,1,"{""smallstreetbets"":2,""wallstreetbets"":3}"
2026-10-09,DKI,1,1,0,1,0,1,"{""pennystocks"":1}"
2026-10-09,DNN,1,1,0,1,0,1,"{""wallstreetbets"":1}"
2026-10-09,DOCU,1,1,0,1,0,1,"{""wallstreetbets"":1}"
2026-10-09,DSL,1,1,0,1,0,1,"{""wallstreetbets"":1}"
2026-10-09,DSP,2,2,0,2,0,1,"{""wallstreetbets"":2}"
2026-10-09,DTF,2,1,0,2,0,1,"{""wallstreetbets"":2}"
2026-10-09,DXYZ,1,1,0,1,0,1,"{""wallstreetbets"":1}"
2026-10-09,DYOR,1,1,0,1,0,1,"{""pennystocks"":1}"
2026-10-09,EET,1,1,0,1,0,1,"{""wallstreetbets"":1}"
2026-10-09,EKG,1,1,0,1,0,1,"{""wallstreetbets"":1}"
2026-10-09,ELTP,1,1,0,1,0,1,"{""wallstreetbets"":1}"
2026-10-09,EMAT,1,1,0,1,0,1,"{""pennystocks"":1}"
2026-10-09,EOSE,2,2,0,2,0,1,"{""wallstreetbets"":2}"
2026-10-09,ERO,1,1,0,1,0,1,"{""wallstreetbets"":1}"
2026-10-09,ESTA,1,1,0,1,0,1,"{""wallstreetbets"":1}"
2026-10-09,ETSY,1,1,0,1,0,1,"{""wallstreetbets"":1}"
2026-10-09,EVGO,1,1,1,0,0,1,"{""pennystocks"":1}"
2026-10-09,EVTL,1,1,0,1,0,1,"{""wallstreetbets"":1}"
2026-10-09,FDX,1,1,0,1,0,1,"{""wallstreetbets"":1}"
2026-10-09,FICO,2,2,0,2,0,1,"{""wallstreetbets"":2}"
2026-10-09,FIGS,2,2,0,2,0,1,"{""wallstreetbets"":2}"
2026-10-09,FINV,1,1,0,1,0,1,"{""pennystocks"":1}"
2026-10-09,FISV,1,1,0,1,0,1,"{""wallstreetbets"":1}"
2026-10-09,FPE,1,1,0,1,0,1,"{""wallstreetbets"":1}"
2026-10-09,FRGT,2,2,1,1,0,1,"{""pennystocks"":2}"
2026-10-09,FRMI,3,3,0,3,0,1,"{""wallstreetbets"":3}"
2026-10-09,FRO,1,1,0,1,0,1,"{""wallstreetbets"":1}"
2026-10-09,FSLY,1,1,0,1,0,1,"{""wallstreetbets"":1}"
2026-10-09,FTG,2,1,0,2,0,1,"{""wallstreetbets"":2}"
2026-10-09,GARY,1,1,0,1,0,1,"{""wallstreetbets"":1}"
2026-10-09,GEV,2,2,0,2,0,1,"{""wallstreetbets"":2}"
2026-10-09,GFS,1,1,0,1,0,1,"{""wallstreetbets"":1}"
2026-10-09,GFUZ,5,3,1,4,0,1,"{""wallstreetbets"":5}"
2026-10-09,GGLL,3,2,0,3,0,1,"{""wallstreetbets"":3}"
2026-10-09,GLD,4,4,0,4,0,1,"{""wallstreetbets"":4}"
2026-10-09,GLOW,1,1,0,1,0,1,"{""wallstreetbets"":1}"
2026-10-09,GME,31,22,3,28,1,1,"{""wallstreetbets"":31}"
2026-10-09,GOGO,2,1,0,2,0,1,"{""pennystocks"":2}"
2026-10-09,GOOG,16,15,0,16,0,1,"{""wallstreetbets"":16}"
2026-10-09,GOOGL,13,11,0,13,0,1,"{""wallstreetbets"":13}"
2026-10-09,GPUS,1,1,1,0,0,1,"{""smallstreetbets"":1}"
2026-10-09,GRAN,1,1,0,1,0,1,"{""pennystocks"":1}"
2026-10-09,GRML,3,2,0,3,0,1,"{""pennystocks"":1,""wallstreetbets"":2}"
2026-10-09,GRND,1,1,0,1,0,1,"{""smallstreetbets"":1}"
2026-10-09,GSM,2,2,0,2,0,1,"{""wallstreetbets"":2}"
2026-10-09,GVH,1,1,0,1,0,1,"{""pennystocks"":1}"
2026-10-09,HEMI,1,1,0,1,0,1,"{""wallstreetbets"":1}"
2026-10-09,HIMS,1,1,0,1,0,1,"{""smallstreetbets"":1}"
2026-10-09,HIT,1,1,0,1,0,1,"{""smallstreetbets"":1}"
2026-10-09,HOOD,7,7,0,7,0,1,"{""wallstreetbets"":7}"
2026-10-09,HORT,1,1,0,1,0,0,"{""wallstreetbets"":1}"
2026-10-09,HOVR,1,1,0,1,0,1,"{""wallstreetbets"":1}"
2026-10-09,HPE,1,1,0,1,0,1,"{""wallstreetbets"":1}"
2026-10-09,HQ,1,1,0,1,0,1,"{""wallstreetbets"":1}"
2026-10-09,HTZ,8,6,0,8,0,1,"{""pennystocks"":1,""wallstreetbets"":7}"
2026-10-09,HUM,4,2,0,4,0,1,"{""wallstreetbets"":4}"
2026-10-09,HUT,4,1,0,4,0,1,"{""wallstreetbets"":4}"
2026-10-09,HYLN,1,1,1,0,0,1,"{""pennystocks"":1}"
2026-10-09,IBKR,7,6,0,7,0,1,"{""wallstreetbets"":7}"
2026-10-09,IBM,5,5,0,5,0,1,"{""wallstreetbets"":5}"
2026-10-09,IBRX,1,1,0,1,0,1,"{""wallstreetbets"":1}"
2026-10-09,IESC,1,1,0,1,0,1,"{""wallstreetbets"":1}"
2026-10-09,IGV,1,1,0,1,0,1,"{""wallstreetbets"":1}"
2026-10-09,INDA,1,1,0,1,0,1,"{""wallstreetbets"":1}"
2026-10-09,INFQ,2,2,0,2,0,1,"{""wallstreetbets"":2}"
2026-10-09,INTC,15,12,0,15,0,1,"{""wallstreetbets"":15}"
2026-10-09,INTJ,1,1,1,0,0,1,"{""pennystocks"":1}"
2026-10-09,INTL,1,1,0,1,0,1,"{""wallstreetbets"":1}"
2026-10-09,INTR,1,1,0,1,0,1,"{""wallstreetbets"":1}"
2026-10-09,INTU,3,1,0,3,0,1,"{""wallstreetbets"":3}"
2026-10-09,IONQ,1,1,0,1,0,1,"{""wallstreetbets"":1}"
2026-10-09,IOVA,2,1,0,2,0,1,"{""wallstreetbets"":2}"
2026-10-09,IREN,22,17,2,20,0,1,"{""wallstreetbets"":22}"
2026-10-09,ISRG,1,1,0,1,0,1,"{""wallstreetbets"":1}"
2026-10-09,IWM,4,3,0,4,0,1,"{""wallstreetbets"":4}"
2026-10-09,JEPQ,1,1,0,1,0,1,"{""wallstreetbets"":1}"
2026-10-09,JMKE,2,1,0,2,0,1,"{""wallstreetbets"":2}"
2026-10-09,JNJ,1,1,1,0,0,1,"{""smallstreetbets"":1}"
2026-10-09,JOBY,1,1,0,1,0,1,"{""wallstreetbets"":1}"
2026-10-09,JPM,6,5,1,5,0,1,"{""smallstreetbets"":1,""wallstreetbets"":5}"
2026-10-09,KEEL,2,1,0,2,0,1,"{""wallstreetbets"":2}"
2026-10-09,KOID,1,1,0,1,0,1,"{""wallstreetbets"":1}"
2026-10-09,KORU,5,1,0,5,0,1,"{""wallstreetbets"":5}"
2026-10-09,LCID,1,1,0,1,0,1,"{""wallstreetbets"":1}"
2026-10-09,LEN,1,1,0,1,0,1,"{""wallstreetbets"":1}"
2026-10-09,LGCL,1,1,1,0,0,1,"{""pennystocks"":1}"
2026-10-09,LHX,1,1,0,1,0,1,"{""wallstreetbets"":1}"
2026-10-09,LITE,8,4,0,8,0,1,"{""wallstreetbets"":8}"
2026-10-09,LSE:ALRT,2,1,1,1,0,0,"{""pennystocks"":1,""wallstreetbets"":1}"
2026-10-09,LULU,11,5,0,11,0,1,"{""wallstreetbets"":11}"
2026-10-09,LUMN,1,1,0,1,0,1,"{""wallstreetbets"":1}"
2026-10-09,LUNR,3,1,0,3,0,1,"{""wallstreetbets"":3}"
2026-10-09,LUV,1,1,0,1,0,1,"{""wallstreetbets"":1}"
2026-10-09,LWLG,1,1,0,1,0,1,"{""pennystocks"":1}"
2026-10-09,MAAS,1,1,0,1,0,1,"{""wallstreetbets"":1}"
2026-10-09,MARA,1,1,0,1,0,1,"{""wallstreetbets"":1}"
2026-10-09,MBLY,1,1,0,1,0,1,"{""wallstreetbets"":1}"
2026-10-09,MCD,13,9,0,13,0,1,"{""wallstreetbets"":13}"
2026-10-09,MDA,3,3,1,2,0,1,"{""wallstreetbets"":3}"
2026-10-09,MDT,1,1,0,1,0,1,"{""wallstreetbets"":1}"
2026-10-09,MEDS,1,1,1,0,0,1,"{""pennystocks"":1}"
2026-10-09,META,15,11,0,15,0,1,"{""wallstreetbets"":15}"
2026-10-09,MGN,1,1,0,1,0,1,"{""pennystocks"":1}"
2026-10-09,MNDY,1,1,0,1,0,1,"{""wallstreetbets"":1}"
2026-10-09,MNST,1,1,0,1,0,1,"{""wallstreetbets"":1}"
2026-10-09,MRNA,29,24,2,27,0,1,"{""wallstreetbets"":29}"
2026-10-09,MRVL,4,4,0,4,0,1,"{""wallstreetbets"":4}"
2026-10-09,MSCI,1,1,0,1,0,1,"{""wallstreetbets"":1}"
2026-10-09,MSFT,43,23,0,43,0,1,"{""wallstreetbets"":43}"
2026-10-09,MSN,1,1,0,1,0,1,"{""wallstreetbets"":1}"
2026-10-09,MSTR,6,5,0,6,0,1,"{""wallstreetbets"":6}"
2026-10-09,MU,10,8,0,10,0,1,"{""smallstreetbets"":1,""wallstreetbets"":9}"
2026-10-09,MUU,1,1,0,1,0,1,"{""wallstreetbets"":1}"
2026-10-09,MUZ,1,1,0,1,0,1,"{""wallstreetbets"":1}"
2026-10-09,MXC,1,1,0,1,0,1,"{""wallstreetbets"":1}"
2026-10-09,NAUT,2,2,1,1,0,1,"{""pennystocks"":2}"
2026-10-09,NBIS,24,16,0,24,0,1,"{""wallstreetbets"":24}"
2026-10-09,NCPL,2,2,1,1,0,1,"{""pennystocks"":2}"
2026-10-09,NFLX,16,13,1,15,0,1,"{""wallstreetbets"":16}"
2026-10-09,NIO,1,1,0,1,0,1,"{""wallstreetbets"":1}"
2026-10-09,NKE,16,12,1,15,0,1,"{""wallstreetbets"":16}"
2026-10-09,NMTC,1,1,1,0,0,1,"{""pennystocks"":1}"
2026-10-09,NOK,2,2,0,2,0,1,"{""wallstreetbets"":2}"
2026-10-09,NRGU,1,1,0,1,0,1,"{""wallstreetbets"":1}"
2026-10-09,NRXP,1,1,1,0,0,1,"{""wallstreetbets"":1}"
2026-10-09,NTCL,1,1,1,0,0,1,"{""pennystocks"":1}"
2026-10-09,NTSK,1,1,0,1,0,1,"{""wallstreetbets"":1}"
2026-10-09,NVAX,2,1,0,2,0,1,"{""wallstreetbets"":2}"
2026-10-09,NVDA,93,61,0,93,0,1,"{""smallstreetbets"":1,""wallstreetbets"":92}"
2026-10-09,NVDL,3,1,0,3,0,1,"{""wallstreetbets"":3}"
2026-10-09,NVO,2,2,0,2,0,1,"{""wallstreetbets"":2}"
2026-10-09,NWBO,2,1,1,1,0,1,"{""wallstreetbets"":2}"
2026-10-09,OCUL,1,1,1,0,0,1,"{""wallstreetbets"":1}"
2026-10-09,OFAL,2,2,0,2,0,1,"{""pennystocks"":2}"
2026-10-09,OGE,1,1,0,1,0,1,"{""wallstreetbets"":1}"
2026-10-09,OKLO,4,4,0,4,0,1,"{""wallstreetbets"":4}"
2026-10-09,OLB,5,3,0,5,0,1,"{""pennystocks"":5}"
2026-10-09,ONDS,5,5,0,5,0,1,"{""wallstreetbets"":5}"
2026-10-09,ONON,1,1,0,1,0,1,"{""wallstreetbets"":1}"
2026-10-09,OPEX,1,1,0,1,0,1,"{""wallstreetbets"":1}"
2026-10-09,OPTT,2,2,1,1,0,1,"{""pennystocks"":2}"
2026-10-09,ORAL,1,1,0,1,0,0,"{""wallstreetbets"":1}"
2026-10-09,ORBS,1,1,0,1,0,1,"{""pennystocks"":1}"
2026-10-09,ORCL,3,3,0,3,0,1,"{""wallstreetbets"":3}"
2026-10-09,OSS,4,3,0,4,0,1,"{""wallstreetbets"":4}"
2026-10-09,OUST,1,1,1,0,0,1,"{""wallstreetbets"":1}"
2026-10-09,OWL,1,1,0,1,0,1,"{""wallstreetbets"":1}"
2026-10-09,PANW,1,1,0,1,0,1,"{""wallstreetbets"":1}"
2026-10-09,PED,1,1,0,1,0,1,"{""wallstreetbets"":1}"
2026-10-09,PENG,1,1,0,1,0,1,"{""wallstreetbets"":1}"
2026-10-09,PEP,2,2,0,2,0,1,"{""wallstreetbets"":2}"
2026-10-09,PFAI,1,1,1,0,0,1,"{""pennystocks"":1}"
2026-10-09,PG,1,1,1,0,0,1,"{""wallstreetbets"":1}"
2026-10-09,PINS,2,1,0,2,0,1,"{""wallstreetbets"":2}"
2026-10-09,PLCE,1,1,0,1,0,1,"{""wallstreetbets"":1}"
2026-10-09,PLTR,71,35,0,71,1,1,"{""wallstreetbets"":71}"
2026-10-09,PLUG,1,1,1,0,0,1,"{""wallstreetbets"":1}"
2026-10-09,PNW,2,2,0,2,0,1,"{""wallstreetbets"":2}"
2026-10-09,PNXP,1,1,1,0,0,1,"{""wallstreetbets"":1}"
2026-10-09,POOP,1,1,0,1,0,0,"{""wallstreetbets"":1}"
2026-10-09,PPT,1,1,0,1,0,1,"{""wallstreetbets"":1}"
2026-10-09,PSP,1,1,0,1,0,1,"{""wallstreetbets"":1}"
2026-10-09,PYPL,1,1,0,1,0,1,"{""wallstreetbets"":1}"
2026-10-09,QAT,1,1,0,1,0,1,"{""wallstreetbets"":1}"
2026-10-09,QBTS,1,1,0,1,0,1,"{""wallstreetbets"":1}"
2026-10-09,QCOM,2,2,0,2,0,1,"{""wallstreetbets"":2}"
2026-10-09,QNME,1,1,0,1,0,1,"{""pennystocks"":1}"
2026-10-09,QQQ,108,59,0,108,0,1,"{""smallstreetbets"":1,""wallstreetbets"":107}"
2026-10-09,QSI,3,2,0,3,0,1,"{""pennystocks"":3}"
2026-10-09,QUBT,1,1,0,1,0,1,"{""wallstreetbets"":1}"
2026-10-09,QXO,2,1,0,2,0,1,"{""wallstreetbets"":2}"
2026-10-09,RBLX,2,2,0,2,0,1,"{""wallstreetbets"":2}"
2026-10-09,RCKT,1,1,0,1,0,1,"{""wallstreetbets"":1}"
2026-10-09,RCON,1,1,0,1,0,1,"{""pennystocks"":1}"
2026-10-09,RDDT,20,16,1,19,0,1,"{""wallstreetbets"":20}"
2026-10-09,RDTL,2,1,0,2,0,1,"{""wallstreetbets"":2}"
2026-10-09,RDW,2,1,0,2,0,1,"{""wallstreetbets"":2}"
2026-10-09,REMX,1,1,0,1,0,1,"{""wallstreetbets"":1}"
2026-10-09,RGTI,1,1,0,1,0,1,"{""wallstreetbets"":1}"
2026-10-09,RIOT,1,1,0,1,0,1,"{""wallstreetbets"":1}"
2026-10-09,RIVN,4,1,0,4,0,1,"{""wallstreetbets"":4}"
2026-10-09,RKLB,15,12,1,14,0,1,"{""wallstreetbets"":15}"
2026-10-09,RMTG,3,2,0,3,0,1,"{""pennystocks"":3}"
2026-10-09,RND,1,1,0,1,0,1,"{""wallstreetbets"":1}"
2026-10-09,ROBO,1,1,0,1,0,1,"{""wallstreetbets"":1}"
2026-10-09,RPG,1,1,0,1,0,1,"{""wallstreetbets"":1}"
2026-10-09,SAIQ,4,4,0,4,0,1,"{""pennystocks"":4}"
2026-10-09,SAP,3,3,0,3,0,1,"{""wallstreetbets"":3}"
2026-10-09,SBAC,1,1,0,1,0,1,"{""wallstreetbets"":1}"
2026-10-09,SBFM,1,1,0,1,0,1,"{""pennystocks"":1}"
2026-10-09,SBUX,3,3,1,2,0,1,"{""wallstreetbets"":3}"
2026-10-09,SCHD,2,2,0,2,0,1,"{""wallstreetbets"":2}"
2026-10-09,SCHW,1,1,0,1,0,1,"{""wallstreetbets"":1}"
2026-10-09,SCI,1,1,1,0,1,1,"{""wallstreetbets"":1}"
2026-10-09,SGI,2,2,0,2,0,1,"{""wallstreetbets"":2}"
2026-10-09,SGOV,2,2,0,2,0,1,"{""wallstreetbets"":2}"
2026-10-09,SIM,1,1,0,1,0,1,"{""wallstreetbets"":1}"
2026-10-09,SKHY,8,4,0,8,0,1,"{""wallstreetbets"":8}"
2026-10-09,SLS,14,11,4,10,0,1,"{""pennystocks"":4,""wallstreetbets"":10}"
2026-10-09,SMCI,5,2,0,5,0,1,"{""wallstreetbets"":5}"
2026-10-09,SMJF,1,1,1,0,0,1,"{""pennystocks"":1}"
2026-10-09,SMMT,1,1,1,0,0,1,"{""wallstreetbets"":1}"
2026-10-09,SMR,1,1,0,1,0,1,"{""wallstreetbets"":1}"
2026-10-09,SNDK,41,25,0,41,0,1,"{""wallstreetbets"":41}"
2026-10-09,SNDQ,2,2,0,2,0,1,"{""wallstreetbets"":2}"
2026-10-09,SNDX,1,1,0,1,0,1,"{""wallstreetbets"":1}"
2026-10-09,SNES,1,1,0,1,0,1,"{""wallstreetbets"":1}"
2026-10-09,SNOW,1,1,0,1,0,1,"{""wallstreetbets"":1}"
2026-10-09,SNXX,2,2,0,2,0,1,"{""wallstreetbets"":2}"
2026-10-09,SOFI,4,4,0,4,0,1,"{""wallstreetbets"":4}"
2026-10-09,SOS,1,1,0,1,0,1,"{""wallstreetbets"":1}"
2026-10-09,SOUN,2,2,0,2,0,1,"{""wallstreetbets"":2}"
2026-10-09,SOXL,53,24,0,53,0,1,"{""wallstreetbets"":53}"
2026-10-09,SOXQ,1,1,0,1,0,1,"{""wallstreetbets"":1}"
2026-10-09,SOXS,7,7,1,6,0,1,"{""wallstreetbets"":7}"
2026-10-09,SOXX,3,3,0,3,0,1,"{""wallstreetbets"":3}"
2026-10-09,SPCX,87,69,0,87,0,1,"{""pennystocks"":1,""smallstreetbets"":2,""wallstreetbets"":84}"
2026-10-09,SPMO,1,1,0,1,0,1,"{""wallstreetbets"":1}"
2026-10-09,SPXL,1,1,0,1,0,1,"{""wallstreetbets"":1}"
2026-10-09,SPY,190,130,2,188,2,1,"{""smallstreetbets"":4,""wallstreetbets"":186}"
2026-10-09,SPYM,8,5,0,8,0,1,"{""smallstreetbets"":8}"
2026-10-09,SSD,1,1,0,1,0,1,"{""wallstreetbets"":1}"
2026-10-09,STRC,1,1,0,1,0,1,"{""wallstreetbets"":1}"
2026-10-09,STX,2,2,0,2,0,1,"{""wallstreetbets"":2}"
2026-10-09,SWMR,1,1,0,1,0,1,"{""wallstreetbets"":1}"
2026-10-09,SXTC,1,1,0,1,0,1,"{""pennystocks"":1}"
2026-10-09,T,2,2,0,2,0,1,"{""wallstreetbets"":2}"
2026-10-09,TEM,1,1,0,1,0,1,"{""wallstreetbets"":1}"
2026-10-09,TEVA,1,1,1,0,0,1,"{""wallstreetbets"":1}"
2026-10-09,TLT,7,7,0,7,0,1,"{""wallstreetbets"":7}"
2026-10-09,TMUS,8,6,2,6,0,1,"{""wallstreetbets"":8}"
2026-10-09,TNA,2,1,0,2,0,1,"{""wallstreetbets"":2}"
2026-10-09,TOPP,2,1,0,2,0,1,"{""pennystocks"":2}"
2026-10-09,TQQQ,2,2,0,2,0,1,"{""wallstreetbets"":2}"
2026-10-09,TRT,1,1,0,1,0,1,"{""wallstreetbets"":1}"
2026-10-09,TSLA,43,31,0,43,0,1,"{""smallstreetbets"":1,""wallstreetbets"":42}"
2026-10-09,TSM,10,9,1,9,0,1,"{""smallstreetbets"":1,""wallstreetbets"":9}"
2026-10-09,TSXV:OTC,2,1,0,2,0,0,"{""wallstreetbets"":2}"
2026-10-09,TTD,2,2,0,2,0,1,"{""wallstreetbets"":2}"
2026-10-09,TTMI,1,1,0,1,0,1,"{""wallstreetbets"":1}"
2026-10-09,TTWO,8,7,0,8,0,1,"{""wallstreetbets"":8}"
2026-10-09,TUTH,2,1,1,1,0,1,"{""pennystocks"":2}"
2026-10-09,TXRH,1,1,0,1,0,1,"{""wallstreetbets"":1}"
2026-10-09,UAL,1,1,0,1,0,1,"{""wallstreetbets"":1}"
2026-10-09,UBER,3,3,0,3,0,1,"{""wallstreetbets"":3}"
2026-10-09,UCL,1,1,0,1,0,1,"{""wallstreetbets"":1}"
2026-10-09,UEC,1,1,0,1,0,1,"{""wallstreetbets"":1}"
2026-10-09,UMAC,1,1,0,1,0,1,"{""wallstreetbets"":1}"
2026-10-09,UNH,8,6,1,7,0,1,"{""smallstreetbets"":1,""wallstreetbets"":7}"
2026-10-09,UPRO,2,2,0,2,0,1,"{""wallstreetbets"":2}"
2026-10-09,UPST,1,1,0,1,0,1,"{""wallstreetbets"":1}"
2026-10-09,URA,1,1,0,1,0,1,"{""wallstreetbets"":1}"
2026-10-09,USAR,3,2,0,3,0,1,"{""wallstreetbets"":3}"
2026-10-09,USB,1,1,0,1,0,1,"{""wallstreetbets"":1}"
2026-10-09,USO,7,5,1,6,0,1,"{""wallstreetbets"":7}"
2026-10-09,UUUU,4,4,0,4,0,1,"{""wallstreetbets"":4}"
2026-10-09,UVXY,1,1,0,1,0,1,"{""wallstreetbets"":1}"
2026-10-09,UWMC,1,1,0,1,0,1,"{""wallstreetbets"":1}"
2026-10-09,VAC,1,1,0,1,0,1,"{""wallstreetbets"":1}"
2026-10-09,VEEA,21,6,0,21,0,1,"{""pennystocks"":12,""wallstreetbets"":9}"
2026-10-09,VIVK,2,2,0,2,0,1,"{""pennystocks"":2}"
2026-10-09,VLO,1,1,0,1,0,1,"{""wallstreetbets"":1}"
2026-10-09,VOO,10,10,0,10,0,1,"{""smallstreetbets"":1,""wallstreetbets"":9}"
2026-10-09,VRT,2,2,0,2,0,1,"{""wallstreetbets"":2}"
2026-10-09,VST,5,3,0,5,0,1,"{""wallstreetbets"":5}"
2026-10-09,VTI,4,3,0,4,0,1,"{""wallstreetbets"":4}"
2026-10-09,VZ,1,1,0,1,0,1,"{""wallstreetbets"":1}"
2026-10-09,WAT,1,1,0,1,0,1,"{""wallstreetbets"":1}"
2026-10-09,WDC,8,7,0,8,0,1,"{""wallstreetbets"":8}"
2026-10-09,WEN,1,1,0,1,0,1,"{""wallstreetbets"":1}"
2026-10-09,WFF,10,6,1,9,0,1,"{""pennystocks"":8,""wallstreetbets"":2}"
2026-10-09,WMT,1,1,0,1,0,1,"{""wallstreetbets"":1}"
2026-10-09,WOOF,3,2,0,3,0,1,"{""wallstreetbets"":3}"
2026-10-09,WRD,1,1,0,1,0,1,"{""wallstreetbets"":1}"
2026-10-09,WULF,2,2,1,1,0,1,"{""wallstreetbets"":2}"
2026-10-09,XBI,1,1,1,0,0,1,"{""pennystocks"":1}"
2026-10-09,XLC,1,1,0,1,0,1,"{""wallstreetbets"":1}"
2026-10-09,XLE,1,1,0,1,0,1,"{""wallstreetbets"":1}"
2026-10-09,XNDU,1,1,0,1,0,1,"{""wallstreetbets"":1}"
2026-10-09,XPEV,1,1,0,1,0,1,"{""wallstreetbets"":1}"
2026-10-09,XRPN,3,2,3,0,0,1,"{""smallstreetbets"":1,""wallstreetbets"":2}"
2026-10-09,XRTX,1,1,1,0,0,1,"{""pennystocks"":1}"
2026-10-09,XRX,1,1,0,1,0,1,"{""wallstreetbets"":1}"
2026-10-09,YINN,2,1,0,2,0,1,"{""wallstreetbets"":2}"
2026-10-09,YUM,2,2,0,2,0,1,"{""wallstreetbets"":2}"
2026-10-09,ZROZ,1,1,0,1,0,1,"{""wallstreetbets"":1}"
2026-10-09,ZYBT,1,1,0,1,0,1,"{""pennystocks"":1}"
