event_id,source,kind,exchange,base,quote,t0,t0_utc,collected_at,rule,channel,post_url,named_exchange,spike,vol_ratio,quote_volume,median_quote_volume,list,time_source,text
scan-mexc-ANVL-2026100619,scan,spike,mexc,ANVL,USDT,1791313200000,2026-10-06T19:00:00Z,2026-10-07T12:34:53Z,scan-v1,,,,0.2401,9.78,27329.89,2794.79,,,
scan-mexc-GLMR-2026100709,scan,spike,mexc,GLMR,USDT,1791363600000,2026-10-07T09:00:00Z,2026-10-07T12:35:10Z,scan-v1,,,,0.2261,8.39,58305.09,6946.33,,,
scan-mexc-GRIFFAIN-2026100614,scan,spike,mexc,GRIFFAIN,USDT,1791295200000,2026-10-06T14:00:00Z,2026-10-07T12:35:11Z,scan-v1,,,,0.2531,9.05,25398.99,2806.1,,,
scan-mexc-GTT-2026100616,scan,spike,mexc,GTT,USDT,1791302400000,2026-10-06T16:00:00Z,2026-10-07T12:35:11Z,scan-v1,,,,0.4471,686.97,633606.07,922.31,,,
scan-mexc-KRAFT-2026100616,scan,spike,mexc,KRAFT,USDT,1791302400000,2026-10-06T16:00:00Z,2026-10-07T12:35:16Z,scan-v1,,,,0.45,23.31,388025.69,16645.71,,,
scan-mexc-MBK-2026100616,scan,spike,mexc,MBK,USDT,1791302400000,2026-10-06T16:00:00Z,2026-10-07T12:35:17Z,scan-v1,,,,0.6324,34.46,173633.08,5038.25,,,
scan-mexc-MODA-2026100616,scan,spike,mexc,MODA,USDT,1791302400000,2026-10-06T16:00:00Z,2026-10-07T12:35:19Z,scan-v1,,,,0.216,220.0,94233.32,428.33,,,
scan-mexc-NATIX-2026100618,scan,spike,mexc,NATIX,USDT,1791309600000,2026-10-06T18:00:00Z,2026-10-07T12:35:20Z,scan-v1,,,,0.3518,15.25,13839.31,907.64,,,
scan-mexc-OKAI-2026100616,scan,spike,mexc,OKAI,USDT,1791302400000,2026-10-06T16:00:00Z,2026-10-07T12:35:23Z,scan-v1,,,,0.3289,54.49,210233.84,3858.52,,,
scan-mexc-ORCA-2026100617,scan,spike,mexc,ORCA,USDT,1791306000000,2026-10-06T17:00:00Z,2026-10-07T12:35:24Z,scan-v1,,,,0.2538,11.29,264453.66,23431.31,,,
scan-mexc-PAID-2026100618,scan,spike,mexc,PAID,USDT,1791309600000,2026-10-06T18:00:00Z,2026-10-07T12:35:25Z,scan-v1,,,,0.4278,9.07,54725.04,6032.08,,,
scan-mexc-SHARE-2026100709,scan,spike,mexc,SHARE,USDT,1791363600000,2026-10-07T09:00:00Z,2026-10-07T12:35:30Z,scan-v1,,,,0.2501,7.77,22319.13,2873.95,,,
scan-mexc-STAMP-2026100621,scan,spike,mexc,STAMP,USDT,1791320400000,2026-10-06T21:00:00Z,2026-10-07T12:35:33Z,scan-v1,,,,0.5712,15.0,34433.62,2295.31,,,
scan-mexc-TICS-2026100614,scan,spike,mexc,TICS,USDT,1791295200000,2026-10-06T14:00:00Z,2026-10-07T12:35:34Z,scan-v1,,,,0.2038,12.96,27358.87,2111.18,,,
scan-gate-ELIZAOS-2026100711,scan,spike,gate,ELIZAOS,USDT,1791370800000,2026-10-07T11:00:00Z,2026-10-07T12:35:54Z,scan-v1,,,,0.4122,6.7,2609801.03,389447.28,,,
scan-gate-FARM-2026100618,scan,spike,gate,FARM,USDT,1791309600000,2026-10-06T18:00:00Z,2026-10-07T12:35:55Z,scan-v1,,,,0.3012,198.55,22410.35,112.87,,,
scan-gate-FORT-2026100621,scan,spike,gate,FORT,USDT,1791320400000,2026-10-06T21:00:00Z,2026-10-07T12:35:57Z,scan-v1,,,,0.4765,230.74,69730.12,302.21,,,
scan-gate-GLMR-2026100709,scan,spike,gate,GLMR,USDT,1791363600000,2026-10-07T09:00:00Z,2026-10-07T12:35:59Z,scan-v1,,,,0.2024,25.08,78326.52,3123.04,,,
scan-gate-GRIFFAIN-2026100614,scan,spike,gate,GRIFFAIN,USDT,1791295200000,2026-10-06T14:00:00Z,2026-10-07T12:36:01Z,scan-v1,,,,0.2206,11.87,87272.2,7352.48,,,
scan-gate-HONEY-2026100619,scan,spike,gate,HONEY,USDT,1791313200000,2026-10-06T19:00:00Z,2026-10-07T12:36:02Z,scan-v1,,,,0.2509,7.72,16652.67,2156.08,,,
scan-gate-MVLLG-2026100613,scan,spike,gate,MVLLG,USDT,1791291600000,2026-10-06T13:00:00Z,2026-10-07T12:36:09Z,scan-v1,,,,0.2118,129.81,357768.21,2756.14,,,
scan-gate-NATIX-2026100618,scan,spike,gate,NATIX,USDT,1791309600000,2026-10-06T18:00:00Z,2026-10-07T12:36:09Z,scan-v1,,,,0.3408,10.82,10436.76,964.58,,,
scan-gate-ORCA-2026100617,scan,spike,gate,ORCA,USDT,1791306000000,2026-10-06T17:00:00Z,2026-10-07T12:36:11Z,scan-v1,,,,0.2472,10.78,843516.52,78212.21,,,
scan-gate-POND-2026100700,scan,spike,gate,POND,USDT,1791331200000,2026-10-07T00:00:00Z,2026-10-07T12:36:13Z,scan-v1,,,,0.2573,49.86,32648.41,654.74,,,
scan-gate-RDNT-2026100705,scan,spike,gate,RDNT,USDT,1791349200000,2026-10-07T05:00:00Z,2026-10-07T12:36:15Z,scan-v1,,,,0.3927,387.35,73901.54,190.79,,,
scan-gate-SUNDOG-2026100706,scan,spike,gate,SUNDOG,USDT,1791352800000,2026-10-07T06:00:00Z,2026-10-07T12:36:21Z,scan-v1,,,,0.2922,12.22,91838.68,7517.36,,,
scan-gate-TOWN-2026100618,scan,spike,gate,TOWN,USDT,1791309600000,2026-10-06T18:00:00Z,2026-10-07T12:36:22Z,scan-v1,,,,1.5938,11.37,33027.83,2904.19,,,
scan-gate-ZEUS-2026100617,scan,spike,gate,ZEUS,USDT,1791306000000,2026-10-06T17:00:00Z,2026-10-07T12:36:28Z,scan-v1,,,,0.256,6.11,1298464.05,212375.89,,,
scan-kucoin-2U2-2026100614,scan,spike,kucoin,2U2,USDT,1791295200000,2026-10-06T14:00:00Z,2026-10-07T12:36:29Z,scan-v1,,,,0.4362,132.43,25696.41,194.04,,,
scan-kucoin-ELIZAOS-2026100711,scan,spike,kucoin,ELIZAOS,USDT,1791370800000,2026-10-07T11:00:00Z,2026-10-07T12:36:35Z,scan-v1,,,,0.5251,6.52,184074.35,28224.7,,,
scan-kucoin-GAIA-2026100709,scan,spike,kucoin,GAIA,USDT,1791363600000,2026-10-07T09:00:00Z,2026-10-07T12:36:37Z,scan-v1,,,,1.1127,52.81,38191.14,723.14,,,
scan-kucoin-GLMR-2026100709,scan,spike,kucoin,GLMR,USDT,1791363600000,2026-10-07T09:00:00Z,2026-10-07T12:36:37Z,scan-v1,,,,0.2206,11.69,33657.14,2878.01,,,
scan-kucoin-GRIFFAIN-2026100614,scan,spike,kucoin,GRIFFAIN,USDT,1791295200000,2026-10-06T14:00:00Z,2026-10-07T12:36:37Z,scan-v1,,,,0.2141,16.04,58222.0,3630.52,,,
scan-kucoin-HAI-2026100705,scan,spike,kucoin,HAI,USDT,1791349200000,2026-10-07T05:00:00Z,2026-10-07T12:36:38Z,scan-v1,,,,0.2072,20.13,15076.17,748.87,,,
scan-kucoin-NATIX-2026100618,scan,spike,kucoin,NATIX,USDT,1791309600000,2026-10-06T18:00:00Z,2026-10-07T12:36:41Z,scan-v1,,,,0.6064,28.02,25484.95,909.49,,,
scan-kucoin-ORCA-2026100617,scan,spike,kucoin,ORCA,USDT,1791306000000,2026-10-06T17:00:00Z,2026-10-07T12:36:43Z,scan-v1,,,,0.2353,10.66,208068.36,19527.47,,,
scan-kucoin-POND-2026100700,scan,spike,kucoin,POND,USDT,1791331200000,2026-10-07T00:00:00Z,2026-10-07T12:36:44Z,scan-v1,,,,0.2618,23.77,30597.97,1287.13,,,
scan-kucoin-SIREN-2026100613,scan,spike,kucoin,SIREN,USDT,1791291600000,2026-10-06T13:00:00Z,2026-10-07T12:36:48Z,scan-v1,,,,0.2134,8.56,588666.44,68807.61,,,
scan-kucoin-SUNDOG-2026100706,scan,spike,kucoin,SUNDOG,USDT,1791352800000,2026-10-07T06:00:00Z,2026-10-07T12:36:49Z,scan-v1,,,,0.3057,9.14,49181.76,5378.75,,,
scan-kucoin-UOS-2026100616,scan,spike,kucoin,UOS,USDT,1791302400000,2026-10-06T16:00:00Z,2026-10-07T12:36:50Z,scan-v1,,,,0.4755,30.89,15909.02,515.03,,,
scan-kucoin-ZEUS-2026100709,scan,spike,kucoin,ZEUS,USDT,1791363600000,2026-10-07T09:00:00Z,2026-10-07T12:36:51Z,scan-v1,,,,0.2986,6.73,284816.7,42341.44,,,
scan-binance-GLMR-2026100709,scan,spike,binance,GLMR,USDT,1791363600000,2026-10-07T09:00:00Z,2026-10-07T12:37:01Z,scan-v1,,,,0.2174,30.21,2520745.99,83434.93,,,
scan-binance-LAZIO-2026100619,scan,spike,binance,LAZIO,USDT,1791313200000,2026-10-06T19:00:00Z,2026-10-07T12:37:04Z,scan-v1,,,,0.2344,441.71,1157295.92,2620.01,,,
scan-binance-MVLLB-2026100613,scan,spike,binance,MVLLB,USDT,1791291600000,2026-10-06T13:00:00Z,2026-10-07T12:37:06Z,scan-v1,,,,0.2163,203.89,590933.56,2898.28,,,
scan-binance-ORCA-2026100617,scan,spike,binance,ORCA,USDT,1791306000000,2026-10-06T17:00:00Z,2026-10-07T12:37:08Z,scan-v1,,,,0.2468,6.24,7117833.9,1141211.25,,,
hist-binance-ACM-202104061747,history,announcement,binance,ACM,BTC,1617731250000,2021-04-06T17:47:30Z,2026-10-07T12:53:22Z,history-merge-v1,Binance Moon Pump™,,,,,,,ardia,ardia_utc,
hist-binance-ACM-202104221611,history,announcement,binance,ACM,BTC,1619107861000,2021-04-22T16:11:01Z,2026-10-07T12:53:22Z,history-merge-v1,Crypto Profit Coach™,,,,,,,ardia,ardia_utc,
hist-binance-ACM-202104251538,history,announcement,binance,ACM,BTC,1619365126000,2021-04-25T15:38:46Z,2026-10-07T12:53:22Z,history-merge-v1,Crypto Profit Coach™,,,,,,,ardia,ardia_utc,
hist-binance-ACM-202106051800,history,announcement,binance,ACM,BTC,1622916012000,2021-06-05T18:00:12Z,2026-10-07T12:53:22Z,history-merge-v1,Elon Mars Pumps,,,,,,,ardia,ardia_utc,
hist-binance-ACM-202110080425,history,announcement,binance,ACM,BTC,1633667106000,2021-10-08T04:25:06Z,2026-10-07T12:53:22Z,history-merge-v1,Binance Moon Pump™,,,,,,,ardia,ardia_utc,
hist-binance-ACM-202111221747,history,announcement,binance,ACM,BTC,1637603269000,2021-11-22T17:47:49Z,2026-10-07T12:53:22Z,history-merge-v1,Binance Pump Tracker™,,,,,,,ardia,ardia_utc,
hist-binance-ACM-202201281911,history,announcement,binance,ACM,BTC,1643397098000,2022-01-28T19:11:38Z,2026-10-07T12:53:22Z,history-merge-v1,Binance Pump Tracker™,,,,,,,ardia,ardia_utc,
hist-binance-ADA-201807181532,history,announcement,binance,ADA,BTC,1531927975000,2018-07-18T15:32:55Z,2026-10-07T12:53:22Z,history-merge-v1,Binance Trading 360,,,,,,,pumpsense,pumpsense_minus_2h,"✈️✈️✈️ada✈️✈️✈️
 coin is our Pump coin!👍👍👍

✅✅
Buy it now under 2510
It will go huge as it announce in public after 28 minutes then sell it fast!!💹💹📶📶🏧🏧💵💰"
hist-binance-ADX-201904101803,history,announcement,binance,ADX,BTC,1554919393000,2019-04-10T18:03:13Z,2026-10-07T12:53:22Z,history-merge-v1,Bitcoin Pump Group,,,,,,,pumpsense,pumpsense_minus_2h,#ADX Pumping
hist-binance-ADX-201904251915,history,announcement,binance,ADX,BTC,1556219721000,2019-04-25T19:15:21Z,2026-10-07T12:53:22Z,history-merge-v1,Maximum Pump,,,,,,,ardia,ardia_utc,
hist-binance-ADX-201907051700,history,announcement,binance,ADX,BTC,1562346032000,2019-07-05T17:00:32Z,2026-10-07T12:53:22Z,history-merge-v1,MPG; Mega Signals Group; Signals Lion,,,,,,,ardia+lamorgia+pumpsense,ardia_utc,"There are many good coins to buy on Binance

The coin we picked to buy is : $ ADX"
hist-binance-ADX-201907261759,history,announcement,binance,ADX,BTC,1564163999000,2019-07-26T17:59:59Z,2026-10-07T12:53:22Z,history-merge-v1,CPI; Crypto Pump Island,,,,,,,ardia+lamorgia,ardia_utc,
hist-binance-ADX-202006281423,history,announcement,binance,ADX,BTC,1593354216000,2020-06-28T14:23:36Z,2026-10-07T12:53:22Z,history-merge-v1,Binance Moon Pump™,,,,,,,ardia,ardia_utc,
hist-binance-ADX-202007071600,history,announcement,binance,ADX,BTC,1594137607000,2020-07-07T16:00:07Z,2026-10-07T12:53:22Z,history-merge-v1,TCG; BPF; CCS; Binance Pump Tracker™; Bitmex Binance Whales Signals; Coin Coach Signals; Hit Pump Angels; Binance Signals; Binance Pump Coin; Binance Crypto Pump Signals,,,,,,,ardia+lamorgia+pumpsense,ardia_utc,"#ADX  #ADX  #ADX

Let's 2x spike with our WHALES💪

#ADX is going to perform crazy today bcoz of the huge global FOMO & massive volume coming in🚀🚀

BUY FAST this trendy coin sitting at BOTTOM

https://www.binance.com/en/trade/ADX_BTC"
hist-binance-ADX-202008090709,history,announcement,binance,ADX,BTC,1596956993000,2020-08-09T07:09:53Z,2026-10-07T12:53:22Z,history-merge-v1,Binance Top Signals,,,,,,,pumpsense,pumpsense_minus_2h,Pump coin #adx
hist-binance-ADX-202102131602,history,announcement,binance,ADX,BTC,1613232152000,2021-02-13T16:02:32Z,2026-10-07T12:53:22Z,history-merge-v1,Crypto Pump Analytics™,,,,,,,ardia,ardia_utc,
hist-binance-ADX-202106261608,history,announcement,binance,ADX,BTC,1624723692000,2021-06-26T16:08:12Z,2026-10-07T12:53:22Z,history-merge-v1,Binance Moon Pump™,,,,,,,ardia,ardia_utc,
hist-binance-ADX-202108151731,history,announcement,binance,ADX,BTC,1629048693000,2021-08-15T17:31:33Z,2026-10-07T12:53:22Z,history-merge-v1,Binance Moon Pump™,,,,,,,ardia,ardia_utc,
hist-binance-ADX-202109071428,history,announcement,binance,ADX,BTC,1631024883000,2021-09-07T14:28:03Z,2026-10-07T12:53:22Z,history-merge-v1,Binance Moon Pump™,,,,,,,ardia,ardia_utc,
hist-binance-ADX-202110090627,history,announcement,binance,ADX,BTC,1633760863000,2021-10-09T06:27:43Z,2026-10-07T12:53:22Z,history-merge-v1,Binance Moon Pump™,,,,,,,ardia,ardia_utc,
hist-binance-ADX-202110231615,history,announcement,binance,ADX,BTC,1635005753000,2021-10-23T16:15:53Z,2026-10-07T12:53:22Z,history-merge-v1,Binance Pump Tracker™,,,,,,,ardia,ardia_utc,
hist-binance-ADX-202112060645,history,announcement,binance,ADX,BTC,1638773103000,2021-12-06T06:45:03Z,2026-10-07T12:53:22Z,history-merge-v1,Binance Pump Tracker™,,,,,,,ardia,ardia_utc,
hist-binance-AE-201803191500,history,announcement,binance,AE,BTC,1521471632000,2018-03-19T15:00:32Z,2026-10-07T12:53:22Z,history-merge-v1,Altcoins Trading Signals,,,,,,,pumpsense,pumpsense_minus_2h,"Coin Name : BTC - AE

Direct Link : https://www.binance.com/trade.html?symbol=AE_BTC"
hist-binance-AE-201910101119,history,announcement,binance,AE,BTC,1570706392000,2019-10-10T11:19:52Z,2026-10-07T12:53:22Z,history-merge-v1,Crypto Lion's™,,,,,,,ardia,ardia_utc,
hist-binance-AE-202008221435,history,announcement,binance,AE,BTC,1598106923000,2020-08-22T14:35:23Z,2026-10-07T12:53:22Z,history-merge-v1,Binance Pump Tracker™,,,,,,,ardia,ardia_utc,
hist-binance-AGI-201903130818,history,announcement,binance,AGI,BTC,1552465124000,2019-03-13T08:18:44Z,2026-10-07T12:53:22Z,history-merge-v1,Crypto Tree 🎄,,,,,,,ardia,ardia_utc,
hist-binance-AGI-201903261741,history,announcement,binance,AGI,BTC,1553622068000,2019-03-26T17:41:08Z,2026-10-07T12:53:22Z,history-merge-v1,Crypto Tree 🎄,,,,,,,ardia,ardia_utc,
hist-binance-AGI-202105021528,history,announcement,binance,AGI,BTC,1619969325000,2021-05-02T15:28:45Z,2026-10-07T12:53:22Z,history-merge-v1,Binance Pump Tracker™,,,,,,,ardia,ardia_utc,
hist-binance-AGIX-202110221328,history,announcement,binance,AGIX,BTC,1634909307000,2021-10-22T13:28:27Z,2026-10-07T12:53:22Z,history-merge-v1,Binance Pump Tracker™,,,,,,,ardia,ardia_utc,
hist-binance-AGIX-202112241721,history,announcement,binance,AGIX,BTC,1640366500000,2021-12-24T17:21:40Z,2026-10-07T12:53:22Z,history-merge-v1,Binance Pump Tracker™,,,,,,,ardia,ardia_utc,
hist-binance-AGIX-202208141600,history,announcement,binance,AGIX,BTC,1660492805000,2022-08-14T16:00:05Z,2026-10-07T12:53:22Z,history-merge-v1,Mega Signals Group; Binance Crypto Pumps; Binance Crypto Pump Signals; Cryptic Trading; Crypto Coin Pump Signals,,,,,,,pumpsense,pumpsense_minus_2h,"The coin we are buying is $AGIX 

AGIX is looking great as a buy right now and can easily reach 500% in the next minutes"
hist-binance-AION-202007021439,history,announcement,binance,AION,BTC,1593700753000,2020-07-02T14:39:13Z,2026-10-07T12:53:22Z,history-merge-v1,Binance Moon Pump™,,,,,,,ardia,ardia_utc,
hist-binance-AION-202008071718,history,announcement,binance,AION,BTC,1596820682000,2020-08-07T17:18:02Z,2026-10-07T12:53:22Z,history-merge-v1,Binance Pump Tracker™,,,,,,,ardia,ardia_utc,
hist-binance-AION-202108201341,history,announcement,binance,AION,BTC,1629466867000,2021-08-20T13:41:07Z,2026-10-07T12:53:22Z,history-merge-v1,Binance Moon Pump™,,,,,,,ardia,ardia_utc,
hist-binance-AION-202109181247,history,announcement,binance,AION,BTC,1631969225000,2021-09-18T12:47:05Z,2026-10-07T12:53:22Z,history-merge-v1,Binance Moon Pump™,,,,,,,ardia,ardia_utc,
hist-binance-ALGO-201908141702,history,announcement,binance,ALGO,BTC,1565802135000,2019-08-14T17:02:15Z,2026-10-07T12:53:22Z,history-merge-v1,Bitcoin Pump Group,,,,,,,ardia,ardia_utc,
hist-binance-ALGO-202109061653,history,announcement,binance,ALGO,BTC,1630947211000,2021-09-06T16:53:31Z,2026-10-07T12:53:22Z,history-merge-v1,Crypto Trader,,,,,,,ardia,ardia_utc,
hist-binance-ALGO-202109110724,history,announcement,binance,ALGO,BTC,1631345048000,2021-09-11T07:24:08Z,2026-10-07T12:53:22Z,history-merge-v1,Crypto Trader,,,,,,,ardia,ardia_utc,
hist-binance-ALPHA-202109021703,history,announcement,binance,ALPHA,BTC,1630602180000,2021-09-02T17:03:00Z,2026-10-07T12:53:22Z,history-merge-v1,Crypto Trader,,,,,,,ardia,ardia_utc,
hist-binance-ALPHA-202111290521,history,announcement,binance,ALPHA,BTC,1638163310000,2021-11-29T05:21:50Z,2026-10-07T12:53:22Z,history-merge-v1,The Bull,,,,,,,ardia,ardia_utc,
hist-binance-AMB-201901011430,history,announcement,binance,AMB,BTC,1546353000000,2019-01-01T14:30:00Z,2026-10-07T12:53:22Z,history-merge-v1,WCG; BPF; Whales Crypto Guide; Hit Pump Angels,,,,,,,lamorgia+pumpsense,lamorgia_gmt,"#BinanceSignalEvent

The coin we picked today is $AMB

Link :- https://www.binance.com/en/trade/AMB_BTC

$AMB has a big insider news coming up and Accumulation is going on in last couple of days, $AMB going to have a great surge up soon. we will see a big spike today, After the spike there will be a"
hist-binance-AMB-201903081630,history,announcement,binance,AMB,BTC,1552062600000,2019-03-08T16:30:00Z,2026-10-07T12:53:22Z,history-merge-v1,Wolf of trading Signals,,,,,,,ardia,ardia_utc,
hist-binance-AMB-201903281435,history,announcement,binance,AMB,BTC,1553783740000,2019-03-28T14:35:40Z,2026-10-07T12:53:22Z,history-merge-v1,Crypto Advisor,,,,,,,ardia,ardia_utc,
hist-binance-AMB-201906161111,history,announcement,binance,AMB,BTC,1560683484000,2019-06-16T11:11:24Z,2026-10-07T12:53:22Z,history-merge-v1,Cryptocurrency: Wolf Posting 🚀,,,,,,,ardia,ardia_utc,
hist-binance-AMB-202006251603,history,announcement,binance,AMB,BTC,1593101029000,2020-06-25T16:03:49Z,2026-10-07T12:53:22Z,history-merge-v1,Binance Waves,,,,,,,ardia,ardia_utc,
hist-binance-AMB-202104301855,history,announcement,binance,AMB,BTC,1619808935000,2021-04-30T18:55:35Z,2026-10-07T12:53:22Z,history-merge-v1,Binance Pump Tracker™,,,,,,,ardia,ardia_utc,
hist-binance-AMB-202105131526,history,announcement,binance,AMB,BTC,1620919578000,2021-05-13T15:26:18Z,2026-10-07T12:53:22Z,history-merge-v1,Binance Moon Pump™,,,,,,,ardia,ardia_utc,
hist-binance-ANKR-202108071516,history,announcement,binance,ANKR,BTC,1628349408000,2021-08-07T15:16:48Z,2026-10-07T12:53:22Z,history-merge-v1,Binance Moon Pump™,,,,,,,ardia,ardia_utc,
hist-binance-ANT-202103021331,history,announcement,binance,ANT,BTC,1614691874000,2021-03-02T13:31:14Z,2026-10-07T12:53:22Z,history-merge-v1,Binance Moon Pump™,,,,,,,ardia,ardia_utc,
hist-binance-ANT-202103091101,history,announcement,binance,ANT,BTC,1615287677000,2021-03-09T11:01:17Z,2026-10-07T12:53:22Z,history-merge-v1,Binance Moon Pump™,,,,,,,ardia,ardia_utc,
hist-binance-ANT-202103300525,history,announcement,binance,ANT,BTC,1617081904000,2021-03-30T05:25:04Z,2026-10-07T12:53:22Z,history-merge-v1,Binance Moon Pump™,,,,,,,ardia,ardia_utc,
hist-binance-ANT-202110070539,history,announcement,binance,ANT,BTC,1633585181000,2021-10-07T05:39:41Z,2026-10-07T12:53:22Z,history-merge-v1,Binance Moon Pump™,,,,,,,ardia,ardia_utc,
hist-binance-ANT-202110170727,history,announcement,binance,ANT,BTC,1634455674000,2021-10-17T07:27:54Z,2026-10-07T12:53:22Z,history-merge-v1,Binance Moon Pump™,,,,,,,ardia,ardia_utc,
hist-binance-APPC-201904061704,history,announcement,binance,APPC,BTC,1554570256000,2019-04-06T17:04:16Z,2026-10-07T12:53:22Z,history-merge-v1,Crypto Guru; Coin Coach Signals,,,,,,,pumpsense,pumpsense_minus_2h,
hist-binance-APPC-201904241900,history,announcement,binance,APPC,BTC,1556132459000,2019-04-24T19:00:59Z,2026-10-07T12:53:22Z,history-merge-v1,Maximum Pump,,,,,,,ardia,ardia_utc,
hist-binance-APPC-201905181658,history,announcement,binance,APPC,BTC,1558198681000,2019-05-18T16:58:01Z,2026-10-07T12:53:22Z,history-merge-v1,Altcoins Trading Signals,,,,,,,pumpsense,pumpsense_minus_2h,"APPC

https://www.binance.com/en/trade/APPC_BTC

Buy it 🚀"
hist-binance-APPC-201906171600,history,announcement,binance,APPC,BTC,1560787206000,2019-06-17T16:00:06Z,2026-10-07T12:53:22Z,history-merge-v1,Altcoins Trading Signals,,,,,,,pumpsense,pumpsense_minus_2h,"Buy #APPC 

https://www.binance.com/en/trade/APPC_BTC"
hist-binance-APPC-201906231437,history,announcement,binance,APPC,BTC,1561300672000,2019-06-23T14:37:52Z,2026-10-07T12:53:22Z,history-merge-v1,Cryptocurrency: Wolf Posting 🚀,,,,,,,ardia,ardia_utc,
hist-binance-APPC-201906241710,history,announcement,binance,APPC,BTC,1561396221000,2019-06-24T17:10:21Z,2026-10-07T12:53:22Z,history-merge-v1,Cryptocurrency: Wolf Posting 🚀,,,,,,,ardia,ardia_utc,
hist-binance-APPC-201907251600,history,announcement,binance,APPC,BTC,1564070442000,2019-07-25T16:00:42Z,2026-10-07T12:53:22Z,history-merge-v1,Crypto Tree 🎄; Bitcoin Pump Group,,,,,,,ardia+pumpsense,ardia_utc,Coin name : APPC
hist-binance-APPC-201908041800,history,announcement,binance,APPC,BTC,1564941606000,2019-08-04T18:00:06Z,2026-10-07T12:53:22Z,history-merge-v1,Bitcoin Pump Group,,,,,,,pumpsense,pumpsense_minus_2h,Coin name : APPC
hist-binance-APPC-201909071900,history,announcement,binance,APPC,BTC,1567882824000,2019-09-07T19:00:24Z,2026-10-07T12:53:22Z,history-merge-v1,Bitcoin Pump Group,,,,,,,pumpsense,pumpsense_minus_2h,Coin name :APPC
hist-binance-APPC-201909151859,history,announcement,binance,APPC,BTC,1568573999000,2019-09-15T18:59:59Z,2026-10-07T12:53:22Z,history-merge-v1,Maximum Pump,,,,,,,ardia,ardia_utc,
hist-binance-APPC-202007291749,history,announcement,binance,APPC,BTC,1596044954000,2020-07-29T17:49:14Z,2026-10-07T12:53:22Z,history-merge-v1,Binance Moon Pump™,,,,,,,ardia,ardia_utc,
hist-binance-APPC-202008121733,history,announcement,binance,APPC,BTC,1597253633000,2020-08-12T17:33:53Z,2026-10-07T12:53:22Z,history-merge-v1,Binance Moon Pump™,,,,,,,ardia,ardia_utc,
hist-binance-APPC-202011041700,history,announcement,binance,APPC,BTC,1604509222000,2020-11-04T17:00:22Z,2026-10-07T12:53:22Z,history-merge-v1,CPS; MPG; TWP; BPF; CPI; Crypto Pump Squad; Mega Signals Group; Whales Crypto Guide; Hit Pump Angels; Crypto Pump Island; Binance Trading 360; Bitcoin Pump Group,,,,,,,ardia+lamorgia+pumpsense,ardia_utc,"@everyone
There are many good coins on Binance 

The coin we picked today is :  👉  A P P C   👈"
hist-binance-APPC-202011181800,history,announcement,binance,APPC,BTC,1605722411000,2020-11-18T18:00:11Z,2026-10-07T12:53:22Z,history-merge-v1,TWP; BPF; Today We Push 🛸; Hit Pump Angels; Binance Crypto Pumps,,,,,,,ardia+lamorgia+pumpsense,ardia_utc,"COIN IS : APPC

🚀BUY BUY BUY🚀"
hist-binance-APPC-202011251729,history,announcement,binance,APPC,BTC,1606325389000,2020-11-25T17:29:49Z,2026-10-07T12:53:22Z,history-merge-v1,Binance Moon Pump™,,,,,,,ardia,ardia_utc,
hist-binance-APPC-202011271800,history,announcement,binance,APPC,BTC,1606500000000,2020-11-27T18:00:00Z,2026-10-07T12:53:22Z,history-merge-v1,CP; Cryptic Trading,,,,,,,lamorgia+pumpsense,lamorgia_gmt,"APPC/BTC is the pumped coin

◾️ Market Buy 60-70% 
◾️ Buy 25% bags when price dumps
◾️ Sell slowly when you see big buy limits (1-3 BTC+)

https://www.binance.com/en/trade/APPC_BTC"
hist-binance-APPC-202012071600,history,announcement,binance,APPC,BTC,1607356800000,2020-12-07T16:00:00Z,2026-10-07T12:53:22Z,history-merge-v1,CP,,,,,,,lamorgia,lamorgia_gmt,
hist-binance-APPC-202012271307,history,announcement,binance,APPC,BTC,1609074425000,2020-12-27T13:07:05Z,2026-10-07T12:53:22Z,history-merge-v1,Binance Moon Pump™,,,,,,,ardia,ardia_utc,
hist-binance-APPC-202101012200,history,announcement,binance,APPC,BTC,1609538425000,2021-01-01T22:00:25Z,2026-10-07T12:53:22Z,history-merge-v1,Cryptic Trading,,,,,,,pumpsense,pumpsense_minus_2h,
hist-binance-APPC-202101132100,history,announcement,binance,APPC,BTC,1610571600000,2021-01-13T21:00:00Z,2026-10-07T12:53:22Z,history-merge-v1,CP; Binance Trading 360; Cryptic Trading,,,,,,,lamorgia+pumpsense,lamorgia_gmt,Coin Name is #Appc
hist-binance-APPC-202101211548,history,announcement,binance,APPC,BTC,1611244090000,2021-01-21T15:48:10Z,2026-10-07T12:53:22Z,history-merge-v1,Binance Moon Pump™,,,,,,,ardia,ardia_utc,
hist-binance-APPC-202101311700,history,announcement,binance,APPC,BTC,1612112419000,2021-01-31T17:00:19Z,2026-10-07T12:53:22Z,history-merge-v1,WHALE BINANCE GROUP PUMP,,,,,,,pumpsense,pumpsense_minus_2h,Appc
hist-binance-APPC-202102051700,history,announcement,binance,APPC,BTC,1612544411000,2021-02-05T17:00:11Z,2026-10-07T12:53:22Z,history-merge-v1,WallStreetBets Events 🛸,,,,,,,ardia,ardia_utc,
hist-binance-APPC-202103231700,history,announcement,binance,APPC,BTC,1616518809000,2021-03-23T17:00:09Z,2026-10-07T12:53:22Z,history-merge-v1,WallStreetBets Crypto Pumps - Investing!,,,,,,,ardia,ardia_utc,
hist-binance-APPC-202104142308,history,announcement,binance,APPC,BTC,1618441712000,2021-04-14T23:08:32Z,2026-10-07T12:53:22Z,history-merge-v1,Binance Moon Pump™,,,,,,,ardia,ardia_utc,
hist-binance-APPC-202104171759,history,announcement,binance,APPC,BTC,1618682367000,2021-04-17T17:59:27Z,2026-10-07T12:53:22Z,history-merge-v1,Crypto Profit Coach™,,,,,,,ardia,ardia_utc,
hist-binance-APPC-202104241437,history,announcement,binance,APPC,BTC,1619275053000,2021-04-24T14:37:33Z,2026-10-07T12:53:22Z,history-merge-v1,Binance Pump Tracker™,,,,,,,ardia,ardia_utc,
hist-binance-APPC-202104270255,history,announcement,binance,APPC,BTC,1619492148000,2021-04-27T02:55:48Z,2026-10-07T12:53:22Z,history-merge-v1,Binance Moon Pump™,,,,,,,ardia,ardia_utc,
hist-binance-APPC-202105251802,history,announcement,binance,APPC,BTC,1621965773000,2021-05-25T18:02:53Z,2026-10-07T12:53:22Z,history-merge-v1,Binance Moon Pump™,,,,,,,ardia,ardia_utc,
hist-binance-APPC-202105301328,history,announcement,binance,APPC,BTC,1622381282000,2021-05-30T13:28:02Z,2026-10-07T12:53:22Z,history-merge-v1,Binance Moon Pump™,,,,,,,ardia,ardia_utc,
hist-binance-APPC-202108080100,history,announcement,binance,APPC,BTC,1628384417000,2021-08-08T01:00:17Z,2026-10-07T12:53:22Z,history-merge-v1,Binance Moon Pump™,,,,,,,ardia,ardia_utc,
hist-binance-APPC-202109301407,history,announcement,binance,APPC,BTC,1633010842000,2021-09-30T14:07:22Z,2026-10-07T12:53:22Z,history-merge-v1,Binance Moon Pump™,,,,,,,ardia,ardia_utc,
hist-binance-APPC-202111161622,history,announcement,binance,APPC,BTC,1637079766000,2021-11-16T16:22:46Z,2026-10-07T12:53:22Z,history-merge-v1,Binance Pump Tracker™,,,,,,,ardia,ardia_utc,
hist-binance-APPC-202112191500,history,announcement,binance,APPC,BTC,1639926016000,2021-12-19T15:00:16Z,2026-10-07T12:53:22Z,history-merge-v1,Binance Crypto Pumps; Binance Crypto Pump Signals,,,,,,,pumpsense,pumpsense_minus_2h,Coin is: APPC
hist-binance-ARDR-201903151000,history,announcement,binance,ARDR,BTC,1552644047000,2019-03-15T10:00:47Z,2026-10-07T12:53:22Z,history-merge-v1,𝘾𝙧𝙮𝙥𝙩𝙤 𝙈𝙖𝙧𝙠𝙚𝙩 𝙎𝙞𝙜𝙣𝙖𝙡; Baby Crypto Channel,,,,,,,ardia+pumpsense,ardia_utc,"https://www.binance.com/en/trade/ARDR_BTC

👉BUY  #ARDR HOLD FOR MAXIMUM PROFIT🚀🚀"
hist-binance-ARDR-201903301153,history,announcement,binance,ARDR,BTC,1553946792000,2019-03-30T11:53:12Z,2026-10-07T12:53:22Z,history-merge-v1,Crypto Advisor,,,,,,,ardia,ardia_utc,
hist-binance-ARDR-201904171700,history,announcement,binance,ARDR,BTC,1555520421000,2019-04-17T17:00:21Z,2026-10-07T12:53:22Z,history-merge-v1,MPG; BPF; CPI; Mega Signals Group; Hit Pump Angels; Crypto Pump Island; Bitcoin Pump Group,,,,,,,ardia+lamorgia+pumpsense,ardia_utc,"There are many good coins in the market 

👉 The coin we picked today is #ARDR  👈"
hist-binance-ARDR-201905311700,history,announcement,binance,ARDR,BTC,1559322001000,2019-05-31T17:00:01Z,2026-10-07T12:53:22Z,history-merge-v1,CPI; Crypto Pump Island; Bitcoin Pump Group,,,,,,,ardia+lamorgia+pumpsense,ardia_utc,Coin name :#ARDR
hist-binance-ARDR-201906130146,history,announcement,binance,ARDR,BTC,1560390366000,2019-06-13T01:46:06Z,2026-10-07T12:53:22Z,history-merge-v1,Crypto Tree 🎄,,,,,,,ardia,ardia_utc,
hist-binance-ARDR-202001111840,history,announcement,binance,ARDR,BTC,1578768025000,2020-01-11T18:40:25Z,2026-10-07T12:53:22Z,history-merge-v1,Hot Signals Binance Bittrex,,,,,,,ardia,ardia_utc,
hist-binance-ARDR-202007051901,history,announcement,binance,ARDR,BTC,1593975690000,2020-07-05T19:01:30Z,2026-10-07T12:53:22Z,history-merge-v1,Binance Pump Tracker™; Binance Moon Pump™,,,,,,,ardia,ardia_utc,
hist-binance-ARDR-202011020659,history,announcement,binance,ARDR,BTC,1604300388000,2020-11-02T06:59:48Z,2026-10-07T12:53:22Z,history-merge-v1,Altcoins Trading Signals,,,,,,,pumpsense,pumpsense_minus_2h,"Today Hidden Gem is #ARDR 

https://www.binance.com/en/trade/ARDR_BTC"
hist-binance-ARDR-202011021600,history,announcement,binance,ARDR,BTC,1604332840000,2020-11-02T16:00:40Z,2026-10-07T12:53:22Z,history-merge-v1,BPF; CPI; Hit Pump Angels; Binance Trading 360; Crypto Pump Island; Bitcoin Pump Group,,,,,,,ardia+lamorgia+pumpsense,ardia_utc,"COIN IS : ARDR

BUY BUY BUY"
hist-binance-ARDR-202102091600,history,announcement,binance,ARDR,BTC,1612886411000,2021-02-09T16:00:11Z,2026-10-07T12:53:22Z,history-merge-v1,Crypto Pump Analytics™; Crypto SignalT,,,,,,,ardia+pumpsense,ardia_utc,"#ARDR | Binance

Big falling wedge
2210% down from All time high

Gem coin that can provide easy 200 - 300% gain just like nothing
Small cap coin
has to go for a crazy ride

#ARDR is the next VIB
2x - 3x coin
from 2210 times down from ATH

Buy from here
https://www.binance.com/en/trade/ARDR_BTC"
hist-binance-ARDR-202110261706,history,announcement,binance,ARDR,BTC,1635267986000,2021-10-26T17:06:26Z,2026-10-07T12:53:22Z,history-merge-v1,Binance Pump Tracker™,,,,,,,ardia,ardia_utc,
hist-binance-ARDR-202111211327,history,announcement,binance,ARDR,BTC,1637501262000,2021-11-21T13:27:42Z,2026-10-07T12:53:22Z,history-merge-v1,Binance Pump Tracker™,,,,,,,ardia,ardia_utc,
hist-binance-ARK-201903111353,history,announcement,binance,ARK,BTC,1552312422000,2019-03-11T13:53:42Z,2026-10-07T12:53:22Z,history-merge-v1,Crypto Tree 🎄,,,,,,,ardia,ardia_utc,
hist-binance-ARK-201909121459,history,announcement,binance,ARK,BTC,1568300393000,2019-09-12T14:59:53Z,2026-10-07T12:53:22Z,history-merge-v1,Binance Profit Signal,,,,,,,ardia+pumpsense,ardia_utc,"https://www.binance.com/en/trade/ARK_BTC

🌹Coin ~ # ARK

 🌹TARGET 1:  245
        TARGET 2:  270"
hist-binance-ARK-202004031800,history,announcement,binance,ARK,BTC,1585936854000,2020-04-03T18:00:54Z,2026-10-07T12:53:22Z,history-merge-v1,Coin Pump Crew ✪,,,,,,,ardia,ardia_utc,
hist-binance-ARK-202006021600,history,announcement,binance,ARK,BTC,1591113626000,2020-06-02T16:00:26Z,2026-10-07T12:53:22Z,history-merge-v1,𝑪𝒐𝒊𝒏|𝑪𝒐𝒂𝒄𝒉|𝑺𝒊𝒈𝒏𝒂𝒍𝒔; Coin Coach Signals,,,,,,,ardia+pumpsense,ardia_utc,"#ARK  #ARK  #ARK


Target 100-150%+


#ARK is whales favorite coin & now they pump it to the moon so BUY & HOLD #ARK is going to perform crazy today like never before 🚀🚀

BUY FAST this trendy coin and make profit 🤑

https://www.binance.com/en/trade/Ark_BTC"
hist-binance-ARK-202101231725,history,announcement,binance,ARK,BTC,1611422747000,2021-01-23T17:25:47Z,2026-10-07T12:53:22Z,history-merge-v1,Binance Moon Pump™,,,,,,,ardia,ardia_utc,
hist-binance-ARK-202101301314,history,announcement,binance,ARK,BTC,1612012450000,2021-01-30T13:14:10Z,2026-10-07T12:53:22Z,history-merge-v1,Binance Moon Pump™,,,,,,,ardia,ardia_utc,
hist-binance-ARK-202102270842,history,announcement,binance,ARK,BTC,1614415328000,2021-02-27T08:42:08Z,2026-10-07T12:53:22Z,history-merge-v1,Whales Crypto Guide,,,,,,,ardia,ardia_utc,
hist-binance-ARK-202106161509,history,announcement,binance,ARK,BTC,1623856194000,2021-06-16T15:09:54Z,2026-10-07T12:53:22Z,history-merge-v1,Binance Moon Pump™; Trading Crypto Guide,,,,,,,ardia+pumpsense,ardia_utc,"Buying #ARK bag here🚨

https://www.binance.com/en/trade/ARK_BTC?layout=pro"
hist-binance-ARN-201804101630,history,announcement,binance,ARN,BTC,1523377800000,2018-04-10T16:30:00Z,2026-10-07T12:53:22Z,history-merge-v1,FCS; Baby Crypto Channel; Coin Coach Signals,,,,,,,lamorgia+pumpsense,lamorgia_gmt,"ARN

#Buy and #Hold

https://www.binance.com/trade.html?symbol=ARN_BTC"
hist-binance-ARN-201907261412,history,announcement,binance,ARN,BTC,1564150350000,2019-07-26T14:12:30Z,2026-10-07T12:53:22Z,history-merge-v1,Bitcoin Pump Group,,,,,,,ardia,ardia_utc,
hist-binance-ARN-202004071800,history,announcement,binance,ARN,BTC,1586282405000,2020-04-07T18:00:05Z,2026-10-07T12:53:22Z,history-merge-v1,CPS; BPF; CryptoFamily Binance; Crypto Pump Squad; Binance Royal Pump; Hit Pump Angels,,,,,,,ardia+lamorgia+pumpsense,ardia_utc,"https://cdn.discordapp.com/attachments/504313393088561162/697139471392440460/unknown.png
Buy A_R_N"
hist-binance-ARN-202007060951,history,announcement,binance,ARN,BTC,1594029061000,2020-07-06T09:51:01Z,2026-10-07T12:53:22Z,history-merge-v1,Binance Moon Pump™,,,,,,,ardia,ardia_utc,
hist-binance-ARPA-202104100545,history,announcement,binance,ARPA,BTC,1618033556000,2021-04-10T05:45:56Z,2026-10-07T12:53:22Z,history-merge-v1,Whales Crypto Guide,,,,,,,ardia,ardia_utc,
hist-binance-ARPA-202106281730,history,announcement,binance,ARPA,BTC,1624901452000,2021-06-28T17:30:52Z,2026-10-07T12:53:22Z,history-merge-v1,Binance Moon Pump™,,,,,,,ardia,ardia_utc,
hist-binance-ARPA-202107071335,history,announcement,binance,ARPA,BTC,1625664913000,2021-07-07T13:35:13Z,2026-10-07T12:53:22Z,history-merge-v1,Binance Moon Pump™,,,,,,,ardia,ardia_utc,
hist-binance-ARPA-202107271347,history,announcement,binance,ARPA,BTC,1627393667000,2021-07-27T13:47:47Z,2026-10-07T12:53:22Z,history-merge-v1,Binance Moon Pump™,,,,,,,ardia,ardia_utc,
hist-binance-ARPA-202108091757,history,announcement,binance,ARPA,BTC,1628531843000,2021-08-09T17:57:23Z,2026-10-07T12:53:22Z,history-merge-v1,Binance Moon Pump™,,,,,,,ardia,ardia_utc,
hist-binance-ARPA-202108100444,history,announcement,binance,ARPA,BTC,1628570677000,2021-08-10T04:44:37Z,2026-10-07T12:53:22Z,history-merge-v1,Whales Crypto Guide,,,,,,,ardia,ardia_utc,
hist-binance-ARPA-202108200413,history,announcement,binance,ARPA,BTC,1629432802000,2021-08-20T04:13:22Z,2026-10-07T12:53:22Z,history-merge-v1,Whales Crypto Guide,,,,,,,ardia,ardia_utc,
hist-binance-ASR-202103131659,history,announcement,binance,ASR,BTC,1615654770000,2021-03-13T16:59:30Z,2026-10-07T12:53:22Z,history-merge-v1,Binance Signal VIP,,,,,,,ardia,ardia_utc,
hist-binance-ASR-202104031700,history,announcement,binance,ASR,BTC,1617469207000,2021-04-03T17:00:07Z,2026-10-07T12:53:22Z,history-merge-v1,Elon Mars Pumps,,,,,,,ardia,ardia_utc,
hist-binance-ASR-202104171700,history,announcement,binance,ASR,BTC,1618678812000,2021-04-17T17:00:12Z,2026-10-07T12:53:22Z,history-merge-v1,Elon Mars Pumps,,,,,,,ardia,ardia_utc,
hist-binance-ASR-202111121536,history,announcement,binance,ASR,BTC,1636731386000,2021-11-12T15:36:26Z,2026-10-07T12:53:22Z,history-merge-v1,Binance Pump Tracker™,,,,,,,ardia,ardia_utc,
hist-binance-ASR-202201091630,history,announcement,binance,ASR,BTC,1641745808000,2022-01-09T16:30:08Z,2026-10-07T12:53:22Z,history-merge-v1,Binance Pump Tracker™,,,,,,,ardia,ardia_utc,
hist-binance-ASR-202201271219,history,announcement,binance,ASR,BTC,1643285961000,2022-01-27T12:19:21Z,2026-10-07T12:53:22Z,history-merge-v1,Binance Pump Tracker™,,,,,,,ardia,ardia_utc,
hist-binance-AST-201806211430,history,announcement,binance,AST,BTC,1529591400000,2018-06-21T14:30:00Z,2026-10-07T12:53:22Z,history-merge-v1,FCS,,,,,,,lamorgia,lamorgia_gmt,
hist-binance-AST-201808161627,history,announcement,binance,AST,BTC,1534436847000,2018-08-16T16:27:27Z,2026-10-07T12:53:22Z,history-merge-v1,Binance Trading 360,,,,,,,pumpsense,pumpsense_minus_2h,"✈️✈️✈️ast✈️✈️✈️
 coin is our Pump coin!👍👍👍

✅✅
Buy it now
It will go huge as it announce in public after 1 hour then sell it fast!!💹💹📶📶🏧🏧💵💰"
hist-binance-AST-201809071530,history,announcement,binance,AST,BTC,1536334200000,2018-09-07T15:30:00Z,2026-10-07T12:53:22Z,history-merge-v1,BPG; Binance Profit Signal,,,,,,,lamorgia+pumpsense,lamorgia_gmt,"https://www.tradingview.com/x/wDIp3jfq/

BIG PUMP SIGNAL  🔥🔥🔥

 🌹Coin ~ # AST

 🌹TARGET 1:  1490
        TARGET 2: 1650

AST look bullish at this time. It want to break out the triangle.
If it breaks out the triangle, it will go to the moon.🔥🔥🔥
It's also a very good project with a great dev team. 
T"
hist-binance-AST-201903021400,history,announcement,binance,AST,BTC,1551535256000,2019-03-02T14:00:56Z,2026-10-07T12:53:22Z,history-merge-v1,Binance Trading 360; CCB; MPG; WCG; BPF; Whales Crypto Guide; Baby Crypto Channel; Mega Signals Group; Hit Pump Angels; Crypto Pump Island,,,,,,,ardia+lamorgia+pumpsense,ardia_utc,"✈️✈️✈️ast✈️✈️✈️
 coin is our Pump coin!👍👍👍

✅✅
Buy it now
It will go huge as it announce in public after 1 hour then sell it fast!!💹💹📶📶🏧🏧💵💰"
hist-binance-AST-201903021737,history,announcement,binance,AST,BTC,1551548278000,2019-03-02T17:37:58Z,2026-10-07T12:53:22Z,history-merge-v1,Bitcoin Pump Group,,,,,,,pumpsense,pumpsense_minus_2h,Coin name :AST
hist-binance-AST-201906141838,history,announcement,binance,AST,BTC,1560537519000,2019-06-14T18:38:39Z,2026-10-07T12:53:22Z,history-merge-v1,Cryptocurrency: Wolf Posting 🚀,,,,,,,ardia,ardia_utc,
hist-binance-AST-201910041802,history,announcement,binance,AST,BTC,1570212123000,2019-10-04T18:02:03Z,2026-10-07T12:53:22Z,history-merge-v1,Bitcoin Pump Group,,,,,,,ardia,ardia_utc,
hist-binance-AST-202005091600,history,announcement,binance,AST,BTC,1589040029000,2020-05-09T16:00:29Z,2026-10-07T12:53:22Z,history-merge-v1,CW; CPI; Crypto Pump Island; Binance Pump Signals; Bitcoin Pump Group,,,,,,,ardia+lamorgia+pumpsense,ardia_utc,Coin name #ast
hist-binance-AST-202103091524,history,announcement,binance,AST,BTC,1615303495000,2021-03-09T15:24:55Z,2026-10-07T12:53:22Z,history-merge-v1,Binance Moon Pump™,,,,,,,ardia,ardia_utc,
hist-binance-AST-202103161005,history,announcement,binance,AST,BTC,1615889136000,2021-03-16T10:05:36Z,2026-10-07T12:53:22Z,history-merge-v1,Binance Pump Tracker™,,,,,,,ardia,ardia_utc,
hist-binance-AST-202103200516,history,announcement,binance,AST,BTC,1616217380000,2021-03-20T05:16:20Z,2026-10-07T12:53:22Z,history-merge-v1,Binance Moon Pump™,,,,,,,ardia,ardia_utc,
hist-binance-AST-202103221118,history,announcement,binance,AST,BTC,1616411897000,2021-03-22T11:18:17Z,2026-10-07T12:53:22Z,history-merge-v1,Binance Pump Tracker™,,,,,,,ardia,ardia_utc,
hist-binance-AST-202103240434,history,announcement,binance,AST,BTC,1616560474000,2021-03-24T04:34:34Z,2026-10-07T12:53:22Z,history-merge-v1,Binance Pump Tracker™,,,,,,,ardia,ardia_utc,
hist-binance-AST-202104040303,history,announcement,binance,AST,BTC,1617505424000,2021-04-04T03:03:44Z,2026-10-07T12:53:22Z,history-merge-v1,Binance Moon Pump™,,,,,,,ardia,ardia_utc,
hist-binance-AST-202104270717,history,announcement,binance,AST,BTC,1619507832000,2021-04-27T07:17:12Z,2026-10-07T12:53:22Z,history-merge-v1,Crypto Profit Coach™,,,,,,,ardia,ardia_utc,
hist-binance-AST-202105070721,history,announcement,binance,AST,BTC,1620372064000,2021-05-07T07:21:04Z,2026-10-07T12:53:22Z,history-merge-v1,Binance Pump Tracker™,,,,,,,ardia,ardia_utc,
hist-binance-AST-202112090600,history,announcement,binance,AST,BTC,1639029615000,2021-12-09T06:00:15Z,2026-10-07T12:53:22Z,history-merge-v1,Binance Pump Tracker™,,,,,,,ardia,ardia_utc,
hist-binance-AST-202112161404,history,announcement,binance,AST,BTC,1639663483000,2021-12-16T14:04:43Z,2026-10-07T12:53:22Z,history-merge-v1,Binance Pump Tracker™,,,,,,,ardia,ardia_utc,
hist-binance-ATM-202103271700,history,announcement,binance,ATM,BTC,1616864411000,2021-03-27T17:00:11Z,2026-10-07T12:53:22Z,history-merge-v1,Binance Signal VIP,,,,,,,ardia,ardia_utc,
hist-binance-ATM-202103281636,history,announcement,binance,ATM,BTC,1616949415000,2021-03-28T16:36:55Z,2026-10-07T12:53:22Z,history-merge-v1,PUMPPOLAND,,,,,,,ardia,ardia_utc,
hist-binance-ATM-202111121543,history,announcement,binance,ATM,BTC,1636731826000,2021-11-12T15:43:46Z,2026-10-07T12:53:22Z,history-merge-v1,Binance Pump Tracker™,,,,,,,ardia,ardia_utc,
hist-binance-ATM-202112311832,history,announcement,binance,ATM,BTC,1640975539000,2021-12-31T18:32:19Z,2026-10-07T12:53:22Z,history-merge-v1,Binance Pump Tracker™,,,,,,,ardia,ardia_utc,
hist-binance-ATM-202201121737,history,announcement,binance,ATM,BTC,1642009073000,2022-01-12T17:37:53Z,2026-10-07T12:53:22Z,history-merge-v1,Binance Pump Tracker™,,,,,,,ardia,ardia_utc,
hist-binance-AVAX-202108081344,history,announcement,binance,AVAX,BTC,1628430278000,2021-08-08T13:44:38Z,2026-10-07T12:53:22Z,history-merge-v1,Trading Crypto Coach®,,,,,,,ardia,ardia_utc,
hist-binance-AVAX-202109101216,history,announcement,binance,AVAX,BTC,1631276175000,2021-09-10T12:16:15Z,2026-10-07T12:53:22Z,history-merge-v1,Yo Crypto 2.0,,,,,,,ardia,ardia_utc,
hist-binance-AVAX-202110191303,history,announcement,binance,AVAX,BTC,1634648622000,2021-10-19T13:03:42Z,2026-10-07T12:53:22Z,history-merge-v1,Trading Crypto Coach®,,,,,,,ardia,ardia_utc,
hist-binance-BADGER-202104280507,history,announcement,binance,BADGER,BTC,1619586478000,2021-04-28T05:07:58Z,2026-10-07T12:53:22Z,history-merge-v1,Binance Pump Tracker™,,,,,,,ardia,ardia_utc,
hist-binance-BADGER-202105241318,history,announcement,binance,BADGER,BTC,1621862312000,2021-05-24T13:18:32Z,2026-10-07T12:53:22Z,history-merge-v1,Binance Moon Pump™,,,,,,,ardia,ardia_utc,
hist-binance-BAL-202104291448,history,announcement,binance,BAL,BTC,1619707696000,2021-04-29T14:48:16Z,2026-10-07T12:53:22Z,history-merge-v1,Whales Crypto Guide,,,,,,,ardia,ardia_utc,
hist-binance-BAL-202105311224,history,announcement,binance,BAL,BTC,1622463843000,2021-05-31T12:24:03Z,2026-10-07T12:53:22Z,history-merge-v1,Whales Crypto Guide,,,,,,,ardia,ardia_utc,
hist-binance-BAND-202008031300,history,announcement,binance,BAND,BTC,1596459619000,2020-08-03T13:00:19Z,2026-10-07T12:53:22Z,history-merge-v1,Binance Moon Pump™,,,,,,,ardia,ardia_utc,
hist-binance-BAND-202104151129,history,announcement,binance,BAND,BTC,1618486193000,2021-04-15T11:29:53Z,2026-10-07T12:53:22Z,history-merge-v1,Whales Crypto Guide,,,,,,,ardia,ardia_utc,
hist-binance-BAT-201903100144,history,announcement,binance,BAT,BTC,1552182257000,2019-03-10T01:44:17Z,2026-10-07T12:53:22Z,history-merge-v1,Crypto Tree 🎄,,,,,,,ardia,ardia_utc,
hist-binance-BAT-201903260851,history,announcement,binance,BAT,BTC,1553590313000,2019-03-26T08:51:53Z,2026-10-07T12:53:22Z,history-merge-v1,Crypto Tree 🎄,,,,,,,ardia,ardia_utc,
hist-binance-BAT-202008041938,history,announcement,binance,BAT,BTC,1596569922000,2020-08-04T19:38:42Z,2026-10-07T12:53:22Z,history-merge-v1,Binance Moon Pump™,,,,,,,ardia,ardia_utc,
hist-binance-BCC-201809271317,history,announcement,binance,BCC,BTC,1538054233000,2018-09-27T13:17:13Z,2026-10-07T12:53:22Z,history-merge-v1,Binance Trading 360,,,,,,,pumpsense,pumpsense_minus_2h,"✈️✈️✈️bcc✈️✈️✈️
 coin is our Pump coin!👍👍👍

✅✅
Buy it now
It will go huge as it announce in public after 1 hour then sell it fast!!💹💹📶📶🏧🏧💵💰"
hist-binance-BCD-201806181500,history,announcement,binance,BCD,BTC,1529334000000,2018-06-18T15:00:00Z,2026-10-07T12:53:22Z,history-merge-v1,BPF; Hit Pump Angels,,,,,,,lamorgia+pumpsense,lamorgia_gmt,"▪️BCD▪️
 Bitcoin Diamond

Buy now 2150

▫️Target 1: 2200
▫️Target 2: 2300
▫️Target 3: 2400
▫️Target 4: 2500

🛑 Stop loss 2100"
hist-binance-BCD-201911111659,history,announcement,binance,BCD,BTC,1573491595000,2019-11-11T16:59:55Z,2026-10-07T12:53:22Z,history-merge-v1,Optimus Pump; CPI; Binance Pump Signals,,,,,,,ardia+lamorgia+pumpsense,ardia_utc,"#BCD
Buy zone 6000-6150
Sell zone 6422-6744-7386-8349+"
hist-binance-BCHSV-201903141643,history,announcement,binance,BCHSV,BTC,1552581826000,2019-03-14T16:43:46Z,2026-10-07T12:53:22Z,history-merge-v1,Crypto Tree 🎄,,,,,,,ardia,ardia_utc,
hist-binance-BCPT-201903270345,history,announcement,binance,BCPT,BTC,1553658350000,2019-03-27T03:45:50Z,2026-10-07T12:53:22Z,history-merge-v1,Crypto Advisor,,,,,,,ardia,ardia_utc,
hist-binance-BCPT-201905061315,history,announcement,binance,BCPT,BTC,1557148520000,2019-05-06T13:15:20Z,2026-10-07T12:53:22Z,history-merge-v1,Maximum Pump,,,,,,,ardia,ardia_utc,
hist-binance-BCPT-201906231500,history,announcement,binance,BCPT,BTC,1561302002000,2019-06-23T15:00:02Z,2026-10-07T12:53:22Z,history-merge-v1,Baby Crypto Channel,,,,,,,pumpsense,pumpsense_minus_2h,"#BCPT

(1) #Brokeout and retesting support giving chance to enter.

(2)Low sell walls

(3)At an excellent Support zone, as it has increased slowly until now, not a spiked pump like others.

(4)HUGE BUY walls!!!!

(5) High probability to go up from here

BUY and keep raising stop losses...
I am bulli"
hist-binance-BCPT-202006151145,history,announcement,binance,BCPT,BTC,1592221541000,2020-06-15T11:45:41Z,2026-10-07T12:53:22Z,history-merge-v1,Crypto Ninja Coach | Official™,,,,,,,ardia,ardia_utc,
hist-binance-BCPT-202008161424,history,announcement,binance,BCPT,BTC,1597587857000,2020-08-16T14:24:17Z,2026-10-07T12:53:22Z,history-merge-v1,Binance Moon Pump™,,,,,,,ardia,ardia_utc,
hist-binance-BCPT-202011141800,history,announcement,binance,BCPT,BTC,1605376800000,2020-11-14T18:00:00Z,2026-10-07T12:53:22Z,history-merge-v1,TWP; BPF; Hit Pump Angels,,,,,,,lamorgia+pumpsense,lamorgia_gmt,"COIN IS : BCPT

🚀BUY BUY BUY🚀"
hist-binance-BCPT-202011251839,history,announcement,binance,BCPT,BTC,1606329543000,2020-11-25T18:39:03Z,2026-10-07T12:53:22Z,history-merge-v1,Binance Moon Pump™,,,,,,,ardia,ardia_utc,
hist-binance-BCPT-202012030311,history,announcement,binance,BCPT,BTC,1606965075000,2020-12-03T03:11:15Z,2026-10-07T12:53:22Z,history-merge-v1,Binance Moon Pump™,,,,,,,ardia,ardia_utc,
hist-binance-BCPT-202101091300,history,announcement,binance,BCPT,BTC,1610197200000,2021-01-09T13:00:00Z,2026-10-07T12:53:22Z,history-merge-v1,CW; Binance Trading 360,,,,,,,lamorgia+pumpsense,lamorgia_gmt,bcpt
hist-binance-BCPT-202101231323,history,announcement,binance,BCPT,BTC,1611408199000,2021-01-23T13:23:19Z,2026-10-07T12:53:22Z,history-merge-v1,Binance Moon Pump™,,,,,,,ardia,ardia_utc,
hist-binance-BEAM-201912041206,history,announcement,binance,BEAM,BTC,1575461176000,2019-12-04T12:06:16Z,2026-10-07T12:53:22Z,history-merge-v1,Crypto Lion's™,,,,,,,ardia,ardia_utc,
hist-binance-BEAM-202101181438,history,announcement,binance,BEAM,BTC,1610980728000,2021-01-18T14:38:48Z,2026-10-07T12:53:22Z,history-merge-v1,Binance Moon Pump™,,,,,,,ardia,ardia_utc,
hist-binance-BEAM-202104260941,history,announcement,binance,BEAM,BTC,1619430062000,2021-04-26T09:41:02Z,2026-10-07T12:53:22Z,history-merge-v1,Crypto Profit Coach™,,,,,,,ardia,ardia_utc,
hist-binance-BEAM-202108151648,history,announcement,binance,BEAM,BTC,1629046087000,2021-08-15T16:48:07Z,2026-10-07T12:53:22Z,history-merge-v1,Trading Crypto Coach®,,,,,,,ardia,ardia_utc,
hist-binance-BEAM-202110171748,history,announcement,binance,BEAM,BTC,1634492906000,2021-10-17T17:48:26Z,2026-10-07T12:53:22Z,history-merge-v1,Pumping 🚀 Star 🌟,,,,,,,ardia,ardia_utc,
hist-binance-BEL-202102100645,history,announcement,binance,BEL,BTC,1612939537000,2021-02-10T06:45:37Z,2026-10-07T12:53:22Z,history-merge-v1,The Crypto Express.,,,,,,,ardia,ardia_utc,
hist-binance-BEL-202111040941,history,announcement,binance,BEL,BTC,1636018901000,2021-11-04T09:41:41Z,2026-10-07T12:53:22Z,history-merge-v1,The Bull,,,,,,,ardia,ardia_utc,
hist-binance-BLZ-201903151528,history,announcement,binance,BLZ,BTC,1552663731000,2019-03-15T15:28:51Z,2026-10-07T12:53:22Z,history-merge-v1,Whales Crypto Guide; Hit Pump Angels; Bitcoin Pump Group,,,,,,,ardia+pumpsense,ardia_utc,"ALRIGHT GUYS! WAIT IS OVER!!
OUR MOON SIGNAL IS HERE FOR YOU!!

#BLZ HAVING STRONG NEWS IN UPCOMING DAYS, SO BUY AND HOLD FOR DECENT PROFITS LIKE GRS 🚀🚀

https://www.binance.com/en/trade/BLZ_BTC"
hist-binance-BLZ-201904131659,history,announcement,binance,BLZ,BTC,1555174796000,2019-04-13T16:59:56Z,2026-10-07T12:53:22Z,history-merge-v1,MPG; Mega Pump Group; Mega Signals Group; BPF; CPI; Hit Pump Angels; Bitcoin Pump Group,,,,,,,ardia+lamorgia+pumpsense,ardia_utc,COIN IS : BLZ
hist-binance-BLZ-201905131458,history,announcement,binance,BLZ,BTC,1557759488000,2019-05-13T14:58:08Z,2026-10-07T12:53:22Z,history-merge-v1,Altcoins Trading Signals,,,,,,,pumpsense,pumpsense_minus_2h," BLZ 

https://www.binance.com/en/trade/BLZ_BTC

Buy and hold ."
hist-binance-BLZ-201905271700,history,announcement,binance,BLZ,BTC,1558976405000,2019-05-27T17:00:05Z,2026-10-07T12:53:22Z,history-merge-v1,CPI; Crypto Pump Island; Bitcoin Pump Group,,,,,,,ardia+lamorgia+pumpsense,ardia_utc,Coin name :#BLZ
hist-binance-BLZ-201906241830,history,announcement,binance,BLZ,BTC,1561401000000,2019-06-24T18:30:00Z,2026-10-07T12:53:22Z,history-merge-v1,CCB; Bitcoin Pump Group,,,,,,,lamorgia+pumpsense,lamorgia_gmt,#BLZ
hist-binance-BLZ-201907191900,history,announcement,binance,BLZ,BTC,1563562804000,2019-07-19T19:00:04Z,2026-10-07T12:53:22Z,history-merge-v1,Bitcoin Pump Group,,,,,,,pumpsense,pumpsense_minus_2h,#BLZ
hist-binance-BLZ-201907281700,history,announcement,binance,BLZ,BTC,1564333203000,2019-07-28T17:00:03Z,2026-10-07T12:53:22Z,history-merge-v1,MPG; BPF; CPI; Mega Signals Group; Bitcoin Pump Group; Hit Pump Angels,,,,,,,ardia+lamorgia+pumpsense,ardia_utc,"There are many good coins to buy on Binance

The coin we picked to buy is : 👉 $ BLZ 👈"
hist-binance-BLZ-201909171600,history,announcement,binance,BLZ,BTC,1568736007000,2019-09-17T16:00:07Z,2026-10-07T12:53:22Z,history-merge-v1,CPI; Binance Pump Signals; Crypto Pump Island,,,,,,,ardia+lamorgia+pumpsense,ardia_utc,Coin name :#BLZ
hist-binance-BLZ-201909261559,history,announcement,binance,BLZ,BTC,1569513599000,2019-09-26T15:59:59Z,2026-10-07T12:53:22Z,history-merge-v1,Binance Pump Signals; CPI; Crypto Pump Island,,,,,,,ardia+lamorgia+pumpsense,ardia_utc,Next post will be coin name. Be ready with you #BTC
hist-binance-BLZ-202007081347,history,announcement,binance,BLZ,BTC,1594216078000,2020-07-08T13:47:58Z,2026-10-07T12:53:22Z,history-merge-v1,Binance Moon Pump™,,,,,,,ardia,ardia_utc,
hist-binance-BLZ-202102102348,history,announcement,binance,BLZ,BTC,1613000924000,2021-02-10T23:48:44Z,2026-10-07T12:53:22Z,history-merge-v1,APE crypto,,,,,,,ardia,ardia_utc,
hist-binance-BLZ-202103111310,history,announcement,binance,BLZ,BTC,1615468228000,2021-03-11T13:10:28Z,2026-10-07T12:53:22Z,history-merge-v1,Whales Crypto Guide,,,,,,,ardia,ardia_utc,
hist-binance-BLZ-202105031213,history,announcement,binance,BLZ,BTC,1620044015000,2021-05-03T12:13:35Z,2026-10-07T12:53:22Z,history-merge-v1,Whales Crypto Guide,,,,,,,ardia,ardia_utc,
hist-binance-BLZ-202105211227,history,announcement,binance,BLZ,BTC,1621600046000,2021-05-21T12:27:26Z,2026-10-07T12:53:22Z,history-merge-v1,Binance Moon Pump™,,,,,,,ardia,ardia_utc,
hist-binance-BLZ-202106161129,history,announcement,binance,BLZ,USDT,1623842999000,2021-06-16T11:29:59Z,2026-10-07T12:53:22Z,history-merge-v1,Wisdom Community ( Crypto Won ),,,,,,,pumpsense,pumpsense_minus_2h,"Buy BLZ fast 

https://www.binance.com/en/futures/BLZ_USDT

 China Mega Pump  #CZ #Binance"
hist-binance-BLZ-202108240638,history,announcement,binance,BLZ,BTC,1629787104000,2021-08-24T06:38:24Z,2026-10-07T12:53:22Z,history-merge-v1,Binance Moon Pump™,,,,,,,ardia,ardia_utc,
hist-binance-BNB-202104181447,history,announcement,binance,BNB,BTC,1618757257000,2021-04-18T14:47:37Z,2026-10-07T12:53:22Z,history-merge-v1,Binance Global Türkçe,,,,,,,ardia,ardia_utc,
hist-binance-BNB-202104182048,history,announcement,binance,BNB,BTC,1618778939000,2021-04-18T20:48:59Z,2026-10-07T12:53:22Z,history-merge-v1,Binance Global Türkçe,,,,,,,ardia,ardia_utc,
hist-binance-BNB-202108291254,history,announcement,binance,BNB,BTC,1630241673000,2021-08-29T12:54:33Z,2026-10-07T12:53:22Z,history-merge-v1,Whales Crypto Guide,,,,,,,ardia,ardia_utc,
hist-binance-BNT-201801201900,history,announcement,binance,BNT,BTC,1516474800000,2018-01-20T19:00:00Z,2026-10-07T12:53:22Z,history-merge-v1,BPS,,,,,,,lamorgia,lamorgia_gmt,
hist-binance-BNT-201801271800,history,announcement,binance,BNT,BTC,1517076000000,2018-01-27T18:00:00Z,2026-10-07T12:53:22Z,history-merge-v1,BPS,,,,,,,lamorgia,lamorgia_gmt,
hist-binance-BNT-201901062100,history,announcement,binance,BNT,BTC,1546808400000,2019-01-06T21:00:00Z,2026-10-07T12:53:22Z,history-merge-v1,Binance Trading 360; BPS; BPF; Hit Pump Angels; Bitcoin Pump Group,,,,,,,lamorgia+pumpsense,lamorgia_gmt,"✈️✈️✈️bnt✈️✈️✈️
 coin is our Pump coin!👍👍👍

✅✅
Buy it now
It will go huge as it announce in public after 1 hour then sell it fast!!💹💹📶📶🏧🏧💵💰"
hist-binance-BNT-201901131345,history,announcement,binance,BNT,BTC,1547387143000,2019-01-13T13:45:43Z,2026-10-07T12:53:22Z,history-merge-v1,Baby Crypto Channel; Crypto Guru,,,,,,,pumpsense,pumpsense_minus_2h,"The Coin is #BNT

Target 1 -  16400
Target 2 -  16500
Target 3 -  16700

Buy and hold 🚀

#Short_Term_Call ❗️❗️"
hist-binance-BNT-201901261729,history,announcement,binance,BNT,BTC,1548523795000,2019-01-26T17:29:55Z,2026-10-07T12:53:22Z,history-merge-v1,Bitcoin Pump Group,,,,,,,pumpsense,pumpsense_minus_2h,Coin name :BNT
hist-binance-BNT-201903081900,history,announcement,binance,BNT,BTC,1552071600000,2019-03-08T19:00:00Z,2026-10-07T12:53:22Z,history-merge-v1,Bitcoin Pump Group,,,,,,,pumpsense,pumpsense_minus_2h,
hist-binance-BNT-201903091751,history,announcement,binance,BNT,BTC,1552153909000,2019-03-09T17:51:49Z,2026-10-07T12:53:22Z,history-merge-v1,Crypto Tree 🎄,,,,,,,ardia,ardia_utc,
hist-binance-BNT-201903100245,history,announcement,binance,BNT,BTC,1552185930000,2019-03-10T02:45:30Z,2026-10-07T12:53:22Z,history-merge-v1,Crypto Tree 🎄,,,,,,,ardia,ardia_utc,
hist-binance-BNT-201903171535,history,announcement,binance,BNT,BTC,1552836948000,2019-03-17T15:35:48Z,2026-10-07T12:53:22Z,history-merge-v1,Bitcoin Pump Group,,,,,,,ardia+pumpsense,ardia_utc,
hist-binance-BNT-201906151659,history,announcement,binance,BNT,BTC,1560617990000,2019-06-15T16:59:50Z,2026-10-07T12:53:22Z,history-merge-v1,Bitcoin Pump Group,,,,,,,ardia,ardia_utc,
hist-binance-BNT-201906181600,history,announcement,binance,BNT,BTC,1560873610000,2019-06-18T16:00:10Z,2026-10-07T12:53:22Z,history-merge-v1,The Crypto Express.; Coin Coach Signals; Baby Crypto Channel; Crypto Guru,,,,,,,ardia+pumpsense,ardia_utc,"THE COIN NAME IS  #BNT

OUR TARGETS!! IS HERE - 35%|50%| 65% Moon 🚀"
hist-binance-BNT-201907111800,history,announcement,binance,BNT,BTC,1562868006000,2019-07-11T18:00:06Z,2026-10-07T12:53:22Z,history-merge-v1,Binance Mega Pump,,,,,,,ardia,ardia_utc,
hist-binance-BNT-201909071800,history,announcement,binance,BNT,BTC,1567879207000,2019-09-07T18:00:07Z,2026-10-07T12:53:22Z,history-merge-v1,Alt the Way,,,,,,,pumpsense,pumpsense_minus_2h,The coin to pump is 🐳 BNT 🤑
hist-binance-BNT-201909092000,history,announcement,binance,BNT,BTC,1568059205000,2019-09-09T20:00:05Z,2026-10-07T12:53:22Z,history-merge-v1,CPS; TCG; CPI; Crypto Pump Squad; Trading Crypto Guide; 2018; Crypto Pump Island; Binance Pump Signals; Bitcoin Pump Group,,,,,,,ardia+lamorgia+pumpsense,ardia_utc,"Coin is
> B N T <
Exected gain: 40-70%"
hist-binance-BNT-201910141629,history,announcement,binance,BNT,BTC,1571070576000,2019-10-14T16:29:36Z,2026-10-07T12:53:22Z,history-merge-v1,Crypto Ninja Coach | Official™; Crypto Ninja Official; Altcoins Trading Signals,,,,,,,ardia+pumpsense,ardia_utc,"Buy - #BNT

Link :- https://www.binance.com/en/trade/BNT_BTC

1st target   - 5000
2nd target - 7000
3rd target  - 8500

Buy & hold for #huge profit"
hist-binance-BNT-202003171555,history,announcement,binance,BNT,BTC,1584460501000,2020-03-17T15:55:01Z,2026-10-07T12:53:22Z,history-merge-v1,BPF; Binance Royal Pump; Hit Pump Angels,,,,,,,ardia+lamorgia+pumpsense,ardia_utc,"COIN IS :  BNT

BUY BUY BUY"
hist-binance-BNT-202004241559,history,announcement,binance,BNT,BTC,1587743969000,2020-04-24T15:59:29Z,2026-10-07T12:53:22Z,history-merge-v1,BPF; CW; Hit Pump Angels; Crypto Pump Island; Binance Pump Signals; Binance Crypto Pumps,,,,,,,ardia+lamorgia+pumpsense,ardia_utc,"COIN IS : BNT

🚀BUY BUY BUY🚀"
hist-binance-BQX-201812301229,history,announcement,binance,BQX,BTC,1546172940000,2018-12-30T12:29:00Z,2026-10-07T12:53:22Z,history-merge-v1,FCS; Crypto Guru; Baby Crypto Channel; Coin Coach Signals,,,,,,,lamorgia+pumpsense,lamorgia_gmt,"🚀  #BQX (ETHOS)🚀

👉Target : 30%|50%👈

 #Buy and #Hold for upto 30%-50% profit💰💰"
hist-binance-BQX-201901291400,history,announcement,binance,BQX,BTC,1548770423000,2019-01-29T14:00:23Z,2026-10-07T12:53:22Z,history-merge-v1,BPF; Hit Pump Angels; Bitcoin Pump Group,,,,,,,ardia+lamorgia+pumpsense,ardia_utc,COIN IS : bqx
hist-binance-BQX-201902241700,history,announcement,binance,BQX,BTC,1551027611000,2019-02-24T17:00:11Z,2026-10-07T12:53:22Z,history-merge-v1,ATW; DA PUMP; Crypto Ninja Official; Alt the Way,,,,,,,ardia+lamorgia+pumpsense,ardia_utc,
hist-binance-BQX-201904011700,history,announcement,binance,BQX,BTC,1554138012000,2019-04-01T17:00:12Z,2026-10-07T12:53:22Z,history-merge-v1,Crypto Guru; Baby Crypto Channel; Coin Coach Signals,,,,,,,pumpsense,pumpsense_minus_2h,"Coin of the APRIL Month 

BQX (ETHOS)

Selling Targets :- 20%|30%|50%|100%"
hist-binance-BQX-201904221729,history,announcement,binance,BQX,BTC,1555954191000,2019-04-22T17:29:51Z,2026-10-07T12:53:22Z,history-merge-v1,Crypto Guru,,,,,,,pumpsense,pumpsense_minus_2h,"👉 BUY #BQX (BINANCE)

👉Selling Targets:- 15%|25%|35%|🌙

STRONG SHORT CALL"
hist-binance-BQX-202007071358,history,announcement,binance,BQX,BTC,1594130294000,2020-07-07T13:58:14Z,2026-10-07T12:53:22Z,history-merge-v1,Binance Moon Pump™,,,,,,,ardia,ardia_utc,
hist-binance-BRD-201804051400,history,announcement,binance,BRD,BTC,1522936800000,2018-04-05T14:00:00Z,2026-10-07T12:53:22Z,history-merge-v1,Altcoins Trading Signals,,,,,,,pumpsense,pumpsense_minus_2h,"Coin Name : BRD 

https://www.binance.com/trade.html?symbol=BRD_BTC"
hist-binance-BRD-201810041859,history,announcement,binance,BRD,BTC,1538679540000,2018-10-04T18:59:00Z,2026-10-07T12:53:22Z,history-merge-v1,WCG; BPF; SE; Whales Crypto Guide; Hit Pump Angels,,,,,,,lamorgia+pumpsense,lamorgia_gmt,"#BinanceSignalEvent

The coin we picked today is $BRD

Link :- https://www.binance.com/en/trade/BRD_BTC

This coin has a lot of news coming up and is going to have a great surge up soon. we will see a big spike (30%-60%+) After the spike there will be a small drop. Be sure to buy that dip and contin"
hist-binance-BRD-201810081400,history,announcement,binance,BRD,BTC,1539007200000,2018-10-08T14:00:00Z,2026-10-07T12:53:22Z,history-merge-v1,BPG; Binance Profit Signal,,,,,,,lamorgia+pumpsense,lamorgia_gmt,"https://www.tradingview.com/x/XLWHQloG/

🌹Coin ~ # BRD

 🌹TARGET 1:  7600
        TARGET 2:  9200

BRD looks bullish now. Break out confirm. And it's on the strong support at this time.
Time for it go to the moon. 🔥🔥🔥
It's also a very good project with a great dev team. 
Time to buy it and get more "
hist-binance-BRD-201811131700,history,announcement,binance,BRD,BTC,1542128400000,2018-11-13T17:00:00Z,2026-10-07T12:53:22Z,history-merge-v1,Binance Trading 360; BPG; BPF; Binance Profit Signal; Hit Pump Angels,,,,,,,lamorgia+pumpsense,lamorgia_gmt,"✈️✈️✈️Brd✈️✈️✈️
 coin is our Pump coin!👍👍👍

✅✅
Buy it now
It will go huge as it announce in public after 1 hour then sell it fast!!💹💹📶📶🏧🏧💵💰"
hist-binance-BRD-201812221700,history,announcement,binance,BRD,BTC,1545498000000,2018-12-22T17:00:00Z,2026-10-07T12:53:22Z,history-merge-v1,ATW; Crypto Ninja Official; Alt the Way,,,,,,,lamorgia+pumpsense,lamorgia_gmt,"[~~~~~~🤑🤑🤑🤑~~~~~~]

Buy Coin 👉 📍 #BRD📍

#BINANCE ▶️ https://www.binance.com/indexSpa.html#/trade/index?symbol=BRD_BTC

Buy Zone:  53-54 

Target 
🎯 60
🎯 62
🎯 64
 & above

~~~~~~~~~~~~~~~~~~~~~]"
hist-binance-BRD-201812301700,history,announcement,binance,BRD,BTC,1546189200000,2018-12-30T17:00:00Z,2026-10-07T12:53:22Z,history-merge-v1,BPF; Hit Pump Angels,,,,,,,lamorgia+pumpsense,lamorgia_gmt,COIN IS :BRD
hist-binance-BRD-201901021544,history,announcement,binance,BRD,BTC,1546443893000,2019-01-02T15:44:53Z,2026-10-07T12:53:22Z,history-merge-v1,Binance Signals ®; Baby Crypto Channel; Crypto Guru,,,,,,,ardia+pumpsense,ardia_utc,"🔥 Best Signal of the Week🔥

🚀 The coin is #BRD 🚀

Target 1 - 6350
Target 2 - 6650
Target 3 - 7200++

🚀Buy and Hold tight till target achieve🚀"
hist-binance-BRD-201902271529,history,announcement,binance,BRD,BTC,1551281372000,2019-02-27T15:29:32Z,2026-10-07T12:53:22Z,history-merge-v1,Crypto Tree 🎄,,,,,,,ardia,ardia_utc,
hist-binance-BRD-201903171859,history,announcement,binance,BRD,BTC,1552849166000,2019-03-17T18:59:26Z,2026-10-07T12:53:22Z,history-merge-v1,BPF; Maximum Pump; Hit Pump Angels,,,,,,,ardia+lamorgia+pumpsense,ardia_utc,COIN IS : BRD
hist-binance-BRD-201903261859,history,announcement,binance,BRD,BTC,1553626795000,2019-03-26T18:59:55Z,2026-10-07T12:53:22Z,history-merge-v1,Maximum Pump,,,,,,,ardia,ardia_utc,
hist-binance-BRD-201904141900,history,announcement,binance,BRD,BTC,1555268454000,2019-04-14T19:00:54Z,2026-10-07T12:53:22Z,history-merge-v1,Maximum Pump; CPI; Bitcoin Pump Group,,,,,,,ardia+lamorgia+pumpsense,ardia_utc,"The coin we picked is #BRD
Here is the direct link
https://www.binance.com/en/trade/BRD_BTC

Pair: BRD/BTC
Current price: 0.00006100
Volume: 39
Participants: 75k Telegram Users"
hist-binance-BRD-201905221515,history,announcement,binance,BRD,BTC,1558538119000,2019-05-22T15:15:19Z,2026-10-07T12:53:22Z,history-merge-v1,Crypto Advisor,,,,,,,ardia,ardia_utc,
hist-binance-BRD-201905251600,history,announcement,binance,BRD,BTC,1558800003000,2019-05-25T16:00:03Z,2026-10-07T12:53:22Z,history-merge-v1,ATW; Crypto Ninja Coach | Official™; Alt the Way,,,,,,,ardia+lamorgia+pumpsense,ardia_utc,
hist-binance-BRD-201906171459,history,announcement,binance,BRD,BTC,1560783565000,2019-06-17T14:59:25Z,2026-10-07T12:53:22Z,history-merge-v1,BPG; BPF; Binance Profit Signal; Hit Pump Angels,,,,,,,ardia+lamorgia+pumpsense,ardia_utc,"https://www.tradingview.com/x/k7QhMyW7/

🌹Coin ~ # BRD

 🌹TARGET 1:  6200
        TARGET 2:  8500

#BRD is so sexy now. It's on the strong support and now it's time for it go to the moon 
Whale are buying it... 🔥🔥🔥
https://www.binance.com/en/trade/pro/BRD_BTC"
hist-binance-BRD-201909130942,history,announcement,binance,BRD,BTC,1568367760000,2019-09-13T09:42:40Z,2026-10-07T12:53:22Z,history-merge-v1,Crypto Lion's™,,,,,,,ardia,ardia_utc,
hist-binance-BRD-201910031459,history,announcement,binance,BRD,BTC,1570114785000,2019-10-03T14:59:45Z,2026-10-07T12:53:22Z,history-merge-v1,BPG; Moonlight Signal; Binance Profit Signal,,,,,,,ardia+lamorgia+pumpsense,ardia_utc,"https://www.binance.com/en/trade/BRD_BTC
🌹Coin ~ # BRD

 🌹TARGET 1:  3200
        TARGET 2:  3500"
hist-binance-BRD-201910081654,history,announcement,binance,BRD,BTC,1570553665000,2019-10-08T16:54:25Z,2026-10-07T12:53:22Z,history-merge-v1,Crypto Trader,,,,,,,ardia,ardia_utc,
hist-binance-BRD-201912231629,history,announcement,binance,BRD,BTC,1577118565000,2019-12-23T16:29:25Z,2026-10-07T12:53:22Z,history-merge-v1,DA PUMP,,,,,,,ardia,ardia_utc,
hist-binance-BRD-202001201600,history,announcement,binance,BRD,BTC,1579536035000,2020-01-20T16:00:35Z,2026-10-07T12:53:22Z,history-merge-v1,TCG; BPF; CCS; Coin Coach Signals; Trading Crypto Guide; Binance Royal Pump; Hit Pump Angels,,,,,,,ardia+lamorgia+pumpsense,ardia_utc,"Buy #BRD at current price

We done with #RLC #ADX #PHB #EDO

Now it's time for #BRD🚀🚀

Our targets are 40%-2x for short term 🤑🚀"
hist-binance-BRD-202003241559,history,announcement,binance,BRD,BTC,1585065569000,2020-03-24T15:59:29Z,2026-10-07T12:53:22Z,history-merge-v1,premium binance signals turkey; BPF; CCS; Crypto Guru; Baby Crypto Channel; Coin Coach Signals; Hit Pump Angels,,,,,,,ardia+lamorgia+pumpsense,ardia_utc,"https://www.binance.com/en/trade/BRD_BTC

#BRD/BTC Bullish Technical Update:-

#BRD/BTC looks Very bullish For Long Setup.

We can Buy here and accumulate more #BRD/BTC

First Resistance is 3078 Satoshi
So Our First Target also 3078 satoshi.

Target 1:- 3078 Satoshi"
hist-binance-BRD-202011091600,history,announcement,binance,BRD,BTC,1604937627000,2020-11-09T16:00:27Z,2026-10-07T12:53:22Z,history-merge-v1,BPF; CPI; Hit Pump Angels; Crypto Pump Island; Binance Trading 360,,,,,,,ardia+lamorgia+pumpsense,ardia_utc,"COIN IS : BRD

🚀BUY BUY BUY🚀"
hist-binance-BRD-202012061800,history,announcement,binance,BRD,BTC,1607277600000,2020-12-06T18:00:00Z,2026-10-07T12:53:22Z,history-merge-v1,TWP; BPF; Hit Pump Angels; Bitcoin Pump Group,,,,,,,lamorgia+pumpsense,lamorgia_gmt,"COIN IS : BRD

🚀BUY BUY BUY🚀"
hist-binance-BRD-202102061800,history,announcement,binance,BRD,BTC,1612634403000,2021-02-06T18:00:03Z,2026-10-07T12:53:22Z,history-merge-v1,APE crypto,,,,,,,ardia,ardia_utc,
hist-binance-BRD-202102241700,history,announcement,binance,BRD,BTC,1614186001000,2021-02-24T17:00:01Z,2026-10-07T12:53:22Z,history-merge-v1,Technical CRYPTO Analyst; Hit Pump Angels,,,,,,,ardia+pumpsense,ardia_utc,"COIN IS : BRD

🚀BUY BUY BUY🚀"
hist-binance-BRD-202104241534,history,announcement,binance,BRD,BTC,1619278476000,2021-04-24T15:34:36Z,2026-10-07T12:53:22Z,history-merge-v1,Binance Pump Tracker™,,,,,,,ardia,ardia_utc,
hist-binance-BRD-202104301300,history,announcement,binance,BRD,BTC,1619787610000,2021-04-30T13:00:10Z,2026-10-07T12:53:22Z,history-merge-v1,Binance Pump Tracker™,,,,,,,ardia,ardia_utc,
hist-binance-BRD-202105021800,history,announcement,binance,BRD,BTC,1619978411000,2021-05-02T18:00:11Z,2026-10-07T12:53:22Z,history-merge-v1,Elon Mars Pumps,,,,,,,ardia,ardia_utc,
hist-binance-BRD-202105300948,history,announcement,binance,BRD,BTC,1622368098000,2021-05-30T09:48:18Z,2026-10-07T12:53:22Z,history-merge-v1,Binance Moon Pump™,,,,,,,ardia,ardia_utc,
hist-binance-BRD-202108061134,history,announcement,binance,BRD,BTC,1628249656000,2021-08-06T11:34:16Z,2026-10-07T12:53:22Z,history-merge-v1,Binance Moon Pump™,,,,,,,ardia,ardia_utc,
hist-binance-BRD-202108171500,history,announcement,binance,BRD,BTC,1629212402000,2021-08-17T15:00:02Z,2026-10-07T12:53:22Z,history-merge-v1,Baby Crypto Channel; Coin Coach Signals; Crypto Guru,,,,,,,pumpsense,pumpsense_minus_2h,"🚨PUMP ANNOUNCEMENT🚨
==============
Enjoy our 10x+ beast🚀🚀🚀🚀🚀

(BTC paired, Binance)"
hist-binance-BRD-202108291700,history,announcement,binance,BRD,BTC,1630256407000,2021-08-29T17:00:07Z,2026-10-07T12:53:22Z,history-merge-v1,Crypto Signal; Binance Crypto Pumps; WHALE BINANCE GROUP PUMP,,,,,,,ardia+pumpsense,ardia_utc,COIN IS : BRD
hist-binance-BRD-202109191451,history,announcement,binance,BRD,BTC,1632063079000,2021-09-19T14:51:19Z,2026-10-07T12:53:22Z,history-merge-v1,Binance Moon Pump™,,,,,,,ardia,ardia_utc,
hist-binance-BRD-202110121719,history,announcement,binance,BRD,BTC,1634059198000,2021-10-12T17:19:58Z,2026-10-07T12:53:22Z,history-merge-v1,Binance Moon Pump™,,,,,,,ardia,ardia_utc,
hist-binance-BRD-202110201654,history,announcement,binance,BRD,BTC,1634748863000,2021-10-20T16:54:23Z,2026-10-07T12:53:22Z,history-merge-v1,Binance Pump Tracker™,,,,,,,ardia,ardia_utc,
hist-binance-BRD-202110311500,history,announcement,binance,BRD,BTC,1635692406000,2021-10-31T15:00:06Z,2026-10-07T12:53:22Z,history-merge-v1,COIN TRADING PLATFORM; Bitmex Binance Whales Signals; Big Pumps Binance™,,,,,,,ardia+pumpsense,ardia_utc,"🚨$BRD/BTC🚨
==============
🚀🚀🚀🚀🚀🚀🚀🚀

(BTC paired, Binance)
Click on link to buy 

https://www.binance.com/en/trade/BRD_BTC

=============="
hist-binance-BRD-202111041336,history,announcement,binance,BRD,BTC,1636032992000,2021-11-04T13:36:32Z,2026-10-07T12:53:22Z,history-merge-v1,Binance Pump Tracker™,,,,,,,ardia,ardia_utc,
hist-binance-BTCST-202110070527,history,announcement,binance,BTCST,BTC,1633584452000,2021-10-07T05:27:32Z,2026-10-07T12:53:22Z,history-merge-v1,Binance Mega Pump 360™,,,,,,,ardia,ardia_utc,
hist-binance-BTG-202103311411,history,announcement,binance,BTG,BTC,1617199910000,2021-03-31T14:11:50Z,2026-10-07T12:53:22Z,history-merge-v1,Binance Moon Pump™,,,,,,,ardia,ardia_utc,
hist-binance-BTG-202104291149,history,announcement,binance,BTG,BTC,1619696946000,2021-04-29T11:49:06Z,2026-10-07T12:53:22Z,history-merge-v1,Binance Pump Tracker™,,,,,,,ardia,ardia_utc,
hist-binance-BTS-201907191700,history,announcement,binance,BTS,BTC,1563555613000,2019-07-19T17:00:13Z,2026-10-07T12:53:22Z,history-merge-v1,CPI; Crypto Pump Island,,,,,,,ardia+lamorgia,ardia_utc,
hist-binance-BTS-201908221601,history,announcement,binance,BTS,BTC,1566489669000,2019-08-22T16:01:09Z,2026-10-07T12:53:22Z,history-merge-v1,Crypto Fox™; Binance Crypto Signals; Crypto Fox,,,,,,,ardia+pumpsense,ardia_utc,"Buy #BTS 
Direct Trade Link :
https://www.binance.com/en/trade/BTS_BTC"
hist-binance-BTS-202007021124,history,announcement,binance,BTS,BTC,1593689063000,2020-07-02T11:24:23Z,2026-10-07T12:53:22Z,history-merge-v1,Binance Moon Pump™,,,,,,,ardia,ardia_utc,
hist-binance-BTS-202007290909,history,announcement,binance,BTS,BTC,1596013794000,2020-07-29T09:09:54Z,2026-10-07T12:53:22Z,history-merge-v1,Binance Moon Pump™,,,,,,,ardia,ardia_utc,
hist-binance-BTS-202008100817,history,announcement,binance,BTS,BTC,1597047479000,2020-08-10T08:17:59Z,2026-10-07T12:53:22Z,history-merge-v1,Binance Pump Tracker™,,,,,,,ardia,ardia_utc,
hist-binance-BTS-202103071600,history,announcement,binance,BTS,BTC,1615132834000,2021-03-07T16:00:34Z,2026-10-07T12:53:22Z,history-merge-v1,Crypto Pump Analytics™; Crypto SignalT,,,,,,,ardia+pumpsense,ardia_utc,"#BTS🚀 #BTS🚀 #BTS 🚀

#BTS Hidden Defi Gem Signal

#BTS is Going To Perform Crazy Today Beacuse The Huge Global Fomo & Massive Volt Coming In🚀🚀

This Trendy Coin Is Sitting At Bottom

https://www.binance.com/en/trade/BTS_BTC?layout=pro"
hist-binance-BTS-202107111600,history,announcement,binance,BTS,USDT,1626019242000,2021-07-11T16:00:42Z,2026-10-07T12:53:22Z,history-merge-v1,Crypto SignalT,,,,,,,pumpsense,pumpsense_minus_2h,"🌐 Exchange : Binance 

🌟 Coin Name : #BTS/USDT 🌟

~  #BTS Charts looking good on 1 Hours Time Frame

~  Symmetrical Triangle Printed on 🐶#BTS
~ Breakt out Upside
~ RSI Indicators Bullish
~ Low Risk High Reword
~ Buy on Re-test"
hist-binance-BTS-202108022313,history,announcement,binance,BTS,BTC,1627946010000,2021-08-02T23:13:30Z,2026-10-07T12:53:22Z,history-merge-v1,Binance Moon Pump™,,,,,,,ardia,ardia_utc,
hist-binance-BTS-202108111415,history,announcement,binance,BTS,USDT,1628691359000,2021-08-11T14:15:59Z,2026-10-07T12:53:22Z,history-merge-v1,Wisdom Community ( Crypto Won ),,,,,,,pumpsense,pumpsense_minus_2h,"Buy BTS Fast 

https://www.binance.com/en/futures/BTSUSDT"
hist-binance-BTS-202111220800,history,announcement,binance,BTS,USDT,1637568005000,2021-11-22T08:00:05Z,2026-10-07T12:53:22Z,history-merge-v1,Wisdom Community ( Crypto Won ),,,,,,,pumpsense,pumpsense_minus_2h,"Im buying BTS now 

Need to BUY fast bcoz HUGE news is coming soon 🚀🚀🚀"
hist-binance-BTT-201903170327,history,announcement,binance,BTT,BTC,1552793252000,2019-03-17T03:27:32Z,2026-10-07T12:53:22Z,history-merge-v1,Crypto Tree 🎄,,,,,,,ardia,ardia_utc,
hist-binance-BZRX-202107251556,history,announcement,binance,BZRX,USDT,1627228587000,2021-07-25T15:56:27Z,2026-10-07T12:53:22Z,history-merge-v1,Crypto SignalT,,,,,,,pumpsense,pumpsense_minus_2h,"🌐 Exchange : Binance 

🌟 Coin Name : #BZRX/USDT 🌟

~  #BZRX Charts looking good on 1 Hours Time Frame

~ #BZRX is playing the ascending channel. Be preparing for another leg up.
~ RSI Indicators Bullish
~ Low Risk High Reword"
hist-binance-BZRX-202108251330,history,announcement,binance,BZRX,USDT,1629898207000,2021-08-25T13:30:07Z,2026-10-07T12:53:22Z,history-merge-v1,Wisdom Community ( Crypto Won ),,,,,,,pumpsense,pumpsense_minus_2h,"Buy BZRX 🔥🔥🔥

https://www.binance.com/en/futures/BZRXUSDT"
hist-binance-CDT-201905131500,history,announcement,binance,CDT,BTC,1557759600000,2019-05-13T15:00:00Z,2026-10-07T12:53:22Z,history-merge-v1,BPG; CPI; Binance Profit Signal; Hit Pump Angels; Bitcoin Pump Group,,,,,,,ardia+lamorgia+pumpsense,ardia_utc,"COIN IS : CDT

BUY BUY BUY"
hist-binance-CDT-201905171559,history,announcement,binance,CDT,BTC,1558108746000,2019-05-17T15:59:06Z,2026-10-07T12:53:22Z,history-merge-v1,Crypto Advisor,,,,,,,ardia,ardia_utc,
hist-binance-CDT-201906051600,history,announcement,binance,CDT,BTC,1559750415000,2019-06-05T16:00:15Z,2026-10-07T12:53:22Z,history-merge-v1,Altcoins Trading Signals,,,,,,,pumpsense,pumpsense_minus_2h,"Buy #CDT 

https://www.binance.com/vn/trade/CDT_BTC"
hist-binance-CDT-201906131559,history,announcement,binance,CDT,BTC,1560441595000,2019-06-13T15:59:55Z,2026-10-07T12:53:22Z,history-merge-v1,Cryptocurrency: Wolf Posting 🚀,,,,,,,ardia,ardia_utc,
hist-binance-CDT-201906291016,history,announcement,binance,CDT,BTC,1561803373000,2019-06-29T10:16:13Z,2026-10-07T12:53:22Z,history-merge-v1,Crypto Trading.,,,,,,,ardia,ardia_utc,
hist-binance-CDT-201908091500,history,announcement,binance,CDT,BTC,1565362820000,2019-08-09T15:00:20Z,2026-10-07T12:53:22Z,history-merge-v1,CCB; Bitcoin Pump Group,,,,,,,ardia+lamorgia+pumpsense,ardia_utc,Coin name : cdt
hist-binance-CDT-201912021205,history,announcement,binance,CDT,BTC,1575288326000,2019-12-02T12:05:26Z,2026-10-07T12:53:22Z,history-merge-v1,Bitcoin Pump Group,,,,,,,ardia,ardia_utc,
hist-binance-CDT-201912021850,history,announcement,binance,CDT,BTC,1575312605000,2019-12-02T18:50:05Z,2026-10-07T12:53:22Z,history-merge-v1,Bitcoin Profit Coach,,,,,,,ardia,ardia_utc,
hist-binance-CDT-202009161600,history,announcement,binance,CDT,BTC,1600272000000,2020-09-16T16:00:00Z,2026-10-07T12:53:22Z,history-merge-v1,CPI; Binance Pump Signals,,,,,,,lamorgia+pumpsense,lamorgia_gmt,Pump Coin name is #cdt
hist-binance-CDT-202101300913,history,announcement,binance,CDT,BTC,1611998019000,2021-01-30T09:13:39Z,2026-10-07T12:53:22Z,history-merge-v1,Binance Moon Pump™,,,,,,,ardia,ardia_utc,
hist-binance-CDT-202102231600,history,announcement,binance,CDT,BTC,1614096007000,2021-02-23T16:00:07Z,2026-10-07T12:53:22Z,history-merge-v1,Crypto VIP Signal™; Trading Crypto Guide,,,,,,,ardia+pumpsense,ardia_utc,"2x Potential Call🚀

#CDT on #BINANCE 

https://www.binance.com/en/trade/CDT_BTC?layout=pro"
hist-binance-CDT-202104151800,history,announcement,binance,CDT,BTC,1618509610000,2021-04-15T18:00:10Z,2026-10-07T12:53:22Z,history-merge-v1,premium binance signals turkey; Trading Crypto Guide,,,,,,,ardia+pumpsense,ardia_utc,"2x Potential Call!

#CDT on Binance

https://www.binance.com/en/trade/CDT_BTC?layout=pro"
hist-binance-CDT-202104251446,history,announcement,binance,CDT,BTC,1619361960000,2021-04-25T14:46:00Z,2026-10-07T12:53:22Z,history-merge-v1,Crypto Profit Coach™,,,,,,,ardia,ardia_utc,
hist-binance-CDT-202106181422,history,announcement,binance,CDT,BTC,1624026168000,2021-06-18T14:22:48Z,2026-10-07T12:53:22Z,history-merge-v1,Trading Crypto Coach®,,,,,,,ardia,ardia_utc,
hist-binance-CFX-202104301700,history,announcement,binance,CFX,BTC,1619802001000,2021-04-30T17:00:01Z,2026-10-07T12:53:22Z,history-merge-v1,WallStreetBets ®,,,,,,,ardia,ardia_utc,
hist-binance-CHAT-201804031600,history,announcement,binance,CHAT,BTC,1522771200000,2018-04-03T16:00:00Z,2026-10-07T12:53:22Z,history-merge-v1,FCS; Altcoins Trading Signals,,,,,,,lamorgia+pumpsense,lamorgia_gmt,"Coin Name : BTC-CHAT

https://www.binance.com/trade.html?symbol=CHAT_BTC"
hist-binance-CHAT-201806102000,history,announcement,binance,CHAT,BTC,1528660800000,2018-06-10T20:00:00Z,2026-10-07T12:53:22Z,history-merge-v1,BPS,,,,,,,lamorgia,lamorgia_gmt,
hist-binance-CHR-202008241703,history,announcement,binance,CHR,BTC,1598288594000,2020-08-24T17:03:14Z,2026-10-07T12:53:22Z,history-merge-v1,Crypto Profit Coach™,,,,,,,ardia,ardia_utc,
hist-binance-CHR-202111011457,history,announcement,binance,CHR,BTC,1635778628000,2021-11-01T14:57:08Z,2026-10-07T12:53:22Z,history-merge-v1,Pro Analysis,,,,,,,ardia,ardia_utc,
hist-binance-CHZ-201910050827,history,announcement,binance,CHZ,BTC,1570264055000,2019-10-05T08:27:35Z,2026-10-07T12:53:22Z,history-merge-v1,Bitcoin Pump Group,,,,,,,ardia,ardia_utc,
hist-binance-CHZ-202103120821,history,announcement,binance,CHZ,BTC,1615537283000,2021-03-12T08:21:23Z,2026-10-07T12:53:22Z,history-merge-v1,APE crypto,,,,,,,ardia,ardia_utc,
hist-binance-CHZ-202104181832,history,announcement,binance,CHZ,BTC,1618770753000,2021-04-18T18:32:33Z,2026-10-07T12:53:22Z,history-merge-v1,Binance Global Türkçe,,,,,,,ardia,ardia_utc,
hist-binance-CHZ-202109010838,history,announcement,binance,CHZ,BTC,1630485484000,2021-09-01T08:38:04Z,2026-10-07T12:53:22Z,history-merge-v1,The Bull,,,,,,,ardia,ardia_utc,
hist-binance-CHZ-202109141230,history,announcement,binance,CHZ,BTC,1631622623000,2021-09-14T12:30:23Z,2026-10-07T12:53:22Z,history-merge-v1,Crypto Trader,,,,,,,ardia,ardia_utc,
hist-binance-CLOAK-201807011900,history,announcement,binance,CLOAK,BTC,1530471600000,2018-07-01T19:00:00Z,2026-10-07T12:53:22Z,history-merge-v1,BPS,,,,,,,lamorgia,lamorgia_gmt,
hist-binance-CLOAK-201807031816,history,announcement,binance,CLOAK,BTC,1530641779000,2018-07-03T18:16:19Z,2026-10-07T12:53:22Z,history-merge-v1,Binance Trading 360,,,,,,,pumpsense,pumpsense_minus_2h,"✈️✈️✈️Cloak✈️✈️✈️
Guys Cloak coin is our Pump coin!👍👍👍

✅✅
Buy it now under 6200
It will go huge as it announce in public after 1 hour then sell it fast!!💹💹📶📶🏧🏧💵💰"
hist-binance-CLOAK-201810011900,history,announcement,binance,CLOAK,BTC,1538420400000,2018-10-01T19:00:00Z,2026-10-07T12:53:22Z,history-merge-v1,CCB; BPF; Hit Pump Angels,,,,,,,lamorgia+pumpsense,lamorgia_gmt,COIN IS : CLOAK
hist-binance-CMT-201902161726,history,announcement,binance,CMT,BTC,1550337976000,2019-02-16T17:26:16Z,2026-10-07T12:53:22Z,history-merge-v1,Binance Trading 360,,,,,,,pumpsense,pumpsense_minus_2h,"✈️✈️✈️cmt✈️✈️✈️
 coin is our Pump coin!👍👍👍

✅✅
Buy it now
It will go huge as it announce in public after 1 hour then sell it fast!!💹💹📶📶🏧🏧💵💰"
hist-binance-CMT-201909301235,history,announcement,binance,CMT,BTC,1569846950000,2019-09-30T12:35:50Z,2026-10-07T12:53:22Z,history-merge-v1,Hot Signals Binance Bittrex,,,,,,,ardia,ardia_utc,
hist-binance-CMT-201910011516,history,announcement,binance,CMT,BTC,1569942990000,2019-10-01T15:16:30Z,2026-10-07T12:53:22Z,history-merge-v1,Bitcoin Profit Coach,,,,,,,ardia,ardia_utc,
hist-binance-CND-201810201600,history,announcement,binance,CND,BTC,1540051200000,2018-10-20T16:00:00Z,2026-10-07T12:53:22Z,history-merge-v1,CCB,,,,,,,lamorgia,lamorgia_gmt,
hist-binance-CND-201904021859,history,announcement,binance,CND,BTC,1554231579000,2019-04-02T18:59:39Z,2026-10-07T12:53:22Z,history-merge-v1,Maximum Pump,,,,,,,ardia,ardia_utc,
hist-binance-CND-201905211330,history,announcement,binance,CND,BTC,1558445419000,2019-05-21T13:30:19Z,2026-10-07T12:53:22Z,history-merge-v1,WCG; Whales Crypto Guide,,,,,,,ardia+lamorgia+pumpsense,ardia_utc,"Ok guys here's the coin 👇👇

The coin we picked is #CND

Here is the direct link

https://www.binance.com/en/trade/CND_BTC"
hist-binance-CND-201906031600,history,announcement,binance,CND,BTC,1559577603000,2019-06-03T16:00:03Z,2026-10-07T12:53:22Z,history-merge-v1,Altcoins Trading Signals,,,,,,,pumpsense,pumpsense_minus_2h,"Buy #CND 

https://www.binance.com/en/trade/CND_BTC"
hist-binance-CND-201906230829,history,announcement,binance,CND,BTC,1561278592000,2019-06-23T08:29:52Z,2026-10-07T12:53:22Z,history-merge-v1,Cryptocurrency: Wolf Posting 🚀,,,,,,,ardia,ardia_utc,
hist-binance-CND-201907051230,history,announcement,binance,CND,BTC,1562329802000,2019-07-05T12:30:02Z,2026-10-07T12:53:22Z,history-merge-v1,Altcoins Trading Signals,,,,,,,pumpsense,pumpsense_minus_2h,"Buy CND 

Buy @122-125
Sell @135-145-160

https://www.binance.com/en/trade/CND_BTC"
hist-binance-CND-201907091700,history,announcement,binance,CND,BTC,1562691615000,2019-07-09T17:00:15Z,2026-10-07T12:53:22Z,history-merge-v1,CPI; Crypto Pump Island; Bitcoin Pump Group,,,,,,,ardia+lamorgia+pumpsense,ardia_utc,Coin name :#CND
hist-binance-CND-201908021633,history,announcement,binance,CND,BTC,1564763595000,2019-08-02T16:33:15Z,2026-10-07T12:53:22Z,history-merge-v1,Bitcoin Pump Group,,,,,,,pumpsense,pumpsense_minus_2h,Coin name : CND
hist-binance-CND-202104231900,history,announcement,binance,CND,BTC,1619204401000,2021-04-23T19:00:01Z,2026-10-07T12:53:22Z,history-merge-v1,WallStreetBets ®,,,,,,,ardia,ardia_utc,
hist-binance-CND-202105091758,history,announcement,binance,CND,BTC,1620583132000,2021-05-09T17:58:52Z,2026-10-07T12:53:22Z,history-merge-v1,Binance Pump Tracker™,,,,,,,ardia,ardia_utc,
hist-binance-CND-202106061700,history,announcement,binance,CND,BTC,1622998807000,2021-06-06T17:00:07Z,2026-10-07T12:53:22Z,history-merge-v1,Crypto Signal; Binance Pump Time CZ; WHALE BINANCE GROUP PUMP,,,,,,,ardia+pumpsense,ardia_utc,"#CND
#CND
#CND"
hist-binance-COS-202012141549,history,announcement,binance,COS,BTC,1607960998000,2020-12-14T15:49:58Z,2026-10-07T12:53:22Z,history-merge-v1,Binance Moon Pump™,,,,,,,ardia,ardia_utc,
hist-binance-COTI-202102201609,history,announcement,binance,COTI,BTC,1613837350000,2021-02-20T16:09:10Z,2026-10-07T12:53:22Z,history-merge-v1,Binance Pump Signals,,,,,,,ardia,ardia_utc,
hist-binance-COTI-202103261936,history,announcement,binance,COTI,BTC,1616787388000,2021-03-26T19:36:28Z,2026-10-07T12:53:22Z,history-merge-v1,Whales Crypto Forex trading,,,,,,,ardia,ardia_utc,
hist-binance-COTI-202105051328,history,announcement,binance,COTI,BTC,1620221336000,2021-05-05T13:28:56Z,2026-10-07T12:53:22Z,history-merge-v1,Cryptonians (Free Signals and News Update),,,,,,,ardia,ardia_utc,
hist-binance-CRV-202102111740,history,announcement,binance,CRV,BTC,1613065219000,2021-02-11T17:40:19Z,2026-10-07T12:53:22Z,history-merge-v1,APE crypto,,,,,,,ardia,ardia_utc,
hist-binance-CTK-202102210917,history,announcement,binance,CTK,BTC,1613899056000,2021-02-21T09:17:36Z,2026-10-07T12:53:22Z,history-merge-v1,Whales Crypto Guide,,,,,,,ardia,ardia_utc,
hist-binance-CTSI-202102101444,history,announcement,binance,CTSI,BTC,1612968253000,2021-02-10T14:44:13Z,2026-10-07T12:53:22Z,history-merge-v1,The Crypto Express.,,,,,,,ardia,ardia_utc,
hist-binance-CTSI-202107161450,history,announcement,binance,CTSI,BTC,1626447040000,2021-07-16T14:50:40Z,2026-10-07T12:53:22Z,history-merge-v1,Binance Moon Pump™,,,,,,,ardia,ardia_utc,
hist-binance-CTXC-202006031600,history,announcement,binance,CTXC,BTC,1591200035000,2020-06-03T16:00:35Z,2026-10-07T12:53:22Z,history-merge-v1,MPG; TCG; BPF; CW; CPI; Binance Trading 360; Trading Crypto Guide; Binance Signals; Altcoins Trading Signals; Hit Pump Angels; Crypto Pump Island; Binance Pump Signals; Binance Crypto Pump Signals; Bitcoin Pump Group,,,,,,,ardia+lamorgia+pumpsense,ardia_utc,"Coin name is:

🔥 #CTXC    🔥"
hist-binance-CTXC-202006150826,history,announcement,binance,CTXC,BTC,1592209610000,2020-06-15T08:26:50Z,2026-10-07T12:53:22Z,history-merge-v1,Crypto Ninja Coach | Official™,,,,,,,ardia,ardia_utc,
hist-binance-CTXC-202006291448,history,announcement,binance,CTXC,BTC,1593442080000,2020-06-29T14:48:00Z,2026-10-07T12:53:22Z,history-merge-v1,Binance Moon Pump™,,,,,,,ardia,ardia_utc,
hist-binance-CTXC-202007071533,history,announcement,binance,CTXC,BTC,1594136031000,2020-07-07T15:33:51Z,2026-10-07T12:53:22Z,history-merge-v1,Binance Moon Pump™; Bitcoin Pump Group,,,,,,,ardia+pumpsense,ardia_utc,Coin name : #CTXC
hist-binance-CTXC-202007101507,history,announcement,binance,CTXC,BTC,1594393634000,2020-07-10T15:07:14Z,2026-10-07T12:53:22Z,history-merge-v1,Crypto World Coach™; Binance Moon Pump™; BPF; Hit Pump Angels,,,,,,,ardia+lamorgia+pumpsense,ardia_utc,coın is: CTXC
hist-binance-CTXC-202007281604,history,announcement,binance,CTXC,BTC,1595952280000,2020-07-28T16:04:40Z,2026-10-07T12:53:22Z,history-merge-v1,Binance Moon Pump™,,,,,,,ardia,ardia_utc,
hist-binance-CTXC-202008051331,history,announcement,binance,CTXC,BTC,1596634275000,2020-08-05T13:31:15Z,2026-10-07T12:53:22Z,history-merge-v1,premium binance signals turkey,,,,,,,ardia,ardia_utc,
hist-binance-CTXC-202011090412,history,announcement,binance,CTXC,BTC,1604895169000,2020-11-09T04:12:49Z,2026-10-07T12:53:22Z,history-merge-v1,Binance Moon Pump™,,,,,,,ardia,ardia_utc,
hist-binance-CTXC-202101071559,history,announcement,binance,CTXC,BTC,1610035140000,2021-01-07T15:59:00Z,2026-10-07T12:53:22Z,history-merge-v1,TCC; BPF; Hit Pump Angels; Binance Trading 360,,,,,,,lamorgia+pumpsense,lamorgia_gmt,"COIN IS : CTXC

🚀BUY BUY BUY🚀"
hist-binance-CTXC-202102241551,history,announcement,binance,CTXC,BTC,1614181913000,2021-02-24T15:51:53Z,2026-10-07T12:53:22Z,history-merge-v1,Binance Moon Pump™,,,,,,,ardia,ardia_utc,
hist-binance-CTXC-202103181700,history,announcement,binance,CTXC,BTC,1616086814000,2021-03-18T17:00:14Z,2026-10-07T12:53:22Z,history-merge-v1,Binance Royal Pump; Hit Pump Angels,,,,,,,ardia+pumpsense,ardia_utc,"COIN IS : CTXC

🚀BUY BUY BUY🚀"
hist-binance-CTXC-202104041600,history,announcement,binance,CTXC,BTC,1617552052000,2021-04-04T16:00:52Z,2026-10-07T12:53:22Z,history-merge-v1,Crypto Pump Analytics™,,,,,,,ardia,ardia_utc,
hist-binance-CTXC-202104170334,history,announcement,binance,CTXC,BTC,1618630452000,2021-04-17T03:34:12Z,2026-10-07T12:53:22Z,history-merge-v1,Binance Moon Pump™,,,,,,,ardia,ardia_utc,
hist-binance-CTXC-202105141154,history,announcement,binance,CTXC,BTC,1620993294000,2021-05-14T11:54:54Z,2026-10-07T12:53:22Z,history-merge-v1,Binance Moon Pump™,,,,,,,ardia,ardia_utc,
hist-binance-CTXC-202105151718,history,announcement,binance,CTXC,BTC,1621099115000,2021-05-15T17:18:35Z,2026-10-07T12:53:22Z,history-merge-v1,Binance Moon Pump™,,,,,,,ardia,ardia_utc,
hist-binance-CTXC-202106151641,history,announcement,binance,CTXC,BTC,1623775265000,2021-06-15T16:41:05Z,2026-10-07T12:53:22Z,history-merge-v1,premium binance signals turkey,,,,,,,ardia,ardia_utc,
hist-binance-CTXC-202108071459,history,announcement,binance,CTXC,BTC,1628348376000,2021-08-07T14:59:36Z,2026-10-07T12:53:22Z,history-merge-v1,Whales Crypto Guide,,,,,,,ardia,ardia_utc,
hist-binance-CTXC-202108160546,history,announcement,binance,CTXC,BTC,1629092808000,2021-08-16T05:46:48Z,2026-10-07T12:53:22Z,history-merge-v1,Binance Moon Pump™,,,,,,,ardia,ardia_utc,
hist-binance-CTXC-202109151700,history,announcement,binance,CTXC,BTC,1631725205000,2021-09-15T17:00:05Z,2026-10-07T12:53:22Z,history-merge-v1,Binance Trading Signals,,,,,,,ardia,ardia_utc,
hist-binance-CTXC-202112241249,history,announcement,binance,CTXC,BTC,1640350177000,2021-12-24T12:49:37Z,2026-10-07T12:53:22Z,history-merge-v1,Binance Pump Tracker™,,,,,,,ardia,ardia_utc,
hist-binance-CVC-201906070741,history,announcement,binance,CVC,BTC,1559893305000,2019-06-07T07:41:45Z,2026-10-07T12:53:22Z,history-merge-v1,Cryptocurrency: Wolf Posting 🚀,,,,,,,ardia,ardia_utc,
hist-binance-CVC-201908132000,history,announcement,binance,CVC,BTC,1565726406000,2019-08-13T20:00:06Z,2026-10-07T12:53:22Z,history-merge-v1,CPS; TCG; BPF; SE; Crypto Pump Squad; Trading Crypto Guide; 2018; Binance Royal Pump; Hit Pump Angels; Bitcoin Pump Group,,,,,,,ardia+lamorgia+pumpsense,ardia_utc,"https://cdn.discordapp.com/attachments/504313393088561162/610901699879763989/unknown.png
Exected gain: 40-70%"
hist-binance-CVC-202005051600,history,announcement,binance,CVC,BTC,1588694414000,2020-05-05T16:00:14Z,2026-10-07T12:53:22Z,history-merge-v1,CPI; Crypto Pump Island; Binance Pump Signals,,,,,,,ardia+lamorgia+pumpsense,ardia_utc,Coin name #CVC
hist-binance-CVC-202007150717,history,announcement,binance,CVC,BTC,1594797466000,2020-07-15T07:17:46Z,2026-10-07T12:53:22Z,history-merge-v1,Binance Moon Pump™,,,,,,,ardia,ardia_utc,
hist-binance-CVC-202007281904,history,announcement,binance,CVC,BTC,1595963066000,2020-07-28T19:04:26Z,2026-10-07T12:53:22Z,history-merge-v1,Binance Moon Pump™,,,,,,,ardia,ardia_utc,
hist-binance-CVC-202008131926,history,announcement,binance,CVC,BTC,1597346779000,2020-08-13T19:26:19Z,2026-10-07T12:53:22Z,history-merge-v1,Binance Moon Pump™,,,,,,,ardia,ardia_utc,
hist-binance-CVC-202204141330,history,announcement,binance,CVC,USDT,1649943012000,2022-04-14T13:30:12Z,2026-10-07T12:53:22Z,history-merge-v1,Wisdom Community ( Crypto Won ),,,,,,,pumpsense,pumpsense_minus_2h,"Wisdom Pump :  $CVC 10x fastest

Use capital : 80% for buying

Target : Moon💫

#Allbullish

https://www.binance.com/en/futures/CVCUSDT"
hist-binance-DASH-202102131653,history,announcement,binance,DASH,BTC,1613235197000,2021-02-13T16:53:17Z,2026-10-07T12:53:22Z,history-merge-v1,premium binance signals turkey,,,,,,,ardia,ardia_utc,
hist-binance-DATA-201809291900,history,announcement,binance,DATA,BTC,1538247600000,2018-09-29T19:00:00Z,2026-10-07T12:53:22Z,history-merge-v1,Binance Trading 360; BPS; BPF; Hit Pump Angels,,,,,,,lamorgia+pumpsense,lamorgia_gmt,"✈️✈️✈️data✈️✈️✈️
 coin is our Pump coin!👍👍👍

✅✅
Buy it now
It will go huge as it announce in public after 1 hour then sell it fast!!💹💹📶📶🏧🏧💵💰"
hist-binance-DATA-201903011744,history,announcement,binance,DATA,BTC,1551462241000,2019-03-01T17:44:01Z,2026-10-07T12:53:22Z,history-merge-v1,Crypto Tree 🎄,,,,,,,ardia,ardia_utc,
hist-binance-DATA-201904010814,history,announcement,binance,DATA,BTC,1554106495000,2019-04-01T08:14:55Z,2026-10-07T12:53:22Z,history-merge-v1,Crypto Advisor,,,,,,,ardia,ardia_utc,
hist-binance-DATA-201905260158,history,announcement,binance,DATA,BTC,1558835934000,2019-05-26T01:58:54Z,2026-10-07T12:53:22Z,history-merge-v1,Crypto Tree 🎄,,,,,,,ardia,ardia_utc,
hist-binance-DATA-201905271531,history,announcement,binance,DATA,BTC,1558971088000,2019-05-27T15:31:28Z,2026-10-07T12:53:22Z,history-merge-v1,Crypto Tree 🎄,,,,,,,ardia,ardia_utc,
hist-binance-DATA-201908152000,history,announcement,binance,DATA,BTC,1565899210000,2019-08-15T20:00:10Z,2026-10-07T12:53:22Z,history-merge-v1,MPG; BPF; COIN TRADING PLATFORM; Mega Signals Group; Binance Royal Pump; Hit Pump Angels,,,,,,,ardia+lamorgia+pumpsense,ardia_utc,https://cdn.discordapp.com/attachments/608619319433101363/611566173825531966/Untitled213312.png
hist-binance-DATA-201909081800,history,announcement,binance,DATA,BTC,1567965602000,2019-09-08T18:00:02Z,2026-10-07T12:53:22Z,history-merge-v1,MPG; WCG; CPI; CCS; Mega Pump Group; Baby Crypto Channel; COIN TRADING PLATFORM; Coin Coach Signals; Mega Signals Group; Whales Crypto Guide; Bitcoin Pump Group,,,,,,,ardia+lamorgia+pumpsense,ardia_utc,"There are many good coins on Binance 

The coin we picked today is :  👉 ( D ) ( A ) ( T )  ( A ) 👈"
hist-binance-DATA-202105151718,history,announcement,binance,DATA,BTC,1621099116000,2021-05-15T17:18:36Z,2026-10-07T12:53:22Z,history-merge-v1,Crypto Profit Coach™,,,,,,,ardia,ardia_utc,
hist-binance-DCR-201903121435,history,announcement,binance,DCR,BTC,1552401304000,2019-03-12T14:35:04Z,2026-10-07T12:53:22Z,history-merge-v1,Crypto Tree 🎄,,,,,,,ardia,ardia_utc,
hist-binance-DCR-201903141510,history,announcement,binance,DCR,BTC,1552576258000,2019-03-14T15:10:58Z,2026-10-07T12:53:22Z,history-merge-v1,Crypto Tree 🎄,,,,,,,ardia,ardia_utc,
hist-binance-DCR-201909222012,history,announcement,binance,DCR,BTC,1569183127000,2019-09-22T20:12:07Z,2026-10-07T12:53:22Z,history-merge-v1,Bitcoin Pump Group,,,,,,,ardia,ardia_utc,
hist-binance-DEGO-202103202117,history,announcement,binance,DEGO,BTC,1616275075000,2021-03-20T21:17:55Z,2026-10-07T12:53:22Z,history-merge-v1,provacoin,,,,,,,ardia,ardia_utc,
hist-binance-DEGO-202104090749,history,announcement,binance,DEGO,BTC,1617954597000,2021-04-09T07:49:57Z,2026-10-07T12:53:22Z,history-merge-v1,Whales Crypto Guide,,,,,,,ardia,ardia_utc,
hist-binance-DG-202302181701,history,announcement,binance,DG,BTC,1676739682000,2023-02-18T17:01:22Z,2026-10-07T12:53:22Z,history-merge-v1,Big Pump Signal,,,,,,,pumpsense,pumpsense_minus_2h,
hist-binance-DGB-202012201727,history,announcement,binance,DGB,BTC,1608485243000,2020-12-20T17:27:23Z,2026-10-07T12:53:22Z,history-merge-v1,Binance Moon Pump™,,,,,,,ardia,ardia_utc,
hist-binance-DGD-201801092000,history,announcement,binance,DGD,BTC,1515528000000,2018-01-09T20:00:00Z,2026-10-07T12:53:22Z,history-merge-v1,BPS,,,,,,,lamorgia,lamorgia_gmt,
hist-binance-DGD-201911021729,history,announcement,binance,DGD,BTC,1572715756000,2019-11-02T17:29:16Z,2026-10-07T12:53:22Z,history-merge-v1,Optimus Pump; Altcoins Trading Signals,,,,,,,ardia+pumpsense,ardia_utc,"Buy - #DGD

Link :-   https://www.binance.com/en/trade/DGD_BTC

1st target   - 0.0023
2nd target - 0.0026
3rd target  - 0.0030

Buy & hold for till our targets achieve"
hist-binance-DLT-201803112000,history,announcement,binance,DLT,BTC,1520798400000,2018-03-11T20:00:00Z,2026-10-07T12:53:22Z,history-merge-v1,BPS,,,,,,,lamorgia,lamorgia_gmt,
hist-binance-DLT-201803221600,history,announcement,binance,DLT,BTC,1521734400000,2018-03-22T16:00:00Z,2026-10-07T12:53:22Z,history-merge-v1,TCG,,,,,,,lamorgia,lamorgia_gmt,
hist-binance-DLT-201805101530,history,announcement,binance,DLT,BTC,1525966200000,2018-05-10T15:30:00Z,2026-10-07T12:53:22Z,history-merge-v1,WCG,,,,,,,lamorgia,lamorgia_gmt,
hist-binance-DLT-201806061300,history,announcement,binance,DLT,BTC,1528290000000,2018-06-06T13:00:00Z,2026-10-07T12:53:22Z,history-merge-v1,FCS,,,,,,,lamorgia,lamorgia_gmt,
hist-binance-DLT-201808231600,history,announcement,binance,DLT,BTC,1535040000000,2018-08-23T16:00:00Z,2026-10-07T12:53:22Z,history-merge-v1,BPG; Binance Profit Signal,,,,,,,lamorgia+pumpsense,lamorgia_gmt,"https://www.tradingview.com/x/XzvYcwkd/

BIG PUMP SIGNAL  🔥🔥🔥

 🌹Coin ~ # DLT

 🌹TARGET 1: 793
        TARGET 2: 858

Chart of DLT is beautiful at this time. It want to break out our triangle.
If it break out this triangle, it will go to the moon🔥🔥🔥
It's also a very good project with a great dev tea"
hist-binance-DLT-201810241800,history,announcement,binance,DLT,BTC,1540404008000,2018-10-24T18:00:08Z,2026-10-07T12:53:22Z,history-merge-v1,Binance Trading 360,,,,,,,pumpsense,pumpsense_minus_2h,"✈️✈️✈️dlt✈️✈️✈️
 coin is our Pump coin!👍👍👍

✅✅
Buy it now
It will go huge as it announce in public after 1 hour then sell it fast!!💹💹📶📶🏧🏧💵💰"
hist-binance-DLT-201904071900,history,announcement,binance,DLT,BTC,1554663650000,2019-04-07T19:00:50Z,2026-10-07T12:53:22Z,history-merge-v1,Maximum Pump,,,,,,,ardia,ardia_utc,
hist-binance-DLT-201905051600,history,announcement,binance,DLT,BTC,1557072013000,2019-05-05T16:00:13Z,2026-10-07T12:53:22Z,history-merge-v1,Baby Crypto Channel; Coin Coach Signals; Crypto Guru,,,,,,,pumpsense,pumpsense_minus_2h,"THE COIN NAME IS  #DLT

OUR TARGETS!! IS HERE - 25%,35, 50%, Moon 🚀"
hist-binance-DLT-201906011636,history,announcement,binance,DLT,BTC,1559406986000,2019-06-01T16:36:26Z,2026-10-07T12:53:22Z,history-merge-v1,Cryptocurrency: Wolf Posting 🚀,,,,,,,ardia,ardia_utc,
hist-binance-DLT-201907151700,history,announcement,binance,DLT,BTC,1563210007000,2019-07-15T17:00:07Z,2026-10-07T12:53:22Z,history-merge-v1,CPI; Crypto Pump Island,,,,,,,ardia+lamorgia,ardia_utc,
hist-binance-DLT-201907231700,history,announcement,binance,DLT,BTC,1563901245000,2019-07-23T17:00:45Z,2026-10-07T12:53:22Z,history-merge-v1,Bitcoin Pump Group,,,,,,,pumpsense,pumpsense_minus_2h,‼️Coin name : DLT
hist-binance-DLT-202001042000,history,announcement,binance,DLT,BTC,1578168000000,2020-01-04T20:00:00Z,2026-10-07T12:53:22Z,history-merge-v1,CW,,,,,,,lamorgia,lamorgia_gmt,
hist-binance-DLT-202003281200,history,announcement,binance,DLT,BTC,1585396800000,2020-03-28T12:00:00Z,2026-10-07T12:53:22Z,history-merge-v1,CW,,,,,,,lamorgia,lamorgia_gmt,
hist-binance-DLT-202011081500,history,announcement,binance,DLT,BTC,1604847600000,2020-11-08T15:00:00Z,2026-10-07T12:53:22Z,history-merge-v1,CW,,,,,,,lamorgia,lamorgia_gmt,
hist-binance-DLT-202012021849,history,announcement,binance,DLT,BTC,1606934968000,2020-12-02T18:49:28Z,2026-10-07T12:53:22Z,history-merge-v1,Binance Moon Pump™,,,,,,,ardia,ardia_utc,
hist-binance-DLT-202012262100,history,announcement,binance,DLT,BTC,1609016400000,2020-12-26T21:00:00Z,2026-10-07T12:53:22Z,history-merge-v1,BPS; BPF; Hit Pump Angels,,,,,,,lamorgia+pumpsense,lamorgia_gmt,"COIN IS : DLT

🚀BUY BUY BUY🚀"
hist-binance-DLT-202101271900,history,announcement,binance,DLT,BTC,1611774043000,2021-01-27T19:00:43Z,2026-10-07T12:53:22Z,history-merge-v1,Binance Crypto Pumps,,,,,,,pumpsense,pumpsense_minus_2h,COIN IS :DLT
hist-binance-DLT-202104231026,history,announcement,binance,DLT,BTC,1619173606000,2021-04-23T10:26:46Z,2026-10-07T12:53:22Z,history-merge-v1,Crypto Profit Coach™,,,,,,,ardia,ardia_utc,
hist-binance-DLT-202104241555,history,announcement,binance,DLT,BTC,1619279725000,2021-04-24T15:55:25Z,2026-10-07T12:53:22Z,history-merge-v1,Whales Crypto Guide; WallStreetBets Crypto Pumps - Investing!,,,,,,,ardia,ardia_utc,
hist-binance-DLT-202105011700,history,announcement,binance,DLT,BTC,1619888441000,2021-05-01T17:00:41Z,2026-10-07T12:53:22Z,history-merge-v1,Binance Pump Time CZ; .; WHALE BINANCE GROUP PUMP,,,,,,,ardia+pumpsense,ardia_utc,#DLT
hist-binance-DLT-202105031335,history,announcement,binance,DLT,BTC,1620048952000,2021-05-03T13:35:52Z,2026-10-07T12:53:22Z,history-merge-v1,Binance Pump Tracker™; Crypto Pump Analytics™; Crypto SignalT,,,,,,,ardia+pumpsense,ardia_utc,"#DLT Hidden Defi Gem Signal

#DLT is Going To Perform Crazy Today Beacuse The Huge Global Fomo & Massive Volt Coming In🚀🚀

This Trendy Coin Is Sitting At Bottom

https://www.binance.com/en/trade/DLT_BTC?layout=pro&type=spot&theme=light"
hist-binance-DLT-202105161700,history,announcement,binance,DLT,BTC,1621184401000,2021-05-16T17:00:01Z,2026-10-07T12:53:22Z,history-merge-v1,Binance Pump Signals; Binance Crypto Pumps; Binance Pump Time CZ,,,,,,,ardia+pumpsense,ardia_utc,COIN IS : DLT
hist-binance-DLT-202105301600,history,announcement,binance,DLT,BTC,1622390413000,2021-05-30T16:00:13Z,2026-10-07T12:53:22Z,history-merge-v1,Crypto SignalT; 🚀 Coin Pump Point 🚀,,,,,,,ardia+pumpsense,ardia_utc,"#DLT Hidden Defi Gem Signal

#DLT is Going To Perform Crazy Today Beacuse The Huge Global Fomo & Massive Volt Coming In🚀🚀

This Trendy Coin Is Sitting At Bottom

https://www.binance.com/en/trade/DLT_BTC?layout=pro&type=spot&theme=light"
hist-binance-DLT-202106131701,history,announcement,binance,DLT,BTC,1623603685000,2021-06-13T17:01:25Z,2026-10-07T12:53:22Z,history-merge-v1,Binance Pump Signals,,,,,,,ardia,ardia_utc,
hist-binance-DLT-202107011752,history,announcement,binance,DLT,BTC,1625161978000,2021-07-01T17:52:58Z,2026-10-07T12:53:22Z,history-merge-v1,Binance Moon Pump™,,,,,,,ardia,ardia_utc,
hist-binance-DLT-202109111600,history,announcement,binance,DLT,BTC,1631376015000,2021-09-11T16:00:15Z,2026-10-07T12:53:22Z,history-merge-v1,Binance Moon Pump™,,,,,,,ardia,ardia_utc,
hist-binance-DNT-201803241830,history,announcement,binance,DNT,BTC,1521916200000,2018-03-24T18:30:00Z,2026-10-07T12:53:22Z,history-merge-v1,BPS,,,,,,,lamorgia,lamorgia_gmt,
hist-binance-DNT-201903291159,history,announcement,binance,DNT,BTC,1553860796000,2019-03-29T11:59:56Z,2026-10-07T12:53:22Z,history-merge-v1,Crypto Advisor,,,,,,,ardia,ardia_utc,
hist-binance-DNT-201904121605,history,announcement,binance,DNT,BTC,1555085139000,2019-04-12T16:05:39Z,2026-10-07T12:53:22Z,history-merge-v1,Crypto Guru; Baby Crypto Channel; Coin Coach Signals,,,,,,,pumpsense,pumpsense_minus_2h,"MID&LONG TERM CALL

#DNT  Buy Below : 300-330

Selling Targets:- 350➖375➖400➖425➖450

#Buy_&_ #Hold

Easily Hit Above Targets Just Need Patience!!!!🚀"
hist-binance-DNT-201905281044,history,announcement,binance,DNT,BTC,1559040279000,2019-05-28T10:44:39Z,2026-10-07T12:53:22Z,history-merge-v1,Cryptocurrency: Wolf Posting 🚀,,,,,,,ardia,ardia_utc,
hist-binance-DNT-201905290307,history,announcement,binance,DNT,BTC,1559099258000,2019-05-29T03:07:38Z,2026-10-07T12:53:22Z,history-merge-v1,Cryptocurrency: Wolf Posting 🚀,,,,,,,ardia,ardia_utc,
hist-binance-DNT-201906261700,history,announcement,binance,DNT,BTC,1561568401000,2019-06-26T17:00:01Z,2026-10-07T12:53:22Z,history-merge-v1,CPI; Crypto Pump Island; Bitcoin Pump Group,,,,,,,ardia+lamorgia+pumpsense,ardia_utc,Coin name :#DNT
hist-binance-DNT-201906291600,history,announcement,binance,DNT,BTC,1561824043000,2019-06-29T16:00:43Z,2026-10-07T12:53:22Z,history-merge-v1,Bitcoin Pump Group; CPI,,,,,,,ardia+lamorgia+pumpsense,ardia_utc,"DNT massive dip buy


Buy zone below 155

Targets 200 - 240 - 270 - 300"
hist-binance-DNT-202002271600,history,announcement,binance,DNT,BTC,1582819200000,2020-02-27T16:00:00Z,2026-10-07T12:53:22Z,history-merge-v1,BPF; CW; Hit Pump Angels,,,,,,,lamorgia+pumpsense,lamorgia_gmt,"COIN IS : DNT

🚀Global FOMO warming up🚀"
hist-binance-DNT-202003041900,history,announcement,binance,DNT,BTC,1583348400000,2020-03-04T19:00:00Z,2026-10-07T12:53:22Z,history-merge-v1,BPF; CW; Hit Pump Angels,,,,,,,lamorgia+pumpsense,lamorgia_gmt,"COIN IS : DNT

BUY BUY BUY"
hist-binance-DNT-202009101743,history,announcement,binance,DNT,BTC,1599759790000,2020-09-10T17:43:10Z,2026-10-07T12:53:22Z,history-merge-v1,Binance Moon Pump™,,,,,,,ardia,ardia_utc,
hist-binance-DREP-202107251700,history,announcement,binance,DREP,BTC,1627232401000,2021-07-25T17:00:01Z,2026-10-07T12:53:22Z,history-merge-v1,Crypto Binance Trading | Signals & Pumps; Coin Coach Signals; Mega Signals Group; Binance Crypto Pumps; WHALE BINANCE GROUP PUMP; Cryptic Trading; Crypto Coin Pump Signals,,,,,,,ardia+pumpsense,ardia_utc,"The coin we have picked to pump today is :  #DREP

DREP is looking perfect for a pump right now the target is 500%"
hist-binance-DUSK-201912121357,history,announcement,binance,DUSK,BTC,1576159049000,2019-12-12T13:57:29Z,2026-10-07T12:53:22Z,history-merge-v1,Crypto Lion's™,,,,,,,ardia,ardia_utc,
hist-binance-DUSK-202010301600,history,announcement,binance,DUSK,BTC,1604073637000,2020-10-30T16:00:37Z,2026-10-07T12:53:22Z,history-merge-v1,CPI; Binance Trading 360; Crypto Pump Island; BPF; Hit Pump Angels,,,,,,,ardia+lamorgia+pumpsense,ardia_utc,"The Mountain ALT coin is 

#DUSK ( DUSK Network)

Daily chart sitting at Bottom
stochastic RSI showing bullishness
400% down from all time high

Can we see a binance Top gainer with + 250% Gain ??

Buy #DUSK here 
https://www.binance.com/en/trade/DUSK_BTC"
hist-binance-DUSK-202104241548,history,announcement,binance,DUSK,BTC,1619279280000,2021-04-24T15:48:00Z,2026-10-07T12:53:22Z,history-merge-v1,Binance Pump Tracker™,,,,,,,ardia,ardia_utc,
hist-binance-DUSK-202110310929,history,announcement,binance,DUSK,BTC,1635672543000,2021-10-31T09:29:03Z,2026-10-07T12:53:22Z,history-merge-v1,premium binance signals turkey,,,,,,,ardia,ardia_utc,
hist-binance-EDO-201810131900,history,announcement,binance,EDO,BTC,1539457200000,2018-10-13T19:00:00Z,2026-10-07T12:53:22Z,history-merge-v1,WCG; Crypto Fox,,,,,,,lamorgia+pumpsense,lamorgia_gmt,"#BinanceSignalEvent

The coin we picked today is $EDO

Link :- https://www.binance.com/en/trade/EDO_BTC

$EDO has a lot of news coming up and Accumulation is going on in last couple of days, $EDO going to have a great surge up soon. we will see a big spike like OAX (40-70%) After the spike there wil"
hist-binance-EDO-201902161800,history,announcement,binance,EDO,BTC,1550340008000,2019-02-16T18:00:08Z,2026-10-07T12:53:22Z,history-merge-v1,BPF; Mega Pump Group; Hit Pump Angels; Bitcoin Pump Group,,,,,,,ardia+lamorgia+pumpsense,ardia_utc,COIN IS : edo
hist-binance-EDO-201903121739,history,announcement,binance,EDO,BTC,1552412352000,2019-03-12T17:39:12Z,2026-10-07T12:53:22Z,history-merge-v1,Crypto Tree 🎄,,,,,,,ardia,ardia_utc,
hist-binance-EDO-201906111600,history,announcement,binance,EDO,BTC,1560268807000,2019-06-11T16:00:07Z,2026-10-07T12:53:22Z,history-merge-v1,Altcoins Trading Signals,,,,,,,pumpsense,pumpsense_minus_2h,"Buy #EDO 

https://www.binance.com/en/trade/EDO_BTC"
hist-binance-EDO-201906301729,history,announcement,binance,EDO,BTC,1561915778000,2019-06-30T17:29:38Z,2026-10-07T12:53:22Z,history-merge-v1,Altcoins Trading Signals,,,,,,,pumpsense,pumpsense_minus_2h,"Buy #EDO 

Sell @30%

https://www.binance.com/en/trade/EDO_BTC"
hist-binance-EDO-201909061800,history,announcement,binance,EDO,BTC,1567792812000,2019-09-06T18:00:12Z,2026-10-07T12:53:22Z,history-merge-v1,CPI; Crypto Pump Island,,,,,,,ardia+lamorgia,ardia_utc,
hist-binance-EDO-201909251600,history,announcement,binance,EDO,BTC,1569427215000,2019-09-25T16:00:15Z,2026-10-07T12:53:22Z,history-merge-v1,CPI; Crypto Pump Island; Binance Pump Signals,,,,,,,ardia+lamorgia+pumpsense,ardia_utc,Coin name : #EDO
hist-binance-EDO-201910181630,history,announcement,binance,EDO,BTC,1571416231000,2019-10-18T16:30:31Z,2026-10-07T12:53:22Z,history-merge-v1,Big pump signal ®️🗽; Altcoins Trading Signals,,,,,,,ardia+pumpsense,ardia_utc,"Buy - #EDO

Link :-   https://www.binance.com/en/trade/EDO_BTC

1st target   - 7800
2nd target - 8700
3rd target  - 10000

Buy & hold for #huge profit"
hist-binance-EDO-201911211800,history,announcement,binance,EDO,BTC,1574359211000,2019-11-21T18:00:11Z,2026-10-07T12:53:22Z,history-merge-v1,CPI; Crypto Pump Island; Binance Pump Signals,,,,,,,ardia+lamorgia+pumpsense,ardia_utc,Coin name #EDO
hist-binance-EDO-201912082101,history,announcement,binance,EDO,BTC,1575838911000,2019-12-08T21:01:51Z,2026-10-07T12:53:22Z,history-merge-v1,BPS; BPF; Binance Royal Pump; Hit Pump Angels,,,,,,,ardia+lamorgia+pumpsense,ardia_utc,"COIN IS : EDO

BUY BUY BUY"
hist-binance-EDO-201912161600,history,announcement,binance,EDO,BTC,1576512000000,2019-12-16T16:00:00Z,2026-10-07T12:53:22Z,history-merge-v1,TCG; Trading Crypto Guide,,,,,,,lamorgia+pumpsense,lamorgia_gmt,"Buy #EDO at current price

We done with #RLC #ADX #PHB #MFT

Now it's time for #EDO🚀🚀

Our targets are 40%-2x for short term 🤑🚀"
hist-binance-EDO-202001081705,history,announcement,binance,EDO,BTC,1578503156000,2020-01-08T17:05:56Z,2026-10-07T12:53:22Z,history-merge-v1,Binance Pump Signals; CPI; Crypto Pump Island,,,,,,,ardia+lamorgia+pumpsense,ardia_utc,Coin name #EDO
hist-binance-EDO-202003261559,history,announcement,binance,EDO,BTC,1585238385000,2020-03-26T15:59:45Z,2026-10-07T12:53:22Z,history-merge-v1,TCG; BPF; CW; CPI; Trading Crypto Guide; Binance Royal Pump; Hit Pump Angels; Binance Pump Signals; Bitcoin Pump Group,,,,,,,ardia+lamorgia+pumpsense,ardia_utc,"Buy E_D_O at current price

We done with #NAV #NXS #RDN

Now it's time for #EDO🚀🚀

Our targets are 70%+ for short term 🤑🚀"
hist-binance-EGLD-202102171640,history,announcement,binance,EGLD,BTC,1613580030000,2021-02-17T16:40:30Z,2026-10-07T12:53:22Z,history-merge-v1,The Crypto Express.,,,,,,,ardia,ardia_utc,
hist-binance-EGLD-202104201230,history,announcement,binance,EGLD,BTC,1618921825000,2021-04-20T12:30:25Z,2026-10-07T12:53:22Z,history-merge-v1,Whales Crypto Guide,,,,,,,ardia,ardia_utc,
hist-binance-ELF-201905240757,history,announcement,binance,ELF,BTC,1558684662000,2019-05-24T07:57:42Z,2026-10-07T12:53:22Z,history-merge-v1,Bitcoin Pump Group,,,,,,,ardia,ardia_utc,
hist-binance-ELF-201907310859,history,announcement,binance,ELF,BTC,1564563559000,2019-07-31T08:59:19Z,2026-10-07T12:53:22Z,history-merge-v1,Bitcoin Pump Group,,,,,,,ardia,ardia_utc,
hist-binance-ELF-202004101558,history,announcement,binance,ELF,BTC,1586534304000,2020-04-10T15:58:24Z,2026-10-07T12:53:22Z,history-merge-v1,BPF; Baby Crypto Channel; Crypto Guru; Binance Royal Pump; Hit Pump Angels,,,,,,,ardia+lamorgia+pumpsense,ardia_utc,"OUR Hodl GEM CALL👇

#ELF (aelf)


Bottom Right Now!!

No Matter Where You Bought it Will Jump Sooner🚀

Our Targets : 1100|1250|1350"
hist-binance-ELF-202006271224,history,announcement,binance,ELF,BTC,1593260640000,2020-06-27T12:24:00Z,2026-10-07T12:53:22Z,history-merge-v1,Binance Moon Pump™,,,,,,,ardia,ardia_utc,
hist-binance-ELF-202007241700,history,announcement,binance,ELF,BTC,1595610012000,2020-07-24T17:00:12Z,2026-10-07T12:53:22Z,history-merge-v1,BPF; CPI; Binance Royal Pump; Hit Pump Angels; Binance Pump Signals; Binance Pump Coin,,,,,,,ardia+lamorgia+pumpsense,ardia_utc,"COIN IS: ELF

BUY BUY BUY"
hist-binance-ELF-202103031759,history,announcement,binance,ELF,BTC,1614794369000,2021-03-03T17:59:29Z,2026-10-07T12:53:22Z,history-merge-v1,Binance Moon Pump™,,,,,,,ardia,ardia_utc,
hist-binance-ELF-202104150658,history,announcement,binance,ELF,BTC,1618469891000,2021-04-15T06:58:11Z,2026-10-07T12:53:22Z,history-merge-v1,Crypto Profit Coach™,,,,,,,ardia,ardia_utc,
hist-binance-ELF-202104251404,history,announcement,binance,ELF,BTC,1619359484000,2021-04-25T14:04:44Z,2026-10-07T12:53:22Z,history-merge-v1,Crypto Profit Coach™,,,,,,,ardia,ardia_utc,
hist-binance-ELF-202105011640,history,announcement,binance,ELF,BTC,1619887209000,2021-05-01T16:40:09Z,2026-10-07T12:53:22Z,history-merge-v1,Crypto Profit Coach™,,,,,,,ardia,ardia_utc,
hist-binance-ELF-202105060624,history,announcement,binance,ELF,BTC,1620282274000,2021-05-06T06:24:34Z,2026-10-07T12:53:22Z,history-merge-v1,Binance Pump Tracker™,,,,,,,ardia,ardia_utc,
hist-binance-ELF-202105091427,history,announcement,binance,ELF,BTC,1620570430000,2021-05-09T14:27:10Z,2026-10-07T12:53:22Z,history-merge-v1,Binance Pump Tracker™,,,,,,,ardia,ardia_utc,
hist-binance-ELF-202105181629,history,announcement,binance,ELF,BTC,1621355361000,2021-05-18T16:29:21Z,2026-10-07T12:53:22Z,history-merge-v1,Binance Moon Pump™,,,,,,,ardia,ardia_utc,
hist-binance-ELF-202105210814,history,announcement,binance,ELF,BTC,1621584845000,2021-05-21T08:14:05Z,2026-10-07T12:53:22Z,history-merge-v1,The Crypto Express.,,,,,,,ardia,ardia_utc,
hist-binance-ELF-202106060848,history,announcement,binance,ELF,BTC,1622969281000,2021-06-06T08:48:01Z,2026-10-07T12:53:22Z,history-merge-v1,Binance Moon Pump™,,,,,,,ardia,ardia_utc,
hist-binance-ELF-202106241555,history,announcement,binance,ELF,BTC,1624550108000,2021-06-24T15:55:08Z,2026-10-07T12:53:22Z,history-merge-v1,Binance Moon Pump™,,,,,,,ardia,ardia_utc,
hist-binance-ELF-202111260419,history,announcement,binance,ELF,BTC,1637900373000,2021-11-26T04:19:33Z,2026-10-07T12:53:22Z,history-merge-v1,Binance Pump Tracker™,,,,,,,ardia,ardia_utc,
hist-binance-ELF-202112021930,history,announcement,binance,ELF,BTC,1638473413000,2021-12-02T19:30:13Z,2026-10-07T12:53:22Z,history-merge-v1,Binance Pump Tracker™,,,,,,,ardia,ardia_utc,
hist-binance-ELF-202201171746,history,announcement,binance,ELF,BTC,1642441591000,2022-01-17T17:46:31Z,2026-10-07T12:53:22Z,history-merge-v1,Binance Pump Tracker™,,,,,,,ardia,ardia_utc,
hist-binance-ENG-201902041600,history,announcement,binance,ENG,BTC,1549296020000,2019-02-04T16:00:20Z,2026-10-07T12:53:22Z,history-merge-v1,Crypto Guru; Baby Crypto Channel,,,,,,,pumpsense,pumpsense_minus_2h,"#ENG (Enigma)

https://www.binance.com/en/trade/ENG_BTC

Make Sure you Guys will Buy Fast and #Hold for Maximum Profit🚀

👉Target : 20%|35%👈"
hist-binance-ENG-201908071230,history,announcement,binance,ENG,BTC,1565181005000,2019-08-07T12:30:05Z,2026-10-07T12:53:22Z,history-merge-v1,Pro Analysis,,,,,,,ardia,ardia_utc,
hist-binance-ENJ-202106031255,history,announcement,binance,ENJ,BTC,1622724903000,2021-06-03T12:55:03Z,2026-10-07T12:53:22Z,history-merge-v1,Pumping 🚀 Star 🌟,,,,,,,ardia,ardia_utc,
hist-binance-ENJ-202203310730,history,announcement,binance,ENJ,USDT,1648711805000,2022-03-31T07:30:05Z,2026-10-07T12:53:22Z,history-merge-v1,Wisdom Community ( Crypto Won ),,,,,,,pumpsense,pumpsense_minus_2h,"Wisdom Pump : ENJ 10x fastest

Use capital : 80% for buying

Target : Moon💫

#Allbullish"
hist-binance-EOS-201907241054,history,announcement,binance,EOS,BTC,1563965694000,2019-07-24T10:54:54Z,2026-10-07T12:53:22Z,history-merge-v1,Bitcoin Pump Group,,,,,,,ardia,ardia_utc,
hist-binance-EOS-202102031114,history,announcement,binance,EOS,BTC,1612350866000,2021-02-03T11:14:26Z,2026-10-07T12:53:22Z,history-merge-v1,APE crypto,,,,,,,ardia,ardia_utc,
hist-binance-EOS-202102042118,history,announcement,binance,EOS,BTC,1612473529000,2021-02-04T21:18:49Z,2026-10-07T12:53:22Z,history-merge-v1,Bamp,,,,,,,ardia,ardia_utc,
hist-binance-EOS-202102052314,history,announcement,binance,EOS,BTC,1612566851000,2021-02-05T23:14:11Z,2026-10-07T12:53:22Z,history-merge-v1,Satoshi Street Bets,,,,,,,ardia,ardia_utc,
hist-binance-EOS-202102091728,history,announcement,binance,EOS,BTC,1612891722000,2021-02-09T17:28:42Z,2026-10-07T12:53:22Z,history-merge-v1,APE crypto,,,,,,,ardia,ardia_utc,
hist-binance-EOS-202102101047,history,announcement,binance,EOS,BTC,1612954079000,2021-02-10T10:47:59Z,2026-10-07T12:53:22Z,history-merge-v1,APE crypto,,,,,,,ardia,ardia_utc,
hist-binance-EOS-202102111922,history,announcement,binance,EOS,BTC,1613071344000,2021-02-11T19:22:24Z,2026-10-07T12:53:22Z,history-merge-v1,APE crypto,,,,,,,ardia,ardia_utc,
hist-binance-EOS-202102120343,history,announcement,binance,EOS,BTC,1613101381000,2021-02-12T03:43:01Z,2026-10-07T12:53:22Z,history-merge-v1,APE crypto,,,,,,,ardia,ardia_utc,
hist-binance-EOS-202102122321,history,announcement,binance,EOS,BTC,1613172117000,2021-02-12T23:21:57Z,2026-10-07T12:53:22Z,history-merge-v1,APE crypto,,,,,,,ardia,ardia_utc,
hist-binance-EOS-202102190540,history,announcement,binance,EOS,BTC,1613713250000,2021-02-19T05:40:50Z,2026-10-07T12:53:22Z,history-merge-v1,Whales Crypto Guide,,,,,,,ardia,ardia_utc,
hist-binance-EOS-202104011726,history,announcement,binance,EOS,BTC,1617297998000,2021-04-01T17:26:38Z,2026-10-07T12:53:22Z,history-merge-v1,The Bull,,,,,,,ardia,ardia_utc,
hist-binance-EOS-202106011521,history,announcement,binance,EOS,BTC,1622560870000,2021-06-01T15:21:10Z,2026-10-07T12:53:22Z,history-merge-v1,Whales Crypto Guide,,,,,,,ardia,ardia_utc,
hist-binance-EPS-202111081412,history,announcement,binance,EPS,BTC,1636380722000,2021-11-08T14:12:02Z,2026-10-07T12:53:22Z,history-merge-v1,Binance Pump Tracker™,,,,,,,ardia,ardia_utc,
hist-binance-ETC-202104181728,history,announcement,binance,ETC,BTC,1618766927000,2021-04-18T17:28:47Z,2026-10-07T12:53:22Z,history-merge-v1,Binance Global Türkçe,,,,,,,ardia,ardia_utc,
hist-binance-EVX-201804021630,history,announcement,binance,EVX,BTC,1522686600000,2018-04-02T16:30:00Z,2026-10-07T12:53:22Z,history-merge-v1,FCS,,,,,,,lamorgia,lamorgia_gmt,
hist-binance-EVX-201805201900,history,announcement,binance,EVX,BTC,1526842804000,2018-05-20T19:00:04Z,2026-10-07T12:53:22Z,history-merge-v1,Binance Crypto Pumps,,,,,,,pumpsense,pumpsense_minus_2h,EVX
hist-binance-EVX-201806191530,history,announcement,binance,EVX,BTC,1529422200000,2018-06-19T15:30:00Z,2026-10-07T12:53:22Z,history-merge-v1,TCC,,,,,,,lamorgia,lamorgia_gmt,
hist-binance-EVX-201807231505,history,announcement,binance,EVX,BTC,1532358329000,2018-07-23T15:05:29Z,2026-10-07T12:53:22Z,history-merge-v1,Binance Trading 360; Binance Profit Signal,,,,,,,pumpsense,pumpsense_minus_2h,"✈️✈️✈️EVX✈️✈️✈️
 coin is our Pump coin!👍👍👍

✅✅
Buy it now
It will go huge as it announce in public after 1 hour then sell it fast!!💹💹📶📶🏧🏧💵💰"
hist-binance-EVX-201807261600,history,announcement,binance,EVX,BTC,1532620801000,2018-07-26T16:00:01Z,2026-10-07T12:53:22Z,history-merge-v1,Binance Profit Signal,,,,,,,pumpsense,pumpsense_minus_2h,"BIG PUMP SIGNAL  🔥🔥🔥

Coin ~ # EVX

BUY AND HOLD IT. TODAY WILL BE THE DAY OF #EVX

https://www.binance.com/vn/trade/EVX_BTC"
hist-binance-EVX-201808201429,history,announcement,binance,EVX,BTC,1534775340000,2018-08-20T14:29:00Z,2026-10-07T12:53:22Z,history-merge-v1,Altcoins Trading Signals,,,,,,,pumpsense,pumpsense_minus_2h,https://www.binance.com/en/trade/pro/evx_BTC
hist-binance-EVX-201808241605,history,announcement,binance,EVX,BTC,1535126709000,2018-08-24T16:05:09Z,2026-10-07T12:53:22Z,history-merge-v1,Binance Trading 360,,,,,,,pumpsense,pumpsense_minus_2h,"✈️✈️✈️EVX✈️✈️✈️
 coin is our Pump coin!👍👍👍

✅✅
Buy it now
It will go huge as it announce in public after 1 hour then sell it fast!!💹💹📶📶🏧🏧💵💰"
hist-binance-EVX-201810061900,history,announcement,binance,EVX,BTC,1538852400000,2018-10-06T19:00:00Z,2026-10-07T12:53:22Z,history-merge-v1,Binance Trading 360; BPS; BPF; Hit Pump Angels,,,,,,,lamorgia+pumpsense,lamorgia_gmt,"✈️✈️✈️EVX✈️✈️✈️
 coin is our Pump coin!👍👍👍

✅✅
Buy it now
It will go huge as it announce in public after 1 hour then sell it fast!!💹💹📶📶🏧🏧💵💰"
hist-binance-EVX-201811071800,history,announcement,binance,EVX,BTC,1541613600000,2018-11-07T18:00:00Z,2026-10-07T12:53:22Z,history-merge-v1,BPF; Hit Pump Angels,,,,,,,lamorgia+pumpsense,lamorgia_gmt,COIN IS : EVX
hist-binance-EVX-201811201700,history,announcement,binance,EVX,BTC,1542733200000,2018-11-20T17:00:00Z,2026-10-07T12:53:22Z,history-merge-v1,BPG,,,,,,,lamorgia,lamorgia_gmt,
hist-binance-EVX-201812101700,history,announcement,binance,EVX,BTC,1544461200000,2018-12-10T17:00:00Z,2026-10-07T12:53:22Z,history-merge-v1,BPG; BPF; Binance Profit Signal; Hit Pump Angels; Binance Crypto Pumps,,,,,,,lamorgia+pumpsense,lamorgia_gmt,"https://www.tradingview.com/x/oZJyoTRR/
🌹Coin ~ # EVX

 🌹TARGET 1:  7200
        TARGET 2:  8300

EVX looks good right now. It wants to break out our triangle and go to the moon.
It's on the strong support at this time. Time for it wake up. 🔥🔥
It's also a very good project with a great dev team. 
Ti"
hist-binance-EVX-201901081600,history,announcement,binance,EVX,BTC,1546963200000,2019-01-08T16:00:00Z,2026-10-07T12:53:22Z,history-merge-v1,BPG; BPF; Binance Profit Signal; Hit Pump Angels; Bitcoin Pump Group,,,,,,,ardia+lamorgia+pumpsense,ardia_utc,"https://www.tradingview.com/x/PpCRxgFo/

🌹Coin ~ # EVX

 🌹TARGET 1:  7100
        TARGET 2:  8300

After break out our triangle, EVX is come back to testing it again.
Now it's time for it wake up and go to the moon...
It's also a very good project with a great dev team. 
Time to buy it and get more "
hist-binance-EVX-201902281800,history,announcement,binance,EVX,BTC,1551376813000,2019-02-28T18:00:13Z,2026-10-07T12:53:22Z,history-merge-v1,𝘾𝙧𝙮𝙥𝙩𝙤 𝙂𝙪𝙧𝙪® 𝘽𝙞𝙣𝙖𝙣𝙘𝙚 𝙎𝙞𝙜𝙣𝙖𝙡𝙨,,,,,,,ardia,ardia_utc,
hist-binance-EVX-201903260837,history,announcement,binance,EVX,BTC,1553589440000,2019-03-26T08:37:20Z,2026-10-07T12:53:22Z,history-merge-v1,Crypto Tree 🎄,,,,,,,ardia,ardia_utc,
hist-binance-EVX-201905310841,history,announcement,binance,EVX,BTC,1559292068000,2019-05-31T08:41:08Z,2026-10-07T12:53:22Z,history-merge-v1,Bitcoin Pump Group,,,,,,,ardia,ardia_utc,
hist-binance-EVX-202003211639,history,announcement,binance,EVX,BTC,1584808740000,2020-03-21T16:39:00Z,2026-10-07T12:53:22Z,history-merge-v1,CW,,,,,,,lamorgia,lamorgia_gmt,
hist-binance-EVX-202006241600,history,announcement,binance,EVX,BTC,1593014422000,2020-06-24T16:00:22Z,2026-10-07T12:53:22Z,history-merge-v1,CW; CPI; Crypto Pump Island; Binance Pump Signals; Binance Signals; Binance Crypto Pump Signals; Binance Pump Coin; Bitcoin Pump Group,,,,,,,ardia+lamorgia+pumpsense,ardia_utc,Pump coin name : #evx
hist-binance-EVX-202006301335,history,announcement,binance,EVX,BTC,1593524136000,2020-06-30T13:35:36Z,2026-10-07T12:53:22Z,history-merge-v1,Crypto World Coach™,,,,,,,ardia,ardia_utc,
hist-binance-EVX-202007090823,history,announcement,binance,EVX,BTC,1594283005000,2020-07-09T08:23:25Z,2026-10-07T12:53:22Z,history-merge-v1,Binance Moon Pump™,,,,,,,ardia,ardia_utc,
hist-binance-EVX-202012261800,history,announcement,binance,EVX,BTC,1609005600000,2020-12-26T18:00:00Z,2026-10-07T12:53:22Z,history-merge-v1,TWP; Hit Pump Angels,,,,,,,lamorgia+pumpsense,lamorgia_gmt,"COIN IS : EVX

🚀BUY BUY BUY🚀"
hist-binance-EVX-202012291800,history,announcement,binance,EVX,BTC,1609264800000,2020-12-29T18:00:00Z,2026-10-07T12:53:22Z,history-merge-v1,TWP; BPF; Hit Pump Angels; Bitcoin Pump Group,,,,,,,lamorgia+pumpsense,lamorgia_gmt,"COIN IS : EVX

🚀BUY BUY BUY🚀"
hist-binance-EVX-202101092100,history,announcement,binance,EVX,BTC,1610226000000,2021-01-09T21:00:00Z,2026-10-07T12:53:22Z,history-merge-v1,BPS; BPF; Hit Pump Angels; WHALE BINANCE GROUP PUMP; Binance Crypto Pumps; Binance Trading 360,,,,,,,lamorgia+pumpsense,lamorgia_gmt,"COIN IS : EVX

🚀BUY BUY BUY🚀"
hist-binance-EVX-202101230901,history,announcement,binance,EVX,BTC,1611392494000,2021-01-23T09:01:34Z,2026-10-07T12:53:22Z,history-merge-v1,Binance Moon Pump™,,,,,,,ardia,ardia_utc,
hist-binance-EVX-202101301600,history,announcement,binance,EVX,BTC,1612022402000,2021-01-30T16:00:02Z,2026-10-07T12:53:22Z,history-merge-v1,Crypto SignalT,,,,,,,pumpsense,pumpsense_minus_2h,"#EVX Hidden Defi Gem Signal

#EVX is Going To Perform Crazy Today Beacuse The Huge Global Fomo & Massive Volt Coming In🚀🚀

This Trendy Coin Is Sitting At Bottom

https://www.binance.com/en/trade/EVX_BTC?layout=pro"
hist-binance-EVX-202105111556,history,announcement,binance,EVX,BTC,1620748582000,2021-05-11T15:56:22Z,2026-10-07T12:53:22Z,history-merge-v1,Binance Moon Pump™,,,,,,,ardia,ardia_utc,
hist-binance-EVX-202105221700,history,announcement,binance,EVX,BTC,1621702809000,2021-05-22T17:00:09Z,2026-10-07T12:53:22Z,history-merge-v1,Elon Mars Pumps,,,,,,,ardia,ardia_utc,
hist-binance-EVX-202107251529,history,announcement,binance,EVX,BTC,1627226970000,2021-07-25T15:29:30Z,2026-10-07T12:53:22Z,history-merge-v1,Binance Moon Pump™,,,,,,,ardia,ardia_utc,
hist-binance-EVX-202108050402,history,announcement,binance,EVX,BTC,1628136170000,2021-08-05T04:02:50Z,2026-10-07T12:53:22Z,history-merge-v1,Binance Moon Pump™,,,,,,,ardia,ardia_utc,
hist-binance-EVX-202109221424,history,announcement,binance,EVX,BTC,1632320642000,2021-09-22T14:24:02Z,2026-10-07T12:53:22Z,history-merge-v1,Binance Moon Pump™,,,,,,,ardia,ardia_utc,
hist-binance-EVX-202110031651,history,announcement,binance,EVX,BTC,1633279888000,2021-10-03T16:51:28Z,2026-10-07T12:53:22Z,history-merge-v1,Binance Royal Pump,,,,,,,ardia,ardia_utc,
hist-binance-EVX-202110211124,history,announcement,binance,EVX,BTC,1634815472000,2021-10-21T11:24:32Z,2026-10-07T12:53:22Z,history-merge-v1,Binance Pump Tracker™,,,,,,,ardia,ardia_utc,
hist-binance-EVX-202110241700,history,announcement,binance,EVX,BTC,1635094807000,2021-10-24T17:00:07Z,2026-10-07T12:53:22Z,history-merge-v1,Coin Coach Signals; Mega Signals Group; Crypto Binance Trading | Signals & Pumps; Baby Crypto Channel; Crypto Guru; WHALE BINANCE GROUP PUMP; Binance Crypto Pumps; Binance Crypto Pump Signals; Crypto Signals; Crypto Coin Pump Signals; Cryptic Trading; Bitcoin Pump Group,,,,,,,ardia+pumpsense,ardia_utc,"The coin we have picked to pump today is :  #EVX

EVX is looking perfect for a massive pump right now!"
hist-binance-EVX-202111111229,history,announcement,binance,EVX,BTC,1636633763000,2021-11-11T12:29:23Z,2026-10-07T12:53:22Z,history-merge-v1,Binance Pump Tracker™,,,,,,,ardia,ardia_utc,
hist-binance-EVX-202111121600,history,announcement,binance,EVX,BTC,1636732807000,2021-11-12T16:00:07Z,2026-10-07T12:53:22Z,history-merge-v1,Trading Crypto Guide; Whales Crypto Expert™,,,,,,,ardia+pumpsense,ardia_utc,"Buying #EVX Now.

The coin we have picked today is :  #EVX

EVX is looking perfect for a massive pump right now!

https://www.binance.com/en/trade/EVX_BTC"
hist-binance-EZ-202107071833,history,announcement,binance,EZ,BTC,1625682801000,2021-07-07T18:33:21Z,2026-10-07T12:53:22Z,history-merge-v1,Binance Moon Pump™,,,,,,,ardia,ardia_utc,
hist-binance-EZ-202108081700,history,announcement,binance,EZ,BTC,1628442010000,2021-08-08T17:00:10Z,2026-10-07T12:53:22Z,history-merge-v1,Mega Signals Group; Kucoin Pump Signals | Crypto Trading; Binance Trading 360; Cryptic Trading; Crypto Coin Pump Signals,,,,,,,ardia+pumpsense,ardia_utc,"Coin is :   ' EZ '

Expected spike: 70-100% 
Ride the waves to the moon🚀🚀🚀🚀"
hist-binance-EZ-202110031700,history,announcement,binance,EZ,BTC,1633280407000,2021-10-03T17:00:07Z,2026-10-07T12:53:22Z,history-merge-v1,Coin Coach Signals; Mega Signals Group; WallStreetBets Events 🛸; Baby Crypto Channel; Crypto Guru; Binance Crypto Pumps; Cryptic Trading; Crypto Coin Pump Signals,,,,,,,ardia+pumpsense,ardia_utc,Coin is: EZ
hist-binance-EZ-202110311700,history,announcement,binance,EZ,BTC,1635699605000,2021-10-31T17:00:05Z,2026-10-07T12:53:22Z,history-merge-v1,Coin Coach Signals; Mega Signals Group; Crypto Binance Trading | Signals & Pumps; Baby Crypto Channel; Crypto Guru; Binance Crypto Pumps; WHALE BINANCE GROUP PUMP; Binance Crypto Pump Signals; Cryptic Trading; Crypto Coin Pump Signals,,,,,,,ardia+pumpsense,ardia_utc,Coin is: EZ
hist-binance-FET-201905241602,history,announcement,binance,FET,BTC,1558713721000,2019-05-24T16:02:01Z,2026-10-07T12:53:22Z,history-merge-v1,Crypto Advisor,,,,,,,ardia,ardia_utc,
hist-binance-FET-202002120945,history,announcement,binance,FET,BTC,1581500734000,2020-02-12T09:45:34Z,2026-10-07T12:53:22Z,history-merge-v1,Crypto Lion's™,,,,,,,ardia,ardia_utc,
hist-binance-FIL-202104090904,history,announcement,binance,FIL,BTC,1617959076000,2021-04-09T09:04:36Z,2026-10-07T12:53:22Z,history-merge-v1,Whales Crypto Guide,,,,,,,ardia,ardia_utc,
hist-binance-FIO-202102041700,history,announcement,binance,FIO,BTC,1612458013000,2021-02-04T17:00:13Z,2026-10-07T12:53:22Z,history-merge-v1,Hit Pump Angels; Binance Trading 360,,,,,,,pumpsense,pumpsense_minus_2h,"COIN IS : FIO

💣BUY BUY BUY💣"
hist-binance-FIO-202102190942,history,announcement,binance,FIO,BTC,1613727742000,2021-02-19T09:42:22Z,2026-10-07T12:53:22Z,history-merge-v1,Crypto Profit Coach™,,,,,,,ardia,ardia_utc,
hist-binance-FIO-202106131701,history,announcement,binance,FIO,BTC,1623603685000,2021-06-13T17:01:25Z,2026-10-07T12:53:22Z,history-merge-v1,Binance Pump Signals; Binance Crypto Pumps,,,,,,,ardia+pumpsense,ardia_utc,COIN IS : FIO
hist-binance-FIO-202109231420,history,announcement,binance,FIO,BTC,1632406824000,2021-09-23T14:20:24Z,2026-10-07T12:53:22Z,history-merge-v1,Binance Moon Pump™,,,,,,,ardia,ardia_utc,
hist-binance-FIRO-202111031625,history,announcement,binance,FIRO,BTC,1635956754000,2021-11-03T16:25:54Z,2026-10-07T12:53:22Z,history-merge-v1,premium binance signals turkey,,,,,,,ardia,ardia_utc,
hist-binance-FIS-202104280418,history,announcement,binance,FIS,BTC,1619583509000,2021-04-28T04:18:29Z,2026-10-07T12:53:22Z,history-merge-v1,Binance Pump Tracker™,,,,,,,ardia,ardia_utc,
hist-binance-FIS-202107071906,history,announcement,binance,FIS,BTC,1625684780000,2021-07-07T19:06:20Z,2026-10-07T12:53:22Z,history-merge-v1,Binance Moon Pump™,,,,,,,ardia,ardia_utc,
hist-binance-FOR-202101301020,history,announcement,binance,FOR,BTC,1612002015000,2021-01-30T10:20:15Z,2026-10-07T12:53:22Z,history-merge-v1,Binance Moon Pump™,,,,,,,ardia,ardia_utc,
hist-binance-FOR-202107181834,history,announcement,binance,FOR,BTC,1626633276000,2021-07-18T18:34:36Z,2026-10-07T12:53:22Z,history-merge-v1,Binance Moon Pump™,,,,,,,ardia,ardia_utc,
hist-binance-FOR-202107250424,history,announcement,binance,FOR,BTC,1627187098000,2021-07-25T04:24:58Z,2026-10-07T12:53:22Z,history-merge-v1,The Crypto Express.,,,,,,,ardia,ardia_utc,
hist-binance-FOR-202108171203,history,announcement,binance,FOR,BTC,1629201817000,2021-08-17T12:03:37Z,2026-10-07T12:53:22Z,history-merge-v1,Whales Crypto Guide,,,,,,,ardia,ardia_utc,
hist-binance-FOR-202108211304,history,announcement,binance,FOR,BTC,1629551055000,2021-08-21T13:04:15Z,2026-10-07T12:53:22Z,history-merge-v1,Whales Crypto Guide,,,,,,,ardia,ardia_utc,
hist-binance-FOR-202110241400,history,announcement,binance,FOR,BTC,1635084001000,2021-10-24T14:00:01Z,2026-10-07T12:53:22Z,history-merge-v1,🐳WHALE BINANCE GROUP PUMP 🐳,,,,,,,ardia,ardia_utc,
hist-binance-FOR-202111280709,history,announcement,binance,FOR,BTC,1638083371000,2021-11-28T07:09:31Z,2026-10-07T12:53:22Z,history-merge-v1,Binance Pump Tracker™,,,,,,,ardia,ardia_utc,
hist-binance-FTM-202002121627,history,announcement,binance,FTM,BTC,1581524832000,2020-02-12T16:27:12Z,2026-10-07T12:53:22Z,history-merge-v1,Crypto Tree 🎄,,,,,,,ardia,ardia_utc,
hist-binance-FUEL-202003272100,history,announcement,binance,FUEL,BTC,1585342800000,2020-03-27T21:00:00Z,2026-10-07T12:53:22Z,history-merge-v1,CCB; Bitcoin Pump Group,,,,,,,lamorgia+pumpsense,lamorgia_gmt,Coin name : #FUEL
hist-binance-FUN-201906301823,history,announcement,binance,FUN,BTC,1561919033000,2019-06-30T18:23:53Z,2026-10-07T12:53:22Z,history-merge-v1,Cryptocurrency: Wolf Posting 🚀,,,,,,,ardia,ardia_utc,
hist-binance-FUN-202108021200,history,announcement,binance,FUN,BTC,1627905603000,2021-08-02T12:00:03Z,2026-10-07T12:53:22Z,history-merge-v1,Baby Crypto Channel; Crypto Guru,,,,,,,pumpsense,pumpsense_minus_2h,"🚨VIP GEM UPDATE🚨

COIN: 🔥$FUN/BTC🔥
Exchange: Binance

One of the strongest if not the absolute strongest projects we've seen in years, a team worthy of a multi-billion dollar Silicon Valley startup, a market cap below $200 Million and a chart that would make BTC at $3,300 cry🔥

TAGRETS: 120 - 180 - "
hist-binance-FUN-202109091400,history,announcement,binance,FUN,BTC,1631196008000,2021-09-09T14:00:08Z,2026-10-07T12:53:22Z,history-merge-v1,Binance Pump Tracker™,,,,,,,ardia,ardia_utc,
hist-binance-FXS-202104290651,history,announcement,binance,FXS,BTC,1619679072000,2021-04-29T06:51:12Z,2026-10-07T12:53:22Z,history-merge-v1,Binance Pump Tracker™,,,,,,,ardia,ardia_utc,
hist-binance-FXS-202105041825,history,announcement,binance,FXS,BTC,1620152745000,2021-05-04T18:25:45Z,2026-10-07T12:53:22Z,history-merge-v1,Binance Pump Tracker™,,,,,,,ardia,ardia_utc,
hist-binance-FXS-202109191700,history,announcement,binance,FXS,BTC,1632070811000,2021-09-19T17:00:11Z,2026-10-07T12:53:22Z,history-merge-v1,Kucoin Pump Signals | Crypto Trading; Coin Coach Signals; Mega Signals Group; Baby Crypto Channel; Crypto Guru; Binance Crypto Pumps; WHALE BINANCE GROUP PUMP; Cryptic Trading; Crypto Coin Pump Signals; Bitcoin Pump Group,,,,,,,ardia+pumpsense,ardia_utc,COIN IS : FXS
hist-binance-FXS-202111281548,history,announcement,binance,FXS,BTC,1638114530000,2021-11-28T15:48:50Z,2026-10-07T12:53:22Z,history-merge-v1,Binance Pump Tracker™,,,,,,,ardia,ardia_utc,
hist-binance-GAS-202007011112,history,announcement,binance,GAS,BTC,1593601929000,2020-07-01T11:12:09Z,2026-10-07T12:53:22Z,history-merge-v1,Binance Moon Pump™,,,,,,,ardia,ardia_utc,
hist-binance-GAS-202007020923,history,announcement,binance,GAS,BTC,1593681832000,2020-07-02T09:23:52Z,2026-10-07T12:53:22Z,history-merge-v1,Binance Moon Pump™,,,,,,,ardia,ardia_utc,
hist-binance-GAS-202008210928,history,announcement,binance,GAS,BTC,1598002085000,2020-08-21T09:28:05Z,2026-10-07T12:53:22Z,history-merge-v1,Binance Moon Pump™,,,,,,,ardia,ardia_utc,
hist-binance-GNT-201905240639,history,announcement,binance,GNT,BTC,1558679944000,2019-05-24T06:39:04Z,2026-10-07T12:53:22Z,history-merge-v1,Bitcoin Pump Group,,,,,,,ardia,ardia_utc,
hist-binance-GNT-202001101800,history,announcement,binance,GNT,BTC,1578679209000,2020-01-10T18:00:09Z,2026-10-07T12:53:22Z,history-merge-v1,CPI; Crypto Pump Island; Binance Pump Signals,,,,,,,ardia+lamorgia+pumpsense,ardia_utc,Coin name #GNT
hist-binance-GNT-202004101600,history,announcement,binance,GNT,BTC,1586534405000,2020-04-10T16:00:05Z,2026-10-07T12:53:22Z,history-merge-v1,CW; CPI; Binance Waves; Binance Pump Signals; Bitcoin Pump Group,,,,,,,ardia+lamorgia+pumpsense,ardia_utc,Pump coin #gnt
hist-binance-GNT-202007071734,history,announcement,binance,GNT,BTC,1594143283000,2020-07-07T17:34:43Z,2026-10-07T12:53:22Z,history-merge-v1,Binance Moon Pump™,,,,,,,ardia,ardia_utc,
hist-binance-GO-202007101600,history,announcement,binance,GO,BTC,1594396807000,2020-07-10T16:00:07Z,2026-10-07T12:53:22Z,history-merge-v1,Crypto SignalT,,,,,,,pumpsense,pumpsense_minus_2h,"#GO  #GO  #GO

Buy Here 

Let's spike with our WHALES 💪🐋🐳🚀

#GO is going to perform Great today bcoz of the huge Fomo & massive big volume coming in👌👍✈️🚀🚀

BUY FAST FAST FAST

https://www.binance.com/en/trade/GO_BTC"
hist-binance-GRS-201805100600,history,announcement,binance,GRS,BTC,1525932000000,2018-05-10T06:00:00Z,2026-10-07T12:53:22Z,history-merge-v1,Altcoins Trading Signals,,,,,,,pumpsense,pumpsense_minus_2h,"Coin name :  GRS 

https://www.binance.com/trade.html?symbol=GRS_BTC
Listing News Exchange"
hist-binance-GRS-201810241900,history,announcement,binance,GRS,BTC,1540407600000,2018-10-24T19:00:00Z,2026-10-07T12:53:22Z,history-merge-v1,WCG; BPF; Crypto Fox; Whales Crypto Guide; Hit Pump Angels,,,,,,,lamorgia+pumpsense,lamorgia_gmt,"#BinanceSignalEvent

The coin we picked today is $GRS

Link :- https://www.binance.com/en/trade/GRS_BTC

This coin has a lot of news coming up and is going to have a great surge up soon. we will see a big spike (30%-60%+) After the spike there will be a small drop. Be sure to buy that dip and contin"
hist-binance-GRS-201902021759,history,announcement,binance,GRS,BTC,1549130394000,2019-02-02T17:59:54Z,2026-10-07T12:53:22Z,history-merge-v1,Mega Pump Group; BPF; Hit Pump Angels; Bitcoin Pump Group,,,,,,,ardia+lamorgia+pumpsense,ardia_utc,COIN IS : GRS
hist-binance-GRS-201903051630,history,announcement,binance,GRS,BTC,1551803415000,2019-03-05T16:30:15Z,2026-10-07T12:53:22Z,history-merge-v1,MPG; BPF; Wolf of trading Signals; Binance Crypto Signals; Coin Coach Signals; Mega Signals Group; Hit Pump Angels; Bitcoin Pump Group,,,,,,,ardia+lamorgia+pumpsense,ardia_utc,"ALRIGHT GUYS! WAIT IS OVER!!
OUR BINANCE TITANIC SIGNAL IS HERE FOR YOU!!

THE COIN NAME IS #GRS

https://www.binance.com/en/trade/GRS_BTC

OUR TARGETS ! IS ABOVE 300% TO 500%

#GRS Targets:- 24000- 30000 satoshi"
hist-binance-GRS-201907231621,history,announcement,binance,GRS,BTC,1563898891000,2019-07-23T16:21:31Z,2026-10-07T12:53:22Z,history-merge-v1,Crypto Tree 🎄,,,,,,,ardia,ardia_utc,
hist-binance-GRS-201910151600,history,announcement,binance,GRS,BTC,1571155226000,2019-10-15T16:00:26Z,2026-10-07T12:53:22Z,history-merge-v1,Cryptonians (Free Signals and News Update),,,,,,,ardia,ardia_utc,
hist-binance-GRS-201910301209,history,announcement,binance,GRS,BTC,1572437380000,2019-10-30T12:09:40Z,2026-10-07T12:53:22Z,history-merge-v1,Crypto Lion's™,,,,,,,ardia,ardia_utc,
hist-binance-GRS-202004021600,history,announcement,binance,GRS,BTC,1585843205000,2020-04-02T16:00:05Z,2026-10-07T12:53:22Z,history-merge-v1,TCG; CW; Trading Crypto Guide; BPF; CPI; Binance Royal Pump; Hit Pump Angels; WHALE BINANCE GROUP PUMP; Binance Pump Signals; Bitcoin Pump Group,,,,,,,ardia+lamorgia+pumpsense,ardia_utc,"Coin is   ' G R S '
Expected Gain: 70-100%"
hist-binance-GRS-202006291507,history,announcement,binance,GRS,BTC,1593443277000,2020-06-29T15:07:57Z,2026-10-07T12:53:22Z,history-merge-v1,Crypto World Coach™,,,,,,,ardia,ardia_utc,
hist-binance-GRS-202103051600,history,announcement,binance,GRS,BTC,1614960001000,2021-03-05T16:00:01Z,2026-10-07T12:53:22Z,history-merge-v1,Technical CRYPTO Analyst,,,,,,,ardia,ardia_utc,
hist-binance-GRS-202104250940,history,announcement,binance,GRS,BTC,1619343632000,2021-04-25T09:40:32Z,2026-10-07T12:53:22Z,history-merge-v1,Binance Pump Tracker™,,,,,,,ardia,ardia_utc,
hist-binance-GRS-202107241658,history,announcement,binance,GRS,BTC,1627145929000,2021-07-24T16:58:49Z,2026-10-07T12:53:22Z,history-merge-v1,American Whales,,,,,,,ardia,ardia_utc,
hist-binance-GRS-202110261515,history,announcement,binance,GRS,BTC,1635261337000,2021-10-26T15:15:37Z,2026-10-07T12:53:22Z,history-merge-v1,Binance Pump Tracker™,,,,,,,ardia,ardia_utc,
hist-binance-GRS-202111281601,history,announcement,binance,GRS,BTC,1638115280000,2021-11-28T16:01:20Z,2026-10-07T12:53:22Z,history-merge-v1,Binance Pump Tracker™,,,,,,,ardia,ardia_utc,
hist-binance-GRS-202112061600,history,announcement,binance,GRS,BTC,1638806404000,2021-12-06T16:00:04Z,2026-10-07T12:53:22Z,history-merge-v1,Trading Crypto Guide; Whales Crypto Expert™,,,,,,,ardia+pumpsense,ardia_utc,"Powerful TA + FA Based Call

#GRS on Binance

https://www.binance.com/en/trade/GRS_BTC?layout=pro"
hist-binance-GRT-202102022108,history,announcement,binance,GRT,BTC,1612300094000,2021-02-02T21:08:14Z,2026-10-07T12:53:22Z,history-merge-v1,Crypto Pump Signals,,,,,,,ardia,ardia_utc,
hist-binance-GTO-201903250701,history,announcement,binance,GTO,BTC,1553497295000,2019-03-25T07:01:35Z,2026-10-07T12:53:22Z,history-merge-v1,Crypto Tree 🎄,,,,,,,ardia,ardia_utc,
hist-binance-GTO-202005211559,history,announcement,binance,GTO,BTC,1590076770000,2020-05-21T15:59:30Z,2026-10-07T12:53:22Z,history-merge-v1,CW; CPI; Crypto Pump Island,,,,,,,ardia+lamorgia,ardia_utc,
hist-binance-GTO-202011031600,history,announcement,binance,GTO,BTC,1604419214000,2020-11-03T16:00:14Z,2026-10-07T12:53:22Z,history-merge-v1,CPI; Crypto Pump Island,,,,,,,ardia+lamorgia,ardia_utc,
hist-binance-GTO-202103190904,history,announcement,binance,GTO,BTC,1616144676000,2021-03-19T09:04:36Z,2026-10-07T12:53:22Z,history-merge-v1,The Bull,,,,,,,ardia,ardia_utc,
hist-binance-GTO-202109121240,history,announcement,binance,GTO,BTC,1631450438000,2021-09-12T12:40:38Z,2026-10-07T12:53:22Z,history-merge-v1,Binance Moon Pump™,,,,,,,ardia,ardia_utc,
hist-binance-GTO-202110051254,history,announcement,binance,GTO,BTC,1633438496000,2021-10-05T12:54:56Z,2026-10-07T12:53:22Z,history-merge-v1,Binance Moon Pump™,,,,,,,ardia,ardia_utc,
hist-binance-GVT-201801132000,history,announcement,binance,GVT,BTC,1515873600000,2018-01-13T20:00:00Z,2026-10-07T12:53:22Z,history-merge-v1,BPS,,,,,,,lamorgia,lamorgia_gmt,
hist-binance-GVT-202004041558,history,announcement,binance,GVT,BTC,1586015904000,2020-04-04T15:58:24Z,2026-10-07T12:53:22Z,history-merge-v1,Coin Coach Signals; Binance Royal Pump; Baby Crypto Channel; BPF; Hit Pump Angels; Crypto Guru; Bitcoin Pump Group,,,,,,,ardia+lamorgia+pumpsense,ardia_utc,"#GVT/BTC Bullish Symmetrical Update:-

This is very Bullish update for #GVT/BTC

Resistance:- 
First we break 1245 Satoshi and After clear way till 1800 Satoshi.

Support:- 1150 Satoshi Very Good Support.
And Green Box is very Strong Support.

Target:- 70% - 100%"
hist-binance-GVT-202004151556,history,announcement,binance,GVT,BTC,1586966206000,2020-04-15T15:56:46Z,2026-10-07T12:53:22Z,history-merge-v1,TCG; BPF; CW; CPI; Trading Crypto Guide; Binance Royal Pump; Hit Pump Angels; Binance Crypto Pumps; Binance Pump Signals; Bitcoin Pump Group,,,,,,,ardia+lamorgia+pumpsense,ardia_utc,"Coin is :   ' G V T'

Expected spike: 60-80%
Ride the waves to the moon🚀🚀🚀🚀"
hist-binance-GVT-202006160839,history,announcement,binance,GVT,BTC,1592296744000,2020-06-16T08:39:04Z,2026-10-07T12:53:22Z,history-merge-v1,Crypto Ninja Coach | Official™,,,,,,,ardia,ardia_utc,
hist-binance-GVT-202007041600,history,announcement,binance,GVT,BTC,1593878422000,2020-07-04T16:00:22Z,2026-10-07T12:53:22Z,history-merge-v1,BPF; Hit Pump Angels; Crypto Binance Trading | Signals & Pumps; Binance Trading 360; Binance Signals; Binance Crypto Pump Signals; Binance Pump Coin,,,,,,,ardia+lamorgia+pumpsense,ardia_utc,"COIN IS: GVT

💸BUY BUY BUY💸"
hist-binance-GVT-202008090652,history,announcement,binance,GVT,BTC,1596955920000,2020-08-09T06:52:00Z,2026-10-07T12:53:22Z,history-merge-v1,Binance Top Signals,,,,,,,pumpsense,pumpsense_minus_2h,Pump coin name #gvt
hist-binance-GVT-202009171800,history,announcement,binance,GVT,BTC,1600365625000,2020-09-17T18:00:25Z,2026-10-07T12:53:22Z,history-merge-v1,TCG; Crypto Pump Squad; CPS; BPF; CPI; Hit Pump Angels; Crypto Pump Island; Binance Pump Signals; Bitcoin Pump Group,,,,,,,ardia+lamorgia+pumpsense,ardia_utc,"Coin is #GVT

Exected Gain: 40-70% <70% = 2300 sats>"
hist-binance-GVT-202009301700,history,announcement,binance,GVT,BTC,1601485203000,2020-09-30T17:00:03Z,2026-10-07T12:53:22Z,history-merge-v1,CPI; Crypto Pump Island,,,,,,,ardia+lamorgia,ardia_utc,
hist-binance-GVT-202010141800,history,announcement,binance,GVT,BTC,1602698400000,2020-10-14T18:00:00Z,2026-10-07T12:53:22Z,history-merge-v1,TWP,,,,,,,lamorgia,lamorgia_gmt,
hist-binance-GVT-202101232100,history,announcement,binance,GVT,BTC,1611435625000,2021-01-23T21:00:25Z,2026-10-07T12:53:22Z,history-merge-v1,Hit Pump Angels; WHALE BINANCE GROUP PUMP; Binance Crypto Pumps,,,,,,,pumpsense,pumpsense_minus_2h,"COIN IS : GVT

🚀BUY BUY BUY🚀"
hist-binance-GVT-202102071400,history,announcement,binance,GVT,BTC,1612706400000,2021-02-07T14:00:00Z,2026-10-07T12:53:22Z,history-merge-v1,Bored Elon musk,,,,,,,ardia,ardia_utc,
hist-binance-GVT-202102201700,history,announcement,binance,GVT,BTC,1613840402000,2021-02-20T17:00:02Z,2026-10-07T12:53:22Z,history-merge-v1,APE crypto; Hit Pump Angels; WHALE BINANCE GROUP PUMP,,,,,,,ardia+pumpsense,ardia_utc,"COIN IS : gvt

🚀BUY BUY BUY🚀"
hist-binance-GVT-202103272000,history,announcement,binance,GVT,BTC,1616875214000,2021-03-27T20:00:14Z,2026-10-07T12:53:22Z,history-merge-v1,Mountain Pumps Announcements; BINANCE_DAY,,,,,,,ardia+pumpsense,ardia_utc,GVT
hist-binance-GVT-202106121445,history,announcement,binance,GVT,BTC,1623509158000,2021-06-12T14:45:58Z,2026-10-07T12:53:22Z,history-merge-v1,Whales Crypto Guide,,,,,,,ardia,ardia_utc,
hist-binance-GVT-202107241640,history,announcement,binance,GVT,BTC,1627144829000,2021-07-24T16:40:29Z,2026-10-07T12:53:22Z,history-merge-v1,Whales Crypto Guide,,,,,,,ardia,ardia_utc,
hist-binance-GVT-202108211600,history,announcement,binance,GVT,BTC,1629561608000,2021-08-21T16:00:08Z,2026-10-07T12:53:22Z,history-merge-v1,Whales Crypto Guide,,,,,,,ardia,ardia_utc,
hist-binance-GXS-201901201759,history,announcement,binance,GXS,BTC,1548007158000,2019-01-20T17:59:18Z,2026-10-07T12:53:22Z,history-merge-v1,MPG; BPF; Mega Pump Group; Mega Signals Group; Hit Pump Angels,,,,,,,ardia+lamorgia+pumpsense,ardia_utc,COIN IS : GXS
hist-binance-GXS-201901271430,history,announcement,binance,GXS,BTC,1548599402000,2019-01-27T14:30:02Z,2026-10-07T12:53:22Z,history-merge-v1,Crypto Guru; Baby Crypto Channel; Coin Coach Signals,,,,,,,pumpsense,pumpsense_minus_2h,"🚀  #GXS (GXChain)🚀

👉Target : 30%|50%👈

 #Buy and #Hold for upto 30%-50% profit💰💰"
hist-binance-GXS-201902101759,history,announcement,binance,GXS,BTC,1549821598000,2019-02-10T17:59:58Z,2026-10-07T12:53:22Z,history-merge-v1,Binance Trading 360; MPG; Mega Pump Group; Mega Signals Group; BPF; Hit Pump Angels; Whales Crypto Guide; Bitcoin Pump Group,,,,,,,ardia+lamorgia+pumpsense,ardia_utc,"✈️✈️✈️gxs✈️✈️✈️
 coin is our Pump coin!👍👍👍

✅✅
Buy it now
It will go huge as it announce in public after 1 hour then sell it fast!!💹💹📶📶🏧🏧💵💰"
hist-binance-GXS-201903271630,history,announcement,binance,GXS,BTC,1553704214000,2019-03-27T16:30:14Z,2026-10-07T12:53:22Z,history-merge-v1,Whales Crypto Guide,,,,,,,pumpsense,pumpsense_minus_2h,"Ok guys here's the coin 👇👇

The coin we picked is #GXS

Here is the direct link

https://www.binance.com/en/trade/GXS_BTC

Gxs is a strong coin accordingly to TA and FA it's have potential to give you huge profits in short term and in mid term also. Buy and hold for the bigger profits ."
hist-binance-GXS-201908181843,history,announcement,binance,GXS,BTC,1566153787000,2019-08-18T18:43:07Z,2026-10-07T12:53:22Z,history-merge-v1,American Whales,,,,,,,ardia,ardia_utc,
hist-binance-GXS-202005301532,history,announcement,binance,GXS,BTC,1590852745000,2020-05-30T15:32:25Z,2026-10-07T12:53:22Z,history-merge-v1,Crypto Profit Coach™,,,,,,,ardia,ardia_utc,
hist-binance-GXS-202006151600,history,announcement,binance,GXS,BTC,1592236824000,2020-06-15T16:00:24Z,2026-10-07T12:53:22Z,history-merge-v1,MPG; BPF; CW; CPI; Binance Royal Pump; Hit Pump Angels; Whales Crypto Guide; Binance Pump Signals; Binance Signals; Binance Crypto Pump Signals; Bitcoin Pump Group,,,,,,,ardia+lamorgia+pumpsense,ardia_utc,"COIN IS : GXS

🚀BUY BUY BUY🚀"
hist-binance-GXS-202008071630,history,announcement,binance,GXS,BTC,1596817828000,2020-08-07T16:30:28Z,2026-10-07T12:53:22Z,history-merge-v1,Binance Moon Pump™; Crypto Ninja Coach | Official™,,,,,,,ardia,ardia_utc,
hist-binance-GXS-202011101826,history,announcement,binance,GXS,BTC,1605032772000,2020-11-10T18:26:12Z,2026-10-07T12:53:22Z,history-merge-v1,Binance Moon Pump™,,,,,,,ardia,ardia_utc,
hist-binance-GXS-202012281621,history,announcement,binance,GXS,BTC,1609172460000,2020-12-28T16:21:00Z,2026-10-07T12:53:22Z,history-merge-v1,Binance Moon Pump™,,,,,,,ardia,ardia_utc,
hist-binance-GXS-202102241440,history,announcement,binance,GXS,BTC,1614177611000,2021-02-24T14:40:11Z,2026-10-07T12:53:22Z,history-merge-v1,Binance Moon Pump™,,,,,,,ardia,ardia_utc,
hist-binance-GXS-202108271600,history,announcement,binance,GXS,BTC,1630080006000,2021-08-27T16:00:06Z,2026-10-07T12:53:22Z,history-merge-v1,Binance Trading Signals,,,,,,,ardia,ardia_utc,
hist-binance-GXS-202110021732,history,announcement,binance,GXS,BTC,1633195960000,2021-10-02T17:32:40Z,2026-10-07T12:53:22Z,history-merge-v1,Binance Moon Pump™,,,,,,,ardia,ardia_utc,
hist-binance-GXS-202110131427,history,announcement,binance,GXS,BTC,1634135275000,2021-10-13T14:27:55Z,2026-10-07T12:53:22Z,history-merge-v1,Binance Moon Pump™,,,,,,,ardia,ardia_utc,
hist-binance-GXS-202110161620,history,announcement,binance,GXS,BTC,1634401218000,2021-10-16T16:20:18Z,2026-10-07T12:53:22Z,history-merge-v1,Binance Moon Pump™,,,,,,,ardia,ardia_utc,
hist-binance-GXS-202111271650,history,announcement,binance,GXS,BTC,1638031846000,2021-11-27T16:50:46Z,2026-10-07T12:53:22Z,history-merge-v1,Binance Pump Tracker™,,,,,,,ardia,ardia_utc,
hist-binance-HBAR-202108100815,history,announcement,binance,HBAR,USDT,1628583307000,2021-08-10T08:15:07Z,2026-10-07T12:53:22Z,history-merge-v1,Wisdom Community ( Crypto Won ),,,,,,,pumpsense,pumpsense_minus_2h,"Buy HBAR fast 

https://www.binance.com/en/futures/HBARUSDT"
hist-binance-HC-201809271400,history,announcement,binance,HC,BTC,1538056800000,2018-09-27T14:00:00Z,2026-10-07T12:53:22Z,history-merge-v1,BPG; Binance Profit Signal,,,,,,,lamorgia+pumpsense,lamorgia_gmt,"https://www.tradingview.com/x/sSWA4gbk/
🌹Coin ~ # HC

 🌹TARGET 1:  4100
        TARGET 2:  4700

HC looks bullish now. It want to break out our triangle at this time. 
Time for it wake up. 🔥🔥🔥
It's also a very good project with a great dev team. 
Time to buy it and get more and more profit in the fu"
hist-binance-HC-201812271700,history,announcement,binance,HC,BTC,1545930000000,2018-12-27T17:00:00Z,2026-10-07T12:53:22Z,history-merge-v1,Binance Trading 360; Binance Profit Signal; BPG; BPF; Hit Pump Angels,,,,,,,lamorgia+pumpsense,lamorgia_gmt,"✈️✈️✈️HC✈️✈️✈️
 coin is our Pump coin!👍👍👍

✅✅
Buy it now
It will go huge as it announce in public after 1 hour then sell it fast!!💹💹📶📶🏧🏧💵💰"
hist-binance-HC-201901251800,history,announcement,binance,HC,BTC,1548439213000,2019-01-25T18:00:13Z,2026-10-07T12:53:22Z,history-merge-v1,Binance Trading 360; MPG; Mega Signals Group; BPF; Hit Pump Angels; Crypto Pump Island; Bitcoin Pump Group,,,,,,,ardia+lamorgia+pumpsense,ardia_utc,"✈️✈️✈️HC✈️✈️✈️
 coin is our Pump coin!👍👍👍

✅✅
Buy it now
It will go huge as it announce in public after 1 hour then sell it fast!!💹💹📶📶🏧🏧💵💰"
hist-binance-HC-201902231659,history,announcement,binance,HC,BTC,1550941194000,2019-02-23T16:59:54Z,2026-10-07T12:53:22Z,history-merge-v1,BPF; Mega Pump Group; Hit Pump Angels; Bitcoin Pump Group,,,,,,,ardia+lamorgia+pumpsense,ardia_utc,COIN IS : HC
hist-binance-HC-201905121659,history,announcement,binance,HC,BTC,1557680397000,2019-05-12T16:59:57Z,2026-10-07T12:53:22Z,history-merge-v1,DA PUMP; ATW; Crypto Ninja Official; Alt the Way,,,,,,,ardia+lamorgia+pumpsense,ardia_utc,
hist-binance-HC-201905161659,history,announcement,binance,HC,BTC,1558025952000,2019-05-16T16:59:12Z,2026-10-07T12:53:22Z,history-merge-v1,premium binance signals turkey; Baby Crypto Channel; Coin Coach Signals; Crypto Guru,,,,,,,ardia+pumpsense,ardia_utc,"THE COIN NAME IS  #HC

OUR TARGETS!! IS HERE - 25%,35, 50%, Moon 🚀"
hist-binance-HC-201905181530,history,announcement,binance,HC,BTC,1558193409000,2019-05-18T15:30:09Z,2026-10-07T12:53:22Z,history-merge-v1,WCG; Whales Crypto Guide,,,,,,,ardia+lamorgia+pumpsense,ardia_utc,"Ok guys here's the coin 👇👇

The coin we picked is #HC

Here is the direct link

https://www.binance.com/en/trade/HC_BTC"
hist-binance-HC-202006161600,history,announcement,binance,HC,BTC,1592323210000,2020-06-16T16:00:10Z,2026-10-07T12:53:22Z,history-merge-v1,premium binance signals turkey,,,,,,,ardia,ardia_utc,
hist-binance-HC-202007041543,history,announcement,binance,HC,BTC,1593877405000,2020-07-04T15:43:25Z,2026-10-07T12:53:22Z,history-merge-v1,Crypto World Coach™; Binance Moon Pump™,,,,,,,ardia,ardia_utc,
hist-binance-HC-202007161932,history,announcement,binance,HC,BTC,1594927969000,2020-07-16T19:32:49Z,2026-10-07T12:53:22Z,history-merge-v1,Binance Moon Pump™,,,,,,,ardia,ardia_utc,
hist-binance-HC-202012191002,history,announcement,binance,HC,BTC,1608372120000,2020-12-19T10:02:00Z,2026-10-07T12:53:22Z,history-merge-v1,Binance Moon Pump™,,,,,,,ardia,ardia_utc,
hist-binance-HIVE-202102082215,history,announcement,binance,HIVE,BTC,1612822541000,2021-02-08T22:15:41Z,2026-10-07T12:53:22Z,history-merge-v1,APE crypto,,,,,,,ardia,ardia_utc,
hist-binance-ICN-201801151659,history,announcement,binance,ICN,BTC,1516035540000,2018-01-15T16:59:00Z,2026-10-07T12:53:22Z,history-merge-v1,BPS,,,,,,,lamorgia,lamorgia_gmt,
hist-binance-ICN-201804021600,history,announcement,binance,ICN,BTC,1522684800000,2018-04-02T16:00:00Z,2026-10-07T12:53:22Z,history-merge-v1,FCS,,,,,,,lamorgia,lamorgia_gmt,
hist-binance-ICN-201804041900,history,announcement,binance,ICN,BTC,1522868400000,2018-04-04T19:00:00Z,2026-10-07T12:53:22Z,history-merge-v1,BPS,,,,,,,lamorgia,lamorgia_gmt,
hist-binance-ICN-201804301629,history,announcement,binance,ICN,BTC,1525105790000,2018-04-30T16:29:50Z,2026-10-07T12:53:22Z,history-merge-v1,Coin Coach Signals; Baby Crypto Channel,,,,,,,pumpsense,pumpsense_minus_2h,
hist-binance-ICN-201806271700,history,announcement,binance,ICN,BTC,1530118800000,2018-06-27T17:00:00Z,2026-10-07T12:53:22Z,history-merge-v1,TCG,,,,,,,lamorgia,lamorgia_gmt,
hist-binance-ICN-201807161514,history,announcement,binance,ICN,BTC,1531754047000,2018-07-16T15:14:07Z,2026-10-07T12:53:22Z,history-merge-v1,Binance Trading 360; Binance Profit Signal,,,,,,,pumpsense,pumpsense_minus_2h,"✈️✈️✈️icn✈️✈️✈️
 coin is our Pump coin!👍👍👍

✅✅
Buy it now
It will go huge as it announce in public after 1 hour then sell it fast!!💹💹📶📶🏧🏧💵💰"
hist-binance-ICN-201808081600,history,announcement,binance,ICN,BTC,1533744000000,2018-08-08T16:00:00Z,2026-10-07T12:53:22Z,history-merge-v1,BPG; Binance Profit Signal,,,,,,,lamorgia+pumpsense,lamorgia_gmt,"BIG PUMP SIGNAL  🔥🔥🔥

Coin ~ # ICN

BUY AND HOLD IT. TODAY WILL BE THE DAY OF #ICN

https://www.binance.com/en/trade/ICN_BTC

https://www.tradingview.com/x/yFSGqt89/"
hist-binance-ICN-201808181639,history,announcement,binance,ICN,BTC,1534610343000,2018-08-18T16:39:03Z,2026-10-07T12:53:22Z,history-merge-v1,Binance Trading 360,,,,,,,pumpsense,pumpsense_minus_2h,"✈️✈️✈️icn✈️✈️✈️
 coin is our Pump coin!👍👍👍

✅✅
Buy it now
It will go huge as it announce in public after 1 hour then sell it fast!!💹💹📶📶🏧🏧💵💰"
hist-binance-ICN-201809111530,history,announcement,binance,ICN,BTC,1536679800000,2018-09-11T15:30:00Z,2026-10-07T12:53:22Z,history-merge-v1,BPG; Binance Profit Signal,,,,,,,lamorgia+pumpsense,lamorgia_gmt,"https://www.tradingview.com/x/MAelLvSg/

BIG PUMP SIGNAL  🔥🔥🔥

 🌹Coin ~ # ICN

 🌹TARGET 1:  7600
        TARGET 2:  9700

ICN looks bullish now. It's on the support at this time. 
Time for it wake up. 🔥🔥🔥
It's also a very good project with a great dev team. 
Time to buy it and get more and more prof"
hist-binance-ICN-201809191822,history,announcement,binance,ICN,BTC,1537381320000,2018-09-19T18:22:00Z,2026-10-07T12:53:22Z,history-merge-v1,BPF; Hit Pump Angels,,,,,,,lamorgia+pumpsense,lamorgia_gmt,"COIN IS : ICN

BINANCE PUMP"
hist-binance-ICP-202108291338,history,announcement,binance,ICP,BTC,1630244296000,2021-08-29T13:38:16Z,2026-10-07T12:53:22Z,history-merge-v1,Crypto Trader,,,,,,,ardia,ardia_utc,
hist-binance-ICX-201907310843,history,announcement,binance,ICX,BTC,1564562631000,2019-07-31T08:43:51Z,2026-10-07T12:53:22Z,history-merge-v1,Bitcoin Pump Group,,,,,,,ardia,ardia_utc,
hist-binance-ICX-202105201407,history,announcement,binance,ICX,BTC,1621519640000,2021-05-20T14:07:20Z,2026-10-07T12:53:22Z,history-merge-v1,WhalePump Reborn: Best Signals! (100% FREE),,,,,,,ardia,ardia_utc,
hist-binance-IDEX-202012311700,history,announcement,binance,IDEX,BTC,1609434000000,2020-12-31T17:00:00Z,2026-10-07T12:53:22Z,history-merge-v1,MPG; TWP; BPF; CCS; Coin Coach Signals; Mega Signals Group; Hit Pump Angels; Bitcoin Pump Group,,,,,,,lamorgia+pumpsense,lamorgia_gmt,"The coin we have picked to pump today is :  #IDEX

IDEX is looking perfect for a pump right now , our target is 100%"
hist-binance-IDEX-202101171700,history,announcement,binance,IDEX,BTC,1610902815000,2021-01-17T17:00:15Z,2026-10-07T12:53:22Z,history-merge-v1,Hit Pump Angels,,,,,,,pumpsense,pumpsense_minus_2h,"COIN IS : IDEX

🚀BUY BUY BUY🚀"
hist-binance-IDEX-202103211547,history,announcement,binance,IDEX,BTC,1616341662000,2021-03-21T15:47:42Z,2026-10-07T12:53:22Z,history-merge-v1,Binance Pump Tracker™,,,,,,,ardia,ardia_utc,
hist-binance-IDEX-202104251700,history,announcement,binance,IDEX,BTC,1619370023000,2021-04-25T17:00:23Z,2026-10-07T12:53:22Z,history-merge-v1,Coin Coach Signals; Mega Signals Group; WHALE BINANCE GROUP PUMP; Elon Mars Pumps; Binance Crypto Pumps; Binance Pump Time CZ; Cryptic Trading,,,,,,,ardia+pumpsense,ardia_utc,"The coin we have picked to pump today is :  #IDEX

idex is looking perfect for a pump right now , our target is 500%+"
hist-binance-IDEX-202105231149,history,announcement,binance,IDEX,BTC,1621770544000,2021-05-23T11:49:04Z,2026-10-07T12:53:22Z,history-merge-v1,Binance Moon Pump™,,,,,,,ardia,ardia_utc,
hist-binance-IDEX-202107031612,history,announcement,binance,IDEX,BTC,1625328766000,2021-07-03T16:12:46Z,2026-10-07T12:53:22Z,history-merge-v1,Binance Moon Pump™,,,,,,,ardia,ardia_utc,
hist-binance-IDEX-202110241447,history,announcement,binance,IDEX,BTC,1635086840000,2021-10-24T14:47:20Z,2026-10-07T12:53:22Z,history-merge-v1,Binance Pump Tracker™,,,,,,,ardia,ardia_utc,
hist-binance-INJ-202106211100,history,announcement,binance,INJ,USDT,1624273202000,2021-06-21T11:00:02Z,2026-10-07T12:53:22Z,history-merge-v1,Wisdom Community ( Crypto Won ),,,,,,,pumpsense,pumpsense_minus_2h,"Buy INJ

https://www.binance.com/en/trade/INJ_USDT"
hist-binance-INS-201906251600,history,announcement,binance,INS,BTC,1561478408000,2019-06-25T16:00:08Z,2026-10-07T12:53:22Z,history-merge-v1,BPF; Altcoins Trading Signals; American Whales; Hit Pump Angels,,,,,,,ardia+lamorgia+pumpsense,ardia_utc,"Buy #INS 

https://www.binance.com/en/trade/INS_BTC"
hist-binance-INS-201907021630,history,announcement,binance,INS,BTC,1562085005000,2019-07-02T16:30:05Z,2026-10-07T12:53:22Z,history-merge-v1,Altcoins Trading Signals,,,,,,,pumpsense,pumpsense_minus_2h,"Buy #INS 

https://www.binance.com/en/trade/INS_BTC"
hist-binance-INS-201909211459,history,announcement,binance,INS,BTC,1569077984000,2019-09-21T14:59:44Z,2026-10-07T12:53:22Z,history-merge-v1,Crypto Lion's™,,,,,,,ardia,ardia_utc,
hist-binance-INS-202007040342,history,announcement,binance,INS,BTC,1593834125000,2020-07-04T03:42:05Z,2026-10-07T12:53:22Z,history-merge-v1,Binance Moon Pump™,,,,,,,ardia,ardia_utc,
hist-binance-INS-202007181230,history,announcement,binance,INS,BTC,1595075447000,2020-07-18T12:30:47Z,2026-10-07T12:53:22Z,history-merge-v1,Binance Moon Pump™,,,,,,,ardia,ardia_utc,
hist-binance-INS-202007192001,history,announcement,binance,INS,BTC,1595188881000,2020-07-19T20:01:21Z,2026-10-07T12:53:22Z,history-merge-v1,Binance Moon Pump™,,,,,,,ardia,ardia_utc,
hist-binance-IOST-202011091835,history,announcement,binance,IOST,BTC,1604946943000,2020-11-09T18:35:43Z,2026-10-07T12:53:22Z,history-merge-v1,Binance Moon Pump™,,,,,,,ardia,ardia_utc,
hist-binance-IOTX-201904040143,history,announcement,binance,IOTX,BTC,1554342223000,2019-04-04T01:43:43Z,2026-10-07T12:53:22Z,history-merge-v1,Crypto Tree 🎄,,,,,,,ardia,ardia_utc,
hist-binance-IOTX-201906172347,history,announcement,binance,IOTX,BTC,1560815270000,2019-06-17T23:47:50Z,2026-10-07T12:53:22Z,history-merge-v1,Crypto Tree 🎄,,,,,,,ardia,ardia_utc,
hist-binance-IOTX-202007120518,history,announcement,binance,IOTX,BTC,1594531120000,2020-07-12T05:18:40Z,2026-10-07T12:53:22Z,history-merge-v1,Whales Crypto Guide,,,,,,,ardia,ardia_utc,
hist-binance-IOTX-202109300325,history,announcement,binance,IOTX,USDT,1632972323000,2021-09-30T03:25:23Z,2026-10-07T12:53:22Z,history-merge-v1,Wisdom Community ( Crypto Won ),,,,,,,pumpsense,pumpsense_minus_2h,
hist-binance-IRIS-202102100402,history,announcement,binance,IRIS,BTC,1612929775000,2021-02-10T04:02:55Z,2026-10-07T12:53:22Z,history-merge-v1,The Crypto Express.,,,,,,,ardia,ardia_utc,
hist-binance-IRIS-202103030252,history,announcement,binance,IRIS,BTC,1614739957000,2021-03-03T02:52:37Z,2026-10-07T12:53:22Z,history-merge-v1,Binance Moon Pump™,,,,,,,ardia,ardia_utc,
hist-binance-IRIS-202110142049,history,announcement,binance,IRIS,BTC,1634244547000,2021-10-14T20:49:07Z,2026-10-07T12:53:22Z,history-merge-v1,premium binance signals turkey,,,,,,,ardia,ardia_utc,
hist-binance-IRIS-202110161714,history,announcement,binance,IRIS,BTC,1634404442000,2021-10-16T17:14:02Z,2026-10-07T12:53:22Z,history-merge-v1,Binance Moon Pump™,,,,,,,ardia,ardia_utc,
hist-binance-KAVA-202002181311,history,announcement,binance,KAVA,BTC,1582031509000,2020-02-18T13:11:49Z,2026-10-07T12:53:22Z,history-merge-v1,Crypto Lion's™,,,,,,,ardia,ardia_utc,
hist-binance-KAVA-202104051606,history,announcement,binance,KAVA,BTC,1617638781000,2021-04-05T16:06:21Z,2026-10-07T12:53:22Z,history-merge-v1,Cryptonians (Free Signals and News Update),,,,,,,ardia,ardia_utc,
hist-binance-KEEP-202108271927,history,announcement,binance,KEEP,BTC,1630092422000,2021-08-27T19:27:02Z,2026-10-07T12:53:22Z,history-merge-v1,𝑪𝒐𝒊𝒏|𝑪𝒐𝒂𝒄𝒉|𝑺𝒊𝒈𝒏𝒂𝒍𝒔,,,,,,,ardia,ardia_utc,
hist-binance-KEEP-202108311500,history,announcement,binance,KEEP,USDT,1630422003000,2021-08-31T15:00:03Z,2026-10-07T12:53:22Z,history-merge-v1,Wisdom Community ( Crypto Won ),,,,,,,pumpsense,pumpsense_minus_2h,"Buy KEEP fast 

https://www.binance.com/en/futures/KEEPUSDT"
hist-binance-KMD-201801041600,history,announcement,binance,KMD,BTC,1515081600000,2018-01-04T16:00:00Z,2026-10-07T12:53:22Z,history-merge-v1,BPS,,,,,,,lamorgia,lamorgia_gmt,
hist-binance-KMD-201809202011,history,announcement,binance,KMD,BTC,1537474260000,2018-09-20T20:11:00Z,2026-10-07T12:53:22Z,history-merge-v1,BPF; Hit Pump Angels,,,,,,,lamorgia+pumpsense,lamorgia_gmt,coın is : KMD
hist-binance-KMD-201908310337,history,announcement,binance,KMD,BTC,1567222674000,2019-08-31T03:37:54Z,2026-10-07T12:53:22Z,history-merge-v1,Hot Signals Binance Bittrex,,,,,,,ardia,ardia_utc,
hist-binance-KMD-202007111353,history,announcement,binance,KMD,BTC,1594475623000,2020-07-11T13:53:43Z,2026-10-07T12:53:22Z,history-merge-v1,Binance Moon Pump™,,,,,,,ardia,ardia_utc,
hist-binance-KNC-201906251701,history,announcement,binance,KNC,BTC,1561482072000,2019-06-25T17:01:12Z,2026-10-07T12:53:22Z,history-merge-v1,COIN TRADING PLATFORM,,,,,,,pumpsense,pumpsense_minus_2h,"#KNC has plans to take the form of DAO experiments where KNC stakeholders and the broader Kyber community will be able to vote on important tokenomic parameters, opening up the ability for the community to contribute to marketing and engineering efforts, as well as ensuring an open, transparent gran"
hist-binance-KNC-202103220731,history,announcement,binance,KNC,BTC,1616398305000,2021-03-22T07:31:45Z,2026-10-07T12:53:22Z,history-merge-v1,Crypto Trader,,,,,,,ardia,ardia_utc,
hist-binance-LEND-201804181545,history,announcement,binance,LEND,BTC,1524066307000,2018-04-18T15:45:07Z,2026-10-07T12:53:22Z,history-merge-v1,Binance Trading 360,,,,,,,pumpsense,pumpsense_minus_2h,"The Pump coin is

#LEND"
hist-binance-LEND-201906161605,history,announcement,binance,LEND,BTC,1560701100000,2019-06-16T16:05:00Z,2026-10-07T12:53:22Z,history-merge-v1,Cryptocurrency: Wolf Posting 🚀,,,,,,,ardia,ardia_utc,
hist-binance-LINA-202104090716,history,announcement,binance,LINA,BTC,1617952593000,2021-04-09T07:16:33Z,2026-10-07T12:53:22Z,history-merge-v1,premium binance signals turkey,,,,,,,ardia,ardia_utc,
hist-binance-LINA-202104201717,history,announcement,binance,LINA,BTC,1618939043000,2021-04-20T17:17:23Z,2026-10-07T12:53:22Z,history-merge-v1,Binance Moon Pump™,,,,,,,ardia,ardia_utc,
hist-binance-LINK-202103211536,history,announcement,binance,LINK,BTC,1616340993000,2021-03-21T15:36:33Z,2026-10-07T12:53:22Z,history-merge-v1,Whales Crypto Guide,,,,,,,ardia,ardia_utc,
hist-binance-LINK-202104201744,history,announcement,binance,LINK,BTC,1618940690000,2021-04-20T17:44:50Z,2026-10-07T12:53:22Z,history-merge-v1,Binance Crypto Signals,,,,,,,ardia,ardia_utc,
hist-binance-LINK-202104240927,history,announcement,binance,LINK,BTC,1619256448000,2021-04-24T09:27:28Z,2026-10-07T12:53:22Z,history-merge-v1,Binance Crypto Signals,,,,,,,ardia,ardia_utc,
hist-binance-LINK-202107012110,history,announcement,binance,LINK,BTC,1625173847000,2021-07-01T21:10:47Z,2026-10-07T12:53:22Z,history-merge-v1,Crypto Tree 🎄,,,,,,,ardia,ardia_utc,
hist-binance-LIT-202102052319,history,announcement,binance,LIT,BTC,1612567165000,2021-02-05T23:19:25Z,2026-10-07T12:53:22Z,history-merge-v1,WallStreetBets 💎🙌🏻,,,,,,,ardia,ardia_utc,
hist-binance-LIT-202106131659,history,announcement,binance,LIT,BTC,1623603589000,2021-06-13T16:59:49Z,2026-10-07T12:53:22Z,history-merge-v1,Trading Crypto Coach®,,,,,,,ardia,ardia_utc,
hist-binance-LIT-202108081449,history,announcement,binance,LIT,USDT,1628434193000,2021-08-08T14:49:53Z,2026-10-07T12:53:22Z,history-merge-v1,Wisdom Community ( Crypto Won ),,,,,,,pumpsense,pumpsense_minus_2h,"Buy LIT Fast 

https://www.binance.com/en/futures/LITUSDT"
hist-binance-LOOM-201901071427,history,announcement,binance,LOOM,BTC,1546871233000,2019-01-07T14:27:13Z,2026-10-07T12:53:22Z,history-merge-v1,Whales Crypto Guide; Hit Pump Angels,,,,,,,ardia+pumpsense,ardia_utc,"#Specialbinancesignal

The coin we picked today is $LOOM

Link :- https://www.binance.com/en/trade/LOOM_BTC

 maximum PROFIT up to 100% in #shortterm & 300% in #midterm 🥂"
hist-binance-LOOM-201903040649,history,announcement,binance,LOOM,BTC,1551682198000,2019-03-04T06:49:58Z,2026-10-07T12:53:22Z,history-merge-v1,Crypto Tree 🎄,,,,,,,ardia,ardia_utc,
hist-binance-LOOM-202105161631,history,announcement,binance,LOOM,BTC,1621182676000,2021-05-16T16:31:16Z,2026-10-07T12:53:22Z,history-merge-v1,Binance Moon Pump™,,,,,,,ardia,ardia_utc,
hist-binance-LRC-201903281257,history,announcement,binance,LRC,BTC,1553777851000,2019-03-28T12:57:31Z,2026-10-07T12:53:22Z,history-merge-v1,Crypto Advisor,,,,,,,ardia,ardia_utc,
hist-binance-LRC-201907252000,history,announcement,binance,LRC,BTC,1564084804000,2019-07-25T20:00:04Z,2026-10-07T12:53:22Z,history-merge-v1,CPS; BPF; Crypto Pump Squad; 2018; Binance Royal Pump; Hit Pump Angels,,,,,,,ardia+lamorgia+pumpsense,ardia_utc,"https://cdn.discordapp.com/attachments/504313393088561162/604023876883709993/unknown.png
Exected gain: 40-70%+ Lets go to the moon!"
hist-binance-LRC-201909021600,history,announcement,binance,LRC,BTC,1567440001000,2019-09-02T16:00:01Z,2026-10-07T12:53:22Z,history-merge-v1,CPI; Crypto Pump Island; Bitcoin Pump Group,,,,,,,ardia+lamorgia+pumpsense,ardia_utc,Coin name :LRC
hist-binance-LRC-201909051600,history,announcement,binance,LRC,BTC,1567699220000,2019-09-05T16:00:20Z,2026-10-07T12:53:22Z,history-merge-v1,Baby Crypto Channel; Crypto Guru,,,,,,,pumpsense,pumpsense_minus_2h,"#LRC Buy Now!!!

OUR TARGETS!! IS HERE - 30%|50%| Moon 🚀"
hist-binance-LRC-201911160501,history,announcement,binance,LRC,BTC,1573880483000,2019-11-16T05:01:23Z,2026-10-07T12:53:22Z,history-merge-v1,Fat Cat Crypto,,,,,,,pumpsense,pumpsense_minus_2h,The coin is LRC
hist-binance-LRC-202103281600,history,announcement,binance,LRC,BTC,1616947204000,2021-03-28T16:00:04Z,2026-10-07T12:53:22Z,history-merge-v1,Crypto Pump Analytics™; Crypto SignalT,,,,,,,ardia+pumpsense,ardia_utc,"2x Potential SIGNALS 🚀

#LRC on #BINANCE (Looping)

Link: 
https://www.binance.com/en/trade/LRC_BTC?layout=pro"
hist-binance-LSK-201910071210,history,announcement,binance,LSK,BTC,1570450251000,2019-10-07T12:10:51Z,2026-10-07T12:53:22Z,history-merge-v1,Crypto Lion's™,,,,,,,ardia,ardia_utc,
hist-binance-LSK-202008090633,history,announcement,binance,LSK,BTC,1596954833000,2020-08-09T06:33:53Z,2026-10-07T12:53:22Z,history-merge-v1,Binance Moon Pump™,,,,,,,ardia,ardia_utc,
hist-binance-LSK-202008261634,history,announcement,binance,LSK,BTC,1598459696000,2020-08-26T16:34:56Z,2026-10-07T12:53:22Z,history-merge-v1,Binance Moon Pump™,,,,,,,ardia,ardia_utc,
hist-binance-LSK-202012201518,history,announcement,binance,LSK,BTC,1608477499000,2020-12-20T15:18:19Z,2026-10-07T12:53:22Z,history-merge-v1,Binance Moon Pump™,,,,,,,ardia,ardia_utc,
hist-binance-LSK-202104030005,history,announcement,binance,LSK,BTC,1617408319000,2021-04-03T00:05:19Z,2026-10-07T12:53:22Z,history-merge-v1,Binance Moon Pump™,,,,,,,ardia,ardia_utc,
hist-binance-LSK-202105031101,history,announcement,binance,LSK,BTC,1620039668000,2021-05-03T11:01:08Z,2026-10-07T12:53:22Z,history-merge-v1,Whales Crypto Guide,,,,,,,ardia,ardia_utc,
hist-binance-LSK-202108060331,history,announcement,binance,LSK,BTC,1628220675000,2021-08-06T03:31:15Z,2026-10-07T12:53:22Z,history-merge-v1,Whales Crypto Guide,,,,,,,ardia,ardia_utc,
hist-binance-LTO-202007212104,history,announcement,binance,LTO,BTC,1595365474000,2020-07-21T21:04:34Z,2026-10-07T12:53:22Z,history-merge-v1,Whales Crypto Guide,,,,,,,ardia,ardia_utc,
hist-binance-LTO-202104181844,history,announcement,binance,LTO,BTC,1618771452000,2021-04-18T18:44:12Z,2026-10-07T12:53:22Z,history-merge-v1,Binance Global Türkçe,,,,,,,ardia,ardia_utc,
hist-binance-LUN-202003181900,history,announcement,binance,LUN,BTC,1584558003000,2020-03-18T19:00:03Z,2026-10-07T12:53:22Z,history-merge-v1,CPS; BPF; CryptoFamily Binance; Crypto Pump Squad; Binance Royal Pump; Hit Pump Angels,,,,,,,ardia+lamorgia+pumpsense,ardia_utc,"https://cdn.discordapp.com/attachments/504313393088561162/689905859203170349/unknown.png
target range 40-75%
Coin is"
hist-binance-LUN-202006281324,history,announcement,binance,LUN,BTC,1593350657000,2020-06-28T13:24:17Z,2026-10-07T12:53:22Z,history-merge-v1,Binance Moon Pump™,,,,,,,ardia,ardia_utc,
hist-binance-MANA-202007231825,history,announcement,binance,MANA,BTC,1595528703000,2020-07-23T18:25:03Z,2026-10-07T12:53:22Z,history-merge-v1,Binance Moon Pump™,,,,,,,ardia,ardia_utc,
hist-binance-MASK-202206220700,history,announcement,binance,MASK,USDT,1655881217000,2022-06-22T07:00:17Z,2026-10-07T12:53:22Z,history-merge-v1,Wisdom Community ( Crypto Won ),,,,,,,pumpsense,pumpsense_minus_2h,"Special Call :  MASK take a Long

https://www.binance.com/en/futures/MASKUSDT

Entry price now : $1.516

Target : $1.55  _ $1.58 -  Moon


#Moon Signal 🌕"
hist-binance-MATIC-201905170511,history,announcement,binance,MATIC,BTC,1558069901000,2019-05-17T05:11:41Z,2026-10-07T12:53:22Z,history-merge-v1,Crypto Tree 🎄,,,,,,,ardia,ardia_utc,
hist-binance-MATIC-201909091032,history,announcement,binance,MATIC,BTC,1568025137000,2019-09-09T10:32:17Z,2026-10-07T12:53:22Z,history-merge-v1,Bitcoin Pump Group,,,,,,,ardia,ardia_utc,
hist-binance-MATIC-202007281440,history,announcement,binance,MATIC,BTC,1595947259000,2020-07-28T14:40:59Z,2026-10-07T12:53:22Z,history-merge-v1,Binance Moon Pump™,,,,,,,ardia,ardia_utc,
hist-binance-MATIC-202103171319,history,announcement,binance,MATIC,BTC,1615987178000,2021-03-17T13:19:38Z,2026-10-07T12:53:22Z,history-merge-v1,Whales Crypto Guide,,,,,,,ardia,ardia_utc,
hist-binance-MATIC-202103261607,history,announcement,binance,MATIC,BTC,1616774854000,2021-03-26T16:07:34Z,2026-10-07T12:53:22Z,history-merge-v1,Whales Crypto Guide,,,,,,,ardia,ardia_utc,
hist-binance-MATIC-202105191535,history,announcement,binance,MATIC,BTC,1621438517000,2021-05-19T15:35:17Z,2026-10-07T12:53:22Z,history-merge-v1,Crypto Tree 🎄,,,,,,,ardia,ardia_utc,
hist-binance-MATIC-202106141231,history,announcement,binance,MATIC,BTC,1623673869000,2021-06-14T12:31:09Z,2026-10-07T12:53:22Z,history-merge-v1,Trading Crypto Coach®,,,,,,,ardia,ardia_utc,
hist-binance-MBL-202007291128,history,announcement,binance,MBL,BTC,1596022131000,2020-07-29T11:28:51Z,2026-10-07T12:53:22Z,history-merge-v1,Whales Crypto Guide,,,,,,,ardia,ardia_utc,
hist-binance-MBL-202008021755,history,announcement,binance,MBL,BTC,1596390956000,2020-08-02T17:55:56Z,2026-10-07T12:53:22Z,history-merge-v1,Binance Pump Tracker™,,,,,,,ardia,ardia_utc,
hist-binance-MBL-202012201849,history,announcement,binance,MBL,BTC,1608490149000,2020-12-20T18:49:09Z,2026-10-07T12:53:22Z,history-merge-v1,Binance Moon Pump™,,,,,,,ardia,ardia_utc,
hist-binance-MCO-201903111923,history,announcement,binance,MCO,BTC,1552332237000,2019-03-11T19:23:57Z,2026-10-07T12:53:22Z,history-merge-v1,Crypto Tree 🎄,,,,,,,ardia,ardia_utc,
hist-binance-MCRN-202304012200,history,announcement,binance,MCRN,USDT,1680386406000,2023-04-01T22:00:06Z,2026-10-07T12:53:22Z,history-merge-v1,Big Pump Signal,,,,,,,pumpsense,pumpsense_minus_2h,"The coin we are pumping tonight is: MCRN


https://www.gate.io/trade/MCRN_USDT"
hist-binance-MDA-201803251630,history,announcement,binance,MDA,BTC,1521995400000,2018-03-25T16:30:00Z,2026-10-07T12:53:22Z,history-merge-v1,TCG,,,,,,,lamorgia,lamorgia_gmt,
hist-binance-MDA-201803311659,history,announcement,binance,MDA,BTC,1522515540000,2018-03-31T16:59:00Z,2026-10-07T12:53:22Z,history-merge-v1,FCS; TCG,,,,,,,lamorgia,lamorgia_gmt,
hist-binance-MDA-201804171630,history,announcement,binance,MDA,BTC,1523982600000,2018-04-17T16:30:00Z,2026-10-07T12:53:22Z,history-merge-v1,Baby Crypto Channel; Coin Coach Signals; FCS,,,,,,,lamorgia+pumpsense,lamorgia_gmt,
hist-binance-MDA-201804201701,history,announcement,binance,MDA,BTC,1524243675000,2018-04-20T17:01:15Z,2026-10-07T12:53:22Z,history-merge-v1,Binance Trading 360,,,,,,,pumpsense,pumpsense_minus_2h,"Coin is 
👉 MDA 👈

https://www.binance.com/indexSpa.html#/trade/trade?symbol=MDA_BTC"
hist-binance-MDA-201806151459,history,announcement,binance,MDA,BTC,1529074740000,2018-06-15T14:59:00Z,2026-10-07T12:53:22Z,history-merge-v1,BPF; Hit Pump Angels,,,,,,,lamorgia+pumpsense,lamorgia_gmt,"Can we break 40% record of MDA pump last time??

Sell targets:
10,000 - 11,000 - 12,500"
hist-binance-MDA-201903031410,history,announcement,binance,MDA,BTC,1551622246000,2019-03-03T14:10:46Z,2026-10-07T12:53:22Z,history-merge-v1,Crypto Tree 🎄,,,,,,,ardia,ardia_utc,
hist-binance-MDA-201909141509,history,announcement,binance,MDA,BTC,1568473774000,2019-09-14T15:09:34Z,2026-10-07T12:53:22Z,history-merge-v1,Crypto Ninja Coach | Official™,,,,,,,ardia,ardia_utc,
hist-binance-MDA-202005041901,history,announcement,binance,MDA,BTC,1588618875000,2020-05-04T19:01:15Z,2026-10-07T12:53:22Z,history-merge-v1,BPF; CryptoFamily Binance; Binance Royal Pump; Hit Pump Angels; Binance Crypto Pumps; Bitcoin Pump Group,,,,,,,ardia+lamorgia+pumpsense,ardia_utc,"COIN IS : MDA
🚀BUY BUY BUY🚀"
hist-binance-MDA-202011272100,history,announcement,binance,MDA,BTC,1606510800000,2020-11-27T21:00:00Z,2026-10-07T12:53:22Z,history-merge-v1,TWP; BPF; BINANCE_DAY; Hit Pump Angels; Binance Crypto Pumps,,,,,,,lamorgia+pumpsense,lamorgia_gmt,☑️ MDA / BTC ☑️
hist-binance-MDA-202101031700,history,announcement,binance,MDA,BTC,1609693200000,2021-01-03T17:00:00Z,2026-10-07T12:53:22Z,history-merge-v1,TWP; BPF; Hit Pump Angels; Binance Trading 360,,,,,,,lamorgia+pumpsense,lamorgia_gmt,"COIN IS : MDA

🚀BUY BUY BUY 🚀"
hist-binance-MDA-202102102100,history,announcement,binance,MDA,BTC,1612990810000,2021-02-10T21:00:10Z,2026-10-07T12:53:22Z,history-merge-v1,Crypto News; Binance Crypto Pumps; WHALE BINANCE GROUP PUMP,,,,,,,ardia+pumpsense,ardia_utc,COIN IS :MDA
hist-binance-MDA-202103211700,history,announcement,binance,MDA,BTC,1616346021000,2021-03-21T17:00:21Z,2026-10-07T12:53:22Z,history-merge-v1,WHALE BINANCE GROUP PUMP,,,,,,,pumpsense,pumpsense_minus_2h,Coin name MDA
hist-binance-MDA-202104250922,history,announcement,binance,MDA,BTC,1619342535000,2021-04-25T09:22:15Z,2026-10-07T12:53:22Z,history-merge-v1,Binance Pump Tracker™,,,,,,,ardia,ardia_utc,
hist-binance-MDA-202104300723,history,announcement,binance,MDA,BTC,1619767432000,2021-04-30T07:23:52Z,2026-10-07T12:53:22Z,history-merge-v1,Binance Pump Tracker™,,,,,,,ardia,ardia_utc,
hist-binance-MDA-202105101124,history,announcement,binance,MDA,BTC,1620645858000,2021-05-10T11:24:18Z,2026-10-07T12:53:22Z,history-merge-v1,Whales Crypto Guide,,,,,,,ardia,ardia_utc,
hist-binance-MDA-202107051614,history,announcement,binance,MDA,BTC,1625501660000,2021-07-05T16:14:20Z,2026-10-07T12:53:22Z,history-merge-v1,Binance Moon Pump™,,,,,,,ardia,ardia_utc,
hist-binance-MDA-202108101738,history,announcement,binance,MDA,BTC,1628617092000,2021-08-10T17:38:12Z,2026-10-07T12:53:22Z,history-merge-v1,Binance Moon Pump™,,,,,,,ardia,ardia_utc,
hist-binance-MDA-202109051103,history,announcement,binance,MDA,BTC,1630839792000,2021-09-05T11:03:12Z,2026-10-07T12:53:22Z,history-merge-v1,Whales Crypto Guide,,,,,,,ardia,ardia_utc,
hist-binance-MDA-202111231500,history,announcement,binance,MDA,BTC,1637679603000,2021-11-23T15:00:03Z,2026-10-07T12:53:22Z,history-merge-v1,Pumps Leaks; Binance Crypto Pumps; Binance Crypto Pump Signals; Bitmex Binance Whales Signals,,,,,,,ardia+pumpsense,ardia_utc,Coin is: MDA
hist-binance-MDT-202102091529,history,announcement,binance,MDT,BTC,1612884589000,2021-02-09T15:29:49Z,2026-10-07T12:53:22Z,history-merge-v1,APE crypto,,,,,,,ardia,ardia_utc,
hist-binance-MDT-202102091926,history,announcement,binance,MDT,BTC,1612898764000,2021-02-09T19:26:04Z,2026-10-07T12:53:22Z,history-merge-v1,Binance Waves,,,,,,,ardia,ardia_utc,
hist-binance-MDT-202102100848,history,announcement,binance,MDT,BTC,1612946932000,2021-02-10T08:48:52Z,2026-10-07T12:53:22Z,history-merge-v1,Binance Waves,,,,,,,ardia,ardia_utc,
hist-binance-MDT-202103141531,history,announcement,binance,MDT,BTC,1615735918000,2021-03-14T15:31:58Z,2026-10-07T12:53:22Z,history-merge-v1,Binance Waves,,,,,,,ardia,ardia_utc,
hist-binance-MDT-202103201045,history,announcement,binance,MDT,BTC,1616237122000,2021-03-20T10:45:22Z,2026-10-07T12:53:22Z,history-merge-v1,Whales Crypto Guide,,,,,,,ardia,ardia_utc,
hist-binance-MDX-202202021804,history,announcement,binance,MDX,BTC,1643825074000,2022-02-02T18:04:34Z,2026-10-07T12:53:22Z,history-merge-v1,Binance Pump Tracker™,,,,,,,ardia,ardia_utc,
hist-binance-MITH-201903290426,history,announcement,binance,MITH,BTC,1553833600000,2019-03-29T04:26:40Z,2026-10-07T12:53:22Z,history-merge-v1,Crypto Advisor,,,,,,,ardia,ardia_utc,
hist-binance-MITH-201905310825,history,announcement,binance,MITH,BTC,1559291151000,2019-05-31T08:25:51Z,2026-10-07T12:53:22Z,history-merge-v1,Crypto Advisor,,,,,,,ardia,ardia_utc,
hist-binance-MITH-201909270703,history,announcement,binance,MITH,BTC,1569567830000,2019-09-27T07:03:50Z,2026-10-07T12:53:22Z,history-merge-v1,Bitcoin Pump Group,,,,,,,ardia,ardia_utc,
hist-binance-MITH-202004141600,history,announcement,binance,MITH,BTC,1586880031000,2020-04-14T16:00:31Z,2026-10-07T12:53:22Z,history-merge-v1,CW; CPI; Crypto Pump Island; Binance Pump Signals; Bitcoin Pump Group,,,,,,,ardia+lamorgia+pumpsense,ardia_utc,Pump coin name #mith
hist-binance-MITH-202007120836,history,announcement,binance,MITH,BTC,1594542964000,2020-07-12T08:36:04Z,2026-10-07T12:53:22Z,history-merge-v1,Binance Pump Tracker™; Binance Moon Pump™,,,,,,,ardia,ardia_utc,
hist-binance-MITH-202008241353,history,announcement,binance,MITH,BTC,1598277204000,2020-08-24T13:53:24Z,2026-10-07T12:53:22Z,history-merge-v1,Binance Moon Pump™,,,,,,,ardia,ardia_utc,
hist-binance-MLN-202205151600,history,announcement,binance,MLN,BTC,1652630404000,2022-05-15T16:00:04Z,2026-10-07T12:53:22Z,history-merge-v1,Mega Signals Group; Cryptic Trading; Crypto Coin Pump Signals,,,,,,,pumpsense,pumpsense_minus_2h,"The coin we are buying is $MLN 

MLN is looking great as a buy right and and can easily reach 500%

Tweet #MLN $MLN on twitter once you are done buying to make it trend faster"
hist-binance-MOD-201802121900,history,announcement,binance,MOD,BTC,1518462000000,2018-02-12T19:00:00Z,2026-10-07T12:53:22Z,history-merge-v1,BPS,,,,,,,lamorgia,lamorgia_gmt,
hist-binance-MOD-201805181500,history,announcement,binance,MOD,BTC,1526655600000,2018-05-18T15:00:00Z,2026-10-07T12:53:22Z,history-merge-v1,FCS,,,,,,,lamorgia,lamorgia_gmt,
hist-binance-MOD-201811221500,history,announcement,binance,MOD,BTC,1542898800000,2018-11-22T15:00:00Z,2026-10-07T12:53:22Z,history-merge-v1,Crown Signal Notifier,,,,,,,pumpsense,pumpsense_minus_2h,
hist-binance-MTH-201803301800,history,announcement,binance,MTH,BTC,1522432800000,2018-03-30T18:00:00Z,2026-10-07T12:53:22Z,history-merge-v1,FCS,,,,,,,lamorgia,lamorgia_gmt,
hist-binance-MTH-201805071500,history,announcement,binance,MTH,BTC,1525705200000,2018-05-07T15:00:00Z,2026-10-07T12:53:22Z,history-merge-v1,Altcoins Trading Signals,,,,,,,pumpsense,pumpsense_minus_2h,"Coin Name : MTH 

https://www.binance.com/trade.html?symbol=MTH_BTC
Buy And Hold Huge Profit 🚀🚀🚀"
hist-binance-MTH-201807201551,history,announcement,binance,MTH,BTC,1532101894000,2018-07-20T15:51:34Z,2026-10-07T12:53:22Z,history-merge-v1,Binance Trading 360; Binance Profit Signal,,,,,,,pumpsense,pumpsense_minus_2h,"✈️✈️✈️mth✈️✈️✈️
 coin is our Pump coin!👍👍👍

✅✅
Buy it now
It will go huge as it announce in public after 1 hour then sell it fast!!💹💹📶📶🏧🏧💵💰"
hist-binance-MTH-201903262055,history,announcement,binance,MTH,BTC,1553633746000,2019-03-26T20:55:46Z,2026-10-07T12:53:22Z,history-merge-v1,Crypto Tree 🎄,,,,,,,ardia,ardia_utc,
hist-binance-MTH-201905161629,history,announcement,binance,MTH,BTC,1558024150000,2019-05-16T16:29:10Z,2026-10-07T12:53:22Z,history-merge-v1,Crypto Advisor,,,,,,,ardia,ardia_utc,
hist-binance-MTH-201905301200,history,announcement,binance,MTH,BTC,1559217615000,2019-05-30T12:00:15Z,2026-10-07T12:53:22Z,history-merge-v1,Crypto Advisor,,,,,,,ardia,ardia_utc,
hist-binance-MTH-201909021422,history,announcement,binance,MTH,BTC,1567434167000,2019-09-02T14:22:47Z,2026-10-07T12:53:22Z,history-merge-v1,Crypto Lion's™,,,,,,,ardia,ardia_utc,
hist-binance-MTH-202003210840,history,announcement,binance,MTH,BTC,1584780018000,2020-03-21T08:40:18Z,2026-10-07T12:53:22Z,history-merge-v1,The Bull,,,,,,,ardia,ardia_utc,
hist-binance-MTH-202007270040,history,announcement,binance,MTH,BTC,1595810424000,2020-07-27T00:40:24Z,2026-10-07T12:53:22Z,history-merge-v1,Binance Moon Pump™,,,,,,,ardia,ardia_utc,
hist-binance-MTH-202008121805,history,announcement,binance,MTH,BTC,1597255533000,2020-08-12T18:05:33Z,2026-10-07T12:53:22Z,history-merge-v1,Binance Moon Pump™,,,,,,,ardia,ardia_utc,
hist-binance-MTH-202103011700,history,announcement,binance,MTH,BTC,1614618003000,2021-03-01T17:00:03Z,2026-10-07T12:53:22Z,history-merge-v1,Technical CRYPTO Analyst; Hit Pump Angels,,,,,,,ardia+pumpsense,ardia_utc,"COIN IS : MTH

🚀BUY BUY BUY🚀"
hist-binance-MTH-202106061700,history,announcement,binance,MTH,BTC,1622998802000,2021-06-06T17:00:02Z,2026-10-07T12:53:22Z,history-merge-v1,Binance Pump Signals; Binance Crypto Pumps,,,,,,,ardia+pumpsense,ardia_utc,COIN IS :   MTH
hist-binance-MTH-202106271700,history,announcement,binance,MTH,BTC,1624813209000,2021-06-27T17:00:09Z,2026-10-07T12:53:22Z,history-merge-v1,Binance Crypto Pumps; Binance Pump Time CZ; Binance Royal Pump,,,,,,,ardia+pumpsense,ardia_utc,COIN IS : MTH
hist-binance-MTH-202109281418,history,announcement,binance,MTH,BTC,1632838728000,2021-09-28T14:18:48Z,2026-10-07T12:53:22Z,history-merge-v1,Binance Moon Pump™,,,,,,,ardia,ardia_utc,
hist-binance-MTH-202111030629,history,announcement,binance,MTH,BTC,1635920980000,2021-11-03T06:29:40Z,2026-10-07T12:53:22Z,history-merge-v1,Binance Pump Tracker™,,,,,,,ardia,ardia_utc,
hist-binance-MTH-202111071700,history,announcement,binance,MTH,BTC,1636304403000,2021-11-07T17:00:03Z,2026-10-07T12:53:22Z,history-merge-v1,Crypto Coin Pump Signals; Coin Coach Signals; Mega Signals Group; Baby Crypto Channel; Crypto Guru; Binance Crypto Pumps; Binance Crypto Pump Signals; WHALE BINANCE GROUP PUMP; Cryptic Trading,,,,,,,ardia+pumpsense,ardia_utc,"The coin we have picked to pump today is :  #MTH

MTH is looking perfect for a massive pump right now!"
hist-binance-MTL-201902231607,history,announcement,binance,MTL,BTC,1550938042000,2019-02-23T16:07:22Z,2026-10-07T12:53:22Z,history-merge-v1,Binance Trading 360,,,,,,,pumpsense,pumpsense_minus_2h,"✈️✈️✈️mtl✈️✈️✈️
 coin is our Pump coin!👍👍👍

✅✅
Buy it now
It will go huge as it announce in public after 1 hour then sell it fast!!💹💹📶📶🏧🏧💵💰"
hist-binance-MTL-202008081818,history,announcement,binance,MTL,BTC,1596910718000,2020-08-08T18:18:38Z,2026-10-07T12:53:22Z,history-merge-v1,Binance Moon Pump™,,,,,,,ardia,ardia_utc,
hist-binance-MTL-202011101655,history,announcement,binance,MTL,BTC,1605027312000,2020-11-10T16:55:12Z,2026-10-07T12:53:22Z,history-merge-v1,Binance Moon Pump™,,,,,,,ardia,ardia_utc,
hist-binance-MTL-202106041759,history,announcement,binance,MTL,BTC,1622829562000,2021-06-04T17:59:22Z,2026-10-07T12:53:22Z,history-merge-v1,Binance Moon Pump™,,,,,,,ardia,ardia_utc,
hist-binance-NANO-201903121632,history,announcement,binance,NANO,BTC,1552408370000,2019-03-12T16:32:50Z,2026-10-07T12:53:22Z,history-merge-v1,Crypto Tree 🎄,,,,,,,ardia,ardia_utc,
hist-binance-NANO-202008100624,history,announcement,binance,NANO,BTC,1597040668000,2020-08-10T06:24:28Z,2026-10-07T12:53:22Z,history-merge-v1,Binance Moon Pump™,,,,,,,ardia,ardia_utc,
hist-binance-NAS-201903271505,history,announcement,binance,NAS,BTC,1553699100000,2019-03-27T15:05:00Z,2026-10-07T12:53:22Z,history-merge-v1,Crypto Advisor,,,,,,,ardia,ardia_utc,
hist-binance-NAS-201912021759,history,announcement,binance,NAS,BTC,1575309589000,2019-12-02T17:59:49Z,2026-10-07T12:53:22Z,history-merge-v1,Signals Lion,,,,,,,ardia,ardia_utc,
hist-binance-NAS-202005301600,history,announcement,binance,NAS,BTC,1590854414000,2020-05-30T16:00:14Z,2026-10-07T12:53:22Z,history-merge-v1,TCG; BPF; Whales Crypto Guide; Trading Crypto Guide; CryptoFamily Binance; Hit Pump Angels,,,,,,,ardia+lamorgia+pumpsense,ardia_utc,"#NAS  #NAS  #NAS


Target 100%+


#NAS is whales favorite coin & now they pump it to the moon so BUY & HOLD #NAS is going to perform crazy today 🚀🚀

BUY FAST this trendy coin🤑

https://www.binance.com/en/trade/NAS_BTC"
hist-binance-NAS-202007101447,history,announcement,binance,NAS,BTC,1594392479000,2020-07-10T14:47:59Z,2026-10-07T12:53:22Z,history-merge-v1,Crypto World Coach™; Binance Moon Pump™,,,,,,,ardia,ardia_utc,
hist-binance-NAS-202012231800,history,announcement,binance,NAS,BTC,1608746400000,2020-12-23T18:00:00Z,2026-10-07T12:53:22Z,history-merge-v1,TWP; BPF; Hit Pump Angels; Binance Trading 360,,,,,,,lamorgia+pumpsense,lamorgia_gmt,"COIN IS : NAS

🚀BUY BUY BUY🚀"
hist-binance-NAS-202101142100,history,announcement,binance,NAS,BTC,1610658015000,2021-01-14T21:00:15Z,2026-10-07T12:53:22Z,history-merge-v1,WHALE BINANCE GROUP PUMP; Binance Crypto Pumps,,,,,,,pumpsense,pumpsense_minus_2h,Nas
hist-binance-NAS-202101211728,history,announcement,binance,NAS,BTC,1611250108000,2021-01-21T17:28:28Z,2026-10-07T12:53:22Z,history-merge-v1,Binance Moon Pump™,,,,,,,ardia,ardia_utc,
hist-binance-NAS-202103111038,history,announcement,binance,NAS,BTC,1615459099000,2021-03-11T10:38:19Z,2026-10-07T12:53:22Z,history-merge-v1,Binance Pump Tracker™,,,,,,,ardia,ardia_utc,
hist-binance-NAS-202104261822,history,announcement,binance,NAS,BTC,1619461338000,2021-04-26T18:22:18Z,2026-10-07T12:53:22Z,history-merge-v1,Crypto Profit Coach™,,,,,,,ardia,ardia_utc,
hist-binance-NAS-202105241843,history,announcement,binance,NAS,BTC,1621881796000,2021-05-24T18:43:16Z,2026-10-07T12:53:22Z,history-merge-v1,Crypto Profit Coach™,,,,,,,ardia,ardia_utc,
hist-binance-NAS-202106161629,history,announcement,binance,NAS,BTC,1623860944000,2021-06-16T16:29:04Z,2026-10-07T12:53:22Z,history-merge-v1,Binance Moon Pump™,,,,,,,ardia,ardia_utc,
hist-binance-NAS-202108221700,history,announcement,binance,NAS,BTC,1629651611000,2021-08-22T17:00:11Z,2026-10-07T12:53:22Z,history-merge-v1,Mega Signals Group; Kucoin Pump Signals | Crypto Trading; Binance Trading 360; Binance Crypto Pumps; WHALE BINANCE GROUP PUMP; Cryptic Trading; Crypto Coin Pump Signals,,,,,,,ardia+pumpsense,ardia_utc,"The coin we have picked to pump today is :  #NAS

NAS is looking perfect for a massive pump right now!"
hist-binance-NAS-202111121437,history,announcement,binance,NAS,BTC,1636727823000,2021-11-12T14:37:03Z,2026-10-07T12:53:22Z,history-merge-v1,Binance Pump Tracker™,,,,,,,ardia,ardia_utc,
hist-binance-NAS-202111141500,history,announcement,binance,NAS,BTC,1636902006000,2021-11-14T15:00:06Z,2026-10-07T12:53:22Z,history-merge-v1,Pumps Leaks; Binance Crypto Pumps; Binance Crypto Pump Signals; WHALE BINANCE GROUP PUMP,,,,,,,ardia+pumpsense,ardia_utc,Coin is: NAS
hist-binance-NAS-202202011500,history,announcement,binance,NAS,BTC,1643727618000,2022-02-01T15:00:18Z,2026-10-07T12:53:22Z,history-merge-v1,WHALE BINANCE GROUP PUMP,,,,,,,pumpsense,pumpsense_minus_2h,"The coin we have picked to pump is :  #NAS

NAS is looking perfect for a pump right now"
hist-binance-NAS-202205021400,history,announcement,binance,NAS,BTC,1651500004000,2022-05-02T14:00:04Z,2026-10-07T12:53:22Z,history-merge-v1,Trading Crypto Guide,,,,,,,pumpsense,pumpsense_minus_2h,"Bottom Based  Rocket Call

#NAS on Binance

Targeting 100%🚀

https://www.binance.com/en/trade/NAS_BTC?layout=pro"
hist-binance-NAV-201801071800,history,announcement,binance,NAV,BTC,1515348000000,2018-01-07T18:00:00Z,2026-10-07T12:53:22Z,history-merge-v1,BPS,,,,,,,lamorgia,lamorgia_gmt,
hist-binance-NAV-201804091700,history,announcement,binance,NAV,BTC,1523293200000,2018-04-09T17:00:00Z,2026-10-07T12:53:22Z,history-merge-v1,FCS,,,,,,,lamorgia,lamorgia_gmt,
hist-binance-NAV-201809221900,history,announcement,binance,NAV,BTC,1537642800000,2018-09-22T19:00:00Z,2026-10-07T12:53:22Z,history-merge-v1,BPS; BPF; Hit Pump Angels,,,,,,,lamorgia+pumpsense,lamorgia_gmt,COIN IS : NAV
hist-binance-NAV-201905031759,history,announcement,binance,NAV,BTC,1556906367000,2019-05-03T17:59:27Z,2026-10-07T12:53:22Z,history-merge-v1,Baby Crypto Channel; Crypto Guru,,,,,,,pumpsense,pumpsense_minus_2h,"#NAV (NAV Coin)

Selling Targets:- 20%|35%|45%|60%

Make Sure you Guys will Buy  and #Hold for Maximum Profit

Also Be Careful  on BTC when holding #Alts."
hist-binance-NAV-201905181659,history,announcement,binance,NAV,BTC,1558198797000,2019-05-18T16:59:57Z,2026-10-07T12:53:22Z,history-merge-v1,Mega Pump Group; Mega Signals Group; MPG; BPF; CPI; Hit Pump Angels; Bitcoin Pump Group,,,,,,,ardia+lamorgia+pumpsense,ardia_utc,COIN IS : NAV
hist-binance-NAV-201906241700,history,announcement,binance,NAV,BTC,1561395602000,2019-06-24T17:00:02Z,2026-10-07T12:53:22Z,history-merge-v1,CPI; Crypto Pump Island; Bitcoin Pump Group,,,,,,,ardia+lamorgia+pumpsense,ardia_utc,Coin name :#NAV
hist-binance-NAV-201907131657,history,announcement,binance,NAV,BTC,1563037043000,2019-07-13T16:57:23Z,2026-10-07T12:53:22Z,history-merge-v1,MPG; BPF; Mega Signals Group; Binance Royal Pump; Hit Pump Angels; Bitcoin Pump Group,,,,,,,ardia+lamorgia+pumpsense,ardia_utc,"There are many good coins to buy on Binance

The coin we picked to buy is : $ NAV"
hist-binance-NAV-201908012000,history,announcement,binance,NAV,BTC,1564689602000,2019-08-01T20:00:02Z,2026-10-07T12:53:22Z,history-merge-v1,CPS; BPF; SE; CPI; 2018; Crypto Pump Squad; Hit Pump Angels; Bitcoin Pump Group,,,,,,,ardia+lamorgia+pumpsense,ardia_utc,"https://cdn.discordapp.com/attachments/504313393088561162/606571276768903168/unknown.png
Exected gain: 40-60%+ Lets go to the moon!"
hist-binance-NAV-201910061517,history,announcement,binance,NAV,BTC,1570375072000,2019-10-06T15:17:52Z,2026-10-07T12:53:22Z,history-merge-v1,Crypto Trader,,,,,,,ardia,ardia_utc,
hist-binance-NAV-201912191700,history,announcement,binance,NAV,BTC,1576774815000,2019-12-19T17:00:15Z,2026-10-07T12:53:22Z,history-merge-v1,CPI; Crypto Pump Island; Binance Pump Signals,,,,,,,ardia+lamorgia+pumpsense,ardia_utc,Coin name #NAV
hist-binance-NAV-202001161900,history,announcement,binance,NAV,BTC,1579201218000,2020-01-16T19:00:18Z,2026-10-07T12:53:22Z,history-merge-v1,MPG; WCG; BPF; Baby Crypto Channel; Mega Signals Group; Whales Crypto Guide; Binance Royal Pump; Hit Pump Angels,,,,,,,ardia+lamorgia+pumpsense,ardia_utc,"There are many good coins on Binance 

The coin we picked today is :  👉 ( N ) ( A ) ( V ) 👈"
hist-binance-NAV-202002201600,history,announcement,binance,NAV,BTC,1582214400000,2020-02-20T16:00:00Z,2026-10-07T12:53:22Z,history-merge-v1,TCG; BPF; CCS; Coin Coach Signals; Trading Crypto Guide; Hit Pump Angels,,,,,,,lamorgia+pumpsense,lamorgia_gmt,"Buy N_A_V at current price

We done with #RLC #ADX #PHB #EDO

Now it's time for #NAV🚀🚀

Our targets are 50%-2x for short term 🤑🚀"
hist-binance-NAV-202003091950,history,announcement,binance,NAV,BTC,1583783445000,2020-03-09T19:50:45Z,2026-10-07T12:53:22Z,history-merge-v1,Binance Mega Pump,,,,,,,ardia,ardia_utc,
hist-binance-NAV-202003161559,history,announcement,binance,NAV,BTC,1584374395000,2020-03-16T15:59:55Z,2026-10-07T12:53:22Z,history-merge-v1,Binance Mega Pump,,,,,,,ardia,ardia_utc,
hist-binance-NAV-202006291302,history,announcement,binance,NAV,BTC,1593435738000,2020-06-29T13:02:18Z,2026-10-07T12:53:22Z,history-merge-v1,Binance Moon Pump™,,,,,,,ardia,ardia_utc,
hist-binance-NAV-202011101747,history,announcement,binance,NAV,BTC,1605030450000,2020-11-10T17:47:30Z,2026-10-07T12:53:22Z,history-merge-v1,Binance Moon Pump™,,,,,,,ardia,ardia_utc,
hist-binance-NAV-202012051553,history,announcement,binance,NAV,BTC,1607183634000,2020-12-05T15:53:54Z,2026-10-07T12:53:22Z,history-merge-v1,Binance Moon Pump™,,,,,,,ardia,ardia_utc,
hist-binance-NAV-202012201900,history,announcement,binance,NAV,BTC,1608490812000,2020-12-20T19:00:12Z,2026-10-07T12:53:22Z,history-merge-v1,CP; Cryptic Pumps,,,,,,,ardia+lamorgia,ardia_utc,
hist-binance-NAV-202103141700,history,announcement,binance,NAV,BTC,1615741203000,2021-03-14T17:00:03Z,2026-10-07T12:53:22Z,history-merge-v1,WallStreetBets | KuCoin Pumps,,,,,,,ardia,ardia_utc,
hist-binance-NAV-202103201855,history,announcement,binance,NAV,BTC,1616266554000,2021-03-20T18:55:54Z,2026-10-07T12:53:22Z,history-merge-v1,Whales Crypto Guide,,,,,,,ardia,ardia_utc,
hist-binance-NAV-202103261700,history,announcement,binance,NAV,BTC,1616778001000,2021-03-26T17:00:01Z,2026-10-07T12:53:22Z,history-merge-v1,WallStreetBets ®,,,,,,,ardia,ardia_utc,
hist-binance-NAV-202103271650,history,announcement,binance,NAV,BTC,1616863801000,2021-03-27T16:50:01Z,2026-10-07T12:53:22Z,history-merge-v1,The Crypto Express.,,,,,,,ardia,ardia_utc,
hist-binance-NAV-202104150523,history,announcement,binance,NAV,BTC,1618464223000,2021-04-15T05:23:43Z,2026-10-07T12:53:22Z,history-merge-v1,Binance Moon Pump™,,,,,,,ardia,ardia_utc,
hist-binance-NAV-202105260617,history,announcement,binance,NAV,BTC,1622009837000,2021-05-26T06:17:17Z,2026-10-07T12:53:22Z,history-merge-v1,Binance Moon Pump™,,,,,,,ardia,ardia_utc,
hist-binance-NAV-202106201100,history,announcement,binance,NAV,BTC,1624186822000,2021-06-20T11:00:22Z,2026-10-07T12:53:22Z,history-merge-v1,American Whales,,,,,,,ardia,ardia_utc,
hist-binance-NAV-202109211350,history,announcement,binance,NAV,BTC,1632232206000,2021-09-21T13:50:06Z,2026-10-07T12:53:22Z,history-merge-v1,Binance Moon Pump™,,,,,,,ardia,ardia_utc,
hist-binance-NAV-202110081617,history,announcement,binance,NAV,BTC,1633709855000,2021-10-08T16:17:35Z,2026-10-07T12:53:22Z,history-merge-v1,Binance Moon Pump™,,,,,,,ardia,ardia_utc,
hist-binance-NAV-202111260121,history,announcement,binance,NAV,BTC,1637889712000,2021-11-26T01:21:52Z,2026-10-07T12:53:22Z,history-merge-v1,Binance Pump Tracker™,,,,,,,ardia,ardia_utc,
hist-binance-NAV-202208071800,history,announcement,binance,NAV,BTC,1659895205000,2022-08-07T18:00:05Z,2026-10-07T12:53:22Z,history-merge-v1,Big Pump Signal,,,,,,,pumpsense,pumpsense_minus_2h,
hist-binance-NBS-202101281824,history,announcement,binance,NBS,BTC,1611858240000,2021-01-28T18:24:00Z,2026-10-07T12:53:22Z,history-merge-v1,Binance Moon Pump™,,,,,,,ardia,ardia_utc,
hist-binance-NEAR-202103301456,history,announcement,binance,NEAR,BTC,1617116199000,2021-03-30T14:56:39Z,2026-10-07T12:53:22Z,history-merge-v1,Cryptonians (Free Signals and News Update),,,,,,,ardia,ardia_utc,
hist-binance-NEAR-202105221527,history,announcement,binance,NEAR,BTC,1621697263000,2021-05-22T15:27:43Z,2026-10-07T12:53:22Z,history-merge-v1,Crypto Pump Squad,,,,,,,ardia,ardia_utc,
hist-binance-NEAR-202109080826,history,announcement,binance,NEAR,BTC,1631089611000,2021-09-08T08:26:51Z,2026-10-07T12:53:22Z,history-merge-v1,Crypto VIP Signal™,,,,,,,ardia,ardia_utc,
hist-binance-NEBL-201812231659,history,announcement,binance,NEBL,BTC,1545584340000,2018-12-23T16:59:00Z,2026-10-07T12:53:22Z,history-merge-v1,Binance Trading 360; MPG; Mega Signals Group,,,,,,,lamorgia+pumpsense,lamorgia_gmt,"✈️✈️✈️nebl✈️✈️✈️
 coin is our Pump coin!👍👍👍

✅✅
Buy it now
It will go huge as it announce in public after 1 hour then sell it fast!!💹💹📶📶🏧🏧💵💰"
hist-binance-NEBL-201901031545,history,announcement,binance,NEBL,BTC,1546530331000,2019-01-03T15:45:31Z,2026-10-07T12:53:22Z,history-merge-v1,Baby Crypto Channel; Crypto Guru,,,,,,,pumpsense,pumpsense_minus_2h,"🔥 Best Signal of the Week🔥

🚀 The coin is #NEBL 🚀

Target 1 - 38000
Target 2 - 39550
Target 3 - 44300++

🚀Buy and Hold tight till target achieve🚀

Comments:- Neblio Tachyon Network Upgrade activates at block height 387028, which is expected around January 12."
hist-binance-NEBL-201904081630,history,announcement,binance,NEBL,BTC,1554741048000,2019-04-08T16:30:48Z,2026-10-07T12:53:22Z,history-merge-v1,CPI; Crypto Pump Island; Bitcoin Pump Group,,,,,,,ardia+lamorgia+pumpsense,ardia_utc,NEBL
hist-binance-NEBL-201904212000,history,announcement,binance,NEBL,BTC,1555876842000,2019-04-21T20:00:42Z,2026-10-07T12:53:22Z,history-merge-v1,Bitcoin Pump Group,,,,,,,pumpsense,pumpsense_minus_2h,Coin name annouced in VIP .🚀🚀
hist-binance-NEBL-201906162100,history,announcement,binance,NEBL,BTC,1560718840000,2019-06-16T21:00:40Z,2026-10-07T12:53:22Z,history-merge-v1,BPS; CPI; Crypto Pump Island,,,,,,,ardia+lamorgia,ardia_utc,
hist-binance-NEBL-201910251800,history,announcement,binance,NEBL,BTC,1572026418000,2019-10-25T18:00:18Z,2026-10-07T12:53:22Z,history-merge-v1,Coin Pump Crew ✪,,,,,,,ardia,ardia_utc,
hist-binance-NEBL-201910271556,history,announcement,binance,NEBL,BTC,1572191764000,2019-10-27T15:56:04Z,2026-10-07T12:53:22Z,history-merge-v1,Crypto VIP Signal™,,,,,,,ardia,ardia_utc,
hist-binance-NEBL-201911051600,history,announcement,binance,NEBL,BTC,1572969612000,2019-11-05T16:00:12Z,2026-10-07T12:53:22Z,history-merge-v1,CPI; Crypto Pump Island; Binance Pump Signals,,,,,,,ardia+lamorgia+pumpsense,ardia_utc,"Coin name 

 N-E-B-L"
hist-binance-NEBL-202003152000,history,announcement,binance,NEBL,BTC,1584302413000,2020-03-15T20:00:13Z,2026-10-07T12:53:22Z,history-merge-v1,BPF; Binance Royal Pump; Hit Pump Angels; WHALE BINANCE GROUP PUMP,,,,,,,ardia+lamorgia+pumpsense,ardia_utc,"COIN IS : NEBL

BUY BUY BUY"
hist-binance-NEBL-202003311300,history,announcement,binance,NEBL,BTC,1585659607000,2020-03-31T13:00:07Z,2026-10-07T12:53:22Z,history-merge-v1,Binance Mega Pump,,,,,,,ardia,ardia_utc,
hist-binance-NEBL-202006141600,history,announcement,binance,NEBL,BTC,1592150408000,2020-06-14T16:00:08Z,2026-10-07T12:53:22Z,history-merge-v1,TCG; Binance Pump Tracker™; Bitmex Binance Whales Signals; Bitcoin Pump Group,,,,,,,ardia+lamorgia+pumpsense,ardia_utc,"#NEBL  #NEBL  #NEBL


Let's 2x spike with our whales 🚀🚀


#NEBL is going to perform crazy today bcoz of the huge global FOMO & massive volume coming in🚀🚀

BUY FAST this trendy low cap coin🤑

https://www.binance.com/en/trade/NEBL_BTC"
hist-binance-NEBL-202006142113,history,announcement,binance,NEBL,BTC,1592169197000,2020-06-14T21:13:17Z,2026-10-07T12:53:22Z,history-merge-v1,Crypto Pump 🇧🇷 - Canal,,,,,,,ardia,ardia_utc,
hist-binance-NEBL-202006190716,history,announcement,binance,NEBL,BTC,1592550986000,2020-06-19T07:16:26Z,2026-10-07T12:53:22Z,history-merge-v1,Crypto Ninja Coach | Official™,,,,,,,ardia,ardia_utc,
hist-binance-NEBL-202006231349,history,announcement,binance,NEBL,BTC,1592920184000,2020-06-23T13:49:44Z,2026-10-07T12:53:22Z,history-merge-v1,Crypto Ninja Coach | Official™,,,,,,,ardia,ardia_utc,
hist-binance-NEBL-202006241810,history,announcement,binance,NEBL,BTC,1593022226000,2020-06-24T18:10:26Z,2026-10-07T12:53:22Z,history-merge-v1,Binance Moon Pump™,,,,,,,ardia,ardia_utc,
hist-binance-NEBL-202012021800,history,announcement,binance,NEBL,BTC,1606932000000,2020-12-02T18:00:00Z,2026-10-07T12:53:22Z,history-merge-v1,TWP; BPF; Hit Pump Angels; Binance Crypto Pumps,,,,,,,lamorgia+pumpsense,lamorgia_gmt,"COIN IS : NEBL

🚀BUY BUY BUY🚀"
hist-binance-NEBL-202012151800,history,announcement,binance,NEBL,BTC,1608055200000,2020-12-15T18:00:00Z,2026-10-07T12:53:22Z,history-merge-v1,TWP; BPF; Hit Pump Angels,,,,,,,lamorgia+pumpsense,lamorgia_gmt,"COIN IS : NEBL

🚀BUY BUY BUY🚀"
hist-binance-NEBL-202101022100,history,announcement,binance,NEBL,BTC,1609621200000,2021-01-02T21:00:00Z,2026-10-07T12:53:22Z,history-merge-v1,BPS; BPF; Hit Pump Angels; Bitcoin Pump Group,,,,,,,lamorgia+pumpsense,lamorgia_gmt,"COIN IS : NEBL

🚀BUY BUY BUY🚀"
hist-binance-NEBL-202102132100,history,announcement,binance,NEBL,BTC,1613250017000,2021-02-13T21:00:17Z,2026-10-07T12:53:22Z,history-merge-v1,Hit Pump Angels; WHALE BINANCE GROUP PUMP; Binance Pump Signals; Binance Crypto Pumps,,,,,,,ardia+pumpsense,ardia_utc,"COIN IS : NEBL

🚀BUY BUY BUY🚀"
hist-binance-NEBL-202102201536,history,announcement,binance,NEBL,BTC,1613835363000,2021-02-20T15:36:03Z,2026-10-07T12:53:22Z,history-merge-v1,Binance Pump Signals,,,,,,,ardia,ardia_utc,
hist-binance-NEBL-202104101843,history,announcement,binance,NEBL,BTC,1618080183000,2021-04-10T18:43:03Z,2026-10-07T12:53:22Z,history-merge-v1,Whales Crypto Guide,,,,,,,ardia,ardia_utc,
hist-binance-NEBL-202104202322,history,announcement,binance,NEBL,BTC,1618960931000,2021-04-20T23:22:11Z,2026-10-07T12:53:22Z,history-merge-v1,Whales Crypto Guide,,,,,,,ardia,ardia_utc,
hist-binance-NEBL-202105211600,history,announcement,binance,NEBL,BTC,1621612807000,2021-05-21T16:00:07Z,2026-10-07T12:53:22Z,history-merge-v1,premium binance signals turkey; Trading Crypto Guide; BINANCE_DAY,,,,,,,ardia+pumpsense,ardia_utc,"2x Potential Call!

#NEBL on Binance

https://www.binance.com/en/trade/NEBL_BTC?layout=pro"
hist-binance-NEBL-202105271748,history,announcement,binance,NEBL,BTC,1622137714000,2021-05-27T17:48:34Z,2026-10-07T12:53:22Z,history-merge-v1,American Whales,,,,,,,ardia,ardia_utc,
hist-binance-NEBL-202107051517,history,announcement,binance,NEBL,BTC,1625498273000,2021-07-05T15:17:53Z,2026-10-07T12:53:22Z,history-merge-v1,Binance Moon Pump™,,,,,,,ardia,ardia_utc,
hist-binance-NEBL-202107300924,history,announcement,binance,NEBL,BTC,1627637068000,2021-07-30T09:24:28Z,2026-10-07T12:53:22Z,history-merge-v1,American Whales,,,,,,,ardia,ardia_utc,
hist-binance-NEBL-202108241500,history,announcement,binance,NEBL,BTC,1629817203000,2021-08-24T15:00:03Z,2026-10-07T12:53:22Z,history-merge-v1,Coin Coach Signals; Baby Crypto Channel; Crypto Guru; Crypto Signals,,,,,,,pumpsense,pumpsense_minus_2h,"🚨NEBL/BTC🚨
==============
The GEM that has an almost guaranteed 7x🚀🚀🚀
Let’s moon it

(BTC paired, Binance)"
hist-binance-NEBL-202109221307,history,announcement,binance,NEBL,BTC,1632316025000,2021-09-22T13:07:05Z,2026-10-07T12:53:22Z,history-merge-v1,Binance Moon Pump™,,,,,,,ardia,ardia_utc,
hist-binance-NEBL-202110301730,history,announcement,binance,NEBL,BTC,1635615036000,2021-10-30T17:30:36Z,2026-10-07T12:53:22Z,history-merge-v1,Whales Crypto Guide,,,,,,,ardia,ardia_utc,
hist-binance-NEBL-202112051500,history,announcement,binance,NEBL,BTC,1638716448000,2021-12-05T15:00:48Z,2026-10-07T12:53:22Z,history-merge-v1,🐳WHALE BINANCE GROUP PUMP 🐳; WHALE BINANCE GROUP PUMP,,,,,,,ardia+pumpsense,ardia_utc,Nebl
hist-binance-NEBL-202112241239,history,announcement,binance,NEBL,BTC,1640349569000,2021-12-24T12:39:29Z,2026-10-07T12:53:22Z,history-merge-v1,Binance Pump Tracker™,,,,,,,ardia,ardia_utc,
hist-binance-NEBL-202201021700,history,announcement,binance,NEBL,BTC,1641142807000,2022-01-02T17:00:07Z,2026-10-07T12:53:22Z,history-merge-v1,Kucoin Pump Signals | Crypto Trading; Mega Signals Group; WHALE BINANCE GROUP PUMP; Binance Crypto Pumps; Binance Crypto Pump Signals; Cryptic Trading; Crypto Coin Pump Signals,,,,,,,ardia+pumpsense,ardia_utc,"The coin we have picked to pump today is :  #NEBL

NEBL is looking perfect for a massive pump right now!"
hist-binance-NEBL-202207172159,history,announcement,binance,NEBL,BTC,1658095185000,2022-07-17T21:59:45Z,2026-10-07T12:53:22Z,history-merge-v1,Big Pump Signal,,,,,,,pumpsense,pumpsense_minus_2h,
hist-binance-NEO-201907241054,history,announcement,binance,NEO,BTC,1563965694000,2019-07-24T10:54:54Z,2026-10-07T12:53:22Z,history-merge-v1,Bitcoin Pump Group,,,,,,,ardia,ardia_utc,
hist-binance-NEO-201907241618,history,announcement,binance,NEO,BTC,1563985091000,2019-07-24T16:18:11Z,2026-10-07T12:53:22Z,history-merge-v1,Bitcoin Profit Coach,,,,,,,ardia,ardia_utc,
hist-binance-NEO-202102091457,history,announcement,binance,NEO,BTC,1612882672000,2021-02-09T14:57:52Z,2026-10-07T12:53:22Z,history-merge-v1,APE crypto,,,,,,,ardia,ardia_utc,
hist-binance-NKN-202004130957,history,announcement,binance,NKN,BTC,1586771851000,2020-04-13T09:57:31Z,2026-10-07T12:53:22Z,history-merge-v1,The Bull,,,,,,,ardia,ardia_utc,
hist-binance-NKN-202006261839,history,announcement,binance,NKN,BTC,1593196760000,2020-06-26T18:39:20Z,2026-10-07T12:53:22Z,history-merge-v1,Binance Moon Pump™,,,,,,,ardia,ardia_utc,
hist-binance-NKN-202106171159,history,announcement,binance,NKN,USDT,1623931198000,2021-06-17T11:59:58Z,2026-10-07T12:53:22Z,history-merge-v1,Wisdom Community ( Crypto Won ),,,,,,,pumpsense,pumpsense_minus_2h,"Buy NKN fast  

https://www.binance.com/en/futures/NKN_USDT"
hist-binance-NKN-202107051300,history,announcement,binance,NKN,USDT,1625490000000,2021-07-05T13:00:00Z,2026-10-07T12:53:22Z,history-merge-v1,Wisdom Community ( Crypto Won ),,,,,,,pumpsense,pumpsense_minus_2h,"Buy NKN , Big pump 🔥

https://www.binance.com/en/futures/NKNUSDT"
hist-binance-NMR-202103261800,history,announcement,binance,NMR,BTC,1616781659000,2021-03-26T18:00:59Z,2026-10-07T12:53:22Z,history-merge-v1,Binance Moon Pump™,,,,,,,ardia,ardia_utc,
hist-binance-NSX-201910021800,history,announcement,binance,NSX,BTC,1570039206000,2019-10-02T18:00:06Z,2026-10-07T12:53:22Z,history-merge-v1,Baby Crypto Channel,,,,,,,pumpsense,pumpsense_minus_2h,"There are many good coins on Binance 

The coin we picked today is :  👉 ( N ) ( X )  ( S ) 👈"
hist-binance-NU-202108200208,history,announcement,binance,NU,BTC,1629425300000,2021-08-20T02:08:20Z,2026-10-07T12:53:22Z,history-merge-v1,Binance Moon Pump™,,,,,,,ardia,ardia_utc,
hist-binance-NULS-201812281040,history,announcement,binance,NULS,BTC,1545993632000,2018-12-28T10:40:32Z,2026-10-07T12:53:22Z,history-merge-v1,Coin Coach Signals,,,,,,,pumpsense,pumpsense_minus_2h,"#NULS Coin  looks good on Daily Chart i Recommed to Hold it 

Its Nice to Buy #NULS Right Now!!! (MID TERM)

👉BUY #NULS UNDER 10200➖10800

Sell Target 11400➖11900➖12500➖13000➕"
hist-binance-NULS-201907260840,history,announcement,binance,NULS,BTC,1564130413000,2019-07-26T08:40:13Z,2026-10-07T12:53:22Z,history-merge-v1,Bitcoin Pump Group,,,,,,,ardia,ardia_utc,
hist-binance-NULS-201910161128,history,announcement,binance,NULS,BTC,1571225338000,2019-10-16T11:28:58Z,2026-10-07T12:53:22Z,history-merge-v1,American Whales,,,,,,,ardia,ardia_utc,
hist-binance-NULS-202001181821,history,announcement,binance,NULS,BTC,1579371697000,2020-01-18T18:21:37Z,2026-10-07T12:53:22Z,history-merge-v1,Wolf of trading Signals,,,,,,,ardia,ardia_utc,
hist-binance-NULS-202001301700,history,announcement,binance,NULS,BTC,1580403606000,2020-01-30T17:00:06Z,2026-10-07T12:53:22Z,history-merge-v1,BPF; CPI; Crypto Pump Island; Hit Pump Angels; Binance Pump Signals,,,,,,,ardia+lamorgia+pumpsense,ardia_utc,"COIN IS : NULS

BUY BUY BUY"
hist-binance-NULS-202111051911,history,announcement,binance,NULS,BTC,1636139493000,2021-11-05T19:11:33Z,2026-10-07T12:53:22Z,history-merge-v1,Binance Pump Tracker™,,,,,,,ardia,ardia_utc,
hist-binance-NXS-201807041859,history,announcement,binance,NXS,BTC,1530730740000,2018-07-04T18:59:00Z,2026-10-07T12:53:22Z,history-merge-v1,Binance Trading 360; BPS,,,,,,,lamorgia+pumpsense,lamorgia_gmt,"✈️✈️✈️nxs✈️✈️✈️
 coin is our Pump coin!👍👍👍

✅✅
Buy it now
It will go huge as it announce in public after 1 hour then sell it fast!!💹💹📶📶🏧🏧💵💰"
hist-binance-NXS-201906171459,history,announcement,binance,NXS,BTC,1560783596000,2019-06-17T14:59:56Z,2026-10-07T12:53:22Z,history-merge-v1,Cryptocurrency: Wolf Posting 🚀,,,,,,,ardia,ardia_utc,
hist-binance-NXS-201910021800,history,announcement,binance,NXS,BTC,1570039213000,2019-10-02T18:00:13Z,2026-10-07T12:53:22Z,history-merge-v1,MPG; WCG; SE; CPI; Coin Coach Signals; Mega Signals Group; Whales Crypto Guide; Signals Lion; Binance Pump Signals,,,,,,,ardia+lamorgia+pumpsense,ardia_utc,"There are many good coins on Binance 

The coin we picked today is :  👉 ( N ) ( X )  ( S ) 👈"
hist-binance-NXS-202001201900,history,announcement,binance,NXS,BTC,1579546800000,2020-01-20T19:00:00Z,2026-10-07T12:53:22Z,history-merge-v1,BPF; Hit Pump Angels,,,,,,,lamorgia+pumpsense,lamorgia_gmt,"COIN IS: NXS

BUY BUY BUY"
hist-binance-NXS-202001301729,history,announcement,binance,NXS,BTC,1580405384000,2020-01-30T17:29:44Z,2026-10-07T12:53:22Z,history-merge-v1,Optimus Pump,,,,,,,ardia,ardia_utc,
hist-binance-NXS-202003031559,history,announcement,binance,NXS,BTC,1583251140000,2020-03-03T15:59:00Z,2026-10-07T12:53:22Z,history-merge-v1,TCG; CCS; Coin Coach Signals; Trading Crypto Guide; BPF; Hit Pump Angels,,,,,,,lamorgia+pumpsense,lamorgia_gmt,"Coin is   ' N X S'
Expected Gain: 50-100%"
hist-binance-NXS-202003251557,history,announcement,binance,NXS,BTC,1585151861000,2020-03-25T15:57:41Z,2026-10-07T12:53:22Z,history-merge-v1,BPF; CCS; 𝑪𝒐𝒊𝒏|𝑪𝒐𝒂𝒄𝒉|𝑺𝒊𝒈𝒏𝒂𝒍𝒔; Coin Coach Signals; Crypto Guru; Crypto Fox; Hit Pump Angels; WHALE BINANCE GROUP PUMP; Baby Crypto Channel,,,,,,,ardia+lamorgia+pumpsense,ardia_utc,"https://www.binance.com/en/trade/NXS_BTC

#NXS/BTC Bullish Chart:-

#NXS/BTC Bounce back from Strong Support at 2050-2150 Satoshi 

So Now price Above Strong Support Level.
So we can Expect First Resistance at 3692 Satoshi 

Target 1:- 3192 Satoshi 
Target 2:- 4830 Satoshi"
hist-binance-NXS-202006290920,history,announcement,binance,NXS,BTC,1593422455000,2020-06-29T09:20:55Z,2026-10-07T12:53:22Z,history-merge-v1,Crypto World Coach™,,,,,,,ardia,ardia_utc,
hist-binance-NXS-202007031100,history,announcement,binance,NXS,BTC,1593774013000,2020-07-03T11:00:13Z,2026-10-07T12:53:22Z,history-merge-v1,Binance Moon Pump™,,,,,,,ardia,ardia_utc,
hist-binance-NXS-202007101515,history,announcement,binance,NXS,BTC,1594394140000,2020-07-10T15:15:40Z,2026-10-07T12:53:22Z,history-merge-v1,Binance Moon Pump™,,,,,,,ardia,ardia_utc,
hist-binance-NXS-202007211600,history,announcement,binance,NXS,BTC,1595347211000,2020-07-21T16:00:11Z,2026-10-07T12:53:22Z,history-merge-v1,TCG; BPF; 2018; Hit Pump Angels; Binance Trading 360; Bitcoin Pump Group,,,,,,,ardia+lamorgia+pumpsense,ardia_utc,"COIN IS : NXS

🚀BUY BUY BUY🚀"
hist-binance-NXS-202008021600,history,announcement,binance,NXS,BTC,1596384012000,2020-08-02T16:00:12Z,2026-10-07T12:53:22Z,history-merge-v1,TCG; BPF; 2018; Hit Pump Angels; Bitcoin Pump Group,,,,,,,ardia+lamorgia+pumpsense,ardia_utc,COIN IS : NXS
hist-binance-NXS-202008201520,history,announcement,binance,NXS,BTC,1597936800000,2020-08-20T15:20:00Z,2026-10-07T12:53:22Z,history-merge-v1,Binance Moon Pump™,,,,,,,ardia,ardia_utc,
hist-binance-NXS-202011062000,history,announcement,binance,NXS,BTC,1604692810000,2020-11-06T20:00:10Z,2026-10-07T12:53:22Z,history-merge-v1,CPS; TWP; BPF; Crypto Pump Squad; Hit Pump Angels,,,,,,,ardia+lamorgia+pumpsense,ardia_utc,"Today We Push: $NXS #NXS $NXS

https://www.binance.com/en/trade/NXS_BTC

@everyone"
hist-binance-NXS-202012031800,history,announcement,binance,NXS,BTC,1607018400000,2020-12-03T18:00:00Z,2026-10-07T12:53:22Z,history-merge-v1,CP; Cryptic Trading,,,,,,,lamorgia+pumpsense,lamorgia_gmt,"NXS is the pushed coin

▪️ Target: 0.00001888 (1888 sats)
▪️ Hold & Buy Dips
▪️ Put some buy limits if you are late.

https://www.binance.com/en/trade/NXS_BTC"
hist-binance-NXS-202012271800,history,announcement,binance,NXS,BTC,1609092000000,2020-12-27T18:00:00Z,2026-10-07T12:53:22Z,history-merge-v1,CP; Binance Crypto Pumps; Cryptic Trading,,,,,,,lamorgia+pumpsense,lamorgia_gmt,COIN IS :nxs
hist-binance-NXS-202101151700,history,announcement,binance,NXS,BTC,1610730000000,2021-01-15T17:00:00Z,2026-10-07T12:53:22Z,history-merge-v1,TWP; BPF; Hit Pump Angels,,,,,,,lamorgia+pumpsense,lamorgia_gmt,"COIN IS : nxs

🚀BUY BUY BUY🚀"
hist-binance-NXS-202101231313,history,announcement,binance,NXS,BTC,1611407613000,2021-01-23T13:13:33Z,2026-10-07T12:53:22Z,history-merge-v1,Binance Moon Pump™,,,,,,,ardia,ardia_utc,
hist-binance-NXS-202102210707,history,announcement,binance,NXS,BTC,1613891227000,2021-02-21T07:07:07Z,2026-10-07T12:53:22Z,history-merge-v1,Whales Crypto Guide,,,,,,,ardia,ardia_utc,
hist-binance-NXS-202102211700,history,announcement,binance,NXS,BTC,1613926808000,2021-02-21T17:00:08Z,2026-10-07T12:53:22Z,history-merge-v1,Coin Coach Signals; Mega Signals Group; Binance Royal Pump; Hit Pump Angels; WHALE BINANCE GROUP PUMP; Binance Crypto Pumps; Cryptic Trading,,,,,,,ardia+pumpsense,ardia_utc,"The coin we have picked to pump today is :  #NXS

NXS is looking perfect for a pump right now , our target is  high"
hist-binance-NXS-202103101600,history,announcement,binance,NXS,BTC,1615392006000,2021-03-10T16:00:06Z,2026-10-07T12:53:22Z,history-merge-v1,premium binance signals turkey; Trading Crypto Guide,,,,,,,ardia+pumpsense,ardia_utc,"2x POTENTIAL CALL🚀

#NXS on #BINANCE 

https://www.binance.com/en/trade/NXS_BTC?layout=pro"
hist-binance-NXS-202104191917,history,announcement,binance,NXS,BTC,1618859876000,2021-04-19T19:17:56Z,2026-10-07T12:53:22Z,history-merge-v1,Binance Moon Pump™,,,,,,,ardia,ardia_utc,
hist-binance-NXS-202105011651,history,announcement,binance,NXS,BTC,1619887883000,2021-05-01T16:51:23Z,2026-10-07T12:53:22Z,history-merge-v1,Crypto Profit Coach™,,,,,,,ardia,ardia_utc,
hist-binance-NXS-202105111550,history,announcement,binance,NXS,BTC,1620748258000,2021-05-11T15:50:58Z,2026-10-07T12:53:22Z,history-merge-v1,Binance Moon Pump™,,,,,,,ardia,ardia_utc,
hist-binance-NXS-202105261700,history,announcement,binance,NXS,BTC,1622048410000,2021-05-26T17:00:10Z,2026-10-07T12:53:22Z,history-merge-v1,Binance Crypto Pumps; Cryptic Trading,,,,,,,pumpsense,pumpsense_minus_2h,COIN IS :NXS
hist-binance-NXS-202105300801,history,announcement,binance,NXS,BTC,1622361670000,2021-05-30T08:01:10Z,2026-10-07T12:53:22Z,history-merge-v1,Binance Moon Pump™,,,,,,,ardia,ardia_utc,
hist-binance-NXS-202107251522,history,announcement,binance,NXS,BTC,1627226520000,2021-07-25T15:22:00Z,2026-10-07T12:53:22Z,history-merge-v1,Binance Moon Pump™,,,,,,,ardia,ardia_utc,
hist-binance-NXS-202108011700,history,announcement,binance,NXS,BTC,1627837202000,2021-08-01T17:00:02Z,2026-10-07T12:53:22Z,history-merge-v1,Binance Crypto Pumps,,,,,,,pumpsense,pumpsense_minus_2h,COIN IS : NXS
hist-binance-NXS-202109051739,history,announcement,binance,NXS,BTC,1630863547000,2021-09-05T17:39:07Z,2026-10-07T12:53:22Z,history-merge-v1,Binance Moon Pump™,,,,,,,ardia,ardia_utc,
hist-binance-NXS-202109221600,history,announcement,binance,NXS,BTC,1632326404000,2021-09-22T16:00:04Z,2026-10-07T12:53:22Z,history-merge-v1,Trading Crypto Guide; Whales Crypto Expert™,,,,,,,ardia+pumpsense,ardia_utc,"The Andromeda ALT🔥 coin is 

#NXS on #BINANCE

Binance TOP gainer with 500% Gains?     Hell yeaah🔥🔥

Buy #NXS here 
https://www.binance.com/en/trade/NXS_BTC"
hist-binance-NXS-202110031747,history,announcement,binance,NXS,BTC,1633283270000,2021-10-03T17:47:50Z,2026-10-07T12:53:22Z,history-merge-v1,Crypto Coin Pump Signals,,,,,,,pumpsense,pumpsense_minus_2h,The coin we have picked to pump today is   NXS
hist-binance-NXS-202110091438,history,announcement,binance,NXS,BTC,1633790292000,2021-10-09T14:38:12Z,2026-10-07T12:53:22Z,history-merge-v1,Binance Moon Pump™,,,,,,,ardia,ardia_utc,
hist-binance-NXS-202110211059,history,announcement,binance,NXS,BTC,1634813948000,2021-10-21T10:59:08Z,2026-10-07T12:53:22Z,history-merge-v1,Binance Pump Tracker™,,,,,,,ardia,ardia_utc,
hist-binance-NXS-202110300524,history,announcement,binance,NXS,BTC,1635571478000,2021-10-30T05:24:38Z,2026-10-07T12:53:22Z,history-merge-v1,Binance Pump Tracker™,,,,,,,ardia,ardia_utc,
hist-binance-NXS-202111061102,history,announcement,binance,NXS,BTC,1636196541000,2021-11-06T11:02:21Z,2026-10-07T12:53:22Z,history-merge-v1,Binance Pump Tracker™,,,,,,,ardia,ardia_utc,
hist-binance-NXS-202111161600,history,announcement,binance,NXS,BTC,1637078408000,2021-11-16T16:00:08Z,2026-10-07T12:53:22Z,history-merge-v1,Trading Crypto Guide; Whales Crypto Expert™,,,,,,,ardia+pumpsense,ardia_utc,"2x Potential Call!🚀🚀

#NXS on Binance

https://www.binance.com/en/trade/NXS_BTC?layout=pro"
hist-binance-NXS-202111201336,history,announcement,binance,NXS,BTC,1637415391000,2021-11-20T13:36:31Z,2026-10-07T12:53:22Z,history-merge-v1,Binance Pump Tracker™,,,,,,,ardia,ardia_utc,
hist-binance-NXS-202111271637,history,announcement,binance,NXS,BTC,1638031046000,2021-11-27T16:37:26Z,2026-10-07T12:53:22Z,history-merge-v1,Binance Pump Tracker™,,,,,,,ardia,ardia_utc,
hist-binance-NXS-202112041259,history,announcement,binance,NXS,BTC,1638622770000,2021-12-04T12:59:30Z,2026-10-07T12:53:22Z,history-merge-v1,Binance Pump Tracker™,,,,,,,ardia,ardia_utc,
hist-binance-NXS-202112160232,history,announcement,binance,NXS,BTC,1639621962000,2021-12-16T02:32:42Z,2026-10-07T12:53:22Z,history-merge-v1,Binance Pump Tracker™,,,,,,,ardia,ardia_utc,
hist-binance-OAX-201804151457,history,announcement,binance,OAX,BTC,1523804220000,2018-04-15T14:57:00Z,2026-10-07T12:53:22Z,history-merge-v1,TCG,,,,,,,lamorgia,lamorgia_gmt,
hist-binance-OAX-201804291900,history,announcement,binance,OAX,BTC,1525028400000,2018-04-29T19:00:00Z,2026-10-07T12:53:22Z,history-merge-v1,BPS,,,,,,,lamorgia,lamorgia_gmt,
hist-binance-OAX-201807311600,history,announcement,binance,OAX,BTC,1533052802000,2018-07-31T16:00:02Z,2026-10-07T12:53:22Z,history-merge-v1,Binance Profit Signal,,,,,,,pumpsense,pumpsense_minus_2h,"BIG PUMP SIGNAL  🔥🔥🔥

Coin ~ # OAX

BUY AND HOLD IT. TODAY WILL BE THE DAY OF #OAX

https://www.binance.com/vn/trade/OAX_BTC"
hist-binance-OAX-201808171600,history,announcement,binance,OAX,BTC,1534521600000,2018-08-17T16:00:00Z,2026-10-07T12:53:22Z,history-merge-v1,Binance Trading 360; BPG; Binance Profit Signal,,,,,,,lamorgia+pumpsense,lamorgia_gmt,"✈️✈️✈️oax✈️✈️✈️
 coin is our Pump coin!👍👍👍

✅✅
Buy it now
It will go huge as it announce in public after 1 hour then sell it fast!!💹💹📶📶🏧🏧💵💰"
hist-binance-OAX-201809251400,history,announcement,binance,OAX,BTC,1537884000000,2018-09-25T14:00:00Z,2026-10-07T12:53:22Z,history-merge-v1,BPG; Binance Profit Signal,,,,,,,lamorgia+pumpsense,lamorgia_gmt,"https://www.tradingview.com/x/mmYacI0w/

BIG PUMP SIGNAL  🔥🔥🔥

 🌹Coin ~ # OAX

 🌹TARGET 1:  3100
        TARGET 2:  3300

OAX looks bullish now. It's on the support at this time. 
Time for it wake up. 🔥🔥🔥
It's also a very good project with a great dev team. 
Time to buy it and get more and more prof"
hist-binance-OAX-201810091900,history,announcement,binance,OAX,BTC,1539111600000,2018-10-09T19:00:00Z,2026-10-07T12:53:22Z,history-merge-v1,WCG; BPF; SE; Hit Pump Angels; Whales Crypto Guide,,,,,,,lamorgia+pumpsense,lamorgia_gmt,COIN IS : OAX
hist-binance-OAX-201812071700,history,announcement,binance,OAX,BTC,1544202000000,2018-12-07T17:00:00Z,2026-10-07T12:53:22Z,history-merge-v1,BPG; BPF; Binance Profit Signal; Hit Pump Angels,,,,,,,lamorgia+pumpsense,lamorgia_gmt,"https://www.tradingview.com/x/mwFFsczs/
🌹Coin ~ # OAX

 🌹TARGET 1:  3000
        TARGET 2:  3500

Falling wedge pattern on OAX now. Time for it break out and go to the moon.
It's also on the support. This chart is so sexy at this time.🔥🔥
It's also a very good project with a great dev team. 
Time to "
hist-binance-OAX-201903101900,history,announcement,binance,OAX,BTC,1552244418000,2019-03-10T19:00:18Z,2026-10-07T12:53:22Z,history-merge-v1,Maximum Pump,,,,,,,ardia,ardia_utc,
hist-binance-OAX-201906251600,history,announcement,binance,OAX,BTC,1561478404000,2019-06-25T16:00:04Z,2026-10-07T12:53:22Z,history-merge-v1,𝘾𝙧𝙮𝙥𝙩𝙤 𝙈𝙖𝙧𝙠𝙚𝙩 𝙎𝙞𝙜𝙣𝙖𝙡; Baby Crypto Channel; Crypto Guru,,,,,,,ardia+pumpsense,ardia_utc,"#OAXBTC 😍

Buy Zone = 2000-2050 (#HODLCALL)
Sell zone 👇
Short term- 2200-2350-2600-2800

Mid term - 3300-3800-4500-6000

🔰1. #OAX is in all time support and looking very strong for a reversal. Accumulation can be seen by big players. It always kept pumping from 2k area.

🔰2. Technicals are good as w"
hist-binance-OAX-202001141900,history,announcement,binance,OAX,BTC,1579028400000,2020-01-14T19:00:00Z,2026-10-07T12:53:22Z,history-merge-v1,CW,,,,,,,lamorgia,lamorgia_gmt,
hist-binance-OAX-202003241558,history,announcement,binance,OAX,BTC,1585065528000,2020-03-24T15:58:48Z,2026-10-07T12:53:22Z,history-merge-v1,CW; CPI; Crypto Pump Island; Binance Pump Signals; Bitcoin Pump Group,,,,,,,ardia+lamorgia+pumpsense,ardia_utc,Coin name: #oax
hist-binance-OAX-202006041459,history,announcement,binance,OAX,BTC,1591282786000,2020-06-04T14:59:46Z,2026-10-07T12:53:22Z,history-merge-v1,premium binance signals turkey,,,,,,,ardia,ardia_utc,
hist-binance-OAX-202006251342,history,announcement,binance,OAX,BTC,1593092567000,2020-06-25T13:42:47Z,2026-10-07T12:53:22Z,history-merge-v1,Binance Pump Tracker™,,,,,,,ardia,ardia_utc,
hist-binance-OAX-202006281600,history,announcement,binance,OAX,BTC,1593360007000,2020-06-28T16:00:07Z,2026-10-07T12:53:22Z,history-merge-v1,TCG; CryptoFamily Binance; Binance Pump Tracker™; Bitmex Binance Whales Signals; Coin Coach Signals; Whales Crypto Guide,,,,,,,ardia+lamorgia+pumpsense,ardia_utc,"#OAX  #OAX  #OAX


Let's 2x spike with our whales 🚀🚀


#OAX is going to perform crazy today bcoz of the huge global FOMO & massive volume coming in🚀🚀

BUY FAST this trendy coin sitting at BOTTOM🤑

https://www.binance.com/en/trade/OAX_BTC"
hist-binance-OAX-202007211332,history,announcement,binance,OAX,BTC,1595338359000,2020-07-21T13:32:39Z,2026-10-07T12:53:22Z,history-merge-v1,Binance Moon Pump™,,,,,,,ardia,ardia_utc,
hist-binance-OAX-202010181800,history,announcement,binance,OAX,BTC,1603044023000,2020-10-18T18:00:23Z,2026-10-07T12:53:22Z,history-merge-v1,CPS; TWP; BPF; CPI; Crypto Pump Squad; Hit Pump Angels; Binance Trading 360; Crypto Pump Island,,,,,,,ardia+lamorgia+pumpsense,ardia_utc,#OAX is entering a W formation on the weekly chart suggesting prices as high as 2400 sats (300% rise from current level) are inbound!
hist-binance-OAX-202011051600,history,announcement,binance,OAX,BTC,1604592004000,2020-11-05T16:00:04Z,2026-10-07T12:53:22Z,history-merge-v1,CPS; TCG; BPF; Crypto Pump Squad; Hit Pump Angels; Bitcoin Pump Group,,,,,,,ardia+lamorgia+pumpsense,ardia_utc,"STRONG REVERSAL ALT🚀

#OAX on #BINANCE

Lying on strong horizontal support level on higher timeframe💪

RSI heavily oversold looks like sellers are completely exhausted in #OAX 

Last time OAX pumped more than 700% from current price zone😳

Can we expect minimum 100% in short term...??     Hell yeaah"
hist-binance-OAX-202104271603,history,announcement,binance,OAX,BTC,1619539414000,2021-04-27T16:03:34Z,2026-10-07T12:53:22Z,history-merge-v1,Crypto Profit Coach™,,,,,,,ardia,ardia_utc,
hist-binance-OAX-202105261307,history,announcement,binance,OAX,BTC,1622034446000,2021-05-26T13:07:26Z,2026-10-07T12:53:22Z,history-merge-v1,Crypto Profit Coach™,,,,,,,ardia,ardia_utc,
hist-binance-OAX-202105291539,history,announcement,binance,OAX,BTC,1622302759000,2021-05-29T15:39:19Z,2026-10-07T12:53:22Z,history-merge-v1,Whales Crypto Guide,,,,,,,ardia,ardia_utc,
hist-binance-OAX-202105301700,history,announcement,binance,OAX,BTC,1622394002000,2021-05-30T17:00:02Z,2026-10-07T12:53:22Z,history-merge-v1,Crypto Binance Trading | Signals & Pumps; Coin Coach Signals; Mega Signals Group; Binance Pump Time CZ; WHALE BINANCE GROUP PUMP; Binance Crypto Pumps; Crypto Coin Pump Signals,,,,,,,ardia+pumpsense,ardia_utc,"The coin we have picked to pump today is :  #OAX

OAX is looking perfect for a pump right now"
hist-binance-OAX-202106291427,history,announcement,binance,OAX,BTC,1624976861000,2021-06-29T14:27:41Z,2026-10-07T12:53:22Z,history-merge-v1,Binance Moon Pump™,,,,,,,ardia,ardia_utc,
hist-binance-OAX-202107111200,history,announcement,binance,OAX,BTC,1626004842000,2021-07-11T12:00:42Z,2026-10-07T12:53:22Z,history-merge-v1,Binance Moon Pump™,,,,,,,ardia,ardia_utc,
hist-binance-OAX-202108170254,history,announcement,binance,OAX,BTC,1629168841000,2021-08-17T02:54:01Z,2026-10-07T12:53:22Z,history-merge-v1,Binance Moon Pump™,,,,,,,ardia,ardia_utc,
hist-binance-OAX-202109101213,history,announcement,binance,OAX,BTC,1631275992000,2021-09-10T12:13:12Z,2026-10-07T12:53:22Z,history-merge-v1,Binance Moon Pump™,,,,,,,ardia,ardia_utc,
hist-binance-OAX-202111021616,history,announcement,binance,OAX,BTC,1635869773000,2021-11-02T16:16:13Z,2026-10-07T12:53:22Z,history-merge-v1,Binance Pump Tracker™,,,,,,,ardia,ardia_utc,
hist-binance-OAX-202111091656,history,announcement,binance,OAX,BTC,1636476971000,2021-11-09T16:56:11Z,2026-10-07T12:53:22Z,history-merge-v1,Binance Pump Tracker™,,,,,,,ardia,ardia_utc,
hist-binance-OAX-202112281500,history,announcement,binance,OAX,BTC,1640703613000,2021-12-28T15:00:13Z,2026-10-07T12:53:22Z,history-merge-v1,Binance Crypto Pumps; Binance Crypto Pump Signals,,,,,,,pumpsense,pumpsense_minus_2h,Coin is: OAX
hist-binance-OCEAN-202103121203,history,announcement,binance,OCEAN,BTC,1615550633000,2021-03-12T12:03:53Z,2026-10-07T12:53:22Z,history-merge-v1,Whales Crypto Guide,,,,,,,ardia,ardia_utc,
hist-binance-OCEAN-202108110700,history,announcement,binance,OCEAN,USDT,1628665200000,2021-08-11T07:00:00Z,2026-10-07T12:53:22Z,history-merge-v1,Wisdom Community ( Crypto Won ),,,,,,,pumpsense,pumpsense_minus_2h,"Buy OCEAN fast 

https://www.binance.com/en/futures/OCEANUSDT"
hist-binance-OG-202103011642,history,announcement,binance,OG,BTC,1614616945000,2021-03-01T16:42:25Z,2026-10-07T12:53:22Z,history-merge-v1,Binance Pump Tracker™,,,,,,,ardia,ardia_utc,
hist-binance-OG-202104171700,history,announcement,binance,OG,BTC,1618678801000,2021-04-17T17:00:01Z,2026-10-07T12:53:22Z,history-merge-v1,Binance Signal VIP,,,,,,,ardia,ardia_utc,
hist-binance-OG-202112251355,history,announcement,binance,OG,BTC,1640440538000,2021-12-25T13:55:38Z,2026-10-07T12:53:22Z,history-merge-v1,Binance Pump Tracker™,,,,,,,ardia,ardia_utc,
hist-binance-OG-202201261103,history,announcement,binance,OG,BTC,1643194990000,2022-01-26T11:03:10Z,2026-10-07T12:53:22Z,history-merge-v1,Binance Pump Tracker™,,,,,,,ardia,ardia_utc,
hist-binance-OM-202103301306,history,announcement,binance,OM,BTC,1617109608000,2021-03-30T13:06:48Z,2026-10-07T12:53:22Z,history-merge-v1,Whales Crypto Guide,,,,,,,ardia,ardia_utc,
hist-binance-OM-202201261131,history,announcement,binance,OM,BTC,1643196664000,2022-01-26T11:31:04Z,2026-10-07T12:53:22Z,history-merge-v1,Binance Pump Tracker™,,,,,,,ardia,ardia_utc,
hist-binance-OMG-202007082256,history,announcement,binance,OMG,BTC,1594248986000,2020-07-08T22:56:26Z,2026-10-07T12:53:22Z,history-merge-v1,Binance Moon Pump™,,,,,,,ardia,ardia_utc,
hist-binance-ONE-201911010608,history,announcement,binance,ONE,BTC,1572588497000,2019-11-01T06:08:17Z,2026-10-07T12:53:22Z,history-merge-v1,Crypto Tree 🎄,,,,,,,ardia,ardia_utc,
hist-binance-ONE-202105061159,history,announcement,binance,ONE,BTC,1620302347000,2021-05-06T11:59:07Z,2026-10-07T12:53:22Z,history-merge-v1,Chat With Experts,,,,,,,ardia,ardia_utc,
hist-binance-ONE-202106151636,history,announcement,binance,ONE,BTC,1623774969000,2021-06-15T16:36:09Z,2026-10-07T12:53:22Z,history-merge-v1,Trading Crypto Coach®,,,,,,,ardia,ardia_utc,
hist-binance-ONG-201905201600,history,announcement,binance,ONG,BTC,1558368006000,2019-05-20T16:00:06Z,2026-10-07T12:53:22Z,history-merge-v1,Baby Crypto Channel; Coin Coach Signals; Crypto Guru,,,,,,,pumpsense,pumpsense_minus_2h,"THE COIN NAME IS  #ONG

OUR TARGETS!! IS HERE - 25%,35, 50%, Moon 🚀"
hist-binance-ONG-201905290738,history,announcement,binance,ONG,BTC,1559115531000,2019-05-29T07:38:51Z,2026-10-07T12:53:22Z,history-merge-v1,Crypto Tree 🎄,,,,,,,ardia,ardia_utc,
hist-binance-ONG-201908191600,history,announcement,binance,ONG,BTC,1566230403000,2019-08-19T16:00:03Z,2026-10-07T12:53:22Z,history-merge-v1,CPI; Crypto Pump Island,,,,,,,ardia+lamorgia,ardia_utc,
hist-binance-ONG-201909191700,history,announcement,binance,ONG,BTC,1568912428000,2019-09-19T17:00:28Z,2026-10-07T12:53:22Z,history-merge-v1,Baby Crypto Channel; Coin Coach Signals; Binance Crypto Signals; Crypto Fox; COIN TRADING PLATFORM; Binance Mega Pump; Bitcoin Pump Group,,,,,,,ardia+pumpsense,ardia_utc,"Coin Name: ONG/BTC
Exchange: Binance

https://www.binance.com/en/trade/ONG_BTC"
hist-binance-ONG-201910291800,history,announcement,binance,ONG,BTC,1572372018000,2019-10-29T18:00:18Z,2026-10-07T12:53:22Z,history-merge-v1,CPI; Crypto Pump Island; Binance Pump Signals,,,,,,,ardia+lamorgia+pumpsense,ardia_utc,Coin name #ONG
hist-binance-ONG-202001091700,history,announcement,binance,ONG,BTC,1578589211000,2020-01-09T17:00:11Z,2026-10-07T12:53:22Z,history-merge-v1,CPI; Crypto Pump Island; Binance Pump Signals,,,,,,,ardia+lamorgia+pumpsense,ardia_utc,Coin name #ONG
hist-binance-ONG-202005261600,history,announcement,binance,ONG,BTC,1590508807000,2020-05-26T16:00:07Z,2026-10-07T12:53:22Z,history-merge-v1,BPF; CW; Binance Waves; Hit Pump Angels; Altcoins Trading Signals,,,,,,,ardia+lamorgia+pumpsense,ardia_utc,"COIN IS : ONG

🚀BUY BUY BUY🚀"
hist-binance-ONG-202006180824,history,announcement,binance,ONG,BTC,1592468680000,2020-06-18T08:24:40Z,2026-10-07T12:53:22Z,history-merge-v1,Crypto Ninja Coach | Official™,,,,,,,ardia,ardia_utc,
hist-binance-ONG-202007190939,history,announcement,binance,ONG,BTC,1595151569000,2020-07-19T09:39:29Z,2026-10-07T12:53:22Z,history-merge-v1,Binance Moon Pump™,,,,,,,ardia,ardia_utc,
hist-binance-ONG-202101111600,history,announcement,binance,ONG,BTC,1610380800000,2021-01-11T16:00:00Z,2026-10-07T12:53:22Z,history-merge-v1,TCC; BPF; Hit Pump Angels; Binance Trading 360; Binance Crypto Pumps,,,,,,,lamorgia+pumpsense,lamorgia_gmt,"COIN IS : ONG

🚀BUY BUY BUY🚀"
hist-binance-ONG-202104121700,history,announcement,binance,ONG,BTC,1618246820000,2021-04-12T17:00:20Z,2026-10-07T12:53:22Z,history-merge-v1,Binance Royal Pump; Hit Pump Angels,,,,,,,ardia+pumpsense,ardia_utc,"COIN IS : ONG

🚀BUY BUY BUY🚀"
hist-binance-ONG-202104241422,history,announcement,binance,ONG,BTC,1619274147000,2021-04-24T14:22:27Z,2026-10-07T12:53:22Z,history-merge-v1,Binance Pump Tracker™,,,,,,,ardia,ardia_utc,
hist-binance-ONT-201903201800,history,announcement,binance,ONT,BTC,1553104802000,2019-03-20T18:00:02Z,2026-10-07T12:53:22Z,history-merge-v1,Bitcoin Pump Group,,,,,,,pumpsense,pumpsense_minus_2h,
hist-binance-ONT-202008261301,history,announcement,binance,ONT,BTC,1598446904000,2020-08-26T13:01:44Z,2026-10-07T12:53:22Z,history-merge-v1,Whales Crypto Guide,,,,,,,ardia,ardia_utc,
hist-binance-ONT-202102011717,history,announcement,binance,ONT,BTC,1612199833000,2021-02-01T17:17:13Z,2026-10-07T12:53:22Z,history-merge-v1,Binance Moon Pump™,,,,,,,ardia,ardia_utc,
hist-binance-ONT-202103231706,history,announcement,binance,ONT,BTC,1616519212000,2021-03-23T17:06:52Z,2026-10-07T12:53:22Z,history-merge-v1,provacoin,,,,,,,ardia,ardia_utc,
hist-binance-ORN-202105081228,history,announcement,binance,ORN,BTC,1620476882000,2021-05-08T12:28:02Z,2026-10-07T12:53:22Z,history-merge-v1,Whales Crypto Guide,,,,,,,ardia,ardia_utc,
hist-binance-OST-201804021400,history,announcement,binance,OST,BTC,1522677641000,2018-04-02T14:00:41Z,2026-10-07T12:53:22Z,history-merge-v1,Altcoins Trading Signals,,,,,,,pumpsense,pumpsense_minus_2h,"Simple Token enables any business to launch a branded cryptocurrency on open Ethereum sidechains. Simple Token, a protocol for consumer app tokenization is bringing crypto to mainstream apps, enabling them to launch branded crypto tokens without the ICO drama.


Buy - #OST

https://www.binance.com/i"
hist-binance-OST-201908231610,history,announcement,binance,OST,BTC,1566576641000,2019-08-23T16:10:41Z,2026-10-07T12:53:22Z,history-merge-v1,Binance Crypto Signals; Crypto Lion's™,,,,,,,ardia+pumpsense,ardia_utc,
hist-binance-OST-201910221800,history,announcement,binance,OST,BTC,1571767224000,2019-10-22T18:00:24Z,2026-10-07T12:53:22Z,history-merge-v1,MPG; WCG; CPI; Baby Crypto Channel; Mega Signals Group; Whales Crypto Guide; Binance Pump Signals; Bitcoin Pump Group,,,,,,,ardia+lamorgia+pumpsense,ardia_utc,"There are many good coins on Binance 

The coin we picked today is :  👉 ( O ) ( S ) ( T ) 👈"
hist-binance-OST-202001091529,history,announcement,binance,OST,BTC,1578583799000,2020-01-09T15:29:59Z,2026-10-07T12:53:22Z,history-merge-v1,Wolf of trading Signals,,,,,,,ardia,ardia_utc,
hist-binance-OST-202007141046,history,announcement,binance,OST,BTC,1594723615000,2020-07-14T10:46:55Z,2026-10-07T12:53:22Z,history-merge-v1,Crypto SignalT,,,,,,,pumpsense,pumpsense_minus_2h,"︗︗︗︗︗︗︗︗︗︗︗
🌐 Exchange : Binance 
︘︘︘︘︘︘︘︘︘︘︘
︗︗︗︗︗︗︗︗︗︗︗︗︗︗
🌟 Coin Name : #OST/BTC 🌟
︘︘︘︘︘︘︘︘︘︘︘︘︘︘
︗︗︗︗︗︗︗︗︗
❗️ Buy Price : 106
︘︘︘︘︘︘︘︘︘
︗︗︗︗︗︗︗︗︗
🎯 Sell Targets 🦅
︘︘︘︘︘︘︘︘︘
︗︗︗︗︗︗︗︗
✅ Target » 117
✅ Target » 127
✅ Target » 140
✅ Target » 154 
︘︘︘︘︘︘︘︘
︗︗︗︗︗︗︗︗︗︗︗︗︗︗
⛔️ Stop loss : - 96
Buy fast "
hist-binance-OST-202007291304,history,announcement,binance,OST,BTC,1596027847000,2020-07-29T13:04:07Z,2026-10-07T12:53:22Z,history-merge-v1,Binance Moon Pump™,,,,,,,ardia,ardia_utc,
hist-binance-OST-202008201222,history,announcement,binance,OST,BTC,1597926161000,2020-08-20T12:22:41Z,2026-10-07T12:53:22Z,history-merge-v1,Binance Moon Pump™,,,,,,,ardia,ardia_utc,
hist-binance-OST-202105251312,history,announcement,binance,OST,BTC,1621948334000,2021-05-25T13:12:14Z,2026-10-07T12:53:22Z,history-merge-v1,Binance Moon Pump™,,,,,,,ardia,ardia_utc,
hist-binance-OST-202106151553,history,announcement,binance,OST,BTC,1623772416000,2021-06-15T15:53:36Z,2026-10-07T12:53:22Z,history-merge-v1,Binance Moon Pump™,,,,,,,ardia,ardia_utc,
hist-binance-OXT-202101181638,history,announcement,binance,OXT,BTC,1610987926000,2021-01-18T16:38:46Z,2026-10-07T12:53:22Z,history-merge-v1,Binance Moon Pump™,,,,,,,ardia,ardia_utc,
hist-binance-PAXG-202104181700,history,announcement,binance,PAXG,BTC,1618765212000,2021-04-18T17:00:12Z,2026-10-07T12:53:22Z,history-merge-v1,.,,,,,,,ardia,ardia_utc,
hist-binance-PHA-202104301320,history,announcement,binance,PHA,BTC,1619788856000,2021-04-30T13:20:56Z,2026-10-07T12:53:22Z,history-merge-v1,Cryptonians (Free Signals and News Update),,,,,,,ardia,ardia_utc,
hist-binance-PHA-202105121547,history,announcement,binance,PHA,BTC,1620834438000,2021-05-12T15:47:18Z,2026-10-07T12:53:22Z,history-merge-v1,Binance Moon Pump™,,,,,,,ardia,ardia_utc,
hist-binance-PHB-202008121213,history,announcement,binance,PHB,BTC,1597234386000,2020-08-12T12:13:06Z,2026-10-07T12:53:22Z,history-merge-v1,Binance Moon Pump™,,,,,,,ardia,ardia_utc,
hist-binance-PHB-202109111142,history,announcement,binance,PHB,BTC,1631360538000,2021-09-11T11:42:18Z,2026-10-07T12:53:22Z,history-merge-v1,Binance Moon Pump™,,,,,,,ardia,ardia_utc,
hist-binance-PHB-202111281700,history,announcement,binance,PHB,BTC,1638118805000,2021-11-28T17:00:05Z,2026-10-07T12:53:22Z,history-merge-v1,Crypto Coin Pump Signals; Coin Coach Signals; Mega Signals Group; Baby Crypto Channel; Crypto Guru; Binance Crypto Pumps; Binance Crypto Pump Signals; Cryptic Trading,,,,,,,ardia+pumpsense,ardia_utc,"The coin we have picked to pump today is :  #PHB

PHB is looking perfect for a massive pump right now!"
hist-binance-PHB-202206141401,history,announcement,binance,PHB,BTC,1655215283000,2022-06-14T14:01:23Z,2026-10-07T12:53:22Z,history-merge-v1,Trading Crypto Guide,,,,,,,pumpsense,pumpsense_minus_2h,"Bottom out Golden Call

#PHB on Binance

Targeting 200%🚀

https://www.binance.com/en/trade/PHB_BTC?layout=pro"
hist-binance-PHB-202207121359,history,announcement,binance,PHB,BTC,1657634360000,2022-07-12T13:59:20Z,2026-10-07T12:53:22Z,history-merge-v1,Trading Crypto Guide,,,,,,,pumpsense,pumpsense_minus_2h,"Bottom out Golden Call

#PHB on Binance

Targeting 200%🚀

https://www.binance.com/en/trade/PHB_BTC?layout=pro"
hist-binance-PIVX-201807191559,history,announcement,binance,PIVX,BTC,1532015940000,2018-07-19T15:59:00Z,2026-10-07T12:53:22Z,history-merge-v1,WCG,,,,,,,lamorgia,lamorgia_gmt,
hist-binance-PIVX-201903230930,history,announcement,binance,PIVX,BTC,1553333438000,2019-03-23T09:30:38Z,2026-10-07T12:53:22Z,history-merge-v1,Baby Crypto Channel; Coin Coach Signals; Crypto Guru,,,,,,,pumpsense,pumpsense_minus_2h,"SHORT TERM CALL

Buy #PIVX

Selling Targets :- 7%|15%|28%|40%

#Buy_&_ #Hold

Comments:- Having wallet V3.2 release today..

We can see some spike in prices"
hist-binance-PIVX-201906021600,history,announcement,binance,PIVX,BTC,1559491209000,2019-06-02T16:00:09Z,2026-10-07T12:53:22Z,history-merge-v1,TCG; 𝘽𝙖𝙗𝙮 𝘾𝙮𝙥𝙩𝙤 𝙘𝙝𝙖𝙣𝙣𝙚𝙡; Baby Crypto Channel; Crypto Guru; Trading Crypto Guide; Coin Coach Signals,,,,,,,ardia+lamorgia+pumpsense,ardia_utc,"THE COIN NAME IS  #PIVX

OUR TARGETS!! IS HERE - 35%|50%| 65% Moon 🚀"
hist-binance-PIVX-201907051600,history,announcement,binance,PIVX,BTC,1562342400000,2019-07-05T16:00:00Z,2026-10-07T12:53:22Z,history-merge-v1,CPI; Bitcoin Pump Group,,,,,,,lamorgia+pumpsense,lamorgia_gmt,Coin name :#PIVX
hist-binance-PIVX-202006161440,history,announcement,binance,PIVX,BTC,1592318424000,2020-06-16T14:40:24Z,2026-10-07T12:53:22Z,history-merge-v1,Crypto Ninja Coach | Official™,,,,,,,ardia,ardia_utc,
hist-binance-PIVX-202007171425,history,announcement,binance,PIVX,BTC,1594995943000,2020-07-17T14:25:43Z,2026-10-07T12:53:22Z,history-merge-v1,Binance Moon Pump™,,,,,,,ardia,ardia_utc,
hist-binance-PIVX-202008031746,history,announcement,binance,PIVX,BTC,1596476817000,2020-08-03T17:46:57Z,2026-10-07T12:53:22Z,history-merge-v1,Binance Moon Pump™,,,,,,,ardia,ardia_utc,
hist-binance-PIVX-202012111757,history,announcement,binance,PIVX,BTC,1607709420000,2020-12-11T17:57:00Z,2026-10-07T12:53:22Z,history-merge-v1,TWP; BPF; Hit Pump Angels,,,,,,,lamorgia+pumpsense,lamorgia_gmt,"COIN IS : pıvx

🚀BUY BUY BUY🚀"
hist-binance-PIVX-202102211700,history,announcement,binance,PIVX,BTC,1613926822000,2021-02-21T17:00:22Z,2026-10-07T12:53:22Z,history-merge-v1,WallStreetBets Crypto Pumps Signals,,,,,,,ardia,ardia_utc,
hist-binance-PIVX-202103281700,history,announcement,binance,PIVX,BTC,1616950804000,2021-03-28T17:00:04Z,2026-10-07T12:53:22Z,history-merge-v1,WallStreetBets ®; Coin Coach Signals; Mega Signals Group; Hit Pump Angels; Binance Crypto Pumps; Cryptic Trading,,,,,,,ardia+pumpsense,ardia_utc,"The coin we have picked to pump today is :  #PIVX

PIVX is looking perfect for a pump right now , our target is 1000%"
hist-binance-PIVX-202103282154,history,announcement,binance,PIVX,BTC,1616968469000,2021-03-28T21:54:29Z,2026-10-07T12:53:22Z,history-merge-v1,Binance pump,,,,,,,ardia,ardia_utc,
hist-binance-PIVX-202104301559,history,announcement,binance,PIVX,BTC,1619798376000,2021-04-30T15:59:36Z,2026-10-07T12:53:22Z,history-merge-v1,Crypto SignalT,,,,,,,pumpsense,pumpsense_minus_2h,"Coin is :   ' P I V X '

Expected spike: 70-100% 
Ride the waves to the moon🚀🚀🚀🚀"
hist-binance-PIVX-202105301127,history,announcement,binance,PIVX,BTC,1622374044000,2021-05-30T11:27:24Z,2026-10-07T12:53:22Z,history-merge-v1,Binance Moon Pump™,,,,,,,ardia,ardia_utc,
hist-binance-PIVX-202109151529,history,announcement,binance,PIVX,BTC,1631719790000,2021-09-15T15:29:50Z,2026-10-07T12:53:22Z,history-merge-v1,Binance Moon Pump™,,,,,,,ardia,ardia_utc,
hist-binance-PIVX-202110241600,history,announcement,binance,PIVX,BTC,1635091228000,2021-10-24T16:00:28Z,2026-10-07T12:53:22Z,history-merge-v1,Crypto SignalT,,,,,,,pumpsense,pumpsense_minus_2h,We are buying #PIVX/BTC 🚀🚀🚀
hist-binance-PIVX-202111211108,history,announcement,binance,PIVX,BTC,1637492891000,2021-11-21T11:08:11Z,2026-10-07T12:53:22Z,history-merge-v1,Binance Pump Tracker™,,,,,,,ardia,ardia_utc,
hist-binance-PIVX-202112281427,history,announcement,binance,PIVX,BTC,1640701639000,2021-12-28T14:27:19Z,2026-10-07T12:53:22Z,history-merge-v1,Binance Pump Tracker™,,,,,,,ardia,ardia_utc,
hist-binance-PIVX-202201181600,history,announcement,binance,PIVX,BTC,1642521605000,2022-01-18T16:00:05Z,2026-10-07T12:53:22Z,history-merge-v1,Trading Crypto Guide; Whales Crypto Expert™,,,,,,,ardia+pumpsense,ardia_utc,"Powerful TA + FA Based Call

#PIVX on Binance

https://www.binance.com/en/trade/PIVX_BTC?layout=pro"
hist-binance-PIVX-202201241859,history,announcement,binance,PIVX,BTC,1643050785000,2022-01-24T18:59:45Z,2026-10-07T12:53:22Z,history-merge-v1,Binance Pump Tracker™,,,,,,,ardia,ardia_utc,
hist-binance-PNT-202012042301,history,announcement,binance,PNT,BTC,1607122860000,2020-12-04T23:01:00Z,2026-10-07T12:53:22Z,history-merge-v1,BPS; BPF; Hit Pump Angels,,,,,,,lamorgia+pumpsense,lamorgia_gmt,"COIN IS : PNT

🚀BUY BUY BUY🚀"
hist-binance-PNT-202101312100,history,announcement,binance,PNT,BTC,1612126805000,2021-01-31T21:00:05Z,2026-10-07T12:53:22Z,history-merge-v1,Hit Pump Angels; Binance Crypto Pumps; WHALE BINANCE GROUP PUMP,,,,,,,pumpsense,pumpsense_minus_2h,"COIN IS : PNT

💣BUY BUY BUY💣"
hist-binance-PNT-202102120154,history,announcement,binance,PNT,BTC,1613094882000,2021-02-12T01:54:42Z,2026-10-07T12:53:22Z,history-merge-v1,APE crypto,,,,,,,ardia,ardia_utc,
hist-binance-PNT-202102201600,history,announcement,binance,PNT,BTC,1613836805000,2021-02-20T16:00:05Z,2026-10-07T12:53:22Z,history-merge-v1,WallStreetBets Crypto Pumps - Investing!,,,,,,,ardia,ardia_utc,
hist-binance-PNT-202102211646,history,announcement,binance,PNT,BTC,1613925972000,2021-02-21T16:46:12Z,2026-10-07T12:53:22Z,history-merge-v1,Binance Pump Signals,,,,,,,ardia,ardia_utc,
hist-binance-PNT-202109041800,history,announcement,binance,PNT,BTC,1630778414000,2021-09-04T18:00:14Z,2026-10-07T12:53:22Z,history-merge-v1,Whales Crypto Guide,,,,,,,ardia,ardia_utc,
hist-binance-PNT-202109221314,history,announcement,binance,PNT,BTC,1632316467000,2021-09-22T13:14:27Z,2026-10-07T12:53:22Z,history-merge-v1,Binance Moon Pump™,,,,,,,ardia,ardia_utc,
hist-binance-PNT-202110151552,history,announcement,binance,PNT,BTC,1634313127000,2021-10-15T15:52:07Z,2026-10-07T12:53:22Z,history-merge-v1,Binance Moon Pump™,,,,,,,ardia,ardia_utc,
hist-binance-PNT-202112261853,history,announcement,binance,PNT,BTC,1640544836000,2021-12-26T18:53:56Z,2026-10-07T12:53:22Z,history-merge-v1,Binance Pump Tracker™,,,,,,,ardia,ardia_utc,
hist-binance-POA-201905051900,history,announcement,binance,POA,BTC,1557082817000,2019-05-05T19:00:17Z,2026-10-07T12:53:22Z,history-merge-v1,Maximum Pump,,,,,,,ardia,ardia_utc,
hist-binance-POA-201905101200,history,announcement,binance,POA,BTC,1557489600000,2019-05-10T12:00:00Z,2026-10-07T12:53:22Z,history-merge-v1,CCB,,,,,,,lamorgia,lamorgia_gmt,
hist-binance-POA-201905262100,history,announcement,binance,POA,BTC,1558904400000,2019-05-26T21:00:00Z,2026-10-07T12:53:22Z,history-merge-v1,BPS; BPF; Hit Pump Angels,,,,,,,lamorgia+pumpsense,lamorgia_gmt,"COIN IS : POA

BUY BUY BUY !!!"
hist-binance-POA-201908061600,history,announcement,binance,POA,BTC,1565107207000,2019-08-06T16:00:07Z,2026-10-07T12:53:22Z,history-merge-v1,CPI; Crypto Pump Island,,,,,,,ardia+lamorgia,ardia_utc,
hist-binance-POA-201909041659,history,announcement,binance,POA,BTC,1567616390000,2019-09-04T16:59:50Z,2026-10-07T12:53:22Z,history-merge-v1,Bitcoin Pump Group,,,,,,,ardia+pumpsense,ardia_utc,coin name : #POA
hist-binance-POA-201909181301,history,announcement,binance,POA,BTC,1568811684000,2019-09-18T13:01:24Z,2026-10-07T12:53:22Z,history-merge-v1,Binance Pump Signals; Bitcoin Pump Group,,,,,,,pumpsense,pumpsense_minus_2h,Breakout Coin name : #POA
hist-binance-POA-201910021835,history,announcement,binance,POA,BTC,1570041356000,2019-10-02T18:35:56Z,2026-10-07T12:53:22Z,history-merge-v1,Bitcoin Pump Group,,,,,,,pumpsense,pumpsense_minus_2h,Coin name : POA
hist-binance-POA-201911091447,history,announcement,binance,POA,BTC,1573310869000,2019-11-09T14:47:49Z,2026-10-07T12:53:22Z,history-merge-v1,Crypto Lion's™,,,,,,,ardia,ardia_utc,
hist-binance-POA-202003121900,history,announcement,binance,POA,BTC,1584039617000,2020-03-12T19:00:17Z,2026-10-07T12:53:22Z,history-merge-v1,BPF; CW; Binance Royal Pump; Hit Pump Angels; Bitcoin Pump Group,,,,,,,ardia+lamorgia+pumpsense,ardia_utc,COIN IS : POA
hist-binance-POA-202007141241,history,announcement,binance,POA,BTC,1594730475000,2020-07-14T12:41:15Z,2026-10-07T12:53:22Z,history-merge-v1,Binance Pump Tracker™; Binance Moon Pump™,,,,,,,ardia,ardia_utc,
hist-binance-POA-202007281600,history,announcement,binance,POA,BTC,1595952055000,2020-07-28T16:00:55Z,2026-10-07T12:53:22Z,history-merge-v1,Binance Pump Signals; Crypto Pump Island,,,,,,,ardia+pumpsense,ardia_utc,Coin name: #poa
hist-binance-POA-202105251907,history,announcement,binance,POA,BTC,1621969672000,2021-05-25T19:07:52Z,2026-10-07T12:53:22Z,history-merge-v1,Binance Moon Pump™,,,,,,,ardia,ardia_utc,
hist-binance-POA-202106061049,history,announcement,binance,POA,BTC,1622976567000,2021-06-06T10:49:27Z,2026-10-07T12:53:22Z,history-merge-v1,Binance Moon Pump™,,,,,,,ardia,ardia_utc,
hist-binance-POA-202106111454,history,announcement,binance,POA,BTC,1623423254000,2021-06-11T14:54:14Z,2026-10-07T12:53:22Z,history-merge-v1,Binance Moon Pump™,,,,,,,ardia,ardia_utc,
hist-binance-POA-202107111700,history,announcement,binance,POA,BTC,1626022802000,2021-07-11T17:00:02Z,2026-10-07T12:53:22Z,history-merge-v1,Crypto Binance Trading | Signals & Pumps; Mega Signals Group; Binance Pump Time CZ; Binance Crypto Pumps; WHALE BINANCE GROUP PUMP; Cryptic Trading; Crypto Coin Pump Signals,,,,,,,ardia+pumpsense,ardia_utc,"The coin we have picked to pump today is :  #POA

POA is looking perfect for a pump right now"
hist-binance-POA-202107231303,history,announcement,binance,POA,BTC,1627045395000,2021-07-23T13:03:15Z,2026-10-07T12:53:22Z,history-merge-v1,Binance Moon Pump™,,,,,,,ardia,ardia_utc,
hist-binance-POA-202110091313,history,announcement,binance,POA,BTC,1633785221000,2021-10-09T13:13:41Z,2026-10-07T12:53:22Z,history-merge-v1,Binance Moon Pump™,,,,,,,ardia,ardia_utc,
hist-binance-POA-202110211600,history,announcement,binance,POA,BTC,1634832010000,2021-10-21T16:00:10Z,2026-10-07T12:53:22Z,history-merge-v1,Trading Crypto Guide; Whales Crypto Expert™,,,,,,,ardia+pumpsense,ardia_utc,"The Andromeda ALT🔥 coin is 

#POA on #BINANCE

Binance TOP gainer with +450% Gains?     Hell yeaah🔥🔥

Buying #POA here

https://www.binance.com/en/trade/POA_BTC"
hist-binance-POE-201907111559,history,announcement,binance,POE,BTC,1562860743000,2019-07-11T15:59:03Z,2026-10-07T12:53:22Z,history-merge-v1,Altcoins Trading Signals,,,,,,,pumpsense,pumpsense_minus_2h,"Buy #POE 

https://www.binance.com/en/trade/POE_BTC"
hist-binance-POLY-201810171901,history,announcement,binance,POLY,BTC,1539802860000,2018-10-17T19:01:00Z,2026-10-07T12:53:22Z,history-merge-v1,BPS; Hit Pump Angels,,,,,,,lamorgia+pumpsense,lamorgia_gmt,POLY
hist-binance-POLY-201903081600,history,announcement,binance,POLY,BTC,1552060837000,2019-03-08T16:00:37Z,2026-10-07T12:53:22Z,history-merge-v1,𝘾𝙧𝙮𝙥𝙩𝙤 𝙂𝙪𝙧𝙪® 𝘽𝙞𝙣𝙖𝙣𝙘𝙚 𝙎𝙞𝙜𝙣𝙖𝙡𝙨; Coin Coach Signals,,,,,,,ardia+pumpsense,ardia_utc,"[ Photo ]
Coin of  March Month

#POLY (Polymath) 

Selling Targets :- 20%|30%|50%|100%

Hold it For Maximum Profit👆"
hist-binance-POLY-201905291141,history,announcement,binance,POLY,BTC,1559130119000,2019-05-29T11:41:59Z,2026-10-07T12:53:22Z,history-merge-v1,Crypto Advisor,,,,,,,ardia,ardia_utc,
hist-binance-POLY-202007281505,history,announcement,binance,POLY,BTC,1595948749000,2020-07-28T15:05:49Z,2026-10-07T12:53:22Z,history-merge-v1,Binance Moon Pump™,,,,,,,ardia,ardia_utc,
hist-binance-POND-202103140956,history,announcement,binance,POND,BTC,1615715811000,2021-03-14T09:56:51Z,2026-10-07T12:53:22Z,history-merge-v1,SPECTRE GRP | CHAT,,,,,,,ardia,ardia_utc,
hist-binance-POND-202108221310,history,announcement,binance,POND,BTC,1629637859000,2021-08-22T13:10:59Z,2026-10-07T12:53:22Z,history-merge-v1,Binance Moon Pump™,,,,,,,ardia,ardia_utc,
hist-binance-POND-202110131416,history,announcement,binance,POND,BTC,1634134597000,2021-10-13T14:16:37Z,2026-10-07T12:53:22Z,history-merge-v1,Binance Moon Pump™,,,,,,,ardia,ardia_utc,
hist-binance-POWR-201903271600,history,announcement,binance,POWR,BTC,1553702414000,2019-03-27T16:00:14Z,2026-10-07T12:53:22Z,history-merge-v1,Crypto Guru; Baby Crypto Channel,,,,,,,pumpsense,pumpsense_minus_2h,"#POWR (BINANCE)

BUY AROUND 2770 2960

SEL-3400-3800-4300-4999

#POWR STRONG MEGA SIGNAL"
hist-binance-POWR-201906070753,history,announcement,binance,POWR,BTC,1559894020000,2019-06-07T07:53:40Z,2026-10-07T12:53:22Z,history-merge-v1,Cryptocurrency: Wolf Posting 🚀,,,,,,,ardia,ardia_utc,
hist-binance-POWR-201907032100,history,announcement,binance,POWR,BTC,1562187600000,2019-07-03T21:00:00Z,2026-10-07T12:53:22Z,history-merge-v1,BPF; Hit Pump Angels; Bitcoin Pump Group,,,,,,,lamorgia+pumpsense,lamorgia_gmt,"COIN IS :  POWR

BUY BUY BUY !!!"
hist-binance-POWR-201908241659,history,announcement,binance,POWR,BTC,1566665954000,2019-08-24T16:59:14Z,2026-10-07T12:53:22Z,history-merge-v1,Binance Mega Pump; Bitcoin Pump Group,,,,,,,ardia+pumpsense,ardia_utc,Coin name Powr
hist-binance-POWR-201909111800,history,announcement,binance,POWR,BTC,1568224844000,2019-09-11T18:00:44Z,2026-10-07T12:53:22Z,history-merge-v1,Bitcoin Pump Group,,,,,,,pumpsense,pumpsense_minus_2h,‼️Coin name announced in vip channel
hist-binance-POWR-201910090727,history,announcement,binance,POWR,BTC,1570606053000,2019-10-09T07:27:33Z,2026-10-07T12:53:22Z,history-merge-v1,Crypto Trader,,,,,,,ardia,ardia_utc,
hist-binance-POWR-202007100928,history,announcement,binance,POWR,BTC,1594373304000,2020-07-10T09:28:24Z,2026-10-07T12:53:22Z,history-merge-v1,Binance Moon Pump™,,,,,,,ardia,ardia_utc,
hist-binance-POWR-202007201405,history,announcement,binance,POWR,BTC,1595253939000,2020-07-20T14:05:39Z,2026-10-07T12:53:22Z,history-merge-v1,Binance Moon Pump™,,,,,,,ardia,ardia_utc,
hist-binance-POWR-202008170721,history,announcement,binance,POWR,BTC,1597648894000,2020-08-17T07:21:34Z,2026-10-07T12:53:22Z,history-merge-v1,Binance Moon Pump™,,,,,,,ardia,ardia_utc,
hist-binance-POWR-202102121835,history,announcement,binance,POWR,BTC,1613154914000,2021-02-12T18:35:14Z,2026-10-07T12:53:22Z,history-merge-v1,Binance Moon Pump™,,,,,,,ardia,ardia_utc,
hist-binance-POWR-202103030256,history,announcement,binance,POWR,BTC,1614740166000,2021-03-03T02:56:06Z,2026-10-07T12:53:22Z,history-merge-v1,Whales Crypto Guide,,,,,,,ardia,ardia_utc,
hist-binance-POWR-202103221129,history,announcement,binance,POWR,BTC,1616412567000,2021-03-22T11:29:27Z,2026-10-07T12:53:22Z,history-merge-v1,Binance Moon Pump™,,,,,,,ardia,ardia_utc,
hist-binance-POWR-202104010803,history,announcement,binance,POWR,BTC,1617264195000,2021-04-01T08:03:15Z,2026-10-07T12:53:22Z,history-merge-v1,Cryptonians (Free Signals and News Update),,,,,,,ardia,ardia_utc,
hist-binance-POWR-202104211440,history,announcement,binance,POWR,BTC,1619016028000,2021-04-21T14:40:28Z,2026-10-07T12:53:22Z,history-merge-v1,Crypto Profit Coach™,,,,,,,ardia,ardia_utc,
hist-binance-POWR-202112281413,history,announcement,binance,POWR,BTC,1640700808000,2021-12-28T14:13:28Z,2026-10-07T12:53:22Z,history-merge-v1,Binance Pump Tracker™,,,,,,,ardia,ardia_utc,
hist-binance-POWR-202201080810,history,announcement,binance,POWR,BTC,1641629433000,2022-01-08T08:10:33Z,2026-10-07T12:53:22Z,history-merge-v1,Binance Pump Tracker™,,,,,,,ardia,ardia_utc,
hist-binance-PPT-201801031800,history,announcement,binance,PPT,BTC,1515002400000,2018-01-03T18:00:00Z,2026-10-07T12:53:22Z,history-merge-v1,BPS,,,,,,,lamorgia,lamorgia_gmt,
hist-binance-PPT-201902101600,history,announcement,binance,PPT,BTC,1549814428000,2019-02-10T16:00:28Z,2026-10-07T12:53:22Z,history-merge-v1,Baby Crypto Channel; Crypto Guru,,,,,,,pumpsense,pumpsense_minus_2h,"🚀  #BINANCE_CALL  🚀

 #PPT (POPULOUS)

https://www.binance.com/en/trade/pro/PPT_BTC

Targeting 3900,4100,4300🚀"
hist-binance-PPT-201905311459,history,announcement,binance,PPT,BTC,1559314775000,2019-05-31T14:59:35Z,2026-10-07T12:53:22Z,history-merge-v1,BPG; Binance Profit Signal; Hit Pump Angels,,,,,,,ardia+lamorgia+pumpsense,ardia_utc,"🌹Coin ~ # PPT

 🌹TARGET 1:  1450
        TARGET 2:  1600

#PPT is so sexy now. It's on the support and now it's time for it go to the moon 🔥🔥
It's also a very good project with a great dev team. 
Time to buy it and get more and more profit in the future.

https://www.binance.com/en/trade/pro/PPT_BTC"
hist-binance-PPT-202005031730,history,announcement,binance,PPT,BTC,1588527001000,2020-05-03T17:30:01Z,2026-10-07T12:53:22Z,history-merge-v1,Binance Mega Pump,,,,,,,ardia,ardia_utc,
hist-binance-PPT-202006081606,history,announcement,binance,PPT,BTC,1591632372000,2020-06-08T16:06:12Z,2026-10-07T12:53:22Z,history-merge-v1,TCG; BPF; CW; Hit Pump Angels; Trading Crypto Guide; CPI; Crypto Pump Island; Binance Pump Signals; Binance Crypto Pumps; Bitcoin Pump Group,,,,,,,ardia+lamorgia+pumpsense,ardia_utc,"COIN IS : PPT

🚀 BUY BUY BUY🚀"
hist-binance-PPT-202006241004,history,announcement,binance,PPT,BTC,1592993053000,2020-06-24T10:04:13Z,2026-10-07T12:53:22Z,history-merge-v1,Binance Moon Pump™,,,,,,,ardia,ardia_utc,
hist-binance-PPT-202008031008,history,announcement,binance,PPT,BTC,1596449293000,2020-08-03T10:08:13Z,2026-10-07T12:53:22Z,history-merge-v1,Binance Moon Pump™,,,,,,,ardia,ardia_utc,
hist-binance-PPT-202008041800,history,announcement,binance,PPT,BTC,1596564003000,2020-08-04T18:00:03Z,2026-10-07T12:53:22Z,history-merge-v1,CPS; BPF; CPI; Crypto Pump Squad; CryptoFamily Binance; Hit Pump Angels; Binance Pump Signals; Bitcoin Pump Group,,,,,,,ardia+lamorgia+pumpsense,ardia_utc,"Coin is 
https://cdn.discordapp.com/attachments/733723735097344119/740266911366905918/unknown.png"
hist-binance-PPT-202010211800,history,announcement,binance,PPT,BTC,1603303213000,2020-10-21T18:00:13Z,2026-10-07T12:53:22Z,history-merge-v1,CPS; TWP; CPI; Crypto Pump Squad; CryptoFamily Binance,,,,,,,ardia+lamorgia+pumpsense,ardia_utc,"Today We Push: #PPT $PPT #PPT

The Bank of England (BofE) has awarded Binance's Populous (#PPT) the contract for the renewal of its Real Time Gross Settlement system which will process £685 billion daily. https://www.ledgerinsites.com/bank-of-england-innovation-oriented-payments-populous/"
hist-binance-PPT-202103061359,history,announcement,binance,PPT,BTC,1615039175000,2021-03-06T13:59:35Z,2026-10-07T12:53:22Z,history-merge-v1,Whales Crypto Guide,,,,,,,ardia,ardia_utc,
hist-binance-PPT-202103071700,history,announcement,binance,PPT,BTC,1615136404000,2021-03-07T17:00:04Z,2026-10-07T12:53:22Z,history-merge-v1,Today We Push 🛸; Coin Coach Signals; Mega Signals Group; Hit Pump Angels; Binance Crypto Pumps; WHALE BINANCE GROUP PUMP; Cryptic Trading,,,,,,,ardia+pumpsense,ardia_utc,"The coin we have picked to pump today is :  #PPT

PPT is looking perfect for a pump right now , our target is 1000%"
hist-binance-PPT-202104151341,history,announcement,binance,PPT,BTC,1618494118000,2021-04-15T13:41:58Z,2026-10-07T12:53:22Z,history-merge-v1,Binance Pump Time CZ,,,,,,,pumpsense,pumpsense_minus_2h,Today we select $PPT
hist-binance-PSG-202103011654,history,announcement,binance,PSG,BTC,1614617688000,2021-03-01T16:54:48Z,2026-10-07T12:53:22Z,history-merge-v1,Binance Pump Tracker™,,,,,,,ardia,ardia_utc,
hist-binance-PSG-202103141853,history,announcement,binance,PSG,BTC,1615747993000,2021-03-14T18:53:13Z,2026-10-07T12:53:22Z,history-merge-v1,The Crypto Express.,,,,,,,ardia,ardia_utc,
hist-binance-PSG-202201301459,history,announcement,binance,PSG,BTC,1643554799000,2022-01-30T14:59:59Z,2026-10-07T12:53:22Z,history-merge-v1,Binance Crypto Pumps; Binance Crypto Pump Signals,,,,,,,pumpsense,pumpsense_minus_2h,Coin is: PSG
hist-binance-QKC-201905280811,history,announcement,binance,QKC,BTC,1559031107000,2019-05-28T08:11:47Z,2026-10-07T12:53:22Z,history-merge-v1,Crypto Advisor,,,,,,,ardia,ardia_utc,
hist-binance-QKC-201908040629,history,announcement,binance,QKC,BTC,1564900168000,2019-08-04T06:29:28Z,2026-10-07T12:53:22Z,history-merge-v1,Bitcoin Pump Group,,,,,,,ardia,ardia_utc,
hist-binance-QLC-201807281900,history,announcement,binance,QLC,BTC,1532804400000,2018-07-28T19:00:00Z,2026-10-07T12:53:22Z,history-merge-v1,Binance Trading 360; BPS,,,,,,,lamorgia+pumpsense,lamorgia_gmt,"✈️✈️✈️qlc✈️✈️✈️
 coin is our Pump coin!👍👍👍

✅✅
Buy it now
It will go huge as it announce in public after 1 hour then sell it fast!!💹💹📶📶🏧🏧💵💰"
hist-binance-QLC-201810091700,history,announcement,binance,QLC,BTC,1539104400000,2018-10-09T17:00:00Z,2026-10-07T12:53:22Z,history-merge-v1,CCB; BPF; Hit Pump Angels,,,,,,,lamorgia+pumpsense,lamorgia_gmt,COIN IS : QLC
hist-binance-QLC-201903260831,history,announcement,binance,QLC,BTC,1553589080000,2019-03-26T08:31:20Z,2026-10-07T12:53:22Z,history-merge-v1,Crypto Tree 🎄,,,,,,,ardia,ardia_utc,
hist-binance-QLC-201908191600,history,announcement,binance,QLC,BTC,1566230410000,2019-08-19T16:00:10Z,2026-10-07T12:53:22Z,history-merge-v1,Binance Crypto Signals; Crypto Fox,,,,,,,ardia+pumpsense,ardia_utc,"Buy #QLC 
Direct Trade Link :
https://www.binance.com/en/trade/QLC_BTC"
hist-binance-QLC-201909041600,history,announcement,binance,QLC,BTC,1567612812000,2019-09-04T16:00:12Z,2026-10-07T12:53:22Z,history-merge-v1,CPI; Crypto Pump Island,,,,,,,ardia+lamorgia,ardia_utc,
hist-binance-QLC-202003121600,history,announcement,binance,QLC,BTC,1584028805000,2020-03-12T16:00:05Z,2026-10-07T12:53:22Z,history-merge-v1,CPI; Crypto Pump Island; Binance Pump Signals,,,,,,,ardia+lamorgia+pumpsense,ardia_utc,#QLC will be moon soon 🚀🚀
hist-binance-QLC-202009061600,history,announcement,binance,QLC,BTC,1599408049000,2020-09-06T16:00:49Z,2026-10-07T12:53:22Z,history-merge-v1,TCG; BPF; Hit Pump Angels; Binance Trading 360; Crypto Pump Island; CPI,,,,,,,ardia+lamorgia+pumpsense,ardia_utc,"COIN IS : QLC

🚀BUY BUY BUY🚀"
hist-binance-QLC-202101061600,history,announcement,binance,QLC,BTC,1609948800000,2021-01-06T16:00:00Z,2026-10-07T12:53:22Z,history-merge-v1,TCG; Trading Crypto Guide; Binance Trading 360,,,,,,,lamorgia+pumpsense,lamorgia_gmt,"The Andromeda ALT🔥 coin is #QLC

#QLC on #BINANCE

Can we see a binance TOP gainer with 500% Gains?   Hell yeaah🔥🔥

Buy #QLC here 
https://www.binance.com/en/trade/QLC_BTC"
hist-binance-QLC-202104231600,history,announcement,binance,QLC,BTC,1619193607000,2021-04-23T16:00:07Z,2026-10-07T12:53:22Z,history-merge-v1,Trading Crypto Guide,,,,,,,pumpsense,pumpsense_minus_2h,"2x Potential Call!

#QLC on Binance

https://www.binance.com/en/trade/QLC_BTC?layout=pro"
hist-binance-QLC-202105111600,history,announcement,binance,QLC,BTC,1620748809000,2021-05-11T16:00:09Z,2026-10-07T12:53:22Z,history-merge-v1,Trading Crypto Guide; premium binance signals turkey; BINANCE_DAY,,,,,,,ardia+pumpsense,ardia_utc,"2x Potential Call!

#QLC on Binance

https://www.binance.com/en/trade/QLC_BTC?layout=pro"
hist-binance-QLC-202106091613,history,announcement,binance,QLC,BTC,1623255231000,2021-06-09T16:13:51Z,2026-10-07T12:53:22Z,history-merge-v1,Binance Moon Pump™,,,,,,,ardia,ardia_utc,
hist-binance-QLC-202107251203,history,announcement,binance,QLC,BTC,1627214628000,2021-07-25T12:03:48Z,2026-10-07T12:53:22Z,history-merge-v1,Binance Moon Pump™,,,,,,,ardia,ardia_utc,
hist-binance-QLC-202109101741,history,announcement,binance,QLC,BTC,1631295678000,2021-09-10T17:41:18Z,2026-10-07T12:53:22Z,history-merge-v1,Binance Moon Pump™,,,,,,,ardia,ardia_utc,
hist-binance-QLC-202110021103,history,announcement,binance,QLC,BTC,1633172590000,2021-10-02T11:03:10Z,2026-10-07T12:53:22Z,history-merge-v1,Binance Moon Pump™,,,,,,,ardia,ardia_utc,
hist-binance-QLC-202110051815,history,announcement,binance,QLC,BTC,1633457752000,2021-10-05T18:15:52Z,2026-10-07T12:53:22Z,history-merge-v1,Binance Moon Pump™,,,,,,,ardia,ardia_utc,
hist-binance-QLC-202112081854,history,announcement,binance,QLC,BTC,1638989655000,2021-12-08T18:54:15Z,2026-10-07T12:53:22Z,history-merge-v1,Binance Pump Tracker™,,,,,,,ardia,ardia_utc,
hist-binance-QLC-202201261041,history,announcement,binance,QLC,BTC,1643193699000,2022-01-26T10:41:39Z,2026-10-07T12:53:22Z,history-merge-v1,Binance Pump Tracker™,,,,,,,ardia,ardia_utc,
hist-binance-QSP-201804031630,history,announcement,binance,QSP,BTC,1522773026000,2018-04-03T16:30:26Z,2026-10-07T12:53:22Z,history-merge-v1,Baby Crypto Channel; Coin Coach Signals,,,,,,,pumpsense,pumpsense_minus_2h,
hist-binance-QSP-201905281500,history,announcement,binance,QSP,BTC,1559055601000,2019-05-28T15:00:01Z,2026-10-07T12:53:22Z,history-merge-v1,Crypto Advisor,,,,,,,ardia,ardia_utc,
hist-binance-QSP-201907051500,history,announcement,binance,QSP,BTC,1562338801000,2019-07-05T15:00:01Z,2026-10-07T12:53:22Z,history-merge-v1,Binance Mega Pump,,,,,,,ardia,ardia_utc,
hist-binance-QSP-201907071517,history,announcement,binance,QSP,BTC,1562512662000,2019-07-07T15:17:42Z,2026-10-07T12:53:22Z,history-merge-v1,Crypto Tree 🎄,,,,,,,ardia,ardia_utc,
hist-binance-QSP-201908291800,history,announcement,binance,QSP,BTC,1567101616000,2019-08-29T18:00:16Z,2026-10-07T12:53:22Z,history-merge-v1,MPG; BPF; CPI; CCS; Baby Crypto Channel; COIN TRADING PLATFORM; Coin Coach Signals; Mega Signals Group; Binance Royal Pump; Hit Pump Angels; Whales Crypto Guide; Binance Pump Signals; Bitcoin Pump Group; Bitcoin Profit Coach,,,,,,,ardia+lamorgia+pumpsense,ardia_utc,"There are many good coins on Binance 

The coin we picked today is :  👉 ( Q ) ( S ) ( P )   👈"
hist-binance-QSP-202006131600,history,announcement,binance,QSP,BTC,1592064018000,2020-06-13T16:00:18Z,2026-10-07T12:53:22Z,history-merge-v1,TCG; BPF; CPI; CryptoFamily Binance; Hit Pump Angels; Binance Pump Signals; Binance Signals; Binance Crypto Pump Signals; Bitcoin Pump Group,,,,,,,ardia+lamorgia+pumpsense,ardia_utc,"COIN IS: QSP

🚀BUY BUY BUY🚀"
hist-binance-QSP-202006291600,history,announcement,binance,QSP,BTC,1593446426000,2020-06-29T16:00:26Z,2026-10-07T12:53:22Z,history-merge-v1,Binance Royal Pump; Hit Pump Angels,,,,,,,ardia+pumpsense,ardia_utc,"COIN IS : QSP

🚀BUY BUY BUY🚀"
hist-binance-QSP-202007181306,history,announcement,binance,QSP,BTC,1595077609000,2020-07-18T13:06:49Z,2026-10-07T12:53:22Z,history-merge-v1,Binance Moon Pump™,,,,,,,ardia,ardia_utc,
hist-binance-QSP-202007211306,history,announcement,binance,QSP,BTC,1595336777000,2020-07-21T13:06:17Z,2026-10-07T12:53:22Z,history-merge-v1,Binance Moon Pump™,,,,,,,ardia,ardia_utc,
hist-binance-QSP-202009101800,history,announcement,binance,QSP,BTC,1599760831000,2020-09-10T18:00:31Z,2026-10-07T12:53:22Z,history-merge-v1,CPS; TCG; BPF; Crypto Pump Island; Crypto Pump Squad; Hit Pump Angels; Bitcoin Pump Group,,,,,,,ardia+lamorgia+pumpsense,ardia_utc,QSP
hist-binance-QSP-202106131600,history,announcement,binance,QSP,BTC,1623600004000,2021-06-13T16:00:04Z,2026-10-07T12:53:22Z,history-merge-v1,Trading Crypto Guide; Crypto VIP Signal™,,,,,,,ardia+pumpsense,ardia_utc,"Buying #QSP bag here🚨

https://www.binance.com/en/trade/QSP_BTC?layout=pro"
hist-binance-QSP-202107011907,history,announcement,binance,QSP,BTC,1625166427000,2021-07-01T19:07:07Z,2026-10-07T12:53:22Z,history-merge-v1,Binance Moon Pump™,,,,,,,ardia,ardia_utc,
hist-binance-QSP-202108271550,history,announcement,binance,QSP,BTC,1630079421000,2021-08-27T15:50:21Z,2026-10-07T12:53:22Z,history-merge-v1,Binance Moon Pump™,,,,,,,ardia,ardia_utc,
hist-binance-QSP-202110081210,history,announcement,binance,QSP,BTC,1633695053000,2021-10-08T12:10:53Z,2026-10-07T12:53:22Z,history-merge-v1,Binance Moon Pump™,,,,,,,ardia,ardia_utc,
hist-binance-QSP-202111050946,history,announcement,binance,QSP,BTC,1636105578000,2021-11-05T09:46:18Z,2026-10-07T12:53:22Z,history-merge-v1,Binance Pump Tracker™,,,,,,,ardia,ardia_utc,
hist-binance-QSP-202111301231,history,announcement,binance,QSP,BTC,1638275473000,2021-11-30T12:31:13Z,2026-10-07T12:53:22Z,history-merge-v1,Binance Pump Tracker™,,,,,,,ardia,ardia_utc,
hist-binance-QTUM-202008090610,history,announcement,binance,QTUM,BTC,1596953402000,2020-08-09T06:10:02Z,2026-10-07T12:53:22Z,history-merge-v1,Binance Moon Pump™,,,,,,,ardia,ardia_utc,
hist-binance-QTUM-202008101817,history,announcement,binance,QTUM,BTC,1597083421000,2020-08-10T18:17:01Z,2026-10-07T12:53:22Z,history-merge-v1,Whales Crypto Guide,,,,,,,ardia,ardia_utc,
hist-binance-QTUM-202008170758,history,announcement,binance,QTUM,BTC,1597651127000,2020-08-17T07:58:47Z,2026-10-07T12:53:22Z,history-merge-v1,Trading Crypto Coach®,,,,,,,ardia,ardia_utc,
hist-binance-RAMP-202111191103,history,announcement,binance,RAMP,BTC,1637319818000,2021-11-19T11:03:38Z,2026-10-07T12:53:22Z,history-merge-v1,Binance Pump Tracker™,,,,,,,ardia,ardia_utc,
hist-binance-RAMP-202112161452,history,announcement,binance,RAMP,BTC,1639666372000,2021-12-16T14:52:52Z,2026-10-07T12:53:22Z,history-merge-v1,Binance Pump Tracker™,,,,,,,ardia,ardia_utc,
hist-binance-RAMP-202112261545,history,announcement,binance,RAMP,BTC,1640533549000,2021-12-26T15:45:49Z,2026-10-07T12:53:22Z,history-merge-v1,Binance Pump Tracker™,,,,,,,ardia,ardia_utc,
hist-binance-RCN-201908101600,history,announcement,binance,RCN,BTC,1565452837000,2019-08-10T16:00:37Z,2026-10-07T12:53:22Z,history-merge-v1,CPI; Crypto Pump Island,,,,,,,ardia+lamorgia,ardia_utc,
hist-binance-RCN-202101072100,history,announcement,binance,RCN,BTC,1610053207000,2021-01-07T21:00:07Z,2026-10-07T12:53:22Z,history-merge-v1,Hit Pump Angels; Binance Crypto Pumps,,,,,,,pumpsense,pumpsense_minus_2h,"COIN IS: RCN

🚀BUY BUY BUY🚀"
hist-binance-RCN-202101101700,history,announcement,binance,RCN,BTC,1610298000000,2021-01-10T17:00:00Z,2026-10-07T12:53:22Z,history-merge-v1,TWP; BPF; Hit Pump Angels,,,,,,,lamorgia+pumpsense,lamorgia_gmt,"COIN IS: RCN

🚀BUY BUY BUY🚀"
hist-binance-RCN-202104172000,history,announcement,binance,RCN,BTC,1618689603000,2021-04-17T20:00:03Z,2026-10-07T12:53:22Z,history-merge-v1,WallStreetBets Crypto Pumps - Investing!,,,,,,,ardia,ardia_utc,
hist-binance-RDN-201808111552,history,announcement,binance,RDN,BTC,1534002726000,2018-08-11T15:52:06Z,2026-10-07T12:53:22Z,history-merge-v1,Binance Trading 360,,,,,,,pumpsense,pumpsense_minus_2h,"✈️✈️✈️RDN✈️✈️✈️
 coin is our Pump coin!👍👍👍

✅✅
Buy it now
It will go huge as it announce in public after 1 hour then sell it fast!!💹💹📶📶🏧🏧💵💰"
hist-binance-RDN-201808211600,history,announcement,binance,RDN,BTC,1534867200000,2018-08-21T16:00:00Z,2026-10-07T12:53:22Z,history-merge-v1,Binance Trading 360; BPG; Binance Profit Signal,,,,,,,lamorgia+pumpsense,lamorgia_gmt,"✈️✈️✈️RDN✈️✈️✈️
 coin is our Pump coin!👍👍👍

✅✅
Buy it now
It will go huge as it announce in public after 1 hour then sell it fast!!💹💹📶📶🏧🏧💵💰"
hist-binance-RDN-201809041530,history,announcement,binance,RDN,BTC,1536075000000,2018-09-04T15:30:00Z,2026-10-07T12:53:22Z,history-merge-v1,BPG; Binance Profit Signal,,,,,,,lamorgia+pumpsense,lamorgia_gmt,"https://www.tradingview.com/x/NFhNJwWB/
BIG PUMP SIGNAL  🔥🔥🔥

 🌹Coin ~ # RDN

 🌹TARGET 1:  8990
        TARGET 2: 11000

Double bottom pattern confirmed. Neckline was broken.
It's going to next target.
This chart looks so sexy at this time. 🔥🔥🔥
It's also a very good project with a great dev team. 
T"
hist-binance-RDN-201810281700,history,announcement,binance,RDN,BTC,1540746000000,2018-10-28T17:00:00Z,2026-10-07T12:53:22Z,history-merge-v1,MPG,,,,,,,lamorgia,lamorgia_gmt,
hist-binance-RDN-201811271700,history,announcement,binance,RDN,BTC,1543338000000,2018-11-27T17:00:00Z,2026-10-07T12:53:22Z,history-merge-v1,Binance Trading 360; BPG; BPF; Binance Profit Signal; Hit Pump Angels,,,,,,,lamorgia+pumpsense,lamorgia_gmt,"✈️✈️✈️RDN✈️✈️✈️
 coin is our Pump coin!👍👍👍

✅✅
Buy it now
It will go huge as it announce in public after 1 hour then sell it fast!!💹💹📶📶🏧🏧💵💰"
hist-binance-RDN-201902021659,history,announcement,binance,RDN,BTC,1549126787000,2019-02-02T16:59:47Z,2026-10-07T12:53:22Z,history-merge-v1,𝘾𝙧𝙮𝙥𝙩𝙤 𝙈𝙖𝙧𝙠𝙚𝙩 𝙎𝙞𝙜𝙣𝙖𝙡; Baby Crypto Channel; Crypto Guru; Coin Coach Signals,,,,,,,ardia+pumpsense,ardia_utc,"🔥 BINANCE BANG BANG SIGNAL🔥

THE COIN NAME IS #RDN

https://www.binance.com/en/trade/RDN_BTC

     🚀 Target1 : 6500 SATs🚀
     🚀 Target2 : 6800SATs🚀
     🚀 Target3 : 7300+Sats🚀

Buy and Hold for Maximum Profit don't sell for peanut🚀"
hist-binance-RDN-201903241859,history,announcement,binance,RDN,BTC,1553453997000,2019-03-24T18:59:57Z,2026-10-07T12:53:22Z,history-merge-v1,Hit Pump Angels,,,,,,,pumpsense,pumpsense_minus_2h,COIN IS : RDN
hist-binance-RDN-201904091859,history,announcement,binance,RDN,BTC,1554836386000,2019-04-09T18:59:46Z,2026-10-07T12:53:22Z,history-merge-v1,Maximum Pump; Bitcoin Pump Group,,,,,,,ardia+pumpsense,ardia_utc,"Coin name :The coin we picked is #RDN

Here is the direct link

https://www.binance.com/en/trade/RDN_BTC

Pair: RDN/BTC
Current price: 0.00007075
Volume: 62
Participants: 55k Telegram Users"
hist-binance-RDN-201904241700,history,announcement,binance,RDN,BTC,1556125200000,2019-04-24T17:00:00Z,2026-10-07T12:53:22Z,history-merge-v1,MPG; BPF; Mega Pump Group; Mega Signals Group; Hit Pump Angels; Bitcoin Pump Group,,,,,,,ardia+lamorgia+pumpsense,ardia_utc,COIN IS: RDN
hist-binance-RDN-201905101559,history,announcement,binance,RDN,BTC,1557503940000,2019-05-10T15:59:00Z,2026-10-07T12:53:22Z,history-merge-v1,BPG; BPF; CPI; Binance Profit Signal; Hit Pump Angels; Bitcoin Pump Group,,,,,,,lamorgia+pumpsense,lamorgia_gmt,"https://www.tradingview.com/x/x6sG7ldg/

🌹Coin ~ # RDN

 🌹TARGET 1:  5300 
        TARGET 2:  6500

#RDN is so sexy now. It broke out downtrend and now it's time for it go to the moon 🔥🔥
It's also a very good project with a great dev team. 
Time to buy it and get more and more profit in the future.
"
hist-binance-RDN-201905110928,history,announcement,binance,RDN,BTC,1557566924000,2019-05-11T09:28:44Z,2026-10-07T12:53:22Z,history-merge-v1,Maximum Pump,,,,,,,ardia,ardia_utc,
hist-binance-RDN-201905151459,history,announcement,binance,RDN,BTC,1557932397000,2019-05-15T14:59:57Z,2026-10-07T12:53:22Z,history-merge-v1,Altcoins Trading Signals,,,,,,,pumpsense,pumpsense_minus_2h,"🚨Binance Pump Announcements🚨

 RDN on fire 🔥 

https://www.binance.com/en/trade/RDN_BTC

Buy and hold . Big support by whale coming . Lets moon"
hist-binance-RDN-201907161759,history,announcement,binance,RDN,BTC,1563299982000,2019-07-16T17:59:42Z,2026-10-07T12:53:22Z,history-merge-v1,Bitcoin Pump Group,,,,,,,pumpsense,pumpsense_minus_2h,Coin name : RDN
hist-binance-RDN-201907181800,history,announcement,binance,RDN,BTC,1563472822000,2019-07-18T18:00:22Z,2026-10-07T12:53:22Z,history-merge-v1,Bitcoin Pump Group,,,,,,,pumpsense,pumpsense_minus_2h,RDN
hist-binance-RDN-201907221759,history,announcement,binance,RDN,BTC,1563818393000,2019-07-22T17:59:53Z,2026-10-07T12:53:22Z,history-merge-v1,Bitcoin Pump Group,,,,,,,pumpsense,pumpsense_minus_2h,Coin name #RDN
hist-binance-RDN-201907291500,history,announcement,binance,RDN,BTC,1564412402000,2019-07-29T15:00:02Z,2026-10-07T12:53:22Z,history-merge-v1,BPG; BPF; Binance Profit Signal; Hit Pump Angels; Bitcoin Pump Group,,,,,,,ardia+lamorgia+pumpsense,ardia_utc,"https://www.tradingview.com/x/dVJ1Xhue/

🌹Coin ~ # RDN

 🌹TARGET 1:  2800 
        TARGET 2:  3100

Look #EVX, #OAX, they pumped so hard today. And #RDN will follow them.
#RDN is also on the strong support at this time.
It also has so many good news in near some days.

https://www.binance.com/en/tra"
hist-binance-RDN-201910152000,history,announcement,binance,RDN,BTC,1571169602000,2019-10-15T20:00:02Z,2026-10-07T12:53:22Z,history-merge-v1,Fat Cat Crypto; Coin Pump Crew ✪,,,,,,,ardia+pumpsense,ardia_utc,RDN
hist-binance-RDN-202002011300,history,announcement,binance,RDN,BTC,1580562000000,2020-02-01T13:00:00Z,2026-10-07T12:53:22Z,history-merge-v1,BPF; CW; Hit Pump Angels,,,,,,,lamorgia+pumpsense,lamorgia_gmt,COIN IS: RDN
hist-binance-RDN-202002121824,history,announcement,binance,RDN,BTC,1581531873000,2020-02-12T18:24:33Z,2026-10-07T12:53:22Z,history-merge-v1,Crypto Lion's™,,,,,,,ardia,ardia_utc,
hist-binance-RDN-202003131600,history,announcement,binance,RDN,BTC,1584115200000,2020-03-13T16:00:00Z,2026-10-07T12:53:22Z,history-merge-v1,TCG; CCS; Coin Coach Signals; Trading Crypto Guide,,,,,,,lamorgia+pumpsense,lamorgia_gmt,"Coin is   ' R D N'
Expected Gain: 60-100%"
hist-binance-RDN-202004211358,history,announcement,binance,RDN,BTC,1587477538000,2020-04-21T13:58:58Z,2026-10-07T12:53:22Z,history-merge-v1,Crypto SignalT,,,,,,,pumpsense,pumpsense_minus_2h,Pump Coin Name: RDN
hist-binance-RDN-202008251800,history,announcement,binance,RDN,BTC,1598378403000,2020-08-25T18:00:03Z,2026-10-07T12:53:22Z,history-merge-v1,CPS; BPF; Crypto Pump Squad; Hit Pump Angels; CPI; Bitcoin Pump Group,,,,,,,ardia+lamorgia+pumpsense,ardia_utc,"Coin is 
https://cdn.discordapp.com/attachments/712311983369748510/747874981085446184/unknown.png"
hist-binance-RDN-202009061900,history,announcement,binance,RDN,BTC,1599418805000,2020-09-06T19:00:05Z,2026-10-07T12:53:22Z,history-merge-v1,Bitcoin Pump Group,,,,,,,pumpsense,pumpsense_minus_2h,Coin name : #RDN
hist-binance-RDN-202010171600,history,announcement,binance,RDN,BTC,1602950406000,2020-10-17T16:00:06Z,2026-10-07T12:53:22Z,history-merge-v1,CPS; TCG; BPF; CPI; Crypto Pump Squad; Hit Pump Angels; Binance Trading 360,,,,,,,ardia+lamorgia+pumpsense,ardia_utc,"DIP BOTTOM CALL 

#RDN on #BINANCE

Link: 
https://www.binance.com/en/trade/RDN_BTC

EXPECTED SHORTTERM GAIN :- 50-100%

Looking very bullish on higher timeframe

Lying on strong horizontal support also forming INVERSE HEAD and SHOULDER pattern on higher timeframe🚀

MACD indicating strong bullish wa"
hist-binance-RDN-202101231008,history,announcement,binance,RDN,BTC,1611396490000,2021-01-23T10:08:10Z,2026-10-07T12:53:22Z,history-merge-v1,Binance Moon Pump™,,,,,,,ardia,ardia_utc,
hist-binance-RDN-202102021800,history,announcement,binance,RDN,BTC,1612288835000,2021-02-02T18:00:35Z,2026-10-07T12:53:22Z,history-merge-v1,Trading Crypto Guide,,,,,,,pumpsense,pumpsense_minus_2h,"HOLD #RDN

FOMO WILL BE HUGE👍"
hist-binance-RDN-202102221700,history,announcement,binance,RDN,BTC,1614013210000,2021-02-22T17:00:10Z,2026-10-07T12:53:22Z,history-merge-v1,Trading Crypto Coach®; Hit Pump Angels,,,,,,,ardia+pumpsense,ardia_utc,COIN IS : RDN
hist-binance-RDN-202103141900,history,announcement,binance,RDN,BTC,1615748400000,2021-03-14T19:00:00Z,2026-10-07T12:53:22Z,history-merge-v1,WallStreetBets Crypto Pumps - Investing!,,,,,,,ardia,ardia_utc,
hist-binance-RDN-202104231643,history,announcement,binance,RDN,BTC,1619196239000,2021-04-23T16:43:59Z,2026-10-07T12:53:22Z,history-merge-v1,Whales Crypto Guide,,,,,,,ardia,ardia_utc,
hist-binance-RDN-202104242100,history,announcement,binance,RDN,BTC,1619298012000,2021-04-24T21:00:12Z,2026-10-07T12:53:22Z,history-merge-v1,Binance Royal Pump; WHALE BINANCE GROUP PUMP,,,,,,,ardia+pumpsense,ardia_utc,Rdn
hist-binance-RDN-202108150413,history,announcement,binance,RDN,BTC,1629000822000,2021-08-15T04:13:42Z,2026-10-07T12:53:22Z,history-merge-v1,Binance Moon Pump™,,,,,,,ardia,ardia_utc,
hist-binance-RDN-202109131810,history,announcement,binance,RDN,BTC,1631556641000,2021-09-13T18:10:41Z,2026-10-07T12:53:22Z,history-merge-v1,Binance Moon Pump™,,,,,,,ardia,ardia_utc,
hist-binance-RDN-202110210741,history,announcement,binance,RDN,BTC,1634802072000,2021-10-21T07:41:12Z,2026-10-07T12:53:22Z,history-merge-v1,Binance Pump Tracker™,,,,,,,ardia,ardia_utc,
hist-binance-RDN-202110301606,history,announcement,binance,RDN,BTC,1635609974000,2021-10-30T16:06:14Z,2026-10-07T12:53:22Z,history-merge-v1,Binance Pump Tracker™,,,,,,,ardia,ardia_utc,
hist-binance-RDN-202112171347,history,announcement,binance,RDN,BTC,1639748860000,2021-12-17T13:47:40Z,2026-10-07T12:53:22Z,history-merge-v1,Binance Pump Tracker™,,,,,,,ardia,ardia_utc,
hist-binance-REEF-202102111151,history,announcement,binance,REEF,BTC,1613044297000,2021-02-11T11:51:37Z,2026-10-07T12:53:22Z,history-merge-v1,APE crypto,,,,,,,ardia,ardia_utc,
hist-binance-REEF-202102121015,history,announcement,binance,REEF,BTC,1613124949000,2021-02-12T10:15:49Z,2026-10-07T12:53:22Z,history-merge-v1,APE crypto,,,,,,,ardia,ardia_utc,
hist-binance-REEF-202102152041,history,announcement,binance,REEF,BTC,1613421676000,2021-02-15T20:41:16Z,2026-10-07T12:53:22Z,history-merge-v1,The Bull,,,,,,,ardia,ardia_utc,
hist-binance-REEF-202103110450,history,announcement,binance,REEF,BTC,1615438206000,2021-03-11T04:50:06Z,2026-10-07T12:53:22Z,history-merge-v1,Crypto Trader,,,,,,,ardia,ardia_utc,
hist-binance-REEF-202103291721,history,announcement,binance,REEF,BTC,1617038502000,2021-03-29T17:21:42Z,2026-10-07T12:53:22Z,history-merge-v1,Whales Crypto Guide,,,,,,,ardia,ardia_utc,
hist-binance-REEF-202104281535,history,announcement,binance,REEF,BTC,1619624145000,2021-04-28T15:35:45Z,2026-10-07T12:53:22Z,history-merge-v1,Whales Crypto Guide,,,,,,,ardia,ardia_utc,
hist-binance-REEF-202105201745,history,announcement,binance,REEF,BTC,1621532736000,2021-05-20T17:45:36Z,2026-10-07T12:53:22Z,history-merge-v1,Binance Moon Pump™,,,,,,,ardia,ardia_utc,
hist-binance-REEF-202106030504,history,announcement,binance,REEF,BTC,1622696688000,2021-06-03T05:04:48Z,2026-10-07T12:53:22Z,history-merge-v1,Trading Crypto Coach®,,,,,,,ardia,ardia_utc,
hist-binance-REN-201903260905,history,announcement,binance,REN,BTC,1553591111000,2019-03-26T09:05:11Z,2026-10-07T12:53:22Z,history-merge-v1,Crypto Tree 🎄,,,,,,,ardia,ardia_utc,
hist-binance-REN-201906081659,history,announcement,binance,REN,BTC,1560013168000,2019-06-08T16:59:28Z,2026-10-07T12:53:22Z,history-merge-v1,Bitcoin Pump Group,,,,,,,ardia+pumpsense,ardia_utc,"Coin name :  Buy #REN
 https://www.binance.com/en/trade/REN_BTC"
hist-binance-REN-201906191500,history,announcement,binance,REN,BTC,1560956401000,2019-06-19T15:00:01Z,2026-10-07T12:53:22Z,history-merge-v1,CPI; Crypto Pump Island; Bitcoin Pump Group,,,,,,,ardia+lamorgia+pumpsense,ardia_utc,Coin name :#REN
hist-binance-REN-201907010728,history,announcement,binance,REN,BTC,1561966083000,2019-07-01T07:28:03Z,2026-10-07T12:53:22Z,history-merge-v1,Crypto Tree 🎄,,,,,,,ardia,ardia_utc,
hist-binance-REP-202106151600,history,announcement,binance,REP,BTC,1623772801000,2021-06-15T16:00:01Z,2026-10-07T12:53:22Z,history-merge-v1,Crypto VIP Signal™; Trading Crypto Guide,,,,,,,ardia+pumpsense,ardia_utc,"Buying #REP bag here🚨

https://www.binance.com/en/trade/REP_BTC?layout=pro"
hist-binance-REQ-201810141900,history,announcement,binance,REQ,BTC,1539543600000,2018-10-14T19:00:00Z,2026-10-07T12:53:22Z,history-merge-v1,Binance Trading 360; CCB,,,,,,,lamorgia+pumpsense,lamorgia_gmt,"✈️✈️✈️Req✈️✈️✈️
 coin is our Pump coin!👍👍👍

✅✅
Buy it now
It will go huge as it announce in public after 1 hour then sell it fast!!💹💹📶📶🏧🏧💵💰"
hist-binance-REQ-201902141500,history,announcement,binance,REQ,BTC,1550156429000,2019-02-14T15:00:29Z,2026-10-07T12:53:22Z,history-merge-v1,𝘾𝙧𝙮𝙥𝙩𝙤 𝙈𝙖𝙧𝙠𝙚𝙩 𝙎𝙞𝙜𝙣𝙖𝙡; Baby Crypto Channel; Crypto Guru,,,,,,,ardia+pumpsense,ardia_utc,"#DIP_CALL 🔥

The coin is #REQ 

BUY ZONE 555-560

SELL TARGET 590,610,640+

#Short_Term_Call ❗️"
hist-binance-REQ-201904291500,history,announcement,binance,REQ,BTC,1556550006000,2019-04-29T15:00:06Z,2026-10-07T12:53:22Z,history-merge-v1,BPF; CPI; Bitcoin Pump Group; Hit Pump Angels,,,,,,,ardia+lamorgia+pumpsense,ardia_utc,COIN IS : REQ
hist-binance-REQ-201906081259,history,announcement,binance,REQ,BTC,1559998797000,2019-06-08T12:59:57Z,2026-10-07T12:53:22Z,history-merge-v1,Cryptocurrency: Wolf Posting 🚀,,,,,,,ardia,ardia_utc,
hist-binance-REQ-201907011659,history,announcement,binance,REQ,BTC,1562000370000,2019-07-01T16:59:30Z,2026-10-07T12:53:22Z,history-merge-v1,Bitcoin Pump Group,,,,,,,ardia+pumpsense,ardia_utc,Buy #REQ https://www.binance.com/en/trade/REQ_BTC
hist-binance-REQ-201907130848,history,announcement,binance,REQ,BTC,1563007724000,2019-07-13T08:48:44Z,2026-10-07T12:53:22Z,history-merge-v1,BitAssist,,,,,,,ardia,ardia_utc,
hist-binance-REQ-201908081859,history,announcement,binance,REQ,BTC,1565290769000,2019-08-08T18:59:29Z,2026-10-07T12:53:22Z,history-merge-v1,Bitcoin Pump Group,,,,,,,pumpsense,pumpsense_minus_2h,Coin name : REQ
hist-binance-REQ-202007051549,history,announcement,binance,REQ,BTC,1593964199000,2020-07-05T15:49:59Z,2026-10-07T12:53:22Z,history-merge-v1,Binance Moon Pump™,,,,,,,ardia,ardia_utc,
hist-binance-REQ-202103241236,history,announcement,binance,REQ,BTC,1616589401000,2021-03-24T12:36:41Z,2026-10-07T12:53:22Z,history-merge-v1,Whales Crypto Guide,,,,,,,ardia,ardia_utc,
hist-binance-REQ-202103271930,history,announcement,binance,REQ,BTC,1616873400000,2021-03-27T19:30:00Z,2026-10-07T12:53:22Z,history-merge-v1,Crypto Coin Pump Signals,,,,,,,pumpsense,pumpsense_minus_2h,THE COIN WE ARE PUMPING IS THE ONE IN BLACK TEXT!!!
hist-binance-REQ-202107171657,history,announcement,binance,REQ,BTC,1626541065000,2021-07-17T16:57:45Z,2026-10-07T12:53:22Z,history-merge-v1,Binance Moon Pump™,,,,,,,ardia,ardia_utc,
hist-binance-REQ-202111041316,history,announcement,binance,REQ,BTC,1636031768000,2021-11-04T13:16:08Z,2026-10-07T12:53:22Z,history-merge-v1,Binance Pump Tracker™,,,,,,,ardia,ardia_utc,
hist-binance-REQ-202111231154,history,announcement,binance,REQ,BTC,1637668490000,2021-11-23T11:54:50Z,2026-10-07T12:53:22Z,history-merge-v1,Binance Pump Tracker™,,,,,,,ardia,ardia_utc,
hist-binance-RLC-201804091500,history,announcement,binance,RLC,BTC,1523286000000,2018-04-09T15:00:00Z,2026-10-07T12:53:22Z,history-merge-v1,FCS; LUX,,,,,,,lamorgia,lamorgia_gmt,
hist-binance-RLC-201903121612,history,announcement,binance,RLC,BTC,1552407172000,2019-03-12T16:12:52Z,2026-10-07T12:53:22Z,history-merge-v1,Crypto Tree 🎄,,,,,,,ardia,ardia_utc,
hist-binance-RLC-201903151454,history,announcement,binance,RLC,BTC,1552661649000,2019-03-15T14:54:09Z,2026-10-07T12:53:22Z,history-merge-v1,Crypto Tree 🎄,,,,,,,ardia,ardia_utc,
hist-binance-RLC-201909021517,history,announcement,binance,RLC,BTC,1567437461000,2019-09-02T15:17:41Z,2026-10-07T12:53:22Z,history-merge-v1,Bitcoin Pump Group; Bitcoin Profit Coach,,,,,,,ardia,ardia_utc,
hist-binance-RLC-201909111828,history,announcement,binance,RLC,BTC,1568226513000,2019-09-11T18:28:33Z,2026-10-07T12:53:22Z,history-merge-v1,Crypto Tree 🎄,,,,,,,ardia,ardia_utc,
hist-binance-RLC-202003171700,history,announcement,binance,RLC,BTC,1584464402000,2020-03-17T17:00:02Z,2026-10-07T12:53:22Z,history-merge-v1,Binance Mega Pump,,,,,,,ardia,ardia_utc,
hist-binance-RLC-202003271557,history,announcement,binance,RLC,BTC,1585324620000,2020-03-27T15:57:00Z,2026-10-07T12:53:22Z,history-merge-v1,BPF; CW; Baby Crypto Channel; Coin Coach Signals; Crypto Guru; Hit Pump Angels; Bitcoin Pump Group,,,,,,,lamorgia+pumpsense,lamorgia_gmt,"Strong TA and FA based Call:-

Coin Name:- #RLC/BTC 

Buy and Hold for Huge Profit 

Target:- 80%

https://www.binance.com/en/trade/RLC_BTC"
hist-binance-RLC-202004201600,history,announcement,binance,RLC,BTC,1587398407000,2020-04-20T16:00:07Z,2026-10-07T12:53:22Z,history-merge-v1,CCS; Baby Crypto Channel; Crypto Guru; Binance Royal Pump; Binance Crypto Pumps,,,,,,,ardia+lamorgia+pumpsense,ardia_utc,Coin Name: #RLC
hist-binance-RLC-202106151554,history,announcement,binance,RLC,BTC,1623772469000,2021-06-15T15:54:29Z,2026-10-07T12:53:22Z,history-merge-v1,Trading Crypto Coach®,,,,,,,ardia,ardia_utc,
hist-binance-ROSE-202104091233,history,announcement,binance,ROSE,BTC,1617971582000,2021-04-09T12:33:02Z,2026-10-07T12:53:22Z,history-merge-v1,Prova bot 2,,,,,,,ardia,ardia_utc,
hist-binance-ROSE-202109111222,history,announcement,binance,ROSE,BTC,1631362964000,2021-09-11T12:22:44Z,2026-10-07T12:53:22Z,history-merge-v1,WhalePump Reborn: Best Signals! (100% FREE),,,,,,,ardia,ardia_utc,
hist-binance-SC-202008151349,history,announcement,binance,SC,BTC,1597499373000,2020-08-15T13:49:33Z,2026-10-07T12:53:22Z,history-merge-v1,Binance Pump Tracker™,,,,,,,ardia,ardia_utc,
hist-binance-SC-202103060843,history,announcement,binance,SC,BTC,1615020224000,2021-03-06T08:43:44Z,2026-10-07T12:53:22Z,history-merge-v1,Whales Crypto Guide,,,,,,,ardia,ardia_utc,
hist-binance-SC-202104181948,history,announcement,binance,SC,BTC,1618775289000,2021-04-18T19:48:09Z,2026-10-07T12:53:22Z,history-merge-v1,Binance Global Türkçe,,,,,,,ardia,ardia_utc,
hist-binance-SC-202110261046,history,announcement,binance,SC,BTC,1635245202000,2021-10-26T10:46:42Z,2026-10-07T12:53:22Z,history-merge-v1,premium binance signals turkey,,,,,,,ardia,ardia_utc,
hist-binance-SFP-202108191430,history,announcement,binance,SFP,USDT,1629383407000,2021-08-19T14:30:07Z,2026-10-07T12:53:22Z,history-merge-v1,Wisdom Community ( Crypto Won ),,,,,,,pumpsense,pumpsense_minus_2h,"Buy SFP now 

https://www.binance.com/en/futures/SFPUSDT"
hist-binance-SFP-202109061106,history,announcement,binance,SFP,BTC,1630926367000,2021-09-06T11:06:07Z,2026-10-07T12:53:22Z,history-merge-v1,Crypto Trader,,,,,,,ardia,ardia_utc,
hist-binance-SKL-202103140932,history,announcement,binance,SKL,BTC,1615714370000,2021-03-14T09:32:50Z,2026-10-07T12:53:22Z,history-merge-v1,APE crypto,,,,,,,ardia,ardia_utc,
hist-binance-SKL-202105061447,history,announcement,binance,SKL,BTC,1620312437000,2021-05-06T14:47:17Z,2026-10-07T12:53:22Z,history-merge-v1,Chat With Experts,,,,,,,ardia,ardia_utc,
hist-binance-SKL-202108160655,history,announcement,binance,SKL,USDT,1629096902000,2021-08-16T06:55:02Z,2026-10-07T12:53:22Z,history-merge-v1,Wisdom Community ( Crypto Won ),,,,,,,pumpsense,pumpsense_minus_2h,"Buy SKL/USDT Fast 

https://www.binance.com/en/futures/SKLUSDT"
hist-binance-SKL-202108301840,history,announcement,binance,SKL,BTC,1630348845000,2021-08-30T18:40:45Z,2026-10-07T12:53:22Z,history-merge-v1,Whales Crypto Guide,,,,,,,ardia,ardia_utc,
hist-binance-SKL-202110121658,history,announcement,binance,SKL,BTC,1634057892000,2021-10-12T16:58:12Z,2026-10-07T12:53:22Z,history-merge-v1,Binance Moon Pump™,,,,,,,ardia,ardia_utc,
hist-binance-SKY-202006161130,history,announcement,binance,SKY,BTC,1592307020000,2020-06-16T11:30:20Z,2026-10-07T12:53:22Z,history-merge-v1,Crypto Ninja Coach | Official™,,,,,,,ardia,ardia_utc,
hist-binance-SKY-202007141639,history,announcement,binance,SKY,BTC,1594744788000,2020-07-14T16:39:48Z,2026-10-07T12:53:22Z,history-merge-v1,Binance Pump Tracker™,,,,,,,ardia,ardia_utc,
hist-binance-SKY-202102032103,history,announcement,binance,SKY,BTC,1612386201000,2021-02-03T21:03:21Z,2026-10-07T12:53:22Z,history-merge-v1,Hit Pump Angels; Binance Crypto Pumps; APE crypto,,,,,,,ardia+pumpsense,ardia_utc,"COIN IS : SKY

💣BUY BUY BUY💣"
hist-binance-SKY-202102042120,history,announcement,binance,SKY,BTC,1612473603000,2021-02-04T21:20:03Z,2026-10-07T12:53:22Z,history-merge-v1,Bamp,,,,,,,ardia,ardia_utc,
hist-binance-SKY-202102131700,history,announcement,binance,SKY,BTC,1613235605000,2021-02-13T17:00:05Z,2026-10-07T12:53:22Z,history-merge-v1,Coin Coach Signals; Mega Signals Group; Cryptic Trading,,,,,,,pumpsense,pumpsense_minus_2h,"The coin we have picked to pump today is :  #SKY

SKY is looking perfect for a pump right now , our target is  high"
hist-binance-SKY-202102201540,history,announcement,binance,SKY,BTC,1613835616000,2021-02-20T15:40:16Z,2026-10-07T12:53:22Z,history-merge-v1,Binance Pump Signals,,,,,,,ardia,ardia_utc,
hist-binance-SKY-202104211355,history,announcement,binance,SKY,BTC,1619013354000,2021-04-21T13:55:54Z,2026-10-07T12:53:22Z,history-merge-v1,Binance Moon Pump™,,,,,,,ardia,ardia_utc,
hist-binance-SKY-202105221236,history,announcement,binance,SKY,BTC,1621686962000,2021-05-22T12:36:02Z,2026-10-07T12:53:22Z,history-merge-v1,Binance Moon Pump™,,,,,,,ardia,ardia_utc,
hist-binance-SKY-202105290810,history,announcement,binance,SKY,BTC,1622275838000,2021-05-29T08:10:38Z,2026-10-07T12:53:22Z,history-merge-v1,Binance Moon Pump™,,,,,,,ardia,ardia_utc,
hist-binance-SKY-202110051500,history,announcement,binance,SKY,BTC,1633446007000,2021-10-05T15:00:07Z,2026-10-07T12:53:22Z,history-merge-v1,Big Pumps Binance™; Bitmex Binance Whales Signals,,,,,,,ardia+pumpsense,ardia_utc,
hist-binance-SKY-202110081542,history,announcement,binance,SKY,BTC,1633707774000,2021-10-08T15:42:54Z,2026-10-07T12:53:22Z,history-merge-v1,Binance Moon Pump™,,,,,,,ardia,ardia_utc,
hist-binance-SNGLS-201803261803,history,announcement,binance,SNGLS,BTC,1522087380000,2018-03-26T18:03:00Z,2026-10-07T12:53:22Z,history-merge-v1,FCS,,,,,,,lamorgia,lamorgia_gmt,
hist-binance-SNGLS-201804101900,history,announcement,binance,SNGLS,BTC,1523386800000,2018-04-10T19:00:00Z,2026-10-07T12:53:22Z,history-merge-v1,BPS,,,,,,,lamorgia,lamorgia_gmt,
hist-binance-SNGLS-201808031500,history,announcement,binance,SNGLS,BTC,1533308400000,2018-08-03T15:00:00Z,2026-10-07T12:53:22Z,history-merge-v1,BPF; Hit Pump Angels,,,,,,,lamorgia+pumpsense,lamorgia_gmt,COIN IS : SNGLS
hist-binance-SNGLS-201906241745,history,announcement,binance,SNGLS,BTC,1561398330000,2019-06-24T17:45:30Z,2026-10-07T12:53:22Z,history-merge-v1,American Whales,,,,,,,ardia,ardia_utc,
hist-binance-SNGLS-201906281700,history,announcement,binance,SNGLS,BTC,1561741225000,2019-06-28T17:00:25Z,2026-10-07T12:53:22Z,history-merge-v1,CPI; Crypto Pump Island; Bitcoin Pump Group,,,,,,,ardia+lamorgia+pumpsense,ardia_utc,Coin name :#SNGLS
hist-binance-SNGLS-201910141741,history,announcement,binance,SNGLS,BTC,1571074886000,2019-10-14T17:41:26Z,2026-10-07T12:53:22Z,history-merge-v1,Binance Crypto Signals,,,,,,,ardia,ardia_utc,
hist-binance-SNGLS-202003081859,history,announcement,binance,SNGLS,BTC,1583693986000,2020-03-08T18:59:46Z,2026-10-07T12:53:22Z,history-merge-v1,MPG; CCS; CryptoFamily Binance; Baby Crypto Channel; Coin Coach Signals; Mega Signals Group; Whales Crypto Guide; Hit Pump Angels,,,,,,,ardia+lamorgia+pumpsense,ardia_utc,"There are many good coins on Binance 

The coin we picked today is :  👉  S N G L S  👈"
hist-binance-SNGLS-202004011158,history,announcement,binance,SNGLS,BTC,1585742332000,2020-04-01T11:58:52Z,2026-10-07T12:53:22Z,history-merge-v1,CW; Binance Waves,,,,,,,ardia+lamorgia,ardia_utc,
hist-binance-SNGLS-202008091909,history,announcement,binance,SNGLS,BTC,1597000175000,2020-08-09T19:09:35Z,2026-10-07T12:53:22Z,history-merge-v1,Binance Pump Tracker™,,,,,,,ardia,ardia_utc,
hist-binance-SNGLS-202008161109,history,announcement,binance,SNGLS,BTC,1597576174000,2020-08-16T11:09:34Z,2026-10-07T12:53:22Z,history-merge-v1,Binance Moon Pump™,,,,,,,ardia,ardia_utc,
hist-binance-SNGLS-202101112100,history,announcement,binance,SNGLS,BTC,1610398800000,2021-01-11T21:00:00Z,2026-10-07T12:53:22Z,history-merge-v1,CP; Cryptic Trading,,,,,,,lamorgia+pumpsense,lamorgia_gmt,
hist-binance-SNM-201904041329,history,announcement,binance,SNM,BTC,1554384555000,2019-04-04T13:29:15Z,2026-10-07T12:53:22Z,history-merge-v1,WCG; BPF; Cryptonians (Free Signals and News Update); Whales Crypto Guide; Hit Pump Angels,,,,,,,ardia+lamorgia+pumpsense,ardia_utc,"Ok guys here's the coin 👇👇

The coin we picked is #SNM

Here is the direct link

https://www.binance.com/en/trade/SNM_BTC

SNM is a medium volume coin and now available in dip  accordingly to TA and FA it's have potential to give you good profits in short term and in mid term also. Buy and hold for "
hist-binance-SNM-201904231500,history,announcement,binance,SNM,BTC,1556031636000,2019-04-23T15:00:36Z,2026-10-07T12:53:22Z,history-merge-v1,CPI; Crypto Pump Island; Bitcoin Pump Group,,,,,,,ardia+lamorgia+pumpsense,ardia_utc,Coin name : SNM
hist-binance-SNM-201906022100,history,announcement,binance,SNM,BTC,1559509235000,2019-06-02T21:00:35Z,2026-10-07T12:53:22Z,history-merge-v1,BPS; BPF; CPI; Binance Royal Pump; Hit Pump Angels,,,,,,,ardia+lamorgia+pumpsense,ardia_utc,COIN IS : SNM
hist-binance-SNM-201907111700,history,announcement,binance,SNM,BTC,1562864401000,2019-07-11T17:00:01Z,2026-10-07T12:53:22Z,history-merge-v1,CPI; Crypto Pump Island,,,,,,,ardia+lamorgia,ardia_utc,
hist-binance-SNM-201908041800,history,announcement,binance,SNM,BTC,1564941603000,2019-08-04T18:00:03Z,2026-10-07T12:53:22Z,history-merge-v1,CPI; Crypto Pump Island,,,,,,,ardia+lamorgia,ardia_utc,
hist-binance-SNM-201908071659,history,announcement,binance,SNM,BTC,1565197198000,2019-08-07T16:59:58Z,2026-10-07T12:53:22Z,history-merge-v1,MPG; Mega Signals Group; Bitcoin Pump Group; BPF; Hit Pump Angels,,,,,,,ardia+lamorgia+pumpsense,ardia_utc,https://cdn.discordapp.com/attachments/608619319433101363/608692157796057113/Untitled213312.png
hist-binance-SNM-202007131555,history,announcement,binance,SNM,BTC,1594655727000,2020-07-13T15:55:27Z,2026-10-07T12:53:22Z,history-merge-v1,Bitcoin Pump Group; WHALE BINANCE GROUP PUMP,,,,,,,ardia+pumpsense,ardia_utc,"#SNM 

buy now snm
 target 
136 145 155 169🚀🚀


https://www.binance.com/en/trade/SNM_BTC"
hist-binance-SNM-202008121314,history,announcement,binance,SNM,BTC,1597238058000,2020-08-12T13:14:18Z,2026-10-07T12:53:22Z,history-merge-v1,Binance Moon Pump™,,,,,,,ardia,ardia_utc,
hist-binance-SNM-202009041600,history,announcement,binance,SNM,BTC,1599235200000,2020-09-04T16:00:00Z,2026-10-07T12:53:22Z,history-merge-v1,CPI,,,,,,,lamorgia,lamorgia_gmt,
hist-binance-SNM-202101082100,history,announcement,binance,SNM,BTC,1610139600000,2021-01-08T21:00:00Z,2026-10-07T12:53:22Z,history-merge-v1,CP; WHALE BINANCE GROUP PUMP; Cryptic Trading,,,,,,,lamorgia+pumpsense,lamorgia_gmt,Snm
hist-binance-SNM-202101201700,history,announcement,binance,SNM,BTC,1611162000000,2021-01-20T17:00:00Z,2026-10-07T12:53:22Z,history-merge-v1,WHALE BINANCE GROUP PUMP; Binance Crypto Pumps; Cryptic Trading,,,,,,,pumpsense,pumpsense_minus_2h,Snm
hist-binance-SNM-202112071600,history,announcement,binance,SNM,BTC,1638892822000,2021-12-07T16:00:22Z,2026-10-07T12:53:22Z,history-merge-v1,🐳WHALE BINANCE GROUP PUMP 🐳; WHALE BINANCE GROUP PUMP,,,,,,,ardia+pumpsense,ardia_utc,https://www.binance.com/en/trade/SNM_BTC
hist-binance-SNM-202201261112,history,announcement,binance,SNM,BTC,1643195525000,2022-01-26T11:12:05Z,2026-10-07T12:53:22Z,history-merge-v1,Binance Pump Tracker™,,,,,,,ardia,ardia_utc,
hist-binance-SNM-202202061500,history,announcement,binance,SNM,BTC,1644159610000,2022-02-06T15:00:10Z,2026-10-07T12:53:22Z,history-merge-v1,Binance Crypto Pumps; Binance Crypto Pump Signals,,,,,,,pumpsense,pumpsense_minus_2h,Coin is: SNM
hist-binance-SNT-201907221600,history,announcement,binance,SNT,BTC,1563811214000,2019-07-22T16:00:14Z,2026-10-07T12:53:22Z,history-merge-v1,CPI; Baby Crypto Channel; Crypto Guru; Crypto Pump Island,,,,,,,ardia+lamorgia+pumpsense,ardia_utc,
hist-binance-SNT-201908161659,history,announcement,binance,SNT,BTC,1565974740000,2019-08-16T16:59:00Z,2026-10-07T12:53:22Z,history-merge-v1,TCG; Trading Crypto Guide,,,,,,,lamorgia+pumpsense,lamorgia_gmt,"Coin name  SNT

https://www.binance.com/en/trade/SNT_BTC"
hist-binance-SNT-201908222000,history,announcement,binance,SNT,BTC,1566504008000,2019-08-22T20:00:08Z,2026-10-07T12:53:22Z,history-merge-v1,CPS; BPF; Crypto Pump Squad; Trading Crypto Guide; Binance Royal Pump; Hit Pump Angels; Bitcoin Pump Group,,,,,,,ardia+lamorgia+pumpsense,ardia_utc,"https://cdn.discordapp.com/attachments/504313393088561162/614176119574233088/test.png
Exected gain: 45-70%"
hist-binance-SNT-201910302102,history,announcement,binance,SNT,BTC,1572469366000,2019-10-30T21:02:46Z,2026-10-07T12:53:22Z,history-merge-v1,Bitcoin Pump Group,,,,,,,pumpsense,pumpsense_minus_2h,Coin name : SNT
hist-binance-SNT-202007221600,history,announcement,binance,SNT,BTC,1595433657000,2020-07-22T16:00:57Z,2026-10-07T12:53:22Z,history-merge-v1,Crypto SignalT; Binance Royal Pump,,,,,,,ardia+pumpsense,ardia_utc,"#SNT #SNT #SNT

Buy Here 

Let's spike with our WHALES 💪🐋🐳🚀

#SNT is going to perform Great today bcoz of the huge Fomo & massive big volume coming in👌👍✈️🚀🚀

BUY FAST FAST FAST

Buy Fast guys don't waste your time🚀

https://prnt.sc/tmo0hb"
hist-binance-SNT-202009111602,history,announcement,binance,SNT,BTC,1599840169000,2020-09-11T16:02:49Z,2026-10-07T12:53:22Z,history-merge-v1,Binance Moon Pump™,,,,,,,ardia,ardia_utc,
hist-binance-SNT-202105311608,history,announcement,binance,SNT,BTC,1622477319000,2021-05-31T16:08:39Z,2026-10-07T12:53:22Z,history-merge-v1,Binance Moon Pump™,,,,,,,ardia,ardia_utc,
hist-binance-SNT-202110231631,history,announcement,binance,SNT,BTC,1635006681000,2021-10-23T16:31:21Z,2026-10-07T12:53:22Z,history-merge-v1,Binance Pump Tracker™,,,,,,,ardia,ardia_utc,
hist-binance-SNT-202112161247,history,announcement,binance,SNT,BTC,1639658842000,2021-12-16T12:47:22Z,2026-10-07T12:53:22Z,history-merge-v1,Binance Pump Tracker™,,,,,,,ardia,ardia_utc,
hist-binance-SOL-202109091748,history,announcement,binance,SOL,BTC,1631209700000,2021-09-09T17:48:20Z,2026-10-07T12:53:22Z,history-merge-v1,Binance Waves,,,,,,,ardia,ardia_utc,
hist-binance-SRM-202108222031,history,announcement,binance,SRM,BTC,1629664274000,2021-08-22T20:31:14Z,2026-10-07T12:53:22Z,history-merge-v1,PumpKings™,,,,,,,ardia,ardia_utc,
hist-binance-STEEM-201902261216,history,announcement,binance,STEEM,BTC,1551183411000,2019-02-26T12:16:51Z,2026-10-07T12:53:22Z,history-merge-v1,Crypto Tree 🎄,,,,,,,ardia,ardia_utc,
hist-binance-STEEM-202007221029,history,announcement,binance,STEEM,BTC,1595413760000,2020-07-22T10:29:20Z,2026-10-07T12:53:22Z,history-merge-v1,Binance Moon Pump™,,,,,,,ardia,ardia_utc,
hist-binance-STEEM-202011101907,history,announcement,binance,STEEM,BTC,1605035229000,2020-11-10T19:07:09Z,2026-10-07T12:53:22Z,history-merge-v1,Binance Moon Pump™,,,,,,,ardia,ardia_utc,
hist-binance-STEEM-202101181700,history,announcement,binance,STEEM,BTC,1610989200000,2021-01-18T17:00:00Z,2026-10-07T12:53:22Z,history-merge-v1,TCC; Binance Crypto Pumps,,,,,,,lamorgia+pumpsense,lamorgia_gmt,COIN IS :STEEM
hist-binance-STEEM-202102031859,history,announcement,binance,STEEM,BTC,1612378781000,2021-02-03T18:59:41Z,2026-10-07T12:53:22Z,history-merge-v1,Binance Moon Pump™,,,,,,,ardia,ardia_utc,
hist-binance-STEEM-202103171709,history,announcement,binance,STEEM,BTC,1616000977000,2021-03-17T17:09:37Z,2026-10-07T12:53:22Z,history-merge-v1,Binance Moon Pump™,,,,,,,ardia,ardia_utc,
hist-binance-STEEM-202103271520,history,announcement,binance,STEEM,BTC,1616858442000,2021-03-27T15:20:42Z,2026-10-07T12:53:22Z,history-merge-v1,Binance Moon Pump™,,,,,,,ardia,ardia_utc,
hist-binance-STMX-202007230321,history,announcement,binance,STMX,BTC,1595474509000,2020-07-23T03:21:49Z,2026-10-07T12:53:22Z,history-merge-v1,Binance Pump Tracker™; Binance Moon Pump™,,,,,,,ardia,ardia_utc,
hist-binance-STMX-202008111013,history,announcement,binance,STMX,BTC,1597140835000,2020-08-11T10:13:55Z,2026-10-07T12:53:22Z,history-merge-v1,Binance Moon Pump™,,,,,,,ardia,ardia_utc,
hist-binance-STMX-202010190309,history,announcement,binance,STMX,BTC,1603076969000,2020-10-19T03:09:29Z,2026-10-07T12:53:22Z,history-merge-v1,Binance Moon Pump™,,,,,,,ardia,ardia_utc,
hist-binance-STMX-202102031008,history,announcement,binance,STMX,BTC,1612346902000,2021-02-03T10:08:22Z,2026-10-07T12:53:22Z,history-merge-v1,APE crypto,,,,,,,ardia,ardia_utc,
hist-binance-STMX-202106141300,history,announcement,binance,STMX,USDT,1623675607000,2021-06-14T13:00:07Z,2026-10-07T12:53:22Z,history-merge-v1,Wisdom Community ( Crypto Won ),,,,,,,pumpsense,pumpsense_minus_2h,"Buy STMX fast 

https://www.binance.com/en/futures/STMX_USDT?theme=light"
hist-binance-STMX-202204050730,history,announcement,binance,STMX,USDT,1649143807000,2022-04-05T07:30:07Z,2026-10-07T12:53:22Z,history-merge-v1,Wisdom Community ( Crypto Won ),,,,,,,pumpsense,pumpsense_minus_2h,"Wisdom Pump :  $STMX 10x fastest

Use capital : 80% for buying

Target : Moon💫

#Allbullish

https://www.binance.com/en/futures/STMXUSDT"
hist-binance-STORJ-201812081845,history,announcement,binance,STORJ,BTC,1544294700000,2018-12-08T18:45:00Z,2026-10-07T12:53:22Z,history-merge-v1,Binance Trading 360; MPG; Mega Signals Group,,,,,,,lamorgia+pumpsense,lamorgia_gmt,"✈️✈️✈️storj✈️✈️✈️
 coin is our Pump coin!👍👍👍

✅✅
Buy it now
It will go huge as it announce in public after 1 hour then sell it fast!!💹💹📶📶🏧🏧💵💰"
hist-binance-STORJ-201902041629,history,announcement,binance,STORJ,BTC,1549297789000,2019-02-04T16:29:49Z,2026-10-07T12:53:22Z,history-merge-v1,Trading Crypto Coach®; Bitcoin Pump Group,,,,,,,ardia+pumpsense,ardia_utc,Coin name :STORJ
hist-binance-STORJ-201903311409,history,announcement,binance,STORJ,BTC,1554041385000,2019-03-31T14:09:45Z,2026-10-07T12:53:22Z,history-merge-v1,Crypto Advisor,,,,,,,ardia,ardia_utc,
hist-binance-STORJ-201906111800,history,announcement,binance,STORJ,BTC,1560276012000,2019-06-11T18:00:12Z,2026-10-07T12:53:22Z,history-merge-v1,CCB; Crypto Trading.; Bitcoin Pump Group,,,,,,,ardia+lamorgia+pumpsense,ardia_utc,Coin name : #Storj
hist-binance-STORJ-201908102000,history,announcement,binance,STORJ,BTC,1565467200000,2019-08-10T20:00:00Z,2026-10-07T12:53:22Z,history-merge-v1,ATW; Crypto Ninja Official,,,,,,,lamorgia+pumpsense,lamorgia_gmt,"THE COIN NAME IS  #STORJ

OUR TARGETS!! IS HERE - 25%,35%,Moon 🚀"
hist-binance-STORJ-202003191558,history,announcement,binance,STORJ,BTC,1584633517000,2020-03-19T15:58:37Z,2026-10-07T12:53:22Z,history-merge-v1,Crypto Guru; 𝑪𝒐𝒊𝒏|𝑪𝒐𝒂𝒄𝒉|𝑺𝒊𝒈𝒏𝒂𝒍𝒔; Baby Crypto Channel; Coin Coach Signals; Crypto Fox,,,,,,,ardia+pumpsense,ardia_utc,"https://www.binance.com/en/trade/STORJ_BTC 

STORJ/BTC Bullish Technical Analysis:-

Now looking Very bullish and if we breakout 2100 resistance then we can see next Target 2671 Satoshi 

So Market is also bullish as BTC pumped.

Support:- 1550-1700 Satoshi 
Target-1:- 2300 Satoshi 
Target 2:- 2671 "
hist-binance-STORJ-202007061345,history,announcement,binance,STORJ,BTC,1594043143000,2020-07-06T13:45:43Z,2026-10-07T12:53:22Z,history-merge-v1,Binance Moon Pump™,,,,,,,ardia,ardia_utc,
hist-binance-STORJ-202008201721,history,announcement,binance,STORJ,BTC,1597944079000,2020-08-20T17:21:19Z,2026-10-07T12:53:22Z,history-merge-v1,Binance Moon Pump™,,,,,,,ardia,ardia_utc,
hist-binance-STORJ-202103301648,history,announcement,binance,STORJ,BTC,1617122900000,2021-03-30T16:48:20Z,2026-10-07T12:53:22Z,history-merge-v1,Pro Analysis,,,,,,,ardia,ardia_utc,
hist-binance-STORJ-202203301300,history,announcement,binance,STORJ,USDT,1648645238000,2022-03-30T13:00:38Z,2026-10-07T12:53:22Z,history-merge-v1,Wisdom Community ( Crypto Won ),,,,,,,pumpsense,pumpsense_minus_2h,"Let pump fast STORJ 10x now

Target Moon"
hist-binance-STPT-202006251530,history,announcement,binance,STPT,BTC,1593099054000,2020-06-25T15:30:54Z,2026-10-07T12:53:22Z,history-merge-v1,Binance Moon Pump™,,,,,,,ardia,ardia_utc,
hist-binance-STPT-202007041331,history,announcement,binance,STPT,BTC,1593869502000,2020-07-04T13:31:42Z,2026-10-07T12:53:22Z,history-merge-v1,Binance Moon Pump™,,,,,,,ardia,ardia_utc,
hist-binance-STPT-202007281801,history,announcement,binance,STPT,BTC,1595959302000,2020-07-28T18:01:42Z,2026-10-07T12:53:22Z,history-merge-v1,Binance Moon Pump™,,,,,,,ardia,ardia_utc,
hist-binance-STPT-202009081600,history,announcement,binance,STPT,BTC,1599580800000,2020-09-08T16:00:00Z,2026-10-07T12:53:22Z,history-merge-v1,BPF; Hit Pump Angels; Binance Trading 360,,,,,,,lamorgia+pumpsense,lamorgia_gmt,"COIN IS : STPT

🚀BUY BUY BUY🚀"
hist-binance-STPT-202101101800,history,announcement,binance,STPT,BTC,1610301625000,2021-01-10T18:00:25Z,2026-10-07T12:53:22Z,history-merge-v1,BINANCE_DAY,,,,,,,pumpsense,pumpsense_minus_2h,#STPT #STPT #STPT
hist-binance-STPT-202102211721,history,announcement,binance,STPT,BTC,1613928086000,2021-02-21T17:21:26Z,2026-10-07T12:53:22Z,history-merge-v1,Binance Moon Pump™,,,,,,,ardia,ardia_utc,
hist-binance-STRAX-202103301011,history,announcement,binance,STRAX,BTC,1617099077000,2021-03-30T10:11:17Z,2026-10-07T12:53:22Z,history-merge-v1,Whales Crypto Guide,,,,,,,ardia,ardia_utc,
hist-binance-STRAX-202104061812,history,announcement,binance,STRAX,BTC,1617732740000,2021-04-06T18:12:20Z,2026-10-07T12:53:22Z,history-merge-v1,Whales Crypto Guide,,,,,,,ardia,ardia_utc,
hist-binance-STRAX-202209171200,history,announcement,binance,STRAX,BTC,1663416031000,2022-09-17T12:00:31Z,2026-10-07T12:53:22Z,history-merge-v1,Binance Crypto Pumps; Binance Crypto Pump Signals,,,,,,,pumpsense,pumpsense_minus_2h,Coin is: STRAX
hist-binance-STX-202007181456,history,announcement,binance,STX,BTC,1595084189000,2020-07-18T14:56:29Z,2026-10-07T12:53:22Z,history-merge-v1,Binance Moon Pump™,,,,,,,ardia,ardia_utc,
hist-binance-SUB-201812271230,history,announcement,binance,SUB,BTC,1545913800000,2018-12-27T12:30:00Z,2026-10-07T12:53:22Z,history-merge-v1,FCS; CCS; Baby Crypto Channel; Coin Coach Signals; Crypto Guru,,,,,,,lamorgia+pumpsense,lamorgia_gmt,"🚀  #SUB 🚀

👉Target : 30%|50%👈
📊 Exchange : Binance
#Buy and #Hold for upto 30%-50% profit💰💰"
hist-binance-SUB-201902081630,history,announcement,binance,SUB,BTC,1549643443000,2019-02-08T16:30:43Z,2026-10-07T12:53:22Z,history-merge-v1,𝘾𝙧𝙮𝙥𝙩𝙤 𝙈𝙖𝙧𝙠𝙚𝙩 𝙎𝙞𝙜𝙣𝙖𝙡; Baby Crypto Channel; Crypto Guru,,,,,,,ardia+pumpsense,ardia_utc,"#BINANCE_SPECIAL_CALL

The coin we picked today is #SUB

Link :- https://www.binance.com/en/trade/SUB_BTC

$SUB going to have a great surge up soon. we will see a big spike today, After the spike there will be a small drop, Be sure to buy that dip and continue riding the waves.

Buy & Hold so you ca"
hist-binance-SUPER-202109251107,history,announcement,binance,SUPER,BTC,1632568051000,2021-09-25T11:07:31Z,2026-10-07T12:53:22Z,history-merge-v1,Binance Moon Pump™,,,,,,,ardia,ardia_utc,
hist-binance-SUPER-202111090349,history,announcement,binance,SUPER,BTC,1636429740000,2021-11-09T03:49:00Z,2026-10-07T12:53:22Z,history-merge-v1,Crypto VIP Signal™,,,,,,,ardia,ardia_utc,
hist-binance-SUSD-202104071731,history,announcement,binance,SUSD,BTC,1617816667000,2021-04-07T17:31:07Z,2026-10-07T12:53:22Z,history-merge-v1,Binance Moon Pump™,,,,,,,ardia,ardia_utc,
hist-binance-SXP-202103171403,history,announcement,binance,SXP,BTC,1615989781000,2021-03-17T14:03:01Z,2026-10-07T12:53:22Z,history-merge-v1,Whales Crypto Guide,,,,,,,ardia,ardia_utc,
hist-binance-SXP-202104051022,history,announcement,binance,SXP,BTC,1617618122000,2021-04-05T10:22:02Z,2026-10-07T12:53:22Z,history-merge-v1,The Bull,,,,,,,ardia,ardia_utc,
hist-binance-SXP-202106161032,history,announcement,binance,SXP,BTC,1623839542000,2021-06-16T10:32:22Z,2026-10-07T12:53:22Z,history-merge-v1,Trading Crypto Coach®,,,,,,,ardia,ardia_utc,
hist-binance-SYS-201902271700,history,announcement,binance,SYS,BTC,1551286802000,2019-02-27T17:00:02Z,2026-10-07T12:53:22Z,history-merge-v1,ATW; Binance Pump Tracker™; Crypto Ninja Official; Alt the Way,,,,,,,ardia+lamorgia+pumpsense,ardia_utc,"[~~~~~~🤑🤑🤑🤑~~~~~~]

Buy Coin 👉 📍 #SYS📍

#BINANCE ▶️ https://www.binance.com/indexSpa.html#/trade/index?symbol=SYS_BTC

Buy buy buy & Hold hold
Buy buy buy & Hold hold
Buy buy buy & Hold hold
Target 
🎯 30% -  50% 
 & above
Profit
~~~~~~~~~~~~~~~~~~~~~]"
hist-binance-SYS-201905231700,history,announcement,binance,SYS,BTC,1558630801000,2019-05-23T17:00:01Z,2026-10-07T12:53:22Z,history-merge-v1,CPI; Crypto Pump Island; Bitcoin Pump Group,,,,,,,ardia+lamorgia+pumpsense,ardia_utc,Coin name :#SYS
hist-binance-SYS-201907071759,history,announcement,binance,SYS,BTC,1562522340000,2019-07-07T17:59:00Z,2026-10-07T12:53:22Z,history-merge-v1,CPI; Bitcoin Pump Group,,,,,,,lamorgia+pumpsense,lamorgia_gmt,Coin name :#SYS
hist-binance-SYS-201907171700,history,announcement,binance,SYS,BTC,1563382808000,2019-07-17T17:00:08Z,2026-10-07T12:53:22Z,history-merge-v1,CPI; Crypto Pump Island,,,,,,,ardia+lamorgia,ardia_utc,
hist-binance-SYS-202002261800,history,announcement,binance,SYS,BTC,1582740011000,2020-02-26T18:00:11Z,2026-10-07T12:53:22Z,history-merge-v1,CPI; Crypto Pump Island; Binance Pump Signals,,,,,,,ardia+lamorgia+pumpsense,ardia_utc,Coin name #SYS
hist-binance-SYS-202006191424,history,announcement,binance,SYS,BTC,1592576695000,2020-06-19T14:24:55Z,2026-10-07T12:53:22Z,history-merge-v1,Crypto Ninja Coach | Official™,,,,,,,ardia,ardia_utc,
hist-binance-SYS-202006201827,history,announcement,binance,SYS,BTC,1592677627000,2020-06-20T18:27:07Z,2026-10-07T12:53:22Z,history-merge-v1,Crypto Ninja Coach | Official™,,,,,,,ardia,ardia_utc,
hist-binance-SYS-202006261759,history,announcement,binance,SYS,BTC,1593194386000,2020-06-26T17:59:46Z,2026-10-07T12:53:22Z,history-merge-v1,Crypto Profit Coach™,,,,,,,ardia,ardia_utc,
hist-binance-SYS-202007071504,history,announcement,binance,SYS,BTC,1594134258000,2020-07-07T15:04:18Z,2026-10-07T12:53:22Z,history-merge-v1,Crypto World Coach™; Binance Moon Pump™,,,,,,,ardia,ardia_utc,
hist-binance-SYS-202007161800,history,announcement,binance,SYS,BTC,1594922402000,2020-07-16T18:00:02Z,2026-10-07T12:53:22Z,history-merge-v1,CPS; TWP; BPF; Crypto Pump Squad; Hit Pump Angels; CryptoFamily Binance; Bitcoin Pump Group,,,,,,,ardia+lamorgia+pumpsense,ardia_utc,"Coin is #SYS 
Syscoin Sys
<https://www.binance.com/en/trade/pro/SYS_BTC>"
hist-binance-SYS-202007191517,history,announcement,binance,SYS,BTC,1595171856000,2020-07-19T15:17:36Z,2026-10-07T12:53:22Z,history-merge-v1,🚀 Cryptex Pumps,,,,,,,ardia,ardia_utc,
hist-binance-TCT-202003131600,history,announcement,binance,TCT,BTC,1584115207000,2020-03-13T16:00:07Z,2026-10-07T12:53:22Z,history-merge-v1,CPI; Crypto Pump Island; Binance Pump Signals,,,,,,,ardia+lamorgia+pumpsense,ardia_utc,Coin name : #TCT
hist-binance-TCT-202003231600,history,announcement,binance,TCT,BTC,1584979200000,2020-03-23T16:00:00Z,2026-10-07T12:53:22Z,history-merge-v1,CW; Bitcoin Pump Group,,,,,,,lamorgia+pumpsense,lamorgia_gmt,Coin name : #TCT
hist-binance-TCT-202007021554,history,announcement,binance,TCT,BTC,1593705290000,2020-07-02T15:54:50Z,2026-10-07T12:53:22Z,history-merge-v1,Crypto SignalT,,,,,,,pumpsense,pumpsense_minus_2h,"TCT   >>   Tokenclub Token | Binance

Buy TCT Here

https://www.binance.com/en/trade/TCT_BTC"
hist-binance-TCT-202008170913,history,announcement,binance,TCT,BTC,1597655597000,2020-08-17T09:13:17Z,2026-10-07T12:53:22Z,history-merge-v1,Binance Moon Pump™,,,,,,,ardia,ardia_utc,
hist-binance-TCT-202010051919,history,announcement,binance,TCT,BTC,1601925572000,2020-10-05T19:19:32Z,2026-10-07T12:53:22Z,history-merge-v1,Binance Moon Pump™,,,,,,,ardia,ardia_utc,
hist-binance-TCT-202102121102,history,announcement,binance,TCT,BTC,1613127767000,2021-02-12T11:02:47Z,2026-10-07T12:53:22Z,history-merge-v1,APE crypto,,,,,,,ardia,ardia_utc,
hist-binance-TCT-202108240051,history,announcement,binance,TCT,BTC,1629766290000,2021-08-24T00:51:30Z,2026-10-07T12:53:22Z,history-merge-v1,Binance Moon Pump™,,,,,,,ardia,ardia_utc,
hist-binance-TCT-202112090220,history,announcement,binance,TCT,BTC,1639016413000,2021-12-09T02:20:13Z,2026-10-07T12:53:22Z,history-merge-v1,Binance Pump Tracker™,,,,,,,ardia,ardia_utc,
hist-binance-TCT-202112251413,history,announcement,binance,TCT,BTC,1640441633000,2021-12-25T14:13:53Z,2026-10-07T12:53:22Z,history-merge-v1,Binance Pump Tracker™,,,,,,,ardia,ardia_utc,
hist-binance-TFUEL-202007021308,history,announcement,binance,TFUEL,BTC,1593695306000,2020-07-02T13:08:26Z,2026-10-07T12:53:22Z,history-merge-v1,Binance Moon Pump™,,,,,,,ardia,ardia_utc,
hist-binance-TFUEL-202008111100,history,announcement,binance,TFUEL,BTC,1597143650000,2020-08-11T11:00:50Z,2026-10-07T12:53:22Z,history-merge-v1,Binance Moon Pump™,,,,,,,ardia,ardia_utc,
hist-binance-TFUEL-202008161204,history,announcement,binance,TFUEL,BTC,1597579447000,2020-08-16T12:04:07Z,2026-10-07T12:53:22Z,history-merge-v1,Binance Moon Pump™,,,,,,,ardia,ardia_utc,
hist-binance-THETA-201903120123,history,announcement,binance,THETA,BTC,1552353837000,2019-03-12T01:23:57Z,2026-10-07T12:53:22Z,history-merge-v1,Crypto Tree 🎄,,,,,,,ardia,ardia_utc,
hist-binance-THETA-201906021356,history,announcement,binance,THETA,BTC,1559483796000,2019-06-02T13:56:36Z,2026-10-07T12:53:22Z,history-merge-v1,Crypto Advisor,,,,,,,ardia,ardia_utc,
hist-binance-THETA-202204020700,history,announcement,binance,THETA,USDT,1648882857000,2022-04-02T07:00:57Z,2026-10-07T12:53:22Z,history-merge-v1,Wisdom Community ( Crypto Won ),,,,,,,pumpsense,pumpsense_minus_2h,"Wisdom Pump :  THETA 10x fastest

Use capital : 80% for buying

Target : Moon💫

#Allbullish"
hist-binance-TKO-202111271049,history,announcement,binance,TKO,BTC,1638010174000,2021-11-27T10:49:34Z,2026-10-07T12:53:22Z,history-merge-v1,Binance Pump Tracker™,,,,,,,ardia,ardia_utc,
hist-binance-TNB-201808171500,history,announcement,binance,TNB,BTC,1534518000000,2018-08-17T15:00:00Z,2026-10-07T12:53:22Z,history-merge-v1,Binance Trading 360; WCG,,,,,,,lamorgia+pumpsense,lamorgia_gmt,"✈️✈️✈️tnb✈️✈️✈️
 coin is our Pump coin!👍👍👍

✅✅
Buy it now
It will go huge as it announce in public after 1 hour then sell it fast!!💹💹📶📶🏧🏧💵💰"
hist-binance-TNB-201906070435,history,announcement,binance,TNB,BTC,1559882100000,2019-06-07T04:35:00Z,2026-10-07T12:53:22Z,history-merge-v1,Cryptocurrency: Wolf Posting 🚀,,,,,,,ardia,ardia_utc,
hist-binance-TNB-202003211600,history,announcement,binance,TNB,BTC,1584806410000,2020-03-21T16:00:10Z,2026-10-07T12:53:22Z,history-merge-v1,BPF; CW; Binance Royal Pump; Hit Pump Angels; Bitcoin Pump Group,,,,,,,ardia+lamorgia+pumpsense,ardia_utc,"COIN IS : TNB

🚀BUY BUY BUY🚀"
hist-binance-TNT-201804141700,history,announcement,binance,TNT,BTC,1523725200000,2018-04-14T17:00:00Z,2026-10-07T12:53:22Z,history-merge-v1,BPS,,,,,,,lamorgia,lamorgia_gmt,
hist-binance-TNT-201806231559,history,announcement,binance,TNT,BTC,1529769540000,2018-06-23T15:59:00Z,2026-10-07T12:53:22Z,history-merge-v1,TCG,,,,,,,lamorgia,lamorgia_gmt,
hist-binance-TNT-202007221830,history,announcement,binance,TNT,BTC,1595442652000,2020-07-22T18:30:52Z,2026-10-07T12:53:22Z,history-merge-v1,Binance Moon Pump™,,,,,,,ardia,ardia_utc,
hist-binance-TRIG-201809271239,history,announcement,binance,TRIG,BTC,1538051950000,2018-09-27T12:39:10Z,2026-10-07T12:53:22Z,history-merge-v1,Binance Trading 360,,,,,,,pumpsense,pumpsense_minus_2h,"✈️✈️✈️trig✈️✈️✈️
 coin is our Pump coin!👍👍👍

✅✅
Buy it now
It will go huge as it announce in public after 1 hour then sell it fast!!💹💹📶📶🏧🏧💵💰"
hist-binance-TROY-202009101347,history,announcement,binance,TROY,BTC,1599745665000,2020-09-10T13:47:45Z,2026-10-07T12:53:22Z,history-merge-v1,Binance Moon Pump™,,,,,,,ardia,ardia_utc,
hist-binance-TROY-202102091607,history,announcement,binance,TROY,BTC,1612886863000,2021-02-09T16:07:43Z,2026-10-07T12:53:22Z,history-merge-v1,Binance Pump Tracker™,,,,,,,ardia,ardia_utc,
hist-binance-TROY-202103170404,history,announcement,binance,TROY,BTC,1615953886000,2021-03-17T04:04:46Z,2026-10-07T12:53:22Z,history-merge-v1,The Crypto Express.,,,,,,,ardia,ardia_utc,
hist-binance-TRU-202102031918,history,announcement,binance,TRU,BTC,1612379912000,2021-02-03T19:18:32Z,2026-10-07T12:53:22Z,history-merge-v1,Binance Moon Pump™,,,,,,,ardia,ardia_utc,
hist-binance-TRU-202106201436,history,announcement,binance,TRU,BTC,1624199784000,2021-06-20T14:36:24Z,2026-10-07T12:53:22Z,history-merge-v1,Whales Crypto Guide,,,,,,,ardia,ardia_utc,
hist-binance-TRU-202107161435,history,announcement,binance,TRU,BTC,1626446109000,2021-07-16T14:35:09Z,2026-10-07T12:53:22Z,history-merge-v1,Binance Moon Pump™,,,,,,,ardia,ardia_utc,
hist-binance-TRX-202102052330,history,announcement,binance,TRX,BTC,1612567853000,2021-02-05T23:30:53Z,2026-10-07T12:53:22Z,history-merge-v1,WallStreetBets 💎🙌🏻,,,,,,,ardia,ardia_utc,
hist-binance-TUSD-201903110602,history,announcement,binance,TUSD,BTC,1552284155000,2019-03-11T06:02:35Z,2026-10-07T12:53:22Z,history-merge-v1,Crypto Tree 🎄,,,,,,,ardia,ardia_utc,
hist-binance-TVK-202105261231,history,announcement,binance,TVK,BTC,1622032307000,2021-05-26T12:31:47Z,2026-10-07T12:53:22Z,history-merge-v1,premium binance signals turkey,,,,,,,ardia,ardia_utc,
hist-binance-TWT-202107061430,history,announcement,binance,TWT,BTC,1625581837000,2021-07-06T14:30:37Z,2026-10-07T12:53:22Z,history-merge-v1,Binance Moon Pump™,,,,,,,ardia,ardia_utc,
hist-binance-UMA-202103041421,history,announcement,binance,UMA,BTC,1614867670000,2021-03-04T14:21:10Z,2026-10-07T12:53:22Z,history-merge-v1,premium binance signals turkey,,,,,,,ardia,ardia_utc,
hist-binance-UNFI-202108141500,history,announcement,binance,UNFI,USDT,1628953209000,2021-08-14T15:00:09Z,2026-10-07T12:53:22Z,history-merge-v1,Wisdom Community ( Crypto Won ),,,,,,,pumpsense,pumpsense_minus_2h,"Buy UNFI 

https://www.binance.com/en/futures/UNFIUSDT"
hist-binance-VET-202102052309,history,announcement,binance,VET,BTC,1612566596000,2021-02-05T23:09:56Z,2026-10-07T12:53:22Z,history-merge-v1,Satoshi Street Bets,,,,,,,ardia,ardia_utc,
hist-binance-VET-202104181330,history,announcement,binance,VET,BTC,1618752616000,2021-04-18T13:30:16Z,2026-10-07T12:53:22Z,history-merge-v1,Binance Global Türkçe,,,,,,,ardia,ardia_utc,
hist-binance-VIA-201809301900,history,announcement,binance,VIA,BTC,1538334000000,2018-09-30T19:00:00Z,2026-10-07T12:53:22Z,history-merge-v1,CCB,,,,,,,lamorgia,lamorgia_gmt,
hist-binance-VIA-201811121500,history,announcement,binance,VIA,BTC,1542034800000,2018-11-12T15:00:00Z,2026-10-07T12:53:22Z,history-merge-v1,Crown Signal Notifier,,,,,,,pumpsense,pumpsense_minus_2h,
hist-binance-VIA-201902031504,history,announcement,binance,VIA,BTC,1549206242000,2019-02-03T15:04:02Z,2026-10-07T12:53:22Z,history-merge-v1,WCG; BPF; Whales Crypto Guide; Hit Pump Angels,,,,,,,ardia+lamorgia+pumpsense,ardia_utc,"#BinanceSignalEvent

The coin we picked today is VIA

Link :- https://www.binance.com/en/trade/VIA_BTC

$VIA going to have a great surge up soon. we will see a big spike today, After the spike there will be a small drop, Be sure to buy that dip and continue riding the waves.

Buy & Hold so you can e"
hist-binance-VIA-201903261543,history,announcement,binance,VIA,BTC,1553615027000,2019-03-26T15:43:47Z,2026-10-07T12:53:22Z,history-merge-v1,Crypto Trading.,,,,,,,ardia,ardia_utc,
hist-binance-VIA-201905211901,history,announcement,binance,VIA,BTC,1558465261000,2019-05-21T19:01:01Z,2026-10-07T12:53:22Z,history-merge-v1,Bitcoin Pump Group,,,,,,,pumpsense,pumpsense_minus_2h,coin name :#VIA
hist-binance-VIA-201907141759,history,announcement,binance,VIA,BTC,1563127188000,2019-07-14T17:59:48Z,2026-10-07T12:53:22Z,history-merge-v1,Bitcoin Pump Group,,,,,,,pumpsense,pumpsense_minus_2h,Coin name : VIA
hist-binance-VIA-201908161600,history,announcement,binance,VIA,BTC,1565971205000,2019-08-16T16:00:05Z,2026-10-07T12:53:22Z,history-merge-v1,CPI; Bitcoin Pump Group,,,,,,,ardia+lamorgia+pumpsense,ardia_utc,Coin name :#VIA
hist-binance-VIA-202003051559,history,announcement,binance,VIA,BTC,1583423963000,2020-03-05T15:59:23Z,2026-10-07T12:53:22Z,history-merge-v1,Baby Crypto Channel; Coin Coach Signals; Crypto Guru; Crypto Fox,,,,,,,pumpsense,pumpsense_minus_2h,"ALRIGHT GUYS! WAIT IS OVER!!
HERE IS OUR  ROCK BOTTOM WHALE  SIGNAL!!!

THE COIN NAME IS #VIA

https://www.binance.com/en/trade/VIA_BTC

TARGET 3000+"
hist-binance-VIA-202005291559,history,announcement,binance,VIA,BTC,1590767986000,2020-05-29T15:59:46Z,2026-10-07T12:53:22Z,history-merge-v1,MPG; BPF; CW; Binance Waves; Mega Signals Group; Hit Pump Angels; CPI; CryptoFamily Binance; Binance Pump Signals; Altcoins Trading Signals; Crypto SignalT; Binance Crypto Pumps,,,,,,,ardia+lamorgia+pumpsense,ardia_utc,"#VIA | Binance

2000% down from All Time High..
What 😳 

Yeah..we can easily see it today's TOP Gainer of binance.. 150% can we..????


This coin has strong potential to move like this...

HodL this one. #VIA is going to go crazy today..

Buy here -
https://www.binance.com/en/trade/VIA_BTC"
hist-binance-VIA-202006101600,history,announcement,binance,VIA,BTC,1591804803000,2020-06-10T16:00:03Z,2026-10-07T12:53:22Z,history-merge-v1,MPG; CW; Binance Signals; Binance Pump Signals; CPI; Crypto Pump Island; Binance Crypto Pump Signals; Bitcoin Pump Group,,,,,,,ardia+lamorgia+pumpsense,ardia_utc,Pump coin name: #via
hist-binance-VIA-202006181652,history,announcement,binance,VIA,BTC,1592499152000,2020-06-18T16:52:32Z,2026-10-07T12:53:22Z,history-merge-v1,Crypto Ninja Coach | Official™,,,,,,,ardia,ardia_utc,
hist-binance-VIA-202006231716,history,announcement,binance,VIA,BTC,1592932560000,2020-06-23T17:16:00Z,2026-10-07T12:53:22Z,history-merge-v1,Crypto Ninja Coach | Official™,,,,,,,ardia,ardia_utc,
hist-binance-VIA-202007232232,history,announcement,binance,VIA,BTC,1595543542000,2020-07-23T22:32:22Z,2026-10-07T12:53:22Z,history-merge-v1,🚀 Cryptex Pumps,,,,,,,ardia,ardia_utc,
hist-binance-VIA-202008111239,history,announcement,binance,VIA,BTC,1597149542000,2020-08-11T12:39:02Z,2026-10-07T12:53:22Z,history-merge-v1,Binance Moon Pump™,,,,,,,ardia,ardia_utc,
hist-binance-VIA-202008261632,history,announcement,binance,VIA,BTC,1598459522000,2020-08-26T16:32:02Z,2026-10-07T12:53:22Z,history-merge-v1,premium binance signals turkey,,,,,,,ardia,ardia_utc,
hist-binance-VIA-202101231545,history,announcement,binance,VIA,BTC,1611416706000,2021-01-23T15:45:06Z,2026-10-07T12:53:22Z,history-merge-v1,Binance Moon Pump™,,,,,,,ardia,ardia_utc,
hist-binance-VIA-202101301421,history,announcement,binance,VIA,BTC,1612016519000,2021-01-30T14:21:59Z,2026-10-07T12:53:22Z,history-merge-v1,Binance Moon Pump™,,,,,,,ardia,ardia_utc,
hist-binance-VIA-202103131659,history,announcement,binance,VIA,BTC,1615654794000,2021-03-13T16:59:54Z,2026-10-07T12:53:22Z,history-merge-v1,Crypto Pump Analytics™; Crypto SignalT,,,,,,,ardia+pumpsense,ardia_utc,"#VIA | Binance

2000% down from All Time High..
What 😳 

Yeah..we can easily see it today's TOP Gainer of binance.. 150% can we..????


This coin has strong potential to move like this...

HodL this one. #VIA is going to go crazy today..

Buy here -
https://www.binance.com/en/trade/VIA_BTC"
hist-binance-VIA-202103171659,history,announcement,binance,VIA,BTC,1616000391000,2021-03-17T16:59:51Z,2026-10-07T12:53:22Z,history-merge-v1,Binance Signal VIP,,,,,,,ardia,ardia_utc,
hist-binance-VIA-202103261915,history,announcement,binance,VIA,BTC,1616786130000,2021-03-26T19:15:30Z,2026-10-07T12:53:22Z,history-merge-v1,Whales Crypto Forex trading,,,,,,,ardia,ardia_utc,
hist-binance-VIA-202103271619,history,announcement,binance,VIA,BTC,1616861987000,2021-03-27T16:19:47Z,2026-10-07T12:53:22Z,history-merge-v1,Whales Crypto Guide,,,,,,,ardia,ardia_utc,
hist-binance-VIA-202104041600,history,announcement,binance,VIA,BTC,1617552003000,2021-04-04T16:00:03Z,2026-10-07T12:53:22Z,history-merge-v1,WallStreetBets Crypto Pumps - Investing!,,,,,,,ardia,ardia_utc,
hist-binance-VIA-202104111700,history,announcement,binance,VIA,BTC,1618160405000,2021-04-11T17:00:05Z,2026-10-07T12:53:22Z,history-merge-v1,Crypto Binance Trading | Signals & Pumps; Coin Coach Signals; Mega Signals Group; Binance Crypto Pumps; WHALE BINANCE GROUP PUMP; Cryptic Trading,,,,,,,ardia+pumpsense,ardia_utc,"The coin we have picked to pump today is :  #VIA

Via is looking perfect for a pump right now , our target is 500%+"
hist-binance-VIA-202104212100,history,announcement,binance,VIA,BTC,1619038807000,2021-04-21T21:00:07Z,2026-10-07T12:53:22Z,history-merge-v1,Crypto News; Binance Crypto Pumps,,,,,,,ardia+pumpsense,ardia_utc,COIN IS :VIA
hist-binance-VIA-202106191748,history,announcement,binance,VIA,BTC,1624124926000,2021-06-19T17:48:46Z,2026-10-07T12:53:22Z,history-merge-v1,Whales Crypto Guide,,,,,,,ardia,ardia_utc,
hist-binance-VIA-202107101442,history,announcement,binance,VIA,BTC,1625928123000,2021-07-10T14:42:03Z,2026-10-07T12:53:22Z,history-merge-v1,Whales Crypto Guide,,,,,,,ardia,ardia_utc,
hist-binance-VIB-201903110329,history,announcement,binance,VIB,BTC,1552274985000,2019-03-11T03:29:45Z,2026-10-07T12:53:22Z,history-merge-v1,Crypto Tree 🎄,,,,,,,ardia,ardia_utc,
hist-binance-VIB-201904041900,history,announcement,binance,VIB,BTC,1554404429000,2019-04-04T19:00:29Z,2026-10-07T12:53:22Z,history-merge-v1,Bitcoin Pump Group,,,,,,,pumpsense,pumpsense_minus_2h,"We picked the coin: VIB
Current price: 0.00000714

The reason for this pick is that VIB is going to have a lot of updates in 2019.

https://www.binance.com/en/trade/VIB_BTC"
hist-binance-VIB-201907021700,history,announcement,binance,VIB,BTC,1562086800000,2019-07-02T17:00:00Z,2026-10-07T12:53:22Z,history-merge-v1,CPI; Bitcoin Pump Group,,,,,,,lamorgia+pumpsense,lamorgia_gmt,Coin name :#VIB
hist-binance-VIB-201908211800,history,announcement,binance,VIB,BTC,1566410406000,2019-08-21T18:00:06Z,2026-10-07T12:53:22Z,history-merge-v1,MPG; CCS; Baby Crypto Channel; Mega Signals Group; Whales Crypto Guide; BPF; CPI; Bitcoin Pump Group; Hit Pump Angels,,,,,,,ardia+lamorgia+pumpsense,ardia_utc,COIN IS : VIB
hist-binance-VIB-202001122000,history,announcement,binance,VIB,BTC,1578859211000,2020-01-12T20:00:11Z,2026-10-07T12:53:22Z,history-merge-v1,BPF; CW; Binance Royal Pump; Hit Pump Angels; Bitcoin Pump Group,,,,,,,ardia+lamorgia+pumpsense,ardia_utc,COIN IS : VIB
hist-binance-VIB-202007301800,history,announcement,binance,VIB,BTC,1596132006000,2020-07-30T18:00:06Z,2026-10-07T12:53:22Z,history-merge-v1,CPS; BPF; Crypto Pump Squad; Binance Royal Pump; Hit Pump Angels; Bitcoin Pump Group,,,,,,,ardia+lamorgia+pumpsense,ardia_utc,"Coin is 
https://cdn.discordapp.com/attachments/733723735097344119/738453166466793592/unknown.png"
hist-binance-VIB-202012201800,history,announcement,binance,VIB,BTC,1608487200000,2020-12-20T18:00:00Z,2026-10-07T12:53:22Z,history-merge-v1,TWP; BPF; Hit Pump Angels,,,,,,,lamorgia+pumpsense,lamorgia_gmt,"COIN IS : VIB

🚀BUY BUY BUY🚀"
hist-binance-VIB-202101081700,history,announcement,binance,VIB,BTC,1610125200000,2021-01-08T17:00:00Z,2026-10-07T12:53:22Z,history-merge-v1,TWP; BPF; Hit Pump Angels,,,,,,,lamorgia+pumpsense,lamorgia_gmt,COIN IS: VIB
hist-binance-VIB-202102052100,history,announcement,binance,VIB,BTC,1612558816000,2021-02-05T21:00:16Z,2026-10-07T12:53:22Z,history-merge-v1,Hit Pump Angels; WHALE BINANCE GROUP PUMP; Crypto News; Binance Crypto Pumps,,,,,,,ardia+pumpsense,ardia_utc,"COIN IS : VIB

💣BUY BUY BUY💣"
hist-binance-VIB-202102161700,history,announcement,binance,VIB,BTC,1613494814000,2021-02-16T17:00:14Z,2026-10-07T12:53:22Z,history-merge-v1,Crypto VIP Signal™; Trading Crypto Guide,,,,,,,ardia+pumpsense,ardia_utc,"2x Potential call🚀

#VIB on #BINANCE

Link: 
https://www.binance.com/en/trade/VIB_BTC?layout=pro"
hist-binance-VIB-202104231559,history,announcement,binance,VIB,BTC,1619193544000,2021-04-23T15:59:04Z,2026-10-07T12:53:22Z,history-merge-v1,Crypto Profit Coach™,,,,,,,ardia,ardia_utc,
hist-binance-VIB-202104260315,history,announcement,binance,VIB,BTC,1619406953000,2021-04-26T03:15:53Z,2026-10-07T12:53:22Z,history-merge-v1,Crypto Profit Coach™,,,,,,,ardia,ardia_utc,
hist-binance-VIB-202109051700,history,announcement,binance,VIB,BTC,1630861238000,2021-09-05T17:00:38Z,2026-10-07T12:53:22Z,history-merge-v1,Coin Coach Signals; Mega Signals Group; Baby Crypto Channel; Crypto Guru; Hit Pump Angels; Binance Crypto Pumps; WHALE BINANCE GROUP PUMP; Binance whales pumps; Cryptic Trading; Crypto Coin Pump Signals,,,,,,,ardia+pumpsense,ardia_utc,COIN IS: VIB
hist-binance-VIB-202110081240,history,announcement,binance,VIB,BTC,1633696807000,2021-10-08T12:40:07Z,2026-10-07T12:53:22Z,history-merge-v1,Binance whales pumps,,,,,,,ardia,ardia_utc,
hist-binance-VIB-202110091720,history,announcement,binance,VIB,BTC,1633800057000,2021-10-09T17:20:57Z,2026-10-07T12:53:22Z,history-merge-v1,Binance Royal Pump,,,,,,,ardia,ardia_utc,
hist-binance-VIB-202110100531,history,announcement,binance,VIB,BTC,1633843876000,2021-10-10T05:31:16Z,2026-10-07T12:53:22Z,history-merge-v1,Binance whales pumps,,,,,,,ardia,ardia_utc,
hist-binance-VIB-202110121027,history,announcement,binance,VIB,BTC,1634034470000,2021-10-12T10:27:50Z,2026-10-07T12:53:22Z,history-merge-v1,Binance Royal Pump; Binance whales pumps,,,,,,,ardia,ardia_utc,
hist-binance-VIB-202110240905,history,announcement,binance,VIB,BTC,1635066348000,2021-10-24T09:05:48Z,2026-10-07T12:53:22Z,history-merge-v1,Binance Royal Pump,,,,,,,ardia,ardia_utc,
hist-binance-VIB-202110241915,history,announcement,binance,VIB,BTC,1635102948000,2021-10-24T19:15:48Z,2026-10-07T12:53:22Z,history-merge-v1,Binance Royal Pump,,,,,,,ardia,ardia_utc,
hist-binance-VIB-202110272113,history,announcement,binance,VIB,BTC,1635369233000,2021-10-27T21:13:53Z,2026-10-07T12:53:22Z,history-merge-v1,Binance Royal Pump,,,,,,,ardia,ardia_utc,
hist-binance-VIB-202110311706,history,announcement,binance,VIB,BTC,1635699989000,2021-10-31T17:06:29Z,2026-10-07T12:53:22Z,history-merge-v1,Binance Royal Pump,,,,,,,ardia,ardia_utc,
hist-binance-VIB-202111071721,history,announcement,binance,VIB,BTC,1636305709000,2021-11-07T17:21:49Z,2026-10-07T12:53:22Z,history-merge-v1,Binance Royal Pump; Binance whales pumps,,,,,,,ardia,ardia_utc,
hist-binance-VIB-202111281526,history,announcement,binance,VIB,BTC,1638113192000,2021-11-28T15:26:32Z,2026-10-07T12:53:22Z,history-merge-v1,Binance Pump Tracker™,,,,,,,ardia,ardia_utc,
hist-binance-VIB-202111281853,history,announcement,binance,VIB,BTC,1638125629000,2021-11-28T18:53:49Z,2026-10-07T12:53:22Z,history-merge-v1,Binance Royal Pump,,,,,,,ardia,ardia_utc,
hist-binance-VIB-202111290749,history,announcement,binance,VIB,BTC,1638172143000,2021-11-29T07:49:03Z,2026-10-07T12:53:22Z,history-merge-v1,Binance whales pumps,,,,,,,ardia,ardia_utc,
hist-binance-VIB-202201021712,history,announcement,binance,VIB,BTC,1641143533000,2022-01-02T17:12:13Z,2026-10-07T12:53:22Z,history-merge-v1,Binance whales pumps,,,,,,,ardia,ardia_utc,
hist-binance-VIB-202204261400,history,announcement,binance,VIB,BTC,1650981614000,2022-04-26T14:00:14Z,2026-10-07T12:53:22Z,history-merge-v1,Trading Crypto Guide; Big Pump Signal,,,,,,,pumpsense,pumpsense_minus_2h,"Bottom Based  Rocket Call

#VIB on Binance

Targeting 100%🚀

https://www.binance.com/en/trade/VIB_BTC?layout=pro"
hist-binance-VIBE-201807141700,history,announcement,binance,VIBE,BTC,1531587600000,2018-07-14T17:00:00Z,2026-10-07T12:53:22Z,history-merge-v1,TCG; Hit Pump Angels,,,,,,,lamorgia+pumpsense,lamorgia_gmt,COIN IS : VIBE
hist-binance-VIBE-201809091900,history,announcement,binance,VIBE,BTC,1536519600000,2018-09-09T19:00:00Z,2026-10-07T12:53:22Z,history-merge-v1,BPS,,,,,,,lamorgia,lamorgia_gmt,
hist-binance-VIBE-201903181548,history,announcement,binance,VIBE,BTC,1552924137000,2019-03-18T15:48:57Z,2026-10-07T12:53:22Z,history-merge-v1,Crypto Profit Coach™,,,,,,,ardia,ardia_utc,
hist-binance-VIBE-201904161900,history,announcement,binance,VIBE,BTC,1555441236000,2019-04-16T19:00:36Z,2026-10-07T12:53:22Z,history-merge-v1,Maximum Pump,,,,,,,ardia,ardia_utc,
hist-binance-VIBX-202207132141,history,announcement,binance,VIBX,BTC,1657748517000,2022-07-13T21:41:57Z,2026-10-07T12:53:22Z,history-merge-v1,Big Pump Signal,,,,,,,pumpsense,pumpsense_minus_2h,
hist-binance-VITE-202004131158,history,announcement,binance,VITE,BTC,1586779132000,2020-04-13T11:58:52Z,2026-10-07T12:53:22Z,history-merge-v1,CW; Binance Mega Pump; CPI; Binance Trading 360,,,,,,,ardia+lamorgia+pumpsense,ardia_utc,"our coin today is V-I-T-E

https://www.binance.com/en/trade/VITE_BTC

Buy and hold for quick profits"
hist-binance-WABI-201807061600,history,announcement,binance,WABI,BTC,1530892800000,2018-07-06T16:00:00Z,2026-10-07T12:53:22Z,history-merge-v1,TCG,,,,,,,lamorgia,lamorgia_gmt,
hist-binance-WABI-201812161700,history,announcement,binance,WABI,BTC,1544979600000,2018-12-16T17:00:00Z,2026-10-07T12:53:22Z,history-merge-v1,Binance Trading 360; MPG; Mega Signals Group,,,,,,,lamorgia+pumpsense,lamorgia_gmt,"✈️✈️✈️Wabi✈️✈️✈️
 coin is our Pump coin!👍👍👍

✅✅
Buy it now
It will go huge as it announce in public after 1 hour then sell it fast!!💹💹📶📶🏧🏧💵💰"
hist-binance-WABI-201903281546,history,announcement,binance,WABI,BTC,1553788014000,2019-03-28T15:46:54Z,2026-10-07T12:53:22Z,history-merge-v1,Crypto Tree 🎄,,,,,,,ardia,ardia_utc,
hist-binance-WABI-201905251841,history,announcement,binance,WABI,BTC,1558809674000,2019-05-25T18:41:14Z,2026-10-07T12:53:22Z,history-merge-v1,Crypto Advisor,,,,,,,ardia,ardia_utc,
hist-binance-WABI-201907121615,history,announcement,binance,WABI,BTC,1562948133000,2019-07-12T16:15:33Z,2026-10-07T12:53:22Z,history-merge-v1,Crypto Lion's™,,,,,,,ardia,ardia_utc,
hist-binance-WABI-201908021800,history,announcement,binance,WABI,BTC,1564768801000,2019-08-02T18:00:01Z,2026-10-07T12:53:22Z,history-merge-v1,CPI; Crypto Pump Island,,,,,,,ardia+lamorgia,ardia_utc,
hist-binance-WABI-202008100845,history,announcement,binance,WABI,BTC,1597049158000,2020-08-10T08:45:58Z,2026-10-07T12:53:22Z,history-merge-v1,Binance Moon Pump™,,,,,,,ardia,ardia_utc,
hist-binance-WABI-202101231649,history,announcement,binance,WABI,BTC,1611420576000,2021-01-23T16:49:36Z,2026-10-07T12:53:22Z,history-merge-v1,Binance Moon Pump™,,,,,,,ardia,ardia_utc,
hist-binance-WABI-202102021807,history,announcement,binance,WABI,BTC,1612289272000,2021-02-02T18:07:52Z,2026-10-07T12:53:22Z,history-merge-v1,Binance Moon Pump™,,,,,,,ardia,ardia_utc,
hist-binance-WABI-202102181850,history,announcement,binance,WABI,BTC,1613674254000,2021-02-18T18:50:54Z,2026-10-07T12:53:22Z,history-merge-v1,Binance Moon Pump™,,,,,,,ardia,ardia_utc,
hist-binance-WABI-202103060736,history,announcement,binance,WABI,BTC,1615016177000,2021-03-06T07:36:17Z,2026-10-07T12:53:22Z,history-merge-v1,Whales Crypto Guide,,,,,,,ardia,ardia_utc,
hist-binance-WABI-202104150415,history,announcement,binance,WABI,BTC,1618460124000,2021-04-15T04:15:24Z,2026-10-07T12:53:22Z,history-merge-v1,Binance Moon Pump™,,,,,,,ardia,ardia_utc,
hist-binance-WABI-202106071328,history,announcement,binance,WABI,BTC,1623072499000,2021-06-07T13:28:19Z,2026-10-07T12:53:22Z,history-merge-v1,Binance Moon Pump™,,,,,,,ardia,ardia_utc,
hist-binance-WABI-202106201700,history,announcement,binance,WABI,BTC,1624208404000,2021-06-20T17:00:04Z,2026-10-07T12:53:22Z,history-merge-v1,Crypto Binance Trading | Signals & Pumps; Mega Signals Group; Binance Pump Time CZ; Binance Crypto Pumps; Crypto Coin Pump Signals,,,,,,,ardia+pumpsense,ardia_utc,"The coin we have picked to pump today is :  #WABI

WABI is looking perfect for a pump right now"
hist-binance-WABI-202110141500,history,announcement,binance,WABI,BTC,1634223606000,2021-10-14T15:00:06Z,2026-10-07T12:53:22Z,history-merge-v1,Big Pumps Binance™; Coin Coach Signals; Crypto Guru; Bitmex Binance Whales Signals,,,,,,,ardia+pumpsense,ardia_utc,"🚨$WABI/BTC🚨
==============
🚀🚀🚀🚀🚀🚀🚀🚀

(BTC paired, Binance)
Click on link to buy 

https://www.binance.com/en/trade/WABI_BTC

=============="
hist-binance-WAN-201908301641,history,announcement,binance,WAN,BTC,1567183290000,2019-08-30T16:41:30Z,2026-10-07T12:53:22Z,history-merge-v1,Bitcoin Pump Group,,,,,,,ardia,ardia_utc,
hist-binance-WAN-202006201048,history,announcement,binance,WAN,BTC,1592650122000,2020-06-20T10:48:42Z,2026-10-07T12:53:22Z,history-merge-v1,Crypto Ninja Coach | Official™,,,,,,,ardia,ardia_utc,
hist-binance-WAN-202007241559,history,announcement,binance,WAN,BTC,1595606385000,2020-07-24T15:59:45Z,2026-10-07T12:53:22Z,history-merge-v1,The Crypto Express.,,,,,,,ardia,ardia_utc,
hist-binance-WAN-202008100756,history,announcement,binance,WAN,BTC,1597046192000,2020-08-10T07:56:32Z,2026-10-07T12:53:22Z,history-merge-v1,Binance Moon Pump™,,,,,,,ardia,ardia_utc,
hist-binance-WAN-202102100407,history,announcement,binance,WAN,BTC,1612930056000,2021-02-10T04:07:36Z,2026-10-07T12:53:22Z,history-merge-v1,APE crypto,,,,,,,ardia,ardia_utc,
hist-binance-WAN-202102101404,history,announcement,binance,WAN,BTC,1612965840000,2021-02-10T14:04:00Z,2026-10-07T12:53:22Z,history-merge-v1,Whales Crypto Guide,,,,,,,ardia,ardia_utc,
hist-binance-WAN-202103300331,history,announcement,binance,WAN,BTC,1617075093000,2021-03-30T03:31:33Z,2026-10-07T12:53:22Z,history-merge-v1,Crypto Trader,,,,,,,ardia,ardia_utc,
hist-binance-WAN-202207031600,history,announcement,binance,WAN,BTC,1656864030000,2022-07-03T16:00:30Z,2026-10-07T12:53:22Z,history-merge-v1,Mega Signals Group; Cryptic Trading; Crypto Coin Pump Signals,,,,,,,pumpsense,pumpsense_minus_2h,"The coin we are buying is $WAN

WAN is looking great as a buy right and and can easily reach 500%

Tweet #WAN $WAN on twitter once you are done buying to make it trend faster"
hist-binance-WAVES-202008241341,history,announcement,binance,WAVES,BTC,1598276489000,2020-08-24T13:41:29Z,2026-10-07T12:53:22Z,history-merge-v1,Trading Crypto Coach®,,,,,,,ardia,ardia_utc,
hist-binance-WAVES-202102141013,history,announcement,binance,WAVES,BTC,1613297581000,2021-02-14T10:13:01Z,2026-10-07T12:53:22Z,history-merge-v1,The Crypto Express.,,,,,,,ardia,ardia_utc,
hist-binance-WAXP-202110161735,history,announcement,binance,WAXP,BTC,1634405716000,2021-10-16T17:35:16Z,2026-10-07T12:53:22Z,history-merge-v1,Binance Moon Pump™,,,,,,,ardia,ardia_utc,
hist-binance-WING-202102022107,history,announcement,binance,WING,BTC,1612300051000,2021-02-02T21:07:31Z,2026-10-07T12:53:22Z,history-merge-v1,Crypto Pump Signals,,,,,,,ardia,ardia_utc,
hist-binance-WINGS-201807161655,history,announcement,binance,WINGS,BTC,1531760137000,2018-07-16T16:55:37Z,2026-10-07T12:53:22Z,history-merge-v1,Binance Trading 360,,,,,,,pumpsense,pumpsense_minus_2h,"✈️✈️✈️wings✈️✈️✈️
 coin is our Pump coin!👍👍👍

✅✅
Buy it now
It will go huge as it announce in public after 1 hour then sell it fast!!💹💹📶📶🏧🏧💵💰"
hist-binance-WINGS-201811071701,history,announcement,binance,WINGS,BTC,1541610060000,2018-11-07T17:01:00Z,2026-10-07T12:53:22Z,history-merge-v1,Binance Trading 360; BPF; Hit Pump Angels,,,,,,,lamorgia+pumpsense,lamorgia_gmt,"✈️✈️✈️wings✈️✈️✈️
 coin is our Pump coin!👍👍👍

✅✅
Buy it now
It will go huge as it announce in public after 1 hour then sell it fast!!💹💹📶📶🏧🏧💵💰"
hist-binance-WINGS-201901271759,history,announcement,binance,WINGS,BTC,1548611993000,2019-01-27T17:59:53Z,2026-10-07T12:53:22Z,history-merge-v1,Binance Trading 360; MPG; Mega Pump Group; Mega Signals Group; BPF; Hit Pump Angels; Bitcoin Pump Group,,,,,,,ardia+lamorgia+pumpsense,ardia_utc,"✈️✈️✈️wings✈️✈️✈️
 coin is our Pump coin!👍👍👍

✅✅
Buy it now
It will go huge as it announce in public after 1 hour then sell it fast!!💹💹📶📶🏧🏧💵💰"
hist-binance-WINGS-201901281147,history,announcement,binance,WINGS,BTC,1548676072000,2019-01-28T11:47:52Z,2026-10-07T12:53:22Z,history-merge-v1,Crypto Trading.,,,,,,,ardia,ardia_utc,
hist-binance-WNXM-202103281416,history,announcement,binance,WNXM,BTC,1616940961000,2021-03-28T14:16:01Z,2026-10-07T12:53:22Z,history-merge-v1,Binance Moon Pump™,,,,,,,ardia,ardia_utc,
hist-binance-WNXM-202110101700,history,announcement,binance,WNXM,BTC,1633885205000,2021-10-10T17:00:05Z,2026-10-07T12:53:22Z,history-merge-v1,Coin Coach Signals; Crypto Binance Trading | Signals & Pumps; Baby Crypto Channel; Mega Signals Group; Crypto Guru; Binance Crypto Pumps; Binance Crypto Pump Signals; Cryptic Trading; Crypto Coin Pump Signals,,,,,,,ardia+pumpsense,ardia_utc,"The coin we have picked to pump today is :  #WNXM

WNXM is looking perfect for a massive pump right now!"
hist-binance-WPR-201807191553,history,announcement,binance,WPR,BTC,1532015621000,2018-07-19T15:53:41Z,2026-10-07T12:53:22Z,history-merge-v1,Binance Trading 360,,,,,,,pumpsense,pumpsense_minus_2h,"✈️✈️✈️wpr✈️✈️✈️
 coin is our Pump coin!👍👍👍

✅✅
Buy it now
It will go huge as it announce in public after 1 hour then sell it fast!!💹💹📶📶🏧🏧💵💰"
hist-binance-WPR-201905151500,history,announcement,binance,WPR,BTC,1557932400000,2019-05-15T15:00:00Z,2026-10-07T12:53:22Z,history-merge-v1,CCB,,,,,,,lamorgia,lamorgia_gmt,
hist-binance-WPR-201906031114,history,announcement,binance,WPR,BTC,1559560477000,2019-06-03T11:14:37Z,2026-10-07T12:53:22Z,history-merge-v1,Cryptocurrency: Wolf Posting 🚀,,,,,,,ardia,ardia_utc,
hist-binance-WPR-201908051530,history,announcement,binance,WPR,BTC,1565019002000,2019-08-05T15:30:02Z,2026-10-07T12:53:22Z,history-merge-v1,Cryptocurrency: Wolf Posting 🚀,,,,,,,ardia,ardia_utc,
hist-binance-WPR-202002102000,history,announcement,binance,WPR,BTC,1581364814000,2020-02-10T20:00:14Z,2026-10-07T12:53:22Z,history-merge-v1,BPF; CW; Binance Royal Pump; Hit Pump Angels,,,,,,,ardia+lamorgia+pumpsense,ardia_utc,"COIN IS : WPR

BUY BUY BUY"
hist-binance-WPR-202008121226,history,announcement,binance,WPR,BTC,1597235164000,2020-08-12T12:26:04Z,2026-10-07T12:53:22Z,history-merge-v1,Binance Moon Pump™,,,,,,,ardia,ardia_utc,
hist-binance-WPR-202008201032,history,announcement,binance,WPR,BTC,1597919565000,2020-08-20T10:32:45Z,2026-10-07T12:53:22Z,history-merge-v1,Binance Moon Pump™,,,,,,,ardia,ardia_utc,
hist-binance-WPR-202102181800,history,announcement,binance,WPR,BTC,1613671209000,2021-02-18T18:00:09Z,2026-10-07T12:53:22Z,history-merge-v1,Crypto VIP Signal™; Trading Crypto Guide,,,,,,,ardia+pumpsense,ardia_utc,"2x Potential Call🚀

#WPR on #BINANCE (WePower)

Link: 
https://www.binance.com/en/trade/WPR_BTC?layout=pro"
hist-binance-WPR-202102201640,history,announcement,binance,WPR,BTC,1613839236000,2021-02-20T16:40:36Z,2026-10-07T12:53:22Z,history-merge-v1,Binance Pump Signals,,,,,,,ardia,ardia_utc,
hist-binance-WPR-202104211559,history,announcement,binance,WPR,BTC,1619020769000,2021-04-21T15:59:29Z,2026-10-07T12:53:22Z,history-merge-v1,Crypto Profit Coach™; Trading Crypto Guide,,,,,,,ardia+pumpsense,ardia_utc,"2x Potential Call!

#WPR on Binance

https://www.binance.com/en/trade/WPR_BTC?layout=pro"
hist-binance-WPR-202105091700,history,announcement,binance,WPR,BTC,1620579602000,2021-05-09T17:00:02Z,2026-10-07T12:53:22Z,history-merge-v1,Binance Pump Signals; Binance Crypto Pumps; Binance Pump Time CZ,,,,,,,ardia+pumpsense,ardia_utc,COIN IS : WPR
hist-binance-WPR-202105240742,history,announcement,binance,WPR,BTC,1621842166000,2021-05-24T07:42:46Z,2026-10-07T12:53:22Z,history-merge-v1,Binance Moon Pump™,,,,,,,ardia,ardia_utc,
hist-binance-WRX-202007110859,history,announcement,binance,WRX,BTC,1594457958000,2020-07-11T08:59:18Z,2026-10-07T12:53:22Z,history-merge-v1,Binance Pump Tracker™; Binance Moon Pump™,,,,,,,ardia,ardia_utc,
hist-binance-WRX-202008120255,history,announcement,binance,WRX,BTC,1597200953000,2020-08-12T02:55:53Z,2026-10-07T12:53:22Z,history-merge-v1,Binance Moon Pump™,,,,,,,ardia,ardia_utc,
hist-binance-WRX-202108201140,history,announcement,binance,WRX,BTC,1629459608000,2021-08-20T11:40:08Z,2026-10-07T12:53:22Z,history-merge-v1,Crypto Trader,,,,,,,ardia,ardia_utc,
hist-binance-WTC-201902041421,history,announcement,binance,WTC,BTC,1549290119000,2019-02-04T14:21:59Z,2026-10-07T12:53:22Z,history-merge-v1,Crypto Tree 🎄,,,,,,,ardia,ardia_utc,
hist-binance-WTC-202007051948,history,announcement,binance,WTC,BTC,1593978500000,2020-07-05T19:48:20Z,2026-10-07T12:53:22Z,history-merge-v1,Binance Moon Pump™,,,,,,,ardia,ardia_utc,
hist-binance-WTC-202007180803,history,announcement,binance,WTC,BTC,1595059395000,2020-07-18T08:03:15Z,2026-10-07T12:53:22Z,history-merge-v1,Binance Moon Pump™,,,,,,,ardia,ardia_utc,
hist-binance-WTC-202103231725,history,announcement,binance,WTC,BTC,1616520316000,2021-03-23T17:25:16Z,2026-10-07T12:53:22Z,history-merge-v1,Binance Moon Pump™,,,,,,,ardia,ardia_utc,
hist-binance-XEM-202008021912,history,announcement,binance,XEM,BTC,1596395544000,2020-08-02T19:12:24Z,2026-10-07T12:53:22Z,history-merge-v1,Binance Moon Pump™,,,,,,,ardia,ardia_utc,
hist-binance-XEM-202008221647,history,announcement,binance,XEM,BTC,1598114873000,2020-08-22T16:47:53Z,2026-10-07T12:53:22Z,history-merge-v1,Binance Moon Pump™,,,,,,,ardia,ardia_utc,
hist-binance-XEM-202105051904,history,announcement,binance,XEM,BTC,1620241453000,2021-05-05T19:04:13Z,2026-10-07T12:53:22Z,history-merge-v1,Whales Crypto Guide,,,,,,,ardia,ardia_utc,
hist-binance-XLM-202007011200,history,announcement,binance,XLM,BTC,1593604803000,2020-07-01T12:00:03Z,2026-10-07T12:53:22Z,history-merge-v1,Crypto World Coach™,,,,,,,ardia,ardia_utc,
hist-binance-XMR-201903311900,history,announcement,binance,XMR,BTC,1554058818000,2019-03-31T19:00:18Z,2026-10-07T12:53:22Z,history-merge-v1,Bitcoin Pump Group,,,,,,,pumpsense,pumpsense_minus_2h,"We picked the coin: XMR
Current price: 0.013550

The reason for this pick is that XMR is going to have a lot of updates in 2019.

https://www.binance.com/en/trade/XMR_BTC"
hist-binance-XTZ-202002170933,history,announcement,binance,XTZ,BTC,1581932011000,2020-02-17T09:33:31Z,2026-10-07T12:53:22Z,history-merge-v1,Crypto Lion's™,,,,,,,ardia,ardia_utc,
hist-binance-XTZ-202104181958,history,announcement,binance,XTZ,BTC,1618775922000,2021-04-18T19:58:42Z,2026-10-07T12:53:22Z,history-merge-v1,Binance Global Türkçe,,,,,,,ardia,ardia_utc,
hist-binance-XVG-202102081936,history,announcement,binance,XVG,BTC,1612812974000,2021-02-08T19:36:14Z,2026-10-07T12:53:22Z,history-merge-v1,APE crypto,,,,,,,ardia,ardia_utc,
hist-binance-XZC-201801231800,history,announcement,binance,XZC,BTC,1516730400000,2018-01-23T18:00:00Z,2026-10-07T12:53:22Z,history-merge-v1,BPS,,,,,,,lamorgia,lamorgia_gmt,
hist-binance-XZC-201810202005,history,announcement,binance,XZC,BTC,1540065900000,2018-10-20T20:05:00Z,2026-10-07T12:53:22Z,history-merge-v1,Binance Trading 360; BPS; BPF; Hit Pump Angels,,,,,,,lamorgia+pumpsense,lamorgia_gmt,"✈️✈️✈️xzc✈️✈️✈️
 coin is our Pump coin!👍👍👍

✅✅
Buy it now
It will go huge as it announce in public after 1 hour then sell it fast!!💹💹📶📶🏧🏧💵💰"
hist-binance-YOYO-201908081600,history,announcement,binance,YOYO,BTC,1565280008000,2019-08-08T16:00:08Z,2026-10-07T12:53:22Z,history-merge-v1,Crypto Pump Island,,,,,,,ardia,ardia_utc,
hist-binance-YOYO-202005141600,history,announcement,binance,YOYO,BTC,1589472017000,2020-05-14T16:00:17Z,2026-10-07T12:53:22Z,history-merge-v1,Crypto Pump Island; Binance Pump Signals,,,,,,,ardia+pumpsense,ardia_utc,Coin name #YOYO
hist-binance-YOYO-202011011800,history,announcement,binance,YOYO,BTC,1604253610000,2020-11-01T18:00:10Z,2026-10-07T12:53:22Z,history-merge-v1,Crypto Pump Squad; Hit Pump Angels; Bitcoin Pump Group,,,,,,,ardia+pumpsense,ardia_utc,"Today We Push: #YOYO $YOYO #YOYO

https://www.binance.com/en/trade/YOYO_BTC"
hist-binance-YOYO-202103091436,history,announcement,binance,YOYO,BTC,1615300584000,2021-03-09T14:36:24Z,2026-10-07T12:53:22Z,history-merge-v1,Binance Pump Tracker™,,,,,,,ardia,ardia_utc,
hist-binance-YOYO-202106051703,history,announcement,binance,YOYO,BTC,1622912585000,2021-06-05T17:03:05Z,2026-10-07T12:53:22Z,history-merge-v1,Binance Moon Pump™,,,,,,,ardia,ardia_utc,
hist-binance-YOYO-202106121320,history,announcement,binance,YOYO,BTC,1623504045000,2021-06-12T13:20:45Z,2026-10-07T12:53:22Z,history-merge-v1,Binance Moon Pump™,,,,,,,ardia,ardia_utc,
hist-binance-YOYO-202107031919,history,announcement,binance,YOYO,BTC,1625339979000,2021-07-03T19:19:39Z,2026-10-07T12:53:22Z,history-merge-v1,Binance Moon Pump™,,,,,,,ardia,ardia_utc,
hist-binance-YOYO-202110021043,history,announcement,binance,YOYO,BTC,1633171382000,2021-10-02T10:43:02Z,2026-10-07T12:53:22Z,history-merge-v1,Binance Moon Pump™,,,,,,,ardia,ardia_utc,
hist-binance-YOYOW-201805121800,history,announcement,binance,YOYOW,BTC,1526148000000,2018-05-12T18:00:00Z,2026-10-07T12:53:22Z,history-merge-v1,BPS; C4P,,,,,,,lamorgia,lamorgia_gmt,
hist-binance-YOYOW-201908081600,history,announcement,binance,YOYOW,BTC,1565280000000,2019-08-08T16:00:00Z,2026-10-07T12:53:22Z,history-merge-v1,CPI,,,,,,,lamorgia,lamorgia_gmt,
hist-binance-YOYOW-202005141600,history,announcement,binance,YOYOW,BTC,1589472000000,2020-05-14T16:00:00Z,2026-10-07T12:53:22Z,history-merge-v1,CPI,,,,,,,lamorgia,lamorgia_gmt,
hist-binance-YOYOW-202011011800,history,announcement,binance,YOYOW,BTC,1604253600000,2020-11-01T18:00:00Z,2026-10-07T12:53:22Z,history-merge-v1,CPS; TWP; BPF,,,,,,,lamorgia,lamorgia_gmt,
hist-binance-ZIL-201903180524,history,announcement,binance,ZIL,BTC,1552886695000,2019-03-18T05:24:55Z,2026-10-07T12:53:22Z,history-merge-v1,Crypto Tree 🎄,,,,,,,ardia,ardia_utc,
hist-binance-ZRX-202008140828,history,announcement,binance,ZRX,BTC,1597393717000,2020-08-14T08:28:37Z,2026-10-07T12:53:22Z,history-merge-v1,Binance Moon Pump™,,,,,,,ardia,ardia_utc,
hist-binance-ZRX-202102052323,history,announcement,binance,ZRX,BTC,1612567385000,2021-02-05T23:23:05Z,2026-10-07T12:53:22Z,history-merge-v1,WallStreetBets 💎🙌🏻,,,,,,,ardia,ardia_utc,
hist-binance-ZRX-202103172126,history,announcement,binance,ZRX,BTC,1616016391000,2021-03-17T21:26:31Z,2026-10-07T12:53:22Z,history-merge-v1,Yo Crypto 2.0,,,,,,,ardia,ardia_utc,
hist-binance-ZRX-202103201733,history,announcement,binance,ZRX,BTC,1616261582000,2021-03-20T17:33:02Z,2026-10-07T12:53:22Z,history-merge-v1,provacoin,,,,,,,ardia,ardia_utc,
hist-bittrex-ADT-201709211400,history,announcement,bittrex,ADT,BTC,1506002418000,2017-09-21T14:00:18Z,2026-10-07T12:53:22Z,history-merge-v1,Altcoins Trading Signals,,,,,,,pumpsense,pumpsense_minus_2h,https://bittrex.com/Market/Index?MarketName=BTC-ADT
hist-bittrex-AEON-202004092000,history,announcement,bittrex,AEON,BTC,1586462400000,2020-04-09T20:00:00Z,2026-10-07T12:53:22Z,history-merge-v1,CPS; Crypto Pump Squad,,,,,,,lamorgia+pumpsense,lamorgia_gmt,"https://media.discordapp.net/attachments/451960296618328074/697674054265602129/unknown.png
Expected Gain 100%-225%
Coin is"
hist-bittrex-AEON-202102042000,history,announcement,bittrex,AEON,BTC,1612468801000,2021-02-04T20:00:01Z,2026-10-07T12:53:22Z,history-merge-v1,Crypto Pump Squad,,,,,,,pumpsense,pumpsense_minus_2h,"https://media.discordapp.net/attachments/451960296618328074/806966391604248576/unknown.png
Expected Gain 125% - 200%
Coin is"
hist-bittrex-AGRS-201709211420,history,announcement,bittrex,AGRS,BTC,1506003600000,2017-09-21T14:20:00Z,2026-10-07T12:53:22Z,history-merge-v1,C4P,,,,,,,lamorgia,lamorgia_gmt,
hist-bittrex-AID-201808221300,history,announcement,bittrex,AID,BTC,1534942821000,2018-08-22T13:00:21Z,2026-10-07T12:53:22Z,history-merge-v1,Crown Signal Notifier,,,,,,,pumpsense,pumpsense_minus_2h,"Coin ~ AID

https://upbit.com/exchange?code=CRIX.UPBIT.BTC-AID

매수하세요. 큰 상승이 기대됩니다."
hist-bittrex-ARGS-201711101800,history,announcement,bittrex,ARGS,BTC,1510336813000,2017-11-10T18:00:13Z,2026-10-07T12:53:22Z,history-merge-v1,Alt the Way,,,,,,,pumpsense,pumpsense_minus_2h,"Coin => ARGS

https://bittrex.com/Market/Index?MarketName=BTC-AGRS"
hist-bittrex-AUR-201710181420,history,announcement,bittrex,AUR,BTC,1508336400000,2017-10-18T14:20:00Z,2026-10-07T12:53:22Z,history-merge-v1,C4P,,,,,,,lamorgia,lamorgia_gmt,
hist-bittrex-AUR-201804231659,history,announcement,bittrex,AUR,BTC,1524502740000,2018-04-23T16:59:00Z,2026-10-07T12:53:22Z,history-merge-v1,TCG; FCS,,,,,,,lamorgia,lamorgia_gmt,
hist-bittrex-BAT-201804181259,history,announcement,bittrex,BAT,BTC,1524056383000,2018-04-18T12:59:43Z,2026-10-07T12:53:22Z,history-merge-v1,Altcoins Trading Signals,,,,,,,pumpsense,pumpsense_minus_2h,"Coin name  : BTC - BAT

Bittrex : https://bittrex.com/Market/Index?MarketName=BTC-BAT

UPbit : https://upbit.com/exchange?code=CRIX.UPBIT.BTC-BAT

 ASIAN Team"
hist-bittrex-BLITZ-201707091630,history,announcement,bittrex,BLITZ,BTC,1499617800000,2017-07-09T16:30:00Z,2026-10-07T12:53:22Z,history-merge-v1,TCC,,,,,,,lamorgia,lamorgia_gmt,
hist-bittrex-BLITZ-201707271645,history,announcement,bittrex,BLITZ,BTC,1501173900000,2017-07-27T16:45:00Z,2026-10-07T12:53:22Z,history-merge-v1,TCC,,,,,,,lamorgia,lamorgia_gmt,
hist-bittrex-BLITZ-201712131400,history,announcement,bittrex,BLITZ,BTC,1513173600000,2017-12-13T14:00:00Z,2026-10-07T12:53:22Z,history-merge-v1,TCG,,,,,,,lamorgia,lamorgia_gmt,
hist-bittrex-BRK-201707091800,history,announcement,bittrex,BRK,BTC,1499623212000,2017-07-09T18:00:12Z,2026-10-07T12:53:22Z,history-merge-v1,Alt the Way,,,,,,,pumpsense,pumpsense_minus_2h,"🔥 Pump Alert 🔥 

     —-  BRK —-

https://bittrex.com/Market/Index?MarketName=BTC-BRK

Buy in intervals to bring in the FOMOs

Keep busting through those sell walls!"
hist-bittrex-BRK-201712311230,history,announcement,bittrex,BRK,BTC,1514723403000,2017-12-31T12:30:03Z,2026-10-07T12:53:22Z,history-merge-v1,Altcoins Trading Signals,,,,,,,pumpsense,pumpsense_minus_2h,"Coin name : BRK

https://bittrex.com/Market/Index?MarketName=BTC-brk
  
Target   

1.    4300

2.    4900

3.    5300

Stop loss.   3200"
hist-bittrex-BRK-201801231402,history,announcement,bittrex,BRK,BTC,1516716154000,2018-01-23T14:02:34Z,2026-10-07T12:53:22Z,history-merge-v1,Altcoins Trading Signals,,,,,,,pumpsense,pumpsense_minus_2h,"BUY :BRK
https://bittrex.com/Market/Index?MarketName=BTC-BRK"
hist-bittrex-BRK-201804241530,history,announcement,bittrex,BRK,BTC,1524583800000,2018-04-24T15:30:00Z,2026-10-07T12:53:22Z,history-merge-v1,FCS; Baby Crypto Channel; Coin Coach Signals,,,,,,,lamorgia+pumpsense,lamorgia_gmt,
hist-bittrex-BRX-201707052100,history,announcement,bittrex,BRX,BTC,1499288450000,2017-07-05T21:00:50Z,2026-10-07T12:53:22Z,history-merge-v1,Alt the Way,,,,,,,pumpsense,pumpsense_minus_2h,"📣📣📣 PUMP STARTS 📣📣📣

          The coin to pump is:
                    🔥BRX🔥

Initial price: 27000 sat ~
Exchange: Bittrex 🅱️
Target: +800% and more after EVERYBODY holds.
Duration: 1h (important❗️)

Market URL: https://bittrex.com/Market/Index?MarketName=BTC-BRX

Follow instructions. Good luck and"
hist-bittrex-BRX-201710012000,history,announcement,bittrex,BRX,BTC,1506888000000,2017-10-01T20:00:00Z,2026-10-07T12:53:22Z,history-merge-v1,C4P,,,,,,,lamorgia,lamorgia_gmt,
hist-bittrex-BRX-201711231429,history,announcement,bittrex,BRX,BTC,1511447340000,2017-11-23T14:29:00Z,2026-10-07T12:53:22Z,history-merge-v1,PKG,,,,,,,lamorgia,lamorgia_gmt,
hist-bittrex-BRX-201801031330,history,announcement,bittrex,BRX,BTC,1514986201000,2018-01-03T13:30:01Z,2026-10-07T12:53:22Z,history-merge-v1,Altcoins Trading Signals,,,,,,,pumpsense,pumpsense_minus_2h,"Coin - BRX

https://bittrex.com/Market/Index?MarketName=BTC-BRX"
hist-bittrex-BRX-201801121715,history,announcement,bittrex,BRX,BTC,1515777300000,2018-01-12T17:15:00Z,2026-10-07T12:53:22Z,history-merge-v1,C4P,,,,,,,lamorgia,lamorgia_gmt,
hist-bittrex-BRX-201902262000,history,announcement,bittrex,BRX,BTC,1551211200000,2019-02-26T20:00:00Z,2026-10-07T12:53:22Z,history-merge-v1,CPS; Crypto Pump Squad,,,,,,,lamorgia+pumpsense,lamorgia_gmt,https://cdn.discordapp.com/attachments/504313393088561162/550032360771551233/coin.png
hist-bittrex-BRX-201904042000,history,announcement,bittrex,BRX,BTC,1554408002000,2019-04-04T20:00:02Z,2026-10-07T12:53:22Z,history-merge-v1,Crypto Profits,,,,,,,pumpsense,pumpsense_minus_2h,Coin is (BRX)
hist-bittrex-BTA-201709221400,history,announcement,bittrex,BTA,BTC,1506088831000,2017-09-22T14:00:31Z,2026-10-07T12:53:22Z,history-merge-v1,Altcoins Trading Signals,,,,,,,pumpsense,pumpsense_minus_2h,https://bittrex.com/Market/Index?MarketName=BTC-BTA
hist-bittrex-BTC-201707131400,history,announcement,bittrex,BTC,ERC,1499954405000,2017-07-13T14:00:05Z,2026-10-07T12:53:22Z,history-merge-v1,Alt the Way,,,,,,,pumpsense,pumpsense_minus_2h,"EuropeCoin (ERC)                                                         Excahnge- BITTREX

https://bittrex.com/Market/Index?MarketName=BTC-ERC"
hist-bittrex-BTCD-201710201420,history,announcement,bittrex,BTCD,BTC,1508509200000,2017-10-20T14:20:00Z,2026-10-07T12:53:22Z,history-merge-v1,C4P,,,,,,,lamorgia,lamorgia_gmt,
hist-bittrex-BTCD-201711181259,history,announcement,bittrex,BTCD,BTC,1511009940000,2017-11-18T12:59:00Z,2026-10-07T12:53:22Z,history-merge-v1,PKG,,,,,,,lamorgia,lamorgia_gmt,
hist-bittrex-BTCD-201712191715,history,announcement,bittrex,BTCD,BTC,1513703700000,2017-12-19T17:15:00Z,2026-10-07T12:53:22Z,history-merge-v1,C4P,,,,,,,lamorgia,lamorgia_gmt,
hist-bittrex-BYC-201711211500,history,announcement,bittrex,BYC,BTC,1511276400000,2017-11-21T15:00:00Z,2026-10-07T12:53:22Z,history-merge-v1,PKG,,,,,,,lamorgia,lamorgia_gmt,
hist-bittrex-BYC-201712282030,history,announcement,bittrex,BYC,BTC,1514493037000,2017-12-28T20:30:37Z,2026-10-07T12:53:22Z,history-merge-v1,Crypto Pump Squad,,,,,,,pumpsense,pumpsense_minus_2h,https://bittrex.com/Market/Index?MarketName=BTC-BYC
hist-bittrex-BYC-201801091715,history,announcement,bittrex,BYC,BTC,1515518100000,2018-01-09T17:15:00Z,2026-10-07T12:53:22Z,history-merge-v1,C4P,,,,,,,lamorgia,lamorgia_gmt,
hist-bittrex-BYC-201801171739,history,announcement,bittrex,BYC,BTC,1516210740000,2018-01-17T17:39:00Z,2026-10-07T12:53:22Z,history-merge-v1,C4P,,,,,,,lamorgia,lamorgia_gmt,
hist-bittrex-CANN-201710311330,history,announcement,bittrex,CANN,BTC,1509456631000,2017-10-31T13:30:31Z,2026-10-07T12:53:22Z,history-merge-v1,Altcoins Trading Signals,,,,,,,pumpsense,pumpsense_minus_2h,
hist-bittrex-CGEN-202002161000,history,announcement,bittrex,CGEN,BTC,1581847200000,2020-02-16T10:00:00Z,2026-10-07T12:53:22Z,history-merge-v1,BPF,,,,,,,lamorgia,lamorgia_gmt,
hist-bittrex-CLAM-201711151700,history,announcement,bittrex,CLAM,BTC,1510765200000,2017-11-15T17:00:00Z,2026-10-07T12:53:22Z,history-merge-v1,PKG,,,,,,,lamorgia,lamorgia_gmt,
hist-bittrex-CURE-201707082300,history,announcement,bittrex,CURE,BTC,1499554806000,2017-07-08T23:00:06Z,2026-10-07T12:53:22Z,history-merge-v1,Alt the Way,,,,,,,pumpsense,pumpsense_minus_2h,"🔥 Pump Alert 🔥 

     ---  CURE ---

Http://bittrex.com/Market/Index?MarketName=BTC-CURE

Buy in intervals to bring in the FOMOs

Keep busting through those sell walls!"
hist-bittrex-CURE-201708092100,history,announcement,bittrex,CURE,BTC,1502312401000,2017-08-09T21:00:01Z,2026-10-07T12:53:22Z,history-merge-v1,Alt the Way,,,,,,,pumpsense,pumpsense_minus_2h,"📣CURE📣

Exhange: Bittrex

Coin link: 

https://bittrex.com/Market/Index?MarketName=BTC-CURE"
hist-bittrex-CURE-201710032000,history,announcement,bittrex,CURE,BTC,1507060800000,2017-10-03T20:00:00Z,2026-10-07T12:53:22Z,history-merge-v1,C4P,,,,,,,lamorgia,lamorgia_gmt,
hist-bittrex-CURE-201801121230,history,announcement,bittrex,CURE,BTC,1515760202000,2018-01-12T12:30:02Z,2026-10-07T12:53:22Z,history-merge-v1,Altcoins Trading Signals,,,,,,,pumpsense,pumpsense_minus_2h,"Coin Name :BTC- CURE 

https://bittrex.com/Market/Index?MarketName=BTC-CURE"
hist-bittrex-CURE-201903192000,history,announcement,bittrex,CURE,BTC,1553025600000,2019-03-19T20:00:00Z,2026-10-07T12:53:22Z,history-merge-v1,CPS; BPF; Crypto Profits; Crypto Pump Squad; Hit Pump Angels,,,,,,,lamorgia+pumpsense,lamorgia_gmt,https://cdn.discordapp.com/attachments/504313393088561162/557641499161002006/unknown.png
hist-bittrex-CURE-201912121800,history,announcement,bittrex,CURE,BTC,1576173600000,2019-12-12T18:00:00Z,2026-10-07T12:53:22Z,history-merge-v1,TCG; CPS; BPF; Crypto Pump Squad; Trading Crypto Guide; Hit Pump Angels,,,,,,,lamorgia+pumpsense,lamorgia_gmt,"Coin is
https://cdn.discordapp.com/attachments/516353065771728908/654753495026761738/unknown.png
Exected gain: 80-150%"
hist-bittrex-DCT-201804271300,history,announcement,bittrex,DCT,BTC,1524834000000,2018-04-27T13:00:00Z,2026-10-07T12:53:22Z,history-merge-v1,FCS,,,,,,,lamorgia,lamorgia_gmt,
hist-bittrex-DMT-201804221259,history,announcement,bittrex,DMT,BTC,1524401999000,2018-04-22T12:59:59Z,2026-10-07T12:53:22Z,history-merge-v1,Altcoins Trading Signals,,,,,,,pumpsense,pumpsense_minus_2h,"Coin Name : BTC - DMT 

 Bittrex  : https://bittrex.com/Market/Index?MarketName=BTC-DMT 

 UPbit  : https://upbit.com/exchange?code=CRIX.UPBIT.BTC-DMT

 ASIAN Team Whales"
hist-bittrex-DOPE-201709241600,history,announcement,bittrex,DOPE,BTC,1506268811000,2017-09-24T16:00:11Z,2026-10-07T12:53:22Z,history-merge-v1,Altcoins Trading Signals,,,,,,,pumpsense,pumpsense_minus_2h,Buy $DOPE
hist-bittrex-DTB-201711031703,history,announcement,bittrex,DTB,BTC,1509728580000,2017-11-03T17:03:00Z,2026-10-07T12:53:22Z,history-merge-v1,PKG,,,,,,,lamorgia,lamorgia_gmt,
hist-bittrex-DTB-201711161600,history,announcement,bittrex,DTB,BTC,1510848017000,2017-11-16T16:00:17Z,2026-10-07T12:53:22Z,history-merge-v1,Alt the Way,,,,,,,pumpsense,pumpsense_minus_2h,"Coin => DTB

https://bittrex.com/Market/Index?MarketName=BTC-DTB"
hist-bittrex-DTB-201711281715,history,announcement,bittrex,DTB,BTC,1511889300000,2017-11-28T17:15:00Z,2026-10-07T12:53:22Z,history-merge-v1,C4P,,,,,,,lamorgia,lamorgia_gmt,
hist-bittrex-DTB-201801191300,history,announcement,bittrex,DTB,BTC,1516366807000,2018-01-19T13:00:07Z,2026-10-07T12:53:22Z,history-merge-v1,Altcoins Trading Signals,,,,,,,pumpsense,pumpsense_minus_2h,"Coin name : DTB

https://bittrex.com/Market/Index?MarketName=BTC-DTB"
hist-bittrex-DTB-201903282000,history,announcement,bittrex,DTB,BTC,1553803256000,2019-03-28T20:00:56Z,2026-10-07T12:53:22Z,history-merge-v1,Crypto Profits,,,,,,,pumpsense,pumpsense_minus_2h,https://cdn.discordapp.com/attachments/504313393088561162/560909785613074461/coin.png
hist-bittrex-EFL-201711031715,history,announcement,bittrex,EFL,BTC,1509729300000,2017-11-03T17:15:00Z,2026-10-07T12:53:22Z,history-merge-v1,C4P,,,,,,,lamorgia,lamorgia_gmt,
hist-bittrex-EFL-201711091815,history,announcement,bittrex,EFL,BTC,1510251300000,2017-11-09T18:15:00Z,2026-10-07T12:53:22Z,history-merge-v1,C4P,,,,,,,lamorgia,lamorgia_gmt,
hist-bittrex-EFL-201711101715,history,announcement,bittrex,EFL,BTC,1510334100000,2017-11-10T17:15:00Z,2026-10-07T12:53:22Z,history-merge-v1,C4P,,,,,,,lamorgia,lamorgia_gmt,
hist-bittrex-EGC-201710082000,history,announcement,bittrex,EGC,BTC,1507492800000,2017-10-08T20:00:00Z,2026-10-07T12:53:22Z,history-merge-v1,C4P,,,,,,,lamorgia,lamorgia_gmt,
hist-bittrex-EGC-201804191500,history,announcement,bittrex,EGC,BTC,1524150000000,2018-04-19T15:00:00Z,2026-10-07T12:53:22Z,history-merge-v1,FCS,,,,,,,lamorgia,lamorgia_gmt,
hist-bittrex-EMC2-201707101259,history,announcement,bittrex,EMC2,BTC,1499691540000,2017-07-10T12:59:00Z,2026-10-07T12:53:22Z,history-merge-v1,TCC,,,,,,,lamorgia,lamorgia_gmt,
hist-bittrex-ENG-201804261229,history,announcement,bittrex,ENG,BTC,1524745766000,2018-04-26T12:29:26Z,2026-10-07T12:53:22Z,history-merge-v1,Altcoins Trading Signals,,,,,,,pumpsense,pumpsense_minus_2h,"Coin Name : ENG  

 Bittrex  : https://bittrex.com/Market/Index?MarketName=BTC-ENG

 UPbit  : https://upbit.com/exchange?code=CRIX.UPBIT.BTC-ENG

 ASIAN Team Whales  

 BUY AND HOLD MAX PROFIT BIG NEWS AND CHART COMING"
hist-bittrex-ENRG-201804171659,history,announcement,bittrex,ENRG,BTC,1523984340000,2018-04-17T16:59:00Z,2026-10-07T12:53:22Z,history-merge-v1,TCG,,,,,,,lamorgia,lamorgia_gmt,
hist-bittrex-ERC-201709231432,history,announcement,bittrex,ERC,BTC,1506177134000,2017-09-23T14:32:14Z,2026-10-07T12:53:22Z,history-merge-v1,Altcoins Trading Signals,,,,,,,pumpsense,pumpsense_minus_2h,https://bittrex.com/Market/Index?MarketName=BTC-ERC
hist-bittrex-ERC-201711121730,history,announcement,bittrex,ERC,BTC,1510507801000,2017-11-12T17:30:01Z,2026-10-07T12:53:22Z,history-merge-v1,Altcoins Trading Signals,,,,,,,pumpsense,pumpsense_minus_2h,
hist-bittrex-ERC-201711291715,history,announcement,bittrex,ERC,BTC,1511975700000,2017-11-29T17:15:00Z,2026-10-07T12:53:22Z,history-merge-v1,C4P; PKG,,,,,,,lamorgia,lamorgia_gmt,
hist-bittrex-EXCL-201710061420,history,announcement,bittrex,EXCL,BTC,1507299600000,2017-10-06T14:20:00Z,2026-10-07T12:53:22Z,history-merge-v1,C4P,,,,,,,lamorgia,lamorgia_gmt,
hist-bittrex-EXCL-201711181330,history,announcement,bittrex,EXCL,BTC,1511011803000,2017-11-18T13:30:03Z,2026-10-07T12:53:22Z,history-merge-v1,Altcoins Trading Signals,,,,,,,pumpsense,pumpsense_minus_2h,"- Target Exchange: ExclusiveCoin (EXCL)
https://www.bittrex.com/Market/Index?MarketName=BTC-EXCL

- Comment -
 ExclusiveCoin The new Quality in Cryptocurrencies
 3 years old coin, no ICO, no premine - full blockchain restart on EXCL 2.0
 

- New Things in EXCL Wallet  -
1. MasterNodes creation/usabi"
hist-bittrex-EXCL-201810291300,history,announcement,bittrex,EXCL,BTC,1540818002000,2018-10-29T13:00:02Z,2026-10-07T12:53:22Z,history-merge-v1,Crown Signal Notifier,,,,,,,pumpsense,pumpsense_minus_2h,"Coin ~ EXCL

https://upbit.com/exchange?code=CRIX.UPBIT.BTC-EXCL
https://bittrex.com/Market/Index?MarketName=BTC-EXCL"
hist-bittrex-FAIR-201712131715,history,announcement,bittrex,FAIR,BTC,1513185300000,2017-12-13T17:15:00Z,2026-10-07T12:53:22Z,history-merge-v1,C4P,,,,,,,lamorgia,lamorgia_gmt,
hist-bittrex-FAIR-201712291630,history,announcement,bittrex,FAIR,BTC,1514565048000,2017-12-29T16:30:48Z,2026-10-07T12:53:22Z,history-merge-v1,Crypto Pump Squad,,,,,,,pumpsense,pumpsense_minus_2h,https://bittrex.com/Market/Index?MarketName=BTC-FAIR
hist-bittrex-FLDC-201710211420,history,announcement,bittrex,FLDC,BTC,1508595600000,2017-10-21T14:20:00Z,2026-10-07T12:53:22Z,history-merge-v1,C4P,,,,,,,lamorgia,lamorgia_gmt,
hist-bittrex-FLDC-201710251300,history,announcement,bittrex,FLDC,BTC,1508936419000,2017-10-25T13:00:19Z,2026-10-07T12:53:22Z,history-merge-v1,Altcoins Trading Signals,,,,,,,pumpsense,pumpsense_minus_2h,"Buy FLDC

https://www.bittrex.com/Market/Index?MarketName=BTC-FLDC"
hist-bittrex-FLDC-201711191630,history,announcement,bittrex,FLDC,BTC,1511109011000,2017-11-19T16:30:11Z,2026-10-07T12:53:22Z,history-merge-v1,Alt the Way,,,,,,,pumpsense,pumpsense_minus_2h,"Coin => FLDC

https://bittrex.com/Market/Index?MarketName=BTC-FLDC"
hist-bittrex-GAM-201709241420,history,announcement,bittrex,GAM,BTC,1506262800000,2017-09-24T14:20:00Z,2026-10-07T12:53:22Z,history-merge-v1,C4P,,,,,,,lamorgia,lamorgia_gmt,
hist-bittrex-GAM-201711181700,history,announcement,bittrex,GAM,BTC,1511024400000,2017-11-18T17:00:00Z,2026-10-07T12:53:22Z,history-merge-v1,Alt the Way; PKG,,,,,,,lamorgia+pumpsense,lamorgia_gmt,"Coin => GAM

https://bittrex.com/Market/Index?MarketName=BTC-GAM"
hist-bittrex-GAM-201711201500,history,announcement,bittrex,GAM,BTC,1511190000000,2017-11-20T15:00:00Z,2026-10-07T12:53:22Z,history-merge-v1,PKG,,,,,,,lamorgia,lamorgia_gmt,
hist-bittrex-GAM-201711241600,history,announcement,bittrex,GAM,BTC,1511539205000,2017-11-24T16:00:05Z,2026-10-07T12:53:22Z,history-merge-v1,Altcoins Trading Signals,,,,,,,pumpsense,pumpsense_minus_2h,"Coin Name : GAM

https://bittrex.com/Market/Index?MarketName=BTC-GAM"
hist-bittrex-GAM-201712151715,history,announcement,bittrex,GAM,BTC,1513358100000,2017-12-15T17:15:00Z,2026-10-07T12:53:22Z,history-merge-v1,C4P,,,,,,,lamorgia,lamorgia_gmt,
hist-bittrex-GAM-201802191715,history,announcement,bittrex,GAM,BTC,1519060500000,2018-02-19T17:15:00Z,2026-10-07T12:53:22Z,history-merge-v1,C4P,,,,,,,lamorgia,lamorgia_gmt,
hist-bittrex-GAM-201902122000,history,announcement,bittrex,GAM,BTC,1550001600000,2019-02-12T20:00:00Z,2026-10-07T12:53:22Z,history-merge-v1,CPS; Crypto Pump Squad,,,,,,,lamorgia+pumpsense,lamorgia_gmt,Coin is **GAM**
hist-bittrex-GBG-201711101600,history,announcement,bittrex,GBG,BTC,1510329620000,2017-11-10T16:00:20Z,2026-10-07T12:53:22Z,history-merge-v1,Alt the Way,,,,,,,pumpsense,pumpsense_minus_2h,"Coin => GBG

https://bittrex.com/Market/Index?MarketName=BTC-GBG"
hist-bittrex-GBG-201902212000,history,announcement,bittrex,GBG,BTC,1550779200000,2019-02-21T20:00:00Z,2026-10-07T12:53:22Z,history-merge-v1,CPS; BPF; Crypto Pump Squad; Hit Pump Angels,,,,,,,lamorgia+pumpsense,lamorgia_gmt,Coin is **GBG**
hist-bittrex-GEO-201710051420,history,announcement,bittrex,GEO,BTC,1507213200000,2017-10-05T14:20:00Z,2026-10-07T12:53:22Z,history-merge-v1,C4P,,,,,,,lamorgia,lamorgia_gmt,
hist-bittrex-GEO-201711081715,history,announcement,bittrex,GEO,BTC,1510161300000,2017-11-08T17:15:00Z,2026-10-07T12:53:22Z,history-merge-v1,C4P,,,,,,,lamorgia,lamorgia_gmt,
hist-bittrex-GEO-201907092000,history,announcement,bittrex,GEO,BTC,1562702400000,2019-07-09T20:00:00Z,2026-10-07T12:53:22Z,history-merge-v1,CPS; BPF; Crypto Pump Squad; Hit Pump Angels,,,,,,,lamorgia+pumpsense,lamorgia_gmt,https://cdn.discordapp.com/attachments/504313393088561162/598229666205270037/unknown.png
hist-bittrex-GLD-201709281357,history,announcement,bittrex,GLD,BTC,1506607028000,2017-09-28T13:57:08Z,2026-10-07T12:53:22Z,history-merge-v1,Altcoins Trading Signals,,,,,,,pumpsense,pumpsense_minus_2h,https://bittrex.com/Market/Index?MarketName=BTC-GLD
hist-bittrex-GNO-201710230900,history,announcement,bittrex,GNO,BTC,1508749200000,2017-10-23T09:00:00Z,2026-10-07T12:53:22Z,history-merge-v1,PKG,,,,,,,lamorgia,lamorgia_gmt,
hist-bittrex-GRC-201906251959,history,announcement,bittrex,GRC,BTC,1561492740000,2019-06-25T19:59:00Z,2026-10-07T12:53:22Z,history-merge-v1,CPS; Crypto Pump Squad,,,,,,,lamorgia+pumpsense,lamorgia_gmt,https://cdn.discordapp.com/attachments/504313393088561162/593159567194456074/coin.png
hist-bittrex-INFX-201711301715,history,announcement,bittrex,INFX,BTC,1512062100000,2017-11-30T17:15:00Z,2026-10-07T12:53:22Z,history-merge-v1,C4P,,,,,,,lamorgia,lamorgia_gmt,
hist-bittrex-INFX-201712141300,history,announcement,bittrex,INFX,BTC,1513256419000,2017-12-14T13:00:19Z,2026-10-07T12:53:22Z,history-merge-v1,Altcoins Trading Signals,,,,,,,pumpsense,pumpsense_minus_2h,"Coin :  INFX
Exchange : Bittrex

https://bittrex.com/Market/Index?MarketName=BTC-INFX"
hist-bittrex-IOC-201906132000,history,announcement,bittrex,IOC,BTC,1560456000000,2019-06-13T20:00:00Z,2026-10-07T12:53:22Z,history-merge-v1,CPS; Crypto Pump Squad,,,,,,,lamorgia+pumpsense,lamorgia_gmt,https://cdn.discordapp.com/attachments/516353065771728908/586185587342573568/unknown.png
hist-bittrex-ION-201710271230,history,announcement,bittrex,ION,BTC,1509107407000,2017-10-27T12:30:07Z,2026-10-07T12:53:22Z,history-merge-v1,Altcoins Trading Signals,,,,,,,pumpsense,pumpsense_minus_2h,
hist-bittrex-ION-201711091600,history,announcement,bittrex,ION,BTC,1510243211000,2017-11-09T16:00:11Z,2026-10-07T12:53:22Z,history-merge-v1,Altcoins Trading Signals,,,,,,,pumpsense,pumpsense_minus_2h,"BUY Ion (ION)

https://bittrex.com/Market/Index?MarketName=BTC-ION"
hist-bittrex-KORE-201808101359,history,announcement,bittrex,KORE,BTC,1533909597000,2018-08-10T13:59:57Z,2026-10-07T12:53:22Z,history-merge-v1,Crown Signal Notifier,,,,,,,pumpsense,pumpsense_minus_2h,"오늘의 추천코인은 코어코인 KORE 입니다.

Coin Name : KORE

매수하세요. 큰 상승이 기대됩니다."
hist-bittrex-MEME-201707032100,history,announcement,bittrex,MEME,BTC,1499115647000,2017-07-03T21:00:47Z,2026-10-07T12:53:22Z,history-merge-v1,Alt the Way,,,,,,,pumpsense,pumpsense_minus_2h,"The coin to pump is:
                    🔥MEME🔥

Initial price: 3800 sat ~
Exchange: Bittrex 🅱️
Target: +400% and more after EVERYBODY holds.
Duration: 1h (important❗️)

Market URL: https://bittrex.com/Market/Index?MarketName=BTC-MEME

Follow instructions. Good luck and enjoy ✌️👀"
hist-bittrex-MLN-201710300900,history,announcement,bittrex,MLN,BTC,1509354000000,2017-10-30T09:00:00Z,2026-10-07T12:53:22Z,history-merge-v1,C4P,,,,,,,lamorgia,lamorgia_gmt,
hist-bittrex-MLN-201711141200,history,announcement,bittrex,MLN,BTC,1510660800000,2017-11-14T12:00:00Z,2026-10-07T12:53:22Z,history-merge-v1,C4P,,,,,,,lamorgia,lamorgia_gmt,
hist-bittrex-MORE-201911271600,history,announcement,bittrex,MORE,BTC,1574870400000,2019-11-27T16:00:00Z,2026-10-07T12:53:22Z,history-merge-v1,TCG,,,,,,,lamorgia,lamorgia_gmt,
hist-bittrex-MORE-201911272000,history,announcement,bittrex,MORE,BTC,1574884800000,2019-11-27T20:00:00Z,2026-10-07T12:53:22Z,history-merge-v1,CPS; Crypto Pump Squad; Trading Crypto Guide,,,,,,,lamorgia+pumpsense,lamorgia_gmt,"Coin is
https://cdn.discordapp.com/attachments/516353065771728908/649330692093902876/unknown.png
Exected gain: 100-150%"
hist-bittrex-MORE-202002132000,history,announcement,bittrex,MORE,BTC,1581624000000,2020-02-13T20:00:00Z,2026-10-07T12:53:22Z,history-merge-v1,CPS; BPF; Crypto Pump Squad; Hit Pump Angels,,,,,,,lamorgia+pumpsense,lamorgia_gmt,"https://cdn.discordapp.com/attachments/516353065771728908/649330692093902876/unknown.png
expected gain 75-110%
Coin is"
hist-bittrex-MORE-202004212000,history,announcement,bittrex,MORE,BTC,1587499200000,2020-04-21T20:00:00Z,2026-10-07T12:53:22Z,history-merge-v1,CPS; Crypto Pump Squad,,,,,,,lamorgia+pumpsense,lamorgia_gmt,"https://media.discordapp.net/attachments/451960296618328074/701198471629242439/unknown.png
Expected Gain 90%-150%
Coin is"
hist-bittrex-MORE-202005192000,history,announcement,bittrex,MORE,BTC,1589918400000,2020-05-19T20:00:00Z,2026-10-07T12:53:22Z,history-merge-v1,CPS; Crypto Pump Squad,,,,,,,lamorgia+pumpsense,lamorgia_gmt,"https://media.discordapp.net/attachments/451960296618328074/712143080421064765/unknown.png
Expected Gain 100%-140%
Coin is"
hist-bittrex-MYST-201710261100,history,announcement,bittrex,MYST,BTC,1509015600000,2017-10-26T11:00:00Z,2026-10-07T12:53:22Z,history-merge-v1,C4P,,,,,,,lamorgia,lamorgia_gmt,
hist-bittrex-NBT-201711191700,history,announcement,bittrex,NBT,BTC,1511110800000,2017-11-19T17:00:00Z,2026-10-07T12:53:22Z,history-merge-v1,PKG,,,,,,,lamorgia,lamorgia_gmt,
hist-bittrex-NEOS-201710261230,history,announcement,bittrex,NEOS,BTC,1509021023000,2017-10-26T12:30:23Z,2026-10-07T12:53:22Z,history-merge-v1,Altcoins Trading Signals,,,,,,,pumpsense,pumpsense_minus_2h,
hist-bittrex-NLG-201711241630,history,announcement,bittrex,NLG,BTC,1511541056000,2017-11-24T16:30:56Z,2026-10-07T12:53:22Z,history-merge-v1,Alt the Way,,,,,,,pumpsense,pumpsense_minus_2h,
hist-bittrex-NLG-201906271959,history,announcement,bittrex,NLG,BTC,1561665540000,2019-06-27T19:59:00Z,2026-10-07T12:53:22Z,history-merge-v1,CPS; Crypto Pump Squad; BPF; Hit Pump Angels,,,,,,,lamorgia+pumpsense,lamorgia_gmt,https://cdn.discordapp.com/attachments/504313393088561162/593885809841668130/coin.png
hist-bittrex-NXC-201711231630,history,announcement,bittrex,NXC,BTC,1511454611000,2017-11-23T16:30:11Z,2026-10-07T12:53:22Z,history-merge-v1,Alt the Way,,,,,,,pumpsense,pumpsense_minus_2h,
hist-bittrex-NXC-201712081715,history,announcement,bittrex,NXC,BTC,1512753300000,2017-12-08T17:15:00Z,2026-10-07T12:53:22Z,history-merge-v1,C4P,,,,,,,lamorgia,lamorgia_gmt,
hist-bittrex-OMNI-201711111558,history,announcement,bittrex,OMNI,BTC,1510415880000,2017-11-11T15:58:00Z,2026-10-07T12:53:22Z,history-merge-v1,TCG,,,,,,,lamorgia,lamorgia_gmt,
hist-bittrex-PDC-201707051500,history,announcement,bittrex,PDC,BTC,1499266800000,2017-07-05T15:00:00Z,2026-10-07T12:53:22Z,history-merge-v1,TCC,,,,,,,lamorgia,lamorgia_gmt,
hist-bittrex-PDC-201711141600,history,announcement,bittrex,PDC,BTC,1510675224000,2017-11-14T16:00:24Z,2026-10-07T12:53:22Z,history-merge-v1,Alt the Way,,,,,,,pumpsense,pumpsense_minus_2h,"Coin => PDC

https://bittrex.com/Market/Index?MarketName=BTC-PDC"
hist-bittrex-PDC-201712051718,history,announcement,bittrex,PDC,BTC,1512494280000,2017-12-05T17:18:00Z,2026-10-07T12:53:22Z,history-merge-v1,TCG,,,,,,,lamorgia,lamorgia_gmt,
hist-bittrex-PDC-201712251715,history,announcement,bittrex,PDC,BTC,1514222100000,2017-12-25T17:15:00Z,2026-10-07T12:53:22Z,history-merge-v1,C4P,,,,,,,lamorgia,lamorgia_gmt,
hist-bittrex-PINK-201710301135,history,announcement,bittrex,PINK,BTC,1509363340000,2017-10-30T11:35:40Z,2026-10-07T12:53:22Z,history-merge-v1,Altcoins Trading Signals,,,,,,,pumpsense,pumpsense_minus_2h,
hist-bittrex-PINK-201906202000,history,announcement,bittrex,PINK,BTC,1561060800000,2019-06-20T20:00:00Z,2026-10-07T12:53:22Z,history-merge-v1,CPS; BPF; Crypto Pump Squad; Hit Pump Angels,,,,,,,lamorgia+pumpsense,lamorgia_gmt,https://cdn.discordapp.com/attachments/504313393088561162/591342572610388028/coin.png
hist-bittrex-PKB-201710301400,history,announcement,bittrex,PKB,BTC,1509372030000,2017-10-30T14:00:30Z,2026-10-07T12:53:22Z,history-merge-v1,Altcoins Trading Signals,,,,,,,pumpsense,pumpsense_minus_2h,
hist-bittrex-PKB-201801051259,history,announcement,bittrex,PKB,BTC,1515157186000,2018-01-05T12:59:46Z,2026-10-07T12:53:22Z,history-merge-v1,Altcoins Trading Signals,,,,,,,pumpsense,pumpsense_minus_2h,"BUY:PKB

https://bittrex.com/Market/Index?MarketName=BTC-PKB"
hist-bittrex-PTC-201711021329,history,announcement,bittrex,PTC,BTC,1509629384000,2017-11-02T13:29:44Z,2026-10-07T12:53:22Z,history-merge-v1,Altcoins Trading Signals,,,,,,,pumpsense,pumpsense_minus_2h,
hist-bittrex-PTC-201801191715,history,announcement,bittrex,PTC,BTC,1516382100000,2018-01-19T17:15:00Z,2026-10-07T12:53:22Z,history-merge-v1,C4P,,,,,,,lamorgia,lamorgia_gmt,
hist-bittrex-RADS-201710281230,history,announcement,bittrex,RADS,BTC,1509193808000,2017-10-28T12:30:08Z,2026-10-07T12:53:22Z,history-merge-v1,Altcoins Trading Signals,,,,,,,pumpsense,pumpsense_minus_2h,
hist-bittrex-RBY-201803141600,history,announcement,bittrex,RBY,BTC,1521043206000,2018-03-14T16:00:06Z,2026-10-07T12:53:22Z,history-merge-v1,Crypto Guru,,,,,,,pumpsense,pumpsense_minus_2h,"Buy #RBY now 🚀🚀🚀
https://bittrex.com/Market/Index?MarketName=BTC-RBY"
hist-bittrex-RDN-201903241859,history,announcement,bittrex,RDN,BTC,1553453940000,2019-03-24T18:59:00Z,2026-10-07T12:53:22Z,history-merge-v1,BPF,,,,,,,lamorgia,lamorgia_gmt,
hist-bittrex-RLC-201710051401,history,announcement,bittrex,RLC,BTC,1507212081000,2017-10-05T14:01:21Z,2026-10-07T12:53:22Z,history-merge-v1,Altcoins Trading Signals,,,,,,,pumpsense,pumpsense_minus_2h,https://www.bittrex.com/Market/Index?MarketName=BTC-RLC
hist-bittrex-RLC-201805031300,history,announcement,bittrex,RLC,BTC,1525352400000,2018-05-03T13:00:00Z,2026-10-07T12:53:22Z,history-merge-v1,Altcoins Trading Signals,,,,,,,pumpsense,pumpsense_minus_2h,"Coin Name : RLC 

매수하세요 호재거리와 차트분석을 드리겠습니다.

Exchange : Bittrex UPbit
Buy And Hold Great News And TA Below 👇👇👇👇"
hist-bittrex-SBD-201711091700,history,announcement,bittrex,SBD,BTC,1510246800000,2017-11-09T17:00:00Z,2026-10-07T12:53:22Z,history-merge-v1,PKG,,,,,,,lamorgia,lamorgia_gmt,
hist-bittrex-SEQ-201802111410,history,announcement,bittrex,SEQ,BTC,1518358200000,2018-02-11T14:10:00Z,2026-10-07T12:53:22Z,history-merge-v1,TCG,,,,,,,lamorgia,lamorgia_gmt,
hist-bittrex-SEQ-201907011559,history,announcement,bittrex,SEQ,BTC,1561996740000,2019-07-01T15:59:00Z,2026-10-07T12:53:22Z,history-merge-v1,TCG; Trading Crypto Guide,,,,,,,lamorgia+pumpsense,lamorgia_gmt,"Coin Name : SEQ

Coin Link : https://international.bittrex.com/Market/Index?MarketName=BTC-SEQ

Targets : 50%-100%-150%"
hist-bittrex-SHIFT-201711011330,history,announcement,bittrex,SHIFT,BTC,1509543024000,2017-11-01T13:30:24Z,2026-10-07T12:53:22Z,history-merge-v1,Altcoins Trading Signals,,,,,,,pumpsense,pumpsense_minus_2h,
hist-bittrex-SHIFT-201804141330,history,announcement,bittrex,SHIFT,BTC,1523712613000,2018-04-14T13:30:13Z,2026-10-07T12:53:22Z,history-merge-v1,Altcoins Trading Signals,,,,,,,pumpsense,pumpsense_minus_2h,Coin name : SHIFT
hist-bittrex-SIB-202005142000,history,announcement,bittrex,SIB,BTC,1589486400000,2020-05-14T20:00:00Z,2026-10-07T12:53:22Z,history-merge-v1,CPS; Crypto Pump Squad,,,,,,,lamorgia+pumpsense,lamorgia_gmt,"https://media.discordapp.net/attachments/451960296618328074/710269816820203551/unknown.png
Expected Gain 85%-130%
Coin is"
hist-bittrex-SLR-201707081630,history,announcement,bittrex,SLR,BTC,1499531400000,2017-07-08T16:30:00Z,2026-10-07T12:53:22Z,history-merge-v1,TCC,,,,,,,lamorgia,lamorgia_gmt,
hist-bittrex-SLR-201710291030,history,announcement,bittrex,SLR,BTC,1509273007000,2017-10-29T10:30:07Z,2026-10-07T12:53:22Z,history-merge-v1,Altcoins Trading Signals,,,,,,,pumpsense,pumpsense_minus_2h,
hist-bittrex-SLR-201906251900,history,announcement,bittrex,SLR,BTC,1561489200000,2019-06-25T19:00:00Z,2026-10-07T12:53:22Z,history-merge-v1,Trading Crypto Guide; TCG,,,,,,,lamorgia+pumpsense,lamorgia_gmt,"Coin Name : SLR 

Coin Link : https://international.bittrex.com/Market/Index?MarketName=BTC-SLR

Targets : 100%-150%-200%"
hist-bittrex-SLS-201707021700,history,announcement,bittrex,SLS,BTC,1499014832000,2017-07-02T17:00:32Z,2026-10-07T12:53:22Z,history-merge-v1,Alt the Way,,,,,,,pumpsense,pumpsense_minus_2h,Sls
hist-bittrex-SLS-201709251313,history,announcement,bittrex,SLS,BTC,1506345194000,2017-09-25T13:13:14Z,2026-10-07T12:53:22Z,history-merge-v1,Altcoins Trading Signals,,,,,,,pumpsense,pumpsense_minus_2h,https://bittrex.com/Market/Index?MarketName=BTC-SLS
hist-bittrex-SLS-201711171715,history,announcement,bittrex,SLS,BTC,1510938900000,2017-11-17T17:15:00Z,2026-10-07T12:53:22Z,history-merge-v1,Alt the Way; C4P,,,,,,,lamorgia+pumpsense,lamorgia_gmt,"Coin => SLS

https://bittrex.com/Market/Index?MarketName=BTC-SLS"
hist-bittrex-SNRG-201710171100,history,announcement,bittrex,SNRG,BTC,1508238000000,2017-10-17T11:00:00Z,2026-10-07T12:53:22Z,history-merge-v1,C4P,,,,,,,lamorgia,lamorgia_gmt,
hist-bittrex-SNRG-201712051715,history,announcement,bittrex,SNRG,BTC,1512494100000,2017-12-05T17:15:00Z,2026-10-07T12:53:22Z,history-merge-v1,C4P,,,,,,,lamorgia,lamorgia_gmt,
hist-bittrex-SPHR-201707151600,history,announcement,bittrex,SPHR,BTC,1500134415000,2017-07-15T16:00:15Z,2026-10-07T12:53:22Z,history-merge-v1,Alt the Way,,,,,,,pumpsense,pumpsense_minus_2h,"Coin: Sphere (SPHR)

Platform: Bittrex
Estimated raise: 2-3x"
hist-bittrex-SPHR-201711201715,history,announcement,bittrex,SPHR,BTC,1511198100000,2017-11-20T17:15:00Z,2026-10-07T12:53:22Z,history-merge-v1,Alt the Way; C4P,,,,,,,lamorgia+pumpsense,lamorgia_gmt,
hist-bittrex-SPHR-201711211630,history,announcement,bittrex,SPHR,BTC,1511281806000,2017-11-21T16:30:06Z,2026-10-07T12:53:22Z,history-merge-v1,Alt the Way,,,,,,,pumpsense,pumpsense_minus_2h,
hist-bittrex-SPR-201804121500,history,announcement,bittrex,SPR,BTC,1523545200000,2018-04-12T15:00:00Z,2026-10-07T12:53:22Z,history-merge-v1,TCG,,,,,,,lamorgia,lamorgia_gmt,
hist-bittrex-SWIFT-201711221630,history,announcement,bittrex,SWIFT,BTC,1511368203000,2017-11-22T16:30:03Z,2026-10-07T12:53:22Z,history-merge-v1,Alt the Way,,,,,,,pumpsense,pumpsense_minus_2h,
hist-bittrex-SWT-201805291300,history,announcement,bittrex,SWT,BTC,1527598800000,2018-05-29T13:00:00Z,2026-10-07T12:53:22Z,history-merge-v1,Altcoins Trading Signals; FCS,,,,,,,lamorgia+pumpsense,lamorgia_gmt,"Coin Name : SWT 
Buy Fast And Hold"
hist-bittrex-THC-201707101630,history,announcement,bittrex,THC,BTC,1499704200000,2017-07-10T16:30:00Z,2026-10-07T12:53:22Z,history-merge-v1,TCC,,,,,,,lamorgia,lamorgia_gmt,
hist-bittrex-THC-201710241200,history,announcement,bittrex,THC,BTC,1508846413000,2017-10-24T12:00:13Z,2026-10-07T12:53:22Z,history-merge-v1,Altcoins Trading Signals,,,,,,,pumpsense,pumpsense_minus_2h,"Coin: THC 

https://bittrex.com/Market/Index?MarketName=BTC-THC"
hist-bittrex-TKS-201709221600,history,announcement,bittrex,TKS,BTC,1506096015000,2017-09-22T16:00:15Z,2026-10-07T12:53:22Z,history-merge-v1,Altcoins Trading Signals,,,,,,,pumpsense,pumpsense_minus_2h,https://bittrex.com/Market/Index?MarketName=BTC-TKS
hist-bittrex-TKS-201710311715,history,announcement,bittrex,TKS,BTC,1509470100000,2017-10-31T17:15:00Z,2026-10-07T12:53:22Z,history-merge-v1,C4P,,,,,,,lamorgia,lamorgia_gmt,
hist-bittrex-TKS-201711091604,history,announcement,bittrex,TKS,BTC,1510243451000,2017-11-09T16:04:11Z,2026-10-07T12:53:22Z,history-merge-v1,Alt the Way,,,,,,,pumpsense,pumpsense_minus_2h,"Coin => Tokes (TKS)
https://bittrex.com/Market/Index?MarketName=BTC-TKS"
hist-bittrex-TKS-201801021715,history,announcement,bittrex,TKS,BTC,1514913300000,2018-01-02T17:15:00Z,2026-10-07T12:53:22Z,history-merge-v1,C4P,,,,,,,lamorgia,lamorgia_gmt,
hist-bittrex-TKS-201905232000,history,announcement,bittrex,TKS,BTC,1558641600000,2019-05-23T20:00:00Z,2026-10-07T12:53:22Z,history-merge-v1,CPS; Crypto Pump Squad,,,,,,,lamorgia+pumpsense,lamorgia_gmt,https://cdn.discordapp.com/attachments/504313393088561162/581199365465702400/unknown.png
hist-bittrex-TRUST-201711111600,history,announcement,bittrex,TRUST,BTC,1510416015000,2017-11-11T16:00:15Z,2026-10-07T12:53:22Z,history-merge-v1,Alt the Way,,,,,,,pumpsense,pumpsense_minus_2h,"Coin => TRUST

https://bittrex.com/Market/Index?MarketName=BTC-TRUST"
hist-bittrex-TX-201710041420,history,announcement,bittrex,TX,BTC,1507126800000,2017-10-04T14:20:00Z,2026-10-07T12:53:22Z,history-merge-v1,C4P,,,,,,,lamorgia,lamorgia_gmt,
hist-bittrex-UBQ-201710311600,history,announcement,bittrex,UBQ,BTC,1509465600000,2017-10-31T16:00:00Z,2026-10-07T12:53:22Z,history-merge-v1,PKG,,,,,,,lamorgia,lamorgia_gmt,
hist-bittrex-UNB-201806271100,history,announcement,bittrex,UNB,BTC,1530097200000,2018-06-27T11:00:00Z,2026-10-07T12:53:22Z,history-merge-v1,FCS,,,,,,,lamorgia,lamorgia_gmt,
hist-bittrex-VRC-201706292101,history,announcement,bittrex,VRC,BTC,1498770099000,2017-06-29T21:01:39Z,2026-10-07T12:53:22Z,history-merge-v1,Alt the Way,,,,,,,pumpsense,pumpsense_minus_2h,Vrc
hist-bittrex-VRC-201804201359,history,announcement,bittrex,VRC,BTC,1524232767000,2018-04-20T13:59:27Z,2026-10-07T12:53:22Z,history-merge-v1,Altcoins Trading Signals,,,,,,,pumpsense,pumpsense_minus_2h,"Coin Name : VRC - BTC 

 Bittrex : https://bittrex.com/Market/Index?MarketName=BTC-VRC 

 UPbit : https://upbit.com/exchange?code=CRIX.UPBIT.BTC-VRC 

 ASIAN Team"
hist-bittrex-VRC-201808201259,history,announcement,bittrex,VRC,BTC,1534769991000,2018-08-20T12:59:51Z,2026-10-07T12:53:22Z,history-merge-v1,Crown Signal Notifier,,,,,,,pumpsense,pumpsense_minus_2h,"Coin ~ VRC 

https://upbit.com/exchange?code=CRIX.UPBIT.BTC-VRC

매수하세요. 큰 상승이 기대됩니다."
hist-bittrex-VRC-202001302000,history,announcement,bittrex,VRC,BTC,1580414400000,2020-01-30T20:00:00Z,2026-10-07T12:53:22Z,history-merge-v1,CPS; BPF; Crypto Pump Squad; Hit Pump Angels,,,,,,,lamorgia+pumpsense,lamorgia_gmt,"https://cdn.discordapp.com/attachments/516353065771728908/672528146616287252/unknown.png
Coin is"
hist-bittrex-XAUR-201711231715,history,announcement,bittrex,XAUR,BTC,1511457300000,2017-11-23T17:15:00Z,2026-10-07T12:53:22Z,history-merge-v1,C4P,,,,,,,lamorgia,lamorgia_gmt,
hist-bittrex-XMG-201711021656,history,announcement,bittrex,XMG,BTC,1509641760000,2017-11-02T16:56:00Z,2026-10-07T12:53:22Z,history-merge-v1,PKG,,,,,,,lamorgia,lamorgia_gmt,
hist-bittrex-XST-201707101800,history,announcement,bittrex,XST,BTC,1499709619000,2017-07-10T18:00:19Z,2026-10-07T12:53:22Z,history-merge-v1,Alt the Way,,,,,,,pumpsense,pumpsense_minus_2h,"🔥 Pump Alert 🔥

Coin to Pump

---- XST ----

https://bittrex.com/Market/Index?MarketName=BTC-XST

- Exchange: Bittrex

- Share our link: Http://t.me/AltTheWay"
hist-coineal-VC-201906252000,history,announcement,coineal,VC,USDT,1561492821000,2019-06-25T20:00:21Z,2026-10-07T12:53:22Z,history-merge-v1,Crypto Profits,,,,,,,pumpsense,pumpsense_minus_2h,"Coin name : VC

Exchange : coineal.com

Market - USDT market

Call is long term , target 300-600%

Buy and hold"
hist-coinexchange-ASN-201711301500,history,announcement,coinexchange,ASN,BTC,1512054005000,2017-11-30T15:00:05Z,2026-10-07T12:53:22Z,history-merge-v1,Altcoins Trading Signals,,,,,,,pumpsense,pumpsense_minus_2h,"Coin Name : BTC - ASN 

https://www.coinexchange.io/market/ASN/BTC"
hist-coinexchange-CDX-201712061500,history,announcement,coinexchange,CDX,BTC,1512572404000,2017-12-06T15:00:04Z,2026-10-07T12:53:22Z,history-merge-v1,Altcoins Trading Signals,,,,,,,pumpsense,pumpsense_minus_2h,"Buy Fast 
Coin name : BTC- CDX

https://www.coinexchange.io/market/CDX/BTC"
hist-coinexchange-EXCL-201712091630,history,announcement,coinexchange,EXCL,BTC,1512837002000,2017-12-09T16:30:02Z,2026-10-07T12:53:22Z,history-merge-v1,Altcoins Trading Signals,,,,,,,pumpsense,pumpsense_minus_2h,"Signal Coinexchange 
Coin Name : BTC - EXCL 

https://www.coinexchange.io/market/EXCL/BTC"
hist-coinexchange-GP-201712071659,history,announcement,coinexchange,GP,BTC,1512665973000,2017-12-07T16:59:33Z,2026-10-07T12:53:22Z,history-merge-v1,Alt the Way,,,,,,,pumpsense,pumpsense_minus_2h,"Coin: GP
Exchange: Coinexchange"
hist-coinexchange-GP-201712081700,history,announcement,coinexchange,GP,BTC,1512752407000,2017-12-08T17:00:07Z,2026-10-07T12:53:22Z,history-merge-v1,Alt the Way,,,,,,,pumpsense,pumpsense_minus_2h,"Coin: GP
Exchange: Coinexchange"
hist-coinexchange-IQT-201712041530,history,announcement,coinexchange,IQT,BTC,1512401404000,2017-12-04T15:30:04Z,2026-10-07T12:53:22Z,history-merge-v1,Altcoins Trading Signals,,,,,,,pumpsense,pumpsense_minus_2h,"Coin name  :BTC - IQT 

https://www.coinexchange.io/market/IQT/BTC"
hist-coinexchange-KOBO-201712061659,history,announcement,coinexchange,KOBO,BTC,1512579586000,2017-12-06T16:59:46Z,2026-10-07T12:53:22Z,history-merge-v1,Alt the Way,,,,,,,pumpsense,pumpsense_minus_2h,"Coin: KOBO
Exchange: Coinexchange. io"
hist-coinexchange-PIX-201712021500,history,announcement,coinexchange,PIX,BTC,1512226804000,2017-12-02T15:00:04Z,2026-10-07T12:53:22Z,history-merge-v1,Altcoins Trading Signals,,,,,,,pumpsense,pumpsense_minus_2h,"Coin Name : BTC- PIX

https://www.coinexchange.io/market/PIX/BTC
Buy Good Coin N News Coming soon"
hist-coinexchange-ZCL-201712051700,history,announcement,coinexchange,ZCL,BTC,1512493209000,2017-12-05T17:00:09Z,2026-10-07T12:53:22Z,history-merge-v1,Alt the Way,,,,,,,pumpsense,pumpsense_minus_2h,"Coin: ZCL
exchange: coinexchange"
hist-crex24-CGEN-202002161000,history,announcement,crex24,CGEN,BTC,1581847216000,2020-02-16T10:00:16Z,2026-10-07T12:53:22Z,history-merge-v1,Hit Pump Angels,,,,,,,pumpsense,pumpsense_minus_2h,"COIN IS: CGEN

BUY BUY BUY"
hist-crp-MAGN-201810291900,history,announcement,crp,MAGN,BTC,1540839603000,2018-10-29T19:00:03Z,2026-10-07T12:53:22Z,history-merge-v1,Crypto Profits,,,,,,,pumpsense,pumpsense_minus_2h,
hist-cryptopia-611-201808311830,history,announcement,cryptopia,611,BTC,1535740200000,2018-08-31T18:30:00Z,2026-10-07T12:53:22Z,history-merge-v1,BPF; Hit Pump Angels; LUX,,,,,,,lamorgia+pumpsense,lamorgia_gmt,COIN IS : 611
hist-cryptopia-611-201809071900,history,announcement,cryptopia,611,BTC,1536346800000,2018-09-07T19:00:00Z,2026-10-07T12:53:22Z,history-merge-v1,BPF; Hit Pump Angels,,,,,,,lamorgia+pumpsense,lamorgia_gmt,COIN IS : 611
hist-cryptopia-ABC-201806101700,history,announcement,cryptopia,ABC,BTC,1528650000000,2018-06-10T17:00:00Z,2026-10-07T12:53:22Z,history-merge-v1,BPF; Hit Pump Angels,,,,,,,lamorgia+pumpsense,lamorgia_gmt,COIN IS : ABC
hist-cryptopia-ABC-201807051900,history,announcement,cryptopia,ABC,BTC,1530817200000,2018-07-05T19:00:00Z,2026-10-07T12:53:22Z,history-merge-v1,BPF; Hit Pump Angels; Binance Crypto Pumps,,,,,,,lamorgia+pumpsense,lamorgia_gmt,ABC
hist-cryptopia-ACOIN-201805131700,history,announcement,cryptopia,ACOIN,BTC,1526230800000,2018-05-13T17:00:00Z,2026-10-07T12:53:22Z,history-merge-v1,BPF; Hit Pump Angels,,,,,,,lamorgia+pumpsense,lamorgia_gmt,COIN IS: ACOIN
hist-cryptopia-ALIS-201809221700,history,announcement,cryptopia,ALIS,BTC,1537635600000,2018-09-22T17:00:00Z,2026-10-07T12:53:22Z,history-merge-v1,LUX,,,,,,,lamorgia,lamorgia_gmt,
hist-cryptopia-ALIS-201810271701,history,announcement,cryptopia,ALIS,BTC,1540659676000,2018-10-27T17:01:16Z,2026-10-07T12:53:22Z,history-merge-v1,Crypto Ninja Official,,,,,,,pumpsense,pumpsense_minus_2h,"The coin to pump is: 💎 ALIS 💎 

Exchange: Cryptopia.co.nz📊

Target: +200%   📈 

Market: ALIS/BTC

https://www.cryptopia.co.nz/Exchange/?market=ALIS_BTC

Buy Buy Buy & Hold Hold Hold
Buy Buy Buy & Hold Hold Hold
Buy Buy Buy & Hold Hold Hold"
hist-cryptopia-ALL-201809091900,history,announcement,cryptopia,ALL,BTC,1536519600000,2018-09-09T19:00:00Z,2026-10-07T12:53:22Z,history-merge-v1,BPF; Hit Pump Angels,,,,,,,lamorgia+pumpsense,lamorgia_gmt,COIN : ALL
hist-cryptopia-ALL-201810141900,history,announcement,cryptopia,ALL,BTC,1539543600000,2018-10-14T19:00:00Z,2026-10-07T12:53:22Z,history-merge-v1,BPF; Hit Pump Angels,,,,,,,lamorgia+pumpsense,lamorgia_gmt,COIN IS : ALL
hist-cryptopia-ALL-201811011900,history,announcement,cryptopia,ALL,BTC,1541098804000,2018-11-01T19:00:04Z,2026-10-07T12:53:22Z,history-merge-v1,Crypto Profits,,,,,,,pumpsense,pumpsense_minus_2h,
hist-cryptopia-ALT-201809101700,history,announcement,cryptopia,ALT,BTC,1536598802000,2018-09-10T17:00:02Z,2026-10-07T12:53:22Z,history-merge-v1,Crypto Profits,,,,,,,pumpsense,pumpsense_minus_2h,"The coin to pump is: 💎 ALT 💎 

Exchange: Cryptopia.co.nz📊

Target: +500%   📈 

Market: ALT/BTC

https://www.cryptopia.co.nz/Exchange/?market=ALT_BTC"
hist-cryptopia-AMP-201809151700,history,announcement,cryptopia,AMP,BTC,1537030811000,2018-09-15T17:00:11Z,2026-10-07T12:53:22Z,history-merge-v1,Crypto Profits,,,,,,,pumpsense,pumpsense_minus_2h,"The coin to pump is: 💎 AMP 💎 

Exchange: Cryptopia.co.nz📊

Target: +500%   📈 

Market: AMP/BTC

https://www.cryptopia.co.nz/Exchange/?market=AMP_BTC"
hist-cryptopia-ARGUS-201805181700,history,announcement,cryptopia,ARGUS,BTC,1526662800000,2018-05-18T17:00:00Z,2026-10-07T12:53:22Z,history-merge-v1,CPI,,,,,,,lamorgia,lamorgia_gmt,
hist-cryptopia-ARI-201805021500,history,announcement,cryptopia,ARI,BTC,1525273200000,2018-05-02T15:00:00Z,2026-10-07T12:53:22Z,history-merge-v1,CPI,,,,,,,lamorgia,lamorgia_gmt,
hist-cryptopia-ARI-201806091500,history,announcement,cryptopia,ARI,BTC,1528556400000,2018-06-09T15:00:00Z,2026-10-07T12:53:22Z,history-merge-v1,CPI,,,,,,,lamorgia,lamorgia_gmt,
hist-cryptopia-ARI-201808161500,history,announcement,cryptopia,ARI,BTC,1534431600000,2018-08-16T15:00:00Z,2026-10-07T12:53:22Z,history-merge-v1,CPI; Bitcoin Pump Group,,,,,,,lamorgia+pumpsense,lamorgia_gmt,https://www.cryptopia.co.nz/Exchange/?market=ARI_BTC
hist-cryptopia-AST-201903021400,history,announcement,cryptopia,AST,BTC,1551535200000,2019-03-02T14:00:00Z,2026-10-07T12:53:22Z,history-merge-v1,CPI,,,,,,,lamorgia,lamorgia_gmt,
hist-cryptopia-ATH-201809121830,history,announcement,cryptopia,ATH,BTC,1536777000000,2018-09-12T18:30:00Z,2026-10-07T12:53:22Z,history-merge-v1,LUX; BPF; Hit Pump Angels,,,,,,,lamorgia+pumpsense,lamorgia_gmt,Coin is : ATH
hist-cryptopia-AUR-201809241700,history,announcement,cryptopia,AUR,BTC,1537808401000,2018-09-24T17:00:01Z,2026-10-07T12:53:22Z,history-merge-v1,Crypto Profits,,,,,,,pumpsense,pumpsense_minus_2h,"The coin to pump is: 💎 AUR 💎 

Exchange: Cryptopia.co.nz📊

Target: +500%   📈 

Market: AUR/BTC

https://www.cryptopia.co.nz/Exchange/?market=AUR_BTC"
hist-cryptopia-BBT-201901081500,history,announcement,cryptopia,BBT,BTC,1546959600000,2019-01-08T15:00:00Z,2026-10-07T12:53:22Z,history-merge-v1,CPI,,,,,,,lamorgia,lamorgia_gmt,
hist-cryptopia-BBT-201901112000,history,announcement,cryptopia,BBT,BTC,1547236800000,2019-01-11T20:00:00Z,2026-10-07T12:53:22Z,history-merge-v1,CPS; Crypto Pump Squad,,,,,,,lamorgia+pumpsense,lamorgia_gmt,https://cdn.discordapp.com/attachments/504313393088561162/533363808702431259/coin.png
hist-cryptopia-BCPT-201808301700,history,announcement,cryptopia,BCPT,BTC,1535648401000,2018-08-30T17:00:01Z,2026-10-07T12:53:22Z,history-merge-v1,Crypto Profits,,,,,,,pumpsense,pumpsense_minus_2h,"The coin to pump is: 💎 BCPT 💎 

Exchange: Cryptopia.co.nz📊

Target: +500%   📈 

Market: BCPT/BTC

https://www.cryptopia.co.nz/Exchange/?market=BCPT_BTC"
hist-cryptopia-BCPT-201809281800,history,announcement,cryptopia,BCPT,BTC,1538157600000,2018-09-28T18:00:00Z,2026-10-07T12:53:22Z,history-merge-v1,BPF; Hit Pump Angels,,,,,,,lamorgia+pumpsense,lamorgia_gmt,"🔥🚀 PUMP STARTS 🚀🔥

The coin to pump is: 💎 BCPT 💎

BlockMason (BCPT/BTC)

Exchange: Cryptopia 📊

Target: +80%  📈 

Market URL: https://www.cryptopia.co.nz/Exchange/?market=BCPT_BTC

Trollbox:
https://www.cryptopia.co.nz/Chat"
hist-cryptopia-BCS-201809131930,history,announcement,cryptopia,BCS,BTC,1536867000000,2018-09-13T19:30:00Z,2026-10-07T12:53:22Z,history-merge-v1,Crypto Pump Squad,,,,,,,pumpsense,pumpsense_minus_2h,"@everyone

https://cdn.discordapp.com/attachments/484968678778077194/489876146008227850/unknown.png
**COIN IS**"
hist-cryptopia-BCS-201809141930,history,announcement,cryptopia,BCS,BTC,1536953400000,2018-09-14T19:30:00Z,2026-10-07T12:53:22Z,history-merge-v1,CPS,,,,,,,lamorgia,lamorgia_gmt,
hist-cryptopia-BDL-201802111558,history,announcement,cryptopia,BDL,BTC,1518364680000,2018-02-11T15:58:00Z,2026-10-07T12:53:22Z,history-merge-v1,FCS,,,,,,,lamorgia,lamorgia_gmt,
hist-cryptopia-BDL-201809031500,history,announcement,cryptopia,BDL,BTC,1535986800000,2018-09-03T15:00:00Z,2026-10-07T12:53:22Z,history-merge-v1,CPI; Bitcoin Pump Group,,,,,,,lamorgia+pumpsense,lamorgia_gmt,https://www.cryptopia.co.nz/Exchange/?market=BDL_BTC
hist-cryptopia-BEEZ-201806051500,history,announcement,cryptopia,BEEZ,BTC,1528210800000,2018-06-05T15:00:00Z,2026-10-07T12:53:22Z,history-merge-v1,CPI,,,,,,,lamorgia,lamorgia_gmt,
hist-cryptopia-BEEZ-201807251500,history,announcement,cryptopia,BEEZ,BTC,1532530800000,2018-07-25T15:00:00Z,2026-10-07T12:53:22Z,history-merge-v1,CPI; Bitcoin Pump Group,,,,,,,lamorgia+pumpsense,lamorgia_gmt,
hist-cryptopia-BEEZ-201808131500,history,announcement,cryptopia,BEEZ,BTC,1534172400000,2018-08-13T15:00:00Z,2026-10-07T12:53:22Z,history-merge-v1,CPI; Bitcoin Pump Group,,,,,,,lamorgia+pumpsense,lamorgia_gmt,https://www.cryptopia.co.nz/Exchange/?market=BEEZ_BTC
hist-cryptopia-BEEZ-201810031500,history,announcement,cryptopia,BEEZ,BTC,1538578800000,2018-10-03T15:00:00Z,2026-10-07T12:53:22Z,history-merge-v1,CPI; Bitcoin Pump Group,,,,,,,lamorgia+pumpsense,lamorgia_gmt,https://www.cryptopia.co.nz/Exchange/?market=BEEZ_BTC
hist-cryptopia-BERN-201808271500,history,announcement,cryptopia,BERN,BTC,1535382000000,2018-08-27T15:00:00Z,2026-10-07T12:53:22Z,history-merge-v1,CPI; Bitcoin Pump Group,,,,,,,lamorgia+pumpsense,lamorgia_gmt,https://www.cryptopia.co.nz/Exchange/?market=BERN_BTC
hist-cryptopia-BEST-201804191900,history,announcement,cryptopia,BEST,BTC,1524164400000,2018-04-19T19:00:00Z,2026-10-07T12:53:22Z,history-merge-v1,BPF; Hit Pump Angels,,,,,,,lamorgia+pumpsense,lamorgia_gmt,COIN IS : BEST
hist-cryptopia-BIP-201808161800,history,announcement,cryptopia,BIP,BTC,1534442400000,2018-08-16T18:00:00Z,2026-10-07T12:53:22Z,history-merge-v1,BPF; Hit Pump Angels,,,,,,,lamorgia+pumpsense,lamorgia_gmt,"🔥🚀 PUMP STARTS 🚀🔥

The coin to pump is: 💎 BIP 💎

BipCoin (BIP/BTC)

Exchange: Cryptopia 📊

Target: +200% 😱😱 📈 

Market URL: https://www.cryptopia.co.nz/Exchange?market=BIP_BTC

Trollbox:
https://www.cryptopia.co.nz/Chat"
hist-cryptopia-BIP-201808231900,history,announcement,cryptopia,BIP,BTC,1535050800000,2018-08-23T19:00:00Z,2026-10-07T12:53:22Z,history-merge-v1,CPS; Crypto Pump Squad,,,,,,,lamorgia+pumpsense,lamorgia_gmt,https://i.imgur.com/cfW9IrB.jpg
hist-cryptopia-BLOCK-201811092030,history,announcement,cryptopia,BLOCK,BTC,1541795400000,2018-11-09T20:30:00Z,2026-10-07T12:53:22Z,history-merge-v1,BPF; Hit Pump Angels,,,,,,,lamorgia+pumpsense,lamorgia_gmt,COIN IS : block
hist-cryptopia-BNC-201808051800,history,announcement,cryptopia,BNC,BTC,1533492000000,2018-08-05T18:00:00Z,2026-10-07T12:53:22Z,history-merge-v1,BPF; Hit Pump Angels,,,,,,,lamorgia+pumpsense,lamorgia_gmt,COIN IS : BNC
hist-cryptopia-BNC-201808281700,history,announcement,cryptopia,BNC,BTC,1535475603000,2018-08-28T17:00:03Z,2026-10-07T12:53:22Z,history-merge-v1,Crypto Profits,,,,,,,pumpsense,pumpsense_minus_2h,"The coin to pump is: 💎 BNC 💎 

Exchange: Cryptopia.co.nz📊

Target: +500%   📈 

Market: BNC/BTC

https://www.cryptopia.co.nz/Exchange/?market=BNC_BTC"
hist-cryptopia-BNC-201809061915,history,announcement,cryptopia,BNC,BTC,1536261300000,2018-09-06T19:15:00Z,2026-10-07T12:53:22Z,history-merge-v1,CPS; Crypto Pump Squad,,,,,,,lamorgia+pumpsense,lamorgia_gmt,https://i.imgur.com/JCvjfDG.jpg
hist-cryptopia-BNC-201809141700,history,announcement,cryptopia,BNC,BTC,1536944400000,2018-09-14T17:00:00Z,2026-10-07T12:53:22Z,history-merge-v1,Crypto Profits,,,,,,,pumpsense,pumpsense_minus_2h,"The coin to pump is: 💎 BNC 💎 

Exchange: Cryptopia.co.nz📊

Target: +500%   📈 

Market: BNC/BTC

https://www.cryptopia.co.nz/Exchange/?market=BNC_BTC"
hist-cryptopia-BOLI-201804181900,history,announcement,cryptopia,BOLI,BTC,1524078000000,2018-04-18T19:00:00Z,2026-10-07T12:53:22Z,history-merge-v1,BPF; Hit Pump Angels,,,,,,,lamorgia+pumpsense,lamorgia_gmt,BOLI
hist-cryptopia-BOLI-201810081830,history,announcement,cryptopia,BOLI,BTC,1539023400000,2018-10-08T18:30:00Z,2026-10-07T12:53:22Z,history-merge-v1,BPF; Hit Pump Angels,,,,,,,lamorgia+pumpsense,lamorgia_gmt,COIN IS : BOLI
hist-cryptopia-BON-201807081700,history,announcement,cryptopia,BON,BTC,1531069200000,2018-07-08T17:00:00Z,2026-10-07T12:53:22Z,history-merge-v1,BPF; Hit Pump Angels,,,,,,,lamorgia+pumpsense,lamorgia_gmt,BON
hist-cryptopia-BSTY-201804131700,history,announcement,cryptopia,BSTY,BTC,1523638800000,2018-04-13T17:00:00Z,2026-10-07T12:53:22Z,history-merge-v1,BPF; Hit Pump Angels,,,,,,,lamorgia+pumpsense,lamorgia_gmt,COIN : BSTY
hist-cryptopia-BSTY-201804281900,history,announcement,cryptopia,BSTY,BTC,1524942006000,2018-04-28T19:00:06Z,2026-10-07T12:53:22Z,history-merge-v1,Hit Pump Angels,,,,,,,pumpsense,pumpsense_minus_2h,
hist-cryptopia-BSTY-201811071900,history,announcement,cryptopia,BSTY,BTC,1541617204000,2018-11-07T19:00:04Z,2026-10-07T12:53:22Z,history-merge-v1,Crypto Profits,,,,,,,pumpsense,pumpsense_minus_2h,https://cdn.discordapp.com/attachments/495669904486170634/509799760861855746/pic.jpg
hist-cryptopia-BTSY-201804281900,history,announcement,cryptopia,BTSY,BTC,1524942000000,2018-04-28T19:00:00Z,2026-10-07T12:53:22Z,history-merge-v1,BPF,,,,,,,lamorgia,lamorgia_gmt,
hist-cryptopia-BUBO-201810111930,history,announcement,cryptopia,BUBO,BTC,1539286200000,2018-10-11T19:30:00Z,2026-10-07T12:53:22Z,history-merge-v1,Crypto Profits; CPS; Crypto Pump Squad,,,,,,,lamorgia+pumpsense,lamorgia_gmt,"350% = 300 sats

https://cdn.discordapp.com/attachments/422153606800605184/500009561919586326/unknown.png
@everyone"
hist-cryptopia-BVB-201804211600,history,announcement,cryptopia,BVB,BTC,1524326400000,2018-04-21T16:00:00Z,2026-10-07T12:53:22Z,history-merge-v1,CPI,,,,,,,lamorgia,lamorgia_gmt,
hist-cryptopia-BVB-201806211900,history,announcement,cryptopia,BVB,BTC,1529607600000,2018-06-21T19:00:00Z,2026-10-07T12:53:22Z,history-merge-v1,BPF; Hit Pump Angels,,,,,,,lamorgia+pumpsense,lamorgia_gmt,"COIN NAME : BVB

BUY AND HOLD !!!"
hist-cryptopia-BVB-201806231500,history,announcement,cryptopia,BVB,BTC,1529766000000,2018-06-23T15:00:00Z,2026-10-07T12:53:22Z,history-merge-v1,CPI,,,,,,,lamorgia,lamorgia_gmt,
hist-cryptopia-CAN-201809201930,history,announcement,cryptopia,CAN,BTC,1537471800000,2018-09-20T19:30:00Z,2026-10-07T12:53:22Z,history-merge-v1,CPS; Crypto Pump Squad,,,,,,,lamorgia+pumpsense,lamorgia_gmt,"@everyone

https://cdn.discordapp.com/attachments/484968678778077194/492402970567114762/coin.png
**COIN IS**"
hist-cryptopia-CAN-201809301830,history,announcement,cryptopia,CAN,BTC,1538332203000,2018-09-30T18:30:03Z,2026-10-07T12:53:22Z,history-merge-v1,Crypto Profits,,,,,,,pumpsense,pumpsense_minus_2h,
hist-cryptopia-CAN-201812131959,history,announcement,cryptopia,CAN,BTC,1544731140000,2018-12-13T19:59:00Z,2026-10-07T12:53:22Z,history-merge-v1,CPS; Crypto Pump Squad; Binance Crypto Pumps,,,,,,,lamorgia+pumpsense,lamorgia_gmt,https://cdn.discordapp.com/attachments/504313393088561162/522849771682005002/unknown.png
hist-cryptopia-CAP-201807131930,history,announcement,cryptopia,CAP,BTC,1531510200000,2018-07-13T19:30:00Z,2026-10-07T12:53:22Z,history-merge-v1,BPF; Hit Pump Angels,,,,,,,lamorgia+pumpsense,lamorgia_gmt,CAP
hist-cryptopia-CC-201806141700,history,announcement,cryptopia,CC,BTC,1528995600000,2018-06-14T17:00:00Z,2026-10-07T12:53:22Z,history-merge-v1,BPF; Hit Pump Angels,,,,,,,lamorgia+pumpsense,lamorgia_gmt,
hist-cryptopia-CC-201807041900,history,announcement,cryptopia,CC,BTC,1530730800000,2018-07-04T19:00:00Z,2026-10-07T12:53:22Z,history-merge-v1,BPF; Hit Pump Angels,,,,,,,lamorgia+pumpsense,lamorgia_gmt,COIN IS : CC
hist-cryptopia-CCN-201809061700,history,announcement,cryptopia,CCN,BTC,1536253204000,2018-09-06T17:00:04Z,2026-10-07T12:53:22Z,history-merge-v1,Crypto Profits,,,,,,,pumpsense,pumpsense_minus_2h,"The coin to pump is: 💎 CCN 💎 

Exchange: Cryptopia.co.nz📊

Target: +500%   📈 

Market: CCN/BTC

https://www.cryptopia.co.nz/Exchange/?market=CCN_BTC"
hist-cryptopia-CFT-201802071715,history,announcement,cryptopia,CFT,BTC,1518023700000,2018-02-07T17:15:00Z,2026-10-07T12:53:22Z,history-merge-v1,C4P,,,,,,,lamorgia,lamorgia_gmt,
hist-cryptopia-CHAN-201809091700,history,announcement,cryptopia,CHAN,BTC,1536512400000,2018-09-09T17:00:00Z,2026-10-07T12:53:22Z,history-merge-v1,Crypto Profits,,,,,,,pumpsense,pumpsense_minus_2h,"The coin to pump is: 💎 CHAN 💎 

Exchange: Cryptopia.co.nz📊

Target: +500%   📈 

Market: CHAN/BTC

https://www.cryptopia.co.nz/Exchange/?market=CHAN_BTC"
hist-cryptopia-CHAN-201810091700,history,announcement,cryptopia,CHAN,BTC,1539104401000,2018-10-09T17:00:01Z,2026-10-07T12:53:22Z,history-merge-v1,Crypto Profits,,,,,,,pumpsense,pumpsense_minus_2h,
hist-cryptopia-CHESS-201809121700,history,announcement,cryptopia,CHESS,BTC,1536771604000,2018-09-12T17:00:04Z,2026-10-07T12:53:22Z,history-merge-v1,Crypto Profits,,,,,,,pumpsense,pumpsense_minus_2h,"The coin to pump is: 💎 CHESS 💎 

Exchange: Cryptopia.co.nz📊

Target: +500%   📈 

Market: CHESS/BTC

https://www.cryptopia.co.nz/Exchange/?market=CHESS_BTC"
hist-cryptopia-CHESS-201901011500,history,announcement,cryptopia,CHESS,BTC,1546354800000,2019-01-01T15:00:00Z,2026-10-07T12:53:22Z,history-merge-v1,CPI,,,,,,,lamorgia,lamorgia_gmt,
hist-cryptopia-CL-201805231800,history,announcement,cryptopia,CL,BTC,1527098400000,2018-05-23T18:00:00Z,2026-10-07T12:53:22Z,history-merge-v1,BPF; Hit Pump Angels,,,,,,,lamorgia+pumpsense,lamorgia_gmt,COIN IS : CL
hist-cryptopia-CLOAK-201809011700,history,announcement,cryptopia,CLOAK,BTC,1535821203000,2018-09-01T17:00:03Z,2026-10-07T12:53:22Z,history-merge-v1,Crypto Profits,,,,,,,pumpsense,pumpsense_minus_2h,"The coin to pump is: 💎 CLOAK 💎 

Exchange: Cryptopia.co.nz📊

Target: +500%   📈 

Market: CLOAK/BTC

https://cryptopia.co.nz/Exchange/?market=CLOAK_BTC"
hist-cryptopia-CNO-201809170100,history,announcement,cryptopia,CNO,BTC,1537146000000,2018-09-17T01:00:00Z,2026-10-07T12:53:22Z,history-merge-v1,LUX,,,,,,,lamorgia,lamorgia_gmt,
hist-cryptopia-CNO-201811041800,history,announcement,cryptopia,CNO,BTC,1541354400000,2018-11-04T18:00:00Z,2026-10-07T12:53:22Z,history-merge-v1,BPF; Hit Pump Angels,,,,,,,lamorgia+pumpsense,lamorgia_gmt,COIN IS : CNO
hist-cryptopia-COAL-201808131901,history,announcement,cryptopia,COAL,BTC,1534186860000,2018-08-13T19:01:00Z,2026-10-07T12:53:22Z,history-merge-v1,BPF; Hit Pump Angels,,,,,,,lamorgia+pumpsense,lamorgia_gmt,"🔥🚀 PUMP STARTS 🚀🔥

The coin to pump is: 💎 COAL 💎

Bitcoal (COAL/BTC)

Exchange: Cryptopia 📊

Target: +100%  📈 

Market URL: https://www.cryptopia.co.nz/Exchange?market=coal_btc

Trollbox:
https://www.cryptopia.co.nz/Chat"
hist-cryptopia-CON-201807181500,history,announcement,cryptopia,CON,BTC,1531926000000,2018-07-18T15:00:00Z,2026-10-07T12:53:22Z,history-merge-v1,CPI; Bitcoin Pump Group,,,,,,,lamorgia+pumpsense,lamorgia_gmt,
hist-cryptopia-CON-201812151500,history,announcement,cryptopia,CON,BTC,1544886000000,2018-12-15T15:00:00Z,2026-10-07T12:53:22Z,history-merge-v1,CPI,,,,,,,lamorgia,lamorgia_gmt,
hist-cryptopia-CQST-201806301500,history,announcement,cryptopia,CQST,BTC,1530370800000,2018-06-30T15:00:00Z,2026-10-07T12:53:22Z,history-merge-v1,CPI,,,,,,,lamorgia,lamorgia_gmt,
hist-cryptopia-CQST-201808041500,history,announcement,cryptopia,CQST,BTC,1533394800000,2018-08-04T15:00:00Z,2026-10-07T12:53:22Z,history-merge-v1,CPI; Bitcoin Pump Group,,,,,,,lamorgia+pumpsense,lamorgia_gmt,Coin name : CQST
hist-cryptopia-CTIC3-201811131500,history,announcement,cryptopia,CTIC3,BTC,1542121200000,2018-11-13T15:00:00Z,2026-10-07T12:53:22Z,history-merge-v1,CPI; Bitcoin Pump Group,,,,,,,lamorgia+pumpsense,lamorgia_gmt,Coin name : CTIC3
hist-cryptopia-CXT-201811201500,history,announcement,cryptopia,CXT,BTC,1542726000000,2018-11-20T15:00:00Z,2026-10-07T12:53:22Z,history-merge-v1,CPI; Bitcoin Pump Group,,,,,,,lamorgia+pumpsense,lamorgia_gmt,https://www.cryptopia.co.nz/Exchange/?market=CXT_BTC
hist-cryptopia-DARK-201805021900,history,announcement,cryptopia,DARK,BTC,1525287600000,2018-05-02T19:00:00Z,2026-10-07T12:53:22Z,history-merge-v1,Hit Pump Angels; BPF,,,,,,,lamorgia+pumpsense,lamorgia_gmt,DARK COIN
hist-cryptopia-DAS-201802021715,history,announcement,cryptopia,DAS,BTC,1517591700000,2018-02-02T17:15:00Z,2026-10-07T12:53:22Z,history-merge-v1,C4P,,,,,,,lamorgia,lamorgia_gmt,
hist-cryptopia-DAS-201805091800,history,announcement,cryptopia,DAS,BTC,1525888800000,2018-05-09T18:00:00Z,2026-10-07T12:53:22Z,history-merge-v1,BPF; Hit Pump Angels,,,,,,,lamorgia+pumpsense,lamorgia_gmt,Coin is:DAS
hist-cryptopia-DAS-201806171800,history,announcement,cryptopia,DAS,BTC,1529258400000,2018-06-17T18:00:00Z,2026-10-07T12:53:22Z,history-merge-v1,BPF; Hit Pump Angels,,,,,,,lamorgia+pumpsense,lamorgia_gmt,COIN IS : DAS
hist-cryptopia-DAS-201806191800,history,announcement,cryptopia,DAS,BTC,1529431200000,2018-06-19T18:00:00Z,2026-10-07T12:53:22Z,history-merge-v1,BPF; Hit Pump Angels,,,,,,,lamorgia+pumpsense,lamorgia_gmt,COIN IS : DAS
hist-cryptopia-DOPE-201809071700,history,announcement,cryptopia,DOPE,BTC,1536339604000,2018-09-07T17:00:04Z,2026-10-07T12:53:22Z,history-merge-v1,Crypto Profits,,,,,,,pumpsense,pumpsense_minus_2h,"The coin to pump is: 💎 DOPE 💎 

Exchange: Cryptopia.co.nz📊

Target: +500%   📈 

Market: DOPE/BTC

https://www.cryptopia.co.nz/Exchange/?market=DOPE_BTC"
hist-cryptopia-DOPE-201810061930,history,announcement,cryptopia,DOPE,BTC,1538854201000,2018-10-06T19:30:01Z,2026-10-07T12:53:22Z,history-merge-v1,Crypto Profits,,,,,,,pumpsense,pumpsense_minus_2h,
hist-cryptopia-DRPU-201811031600,history,announcement,cryptopia,DRPU,BTC,1541260800000,2018-11-03T16:00:00Z,2026-10-07T12:53:22Z,history-merge-v1,CPI; Bitcoin Pump Group,,,,,,,lamorgia+pumpsense,lamorgia_gmt,https://www.cryptopia.co.nz/Exchange/?market=DRPU_BTC
hist-cryptopia-DRXNE-201810161500,history,announcement,cryptopia,DRXNE,BTC,1539702000000,2018-10-16T15:00:00Z,2026-10-07T12:53:22Z,history-merge-v1,CPI; Bitcoin Pump Group,,,,,,,lamorgia+pumpsense,lamorgia_gmt,https://www.cryptopia.co.nz/Exchange/?market=DRXNE_BTC
hist-cryptopia-DUO-201809031700,history,announcement,cryptopia,DUO,BTC,1535994003000,2018-09-03T17:00:03Z,2026-10-07T12:53:22Z,history-merge-v1,Crypto Profits,,,,,,,pumpsense,pumpsense_minus_2h,"The coin to pump is: 💎 DUO 💎 

Exchange: Cryptopia.co.nz📊

Target: +500%   📈 

Market: DUO/BTC

https://www.cryptopia.co.nz/Exchange/?market=DUO_BTC"
hist-cryptopia-DZC-201812041500,history,announcement,cryptopia,DZC,BTC,1543935600000,2018-12-04T15:00:00Z,2026-10-07T12:53:22Z,history-merge-v1,CPI; Bitcoin Pump Group,,,,,,,lamorgia+pumpsense,lamorgia_gmt,https://www.cryptopia.co.nz/Exchange/?market=DZC_BTC
hist-cryptopia-DZC-201901032010,history,announcement,cryptopia,DZC,BTC,1546546200000,2019-01-03T20:10:00Z,2026-10-07T12:53:22Z,history-merge-v1,CPS; BPF; Crypto Pump Squad; Hit Pump Angels,,,,,,,lamorgia+pumpsense,lamorgia_gmt,https://cdn.discordapp.com/attachments/504313393088561162/530463940979982346/unknown.png
hist-cryptopia-EBG-201804271900,history,announcement,cryptopia,EBG,BTC,1524855600000,2018-04-27T19:00:00Z,2026-10-07T12:53:22Z,history-merge-v1,BPF; Hit Pump Angels,,,,,,,lamorgia+pumpsense,lamorgia_gmt,COIN IS : EBG
hist-cryptopia-ECOB-201804201700,history,announcement,cryptopia,ECOB,BTC,1524243600000,2018-04-20T17:00:00Z,2026-10-07T12:53:22Z,history-merge-v1,CPI,,,,,,,lamorgia,lamorgia_gmt,
hist-cryptopia-EDC-201804141700,history,announcement,cryptopia,EDC,BTC,1523725200000,2018-04-14T17:00:00Z,2026-10-07T12:53:22Z,history-merge-v1,CPI,,,,,,,lamorgia,lamorgia_gmt,
hist-cryptopia-EDC-201804281700,history,announcement,cryptopia,EDC,BTC,1524934800000,2018-04-28T17:00:00Z,2026-10-07T12:53:22Z,history-merge-v1,CPI,,,,,,,lamorgia,lamorgia_gmt,
hist-cryptopia-EDC-201807311500,history,announcement,cryptopia,EDC,BTC,1533049200000,2018-07-31T15:00:00Z,2026-10-07T12:53:22Z,history-merge-v1,CPI; Bitcoin Pump Group,,,,,,,lamorgia+pumpsense,lamorgia_gmt,https://www.cryptopia.co.nz/Exchange/?market=EDC_BTC
hist-cryptopia-EDO-201902161800,history,announcement,cryptopia,EDO,BTC,1550340000000,2019-02-16T18:00:00Z,2026-10-07T12:53:22Z,history-merge-v1,CPI,,,,,,,lamorgia,lamorgia_gmt,
hist-cryptopia-EGC-201809191700,history,announcement,cryptopia,EGC,BTC,1537376402000,2018-09-19T17:00:02Z,2026-10-07T12:53:22Z,history-merge-v1,Crypto Profits,,,,,,,pumpsense,pumpsense_minus_2h,"The coin to pump is: 💎 EGC 💎 

Exchange: Cryptopia.co.nz📊

Target: +500%   📈 

Market: EGC/BTC

https://www.cryptopia.co.nz/Exchange/?market=EGC_BTC"
hist-cryptopia-EGC-201810021900,history,announcement,cryptopia,EGC,BTC,1538506801000,2018-10-02T19:00:01Z,2026-10-07T12:53:22Z,history-merge-v1,Crypto Profits,,,,,,,pumpsense,pumpsense_minus_2h,
hist-cryptopia-ELM-201802271900,history,announcement,cryptopia,ELM,BTC,1519758000000,2018-02-27T19:00:00Z,2026-10-07T12:53:22Z,history-merge-v1,C4P,,,,,,,lamorgia,lamorgia_gmt,
hist-cryptopia-ELM-201808071500,history,announcement,cryptopia,ELM,BTC,1533654000000,2018-08-07T15:00:00Z,2026-10-07T12:53:22Z,history-merge-v1,CPI; Bitcoin Pump Group,,,,,,,lamorgia+pumpsense,lamorgia_gmt,https://www.cryptopia.co.nz/Exchange/?market=ELM_BTC
hist-cryptopia-ELM-201808301900,history,announcement,cryptopia,ELM,BTC,1535655600000,2018-08-30T19:00:00Z,2026-10-07T12:53:22Z,history-merge-v1,BPF; Hit Pump Angels,,,,,,,lamorgia+pumpsense,lamorgia_gmt,COIN IS : ELM
hist-cryptopia-EMC2-201809021700,history,announcement,cryptopia,EMC2,BTC,1535907603000,2018-09-02T17:00:03Z,2026-10-07T12:53:22Z,history-merge-v1,Crypto Profits,,,,,,,pumpsense,pumpsense_minus_2h,"The coin to pump is: 💎 EMC2 💎 

Exchange: Cryptopia.co.nz📊

Target: +500%   📈 

Market: EMC2/BTC

https://www.cryptopia.co.nz/Exchange/?market=EMC2_BTC"
hist-cryptopia-ERY-201809061500,history,announcement,cryptopia,ERY,BTC,1536246000000,2018-09-06T15:00:00Z,2026-10-07T12:53:22Z,history-merge-v1,CPI; Bitcoin Pump Group,,,,,,,lamorgia+pumpsense,lamorgia_gmt,https://www.cryptopia.co.nz/Exchange/?market=ERY_BTC
hist-cryptopia-ETT-201810301930,history,announcement,cryptopia,ETT,BTC,1540927808000,2018-10-30T19:30:08Z,2026-10-07T12:53:22Z,history-merge-v1,Crypto Pump Squad,,,,,,,pumpsense,pumpsense_minus_2h,https://cdn.discordapp.com/attachments/505790263537696768/506903244237307904/unknown.png
hist-cryptopia-ETT-201812121500,history,announcement,cryptopia,ETT,BTC,1544626800000,2018-12-12T15:00:00Z,2026-10-07T12:53:22Z,history-merge-v1,CPI,,,,,,,lamorgia,lamorgia_gmt,
hist-cryptopia-EVO-201809131500,history,announcement,cryptopia,EVO,BTC,1536850800000,2018-09-13T15:00:00Z,2026-10-07T12:53:22Z,history-merge-v1,CPI; Bitcoin Pump Group,,,,,,,lamorgia+pumpsense,lamorgia_gmt,https://www.cryptopia.co.nz/Exchange/?market=EVO_BTC
hist-cryptopia-FANS-201810221930,history,announcement,cryptopia,FANS,BTC,1540236600000,2018-10-22T19:30:00Z,2026-10-07T12:53:22Z,history-merge-v1,BPF; Hit Pump Angels,,,,,,,lamorgia+pumpsense,lamorgia_gmt,COIN IS : FANS
hist-cryptopia-FC2-201807281500,history,announcement,cryptopia,FC2,TBC,1532790000000,2018-07-28T15:00:00Z,2026-10-07T12:53:22Z,history-merge-v1,CPI; Bitcoin Pump Group,,,,,,,lamorgia+pumpsense,lamorgia_gmt,
hist-cryptopia-FC2-201808101500,history,announcement,cryptopia,FC2,BTC,1533913200000,2018-08-10T15:00:00Z,2026-10-07T12:53:22Z,history-merge-v1,CPI; Bitcoin Pump Group,,,,,,,lamorgia+pumpsense,lamorgia_gmt,https://www.cryptopia.co.nz/Exchange/?market=FC2_BTC
hist-cryptopia-FCD-201805091500,history,announcement,cryptopia,FCD,BTC,1525878000000,2018-05-09T15:00:00Z,2026-10-07T12:53:22Z,history-merge-v1,CPI,,,,,,,lamorgia,lamorgia_gmt,
hist-cryptopia-FLAX-201804141900,history,announcement,cryptopia,FLAX,BTC,1523732400000,2018-04-14T19:00:00Z,2026-10-07T12:53:22Z,history-merge-v1,BPF; Hit Pump Angels,,,,,,,lamorgia+pumpsense,lamorgia_gmt,COIN IS : FLAX
hist-cryptopia-FLAX-201808301900,history,announcement,cryptopia,FLAX,BTC,1535655600000,2018-08-30T19:00:00Z,2026-10-07T12:53:22Z,history-merge-v1,CPS; Crypto Pump Squad,,,,,,,lamorgia+pumpsense,lamorgia_gmt,https://i.imgur.com/93cXBc6.jpg
hist-cryptopia-FLAX-201810231500,history,announcement,cryptopia,FLAX,BTC,1540306800000,2018-10-23T15:00:00Z,2026-10-07T12:53:22Z,history-merge-v1,CPI; Bitcoin Pump Group,,,,,,,lamorgia+pumpsense,lamorgia_gmt,https://www.cryptopia.co.nz/Exchange/?market=FLAX_BTC
hist-cryptopia-FLAX-201811101500,history,announcement,cryptopia,FLAX,BTC,1541862000000,2018-11-10T15:00:00Z,2026-10-07T12:53:22Z,history-merge-v1,CPI; Bitcoin Pump Group,,,,,,,lamorgia+pumpsense,lamorgia_gmt,https://www.cryptopia.co.nz/Exchange/?market=FLAX_BTC
hist-cryptopia-FLAX-201811121900,history,announcement,cryptopia,FLAX,BTC,1542049202000,2018-11-12T19:00:02Z,2026-10-07T12:53:22Z,history-merge-v1,Crypto Profits,,,,,,,pumpsense,pumpsense_minus_2h,
hist-cryptopia-FT-201810121930,history,announcement,cryptopia,FT,BTC,1539372600000,2018-10-12T19:30:00Z,2026-10-07T12:53:22Z,history-merge-v1,BPF; Hit Pump Angels,,,,,,,lamorgia+pumpsense,lamorgia_gmt,COIN IS : FT
hist-cryptopia-FUZZ-201809081700,history,announcement,cryptopia,FUZZ,BTC,1536426001000,2018-09-08T17:00:01Z,2026-10-07T12:53:22Z,history-merge-v1,Crypto Profits,,,,,,,pumpsense,pumpsense_minus_2h,"The coin to pump is: 💎 FUZZ 💎 

Exchange: Cryptopia.co.nz📊

Target: +500%   📈 

Market: FUZZ/BTC

https://www.cryptopia.co.nz/Exchange/?market=FUZZ_BTC"
hist-cryptopia-FUZZ-201809101500,history,announcement,cryptopia,FUZZ,BTC,1536591600000,2018-09-10T15:00:00Z,2026-10-07T12:53:22Z,history-merge-v1,CPI; Bitcoin Pump Group,,,,,,,lamorgia+pumpsense,lamorgia_gmt,https://www.cryptopia.co.nz/Exchange/?market=FUZZ_BTC
hist-cryptopia-FUZZ-201810081700,history,announcement,cryptopia,FUZZ,BTC,1539018000000,2018-10-08T17:00:00Z,2026-10-07T12:53:22Z,history-merge-v1,Crypto Profits,,,,,,,pumpsense,pumpsense_minus_2h,
hist-cryptopia-FUZZ-201812181500,history,announcement,cryptopia,FUZZ,BTC,1545145200000,2018-12-18T15:00:00Z,2026-10-07T12:53:22Z,history-merge-v1,CPI,,,,,,,lamorgia,lamorgia_gmt,
hist-cryptopia-GAME-201808311700,history,announcement,cryptopia,GAME,BTC,1535734801000,2018-08-31T17:00:01Z,2026-10-07T12:53:22Z,history-merge-v1,Crypto Profits,,,,,,,pumpsense,pumpsense_minus_2h,"The coin to pump is: 💎 GAME 💎 

Exchange: Cryptopia.co.nz📊

Target: +500%   📈 

Market: GAME/BTC

https://www.cryptopia.co.nz/Exchange/?market=GAME_BTC"
hist-cryptopia-GNO-201809231700,history,announcement,cryptopia,GNO,BTC,1537722003000,2018-09-23T17:00:03Z,2026-10-07T12:53:22Z,history-merge-v1,Crypto Profits,,,,,,,pumpsense,pumpsense_minus_2h,"The coin to pump is: 💎 GNO 💎 

Exchange: Cryptopia.co.nz📊

Target: +500%   📈 

Market: GNO/BTC

https://www.cryptopia.co.nz/Exchange/?market=GNO_BTC"
hist-cryptopia-GNR-201808081800,history,announcement,cryptopia,GNR,BTC,1533751200000,2018-08-08T18:00:00Z,2026-10-07T12:53:22Z,history-merge-v1,BPF; Hit Pump Angels,,,,,,,lamorgia+pumpsense,lamorgia_gmt,COIN IS : GNR
hist-cryptopia-GPL-201806111500,history,announcement,cryptopia,GPL,BTC,1528729200000,2018-06-11T15:00:00Z,2026-10-07T12:53:22Z,history-merge-v1,BPF; Hit Pump Angels,,,,,,,lamorgia+pumpsense,lamorgia_gmt,
hist-cryptopia-GRN-201807211800,history,announcement,cryptopia,GRN,BTC,1532196000000,2018-07-21T18:00:00Z,2026-10-07T12:53:22Z,history-merge-v1,BPF; Hit Pump Angels,,,,,,,lamorgia+pumpsense,lamorgia_gmt,COIN IS : GRN
hist-cryptopia-GRN-201808201500,history,announcement,cryptopia,GRN,BTC,1534777200000,2018-08-20T15:00:00Z,2026-10-07T12:53:22Z,history-merge-v1,CPI; Bitcoin Pump Group,,,,,,,lamorgia+pumpsense,lamorgia_gmt,https://www.cryptopia.co.nz/Exchange/?market=GRN_BTC
hist-cryptopia-GRN-201808301500,history,announcement,cryptopia,GRN,BTC,1535641200000,2018-08-30T15:00:00Z,2026-10-07T12:53:22Z,history-merge-v1,CPI; Bitcoin Pump Group,,,,,,,lamorgia+pumpsense,lamorgia_gmt,https://www.cryptopia.co.nz/Exchange/?market=GRN_BTC
hist-cryptopia-GRS-201902021800,history,announcement,cryptopia,GRS,BTC,1549130400000,2019-02-02T18:00:00Z,2026-10-07T12:53:22Z,history-merge-v1,CPI,,,,,,,lamorgia,lamorgia_gmt,
hist-cryptopia-GRS-201903051630,history,announcement,cryptopia,GRS,BTC,1551803400000,2019-03-05T16:30:00Z,2026-10-07T12:53:22Z,history-merge-v1,CPI,,,,,,,lamorgia,lamorgia_gmt,
hist-cryptopia-GRW-201805251500,history,announcement,cryptopia,GRW,BTC,1527260400000,2018-05-25T15:00:00Z,2026-10-07T12:53:22Z,history-merge-v1,CPI,,,,,,,lamorgia,lamorgia_gmt,
hist-cryptopia-GUN-201807151500,history,announcement,cryptopia,GUN,BTC,1531666800000,2018-07-15T15:00:00Z,2026-10-07T12:53:22Z,history-merge-v1,CPI,,,,,,,lamorgia,lamorgia_gmt,
hist-cryptopia-GXS-201902101800,history,announcement,cryptopia,GXS,BTC,1549821600000,2019-02-10T18:00:00Z,2026-10-07T12:53:22Z,history-merge-v1,CPI,,,,,,,lamorgia,lamorgia_gmt,
hist-cryptopia-HAC-201810271500,history,announcement,cryptopia,HAC,BTC,1540652400000,2018-10-27T15:00:00Z,2026-10-07T12:53:22Z,history-merge-v1,CPI; Bitcoin Pump Group,,,,,,,lamorgia+pumpsense,lamorgia_gmt,https://www.cryptopia.co.nz/Exchange/?market=HAC_BTC
hist-cryptopia-HAC-201812081500,history,announcement,cryptopia,HAC,BTC,1544281200000,2018-12-08T15:00:00Z,2026-10-07T12:53:22Z,history-merge-v1,CPI,,,,,,,lamorgia,lamorgia_gmt,
hist-cryptopia-HAL-201805301800,history,announcement,cryptopia,HAL,BTC,1527703200000,2018-05-30T18:00:00Z,2026-10-07T12:53:22Z,history-merge-v1,BPF; Hit Pump Angels,,,,,,,lamorgia+pumpsense,lamorgia_gmt,Hal
hist-cryptopia-HC-201901251800,history,announcement,cryptopia,HC,BTC,1548439200000,2019-01-25T18:00:00Z,2026-10-07T12:53:22Z,history-merge-v1,CPI,,,,,,,lamorgia,lamorgia_gmt,
hist-cryptopia-HC-201902231700,history,announcement,cryptopia,HC,BTC,1550941200000,2019-02-23T17:00:00Z,2026-10-07T12:53:22Z,history-merge-v1,CPI,,,,,,,lamorgia,lamorgia_gmt,
hist-cryptopia-HST-201810011900,history,announcement,cryptopia,HST,BTC,1538420401000,2018-10-01T19:00:01Z,2026-10-07T12:53:22Z,history-merge-v1,Crypto Profits,,,,,,,pumpsense,pumpsense_minus_2h,
hist-cryptopia-INPAY-201805011900,history,announcement,cryptopia,INPAY,BTC,1525201200000,2018-05-01T19:00:00Z,2026-10-07T12:53:22Z,history-merge-v1,BPF; Hit Pump Angels,,,,,,,lamorgia+pumpsense,lamorgia_gmt,The coin is: INPAY
hist-cryptopia-IRL-201805201800,history,announcement,cryptopia,IRL,BTC,1526839200000,2018-05-20T18:00:00Z,2026-10-07T12:53:22Z,history-merge-v1,BPF; Hit Pump Angels,,,,,,,lamorgia+pumpsense,lamorgia_gmt,
hist-cryptopia-IRL-201805311900,history,announcement,cryptopia,IRL,BTC,1527793200000,2018-05-31T19:00:00Z,2026-10-07T12:53:22Z,history-merge-v1,Hit Pump Angels; BPF,,,,,,,lamorgia+pumpsense,lamorgia_gmt,
hist-cryptopia-IVY-201810031929,history,announcement,cryptopia,IVY,BTC,1538594940000,2018-10-03T19:29:00Z,2026-10-07T12:53:22Z,history-merge-v1,CPS,,,,,,,lamorgia,lamorgia_gmt,
hist-cryptopia-KASH-201806271900,history,announcement,cryptopia,KASH,BTC,1530126021000,2018-06-27T19:00:21Z,2026-10-07T12:53:22Z,history-merge-v1,Binance Crypto Pumps,,,,,,,pumpsense,pumpsense_minus_2h,KASH
hist-cryptopia-KING-201809301500,history,announcement,cryptopia,KING,BTC,1538319600000,2018-09-30T15:00:00Z,2026-10-07T12:53:22Z,history-merge-v1,CPI; Bitcoin Pump Group,,,,,,,lamorgia+pumpsense,lamorgia_gmt,https://www.cryptopia.co.nz/Exchange/?market=KING_BTC
hist-cryptopia-KMD-201901051700,history,announcement,cryptopia,KMD,BTC,1546707600000,2019-01-05T17:00:00Z,2026-10-07T12:53:22Z,history-merge-v1,ATW,,,,,,,lamorgia,lamorgia_gmt,
hist-cryptopia-KRONE-201807211500,history,announcement,cryptopia,KRONE,BTC,1532185200000,2018-07-21T15:00:00Z,2026-10-07T12:53:22Z,history-merge-v1,CPI; Bitcoin Pump Group,,,,,,,lamorgia+pumpsense,lamorgia_gmt,
hist-cryptopia-LDC-201806011500,history,announcement,cryptopia,LDC,BTC,1527865200000,2018-06-01T15:00:00Z,2026-10-07T12:53:22Z,history-merge-v1,CPI,,,,,,,lamorgia,lamorgia_gmt,
hist-cryptopia-LDC-201806121500,history,announcement,cryptopia,LDC,BTC,1528815600000,2018-06-12T15:00:00Z,2026-10-07T12:53:22Z,history-merge-v1,CPI,,,,,,,lamorgia,lamorgia_gmt,
hist-cryptopia-LDC-201808231500,history,announcement,cryptopia,LDC,BTC,1535036400000,2018-08-23T15:00:00Z,2026-10-07T12:53:22Z,history-merge-v1,CPI; Bitcoin Pump Group,,,,,,,lamorgia+pumpsense,lamorgia_gmt,https://www.cryptopia.co.nz/Exchange/?market=LDC_BTC
hist-cryptopia-LEMON-201805271700,history,announcement,cryptopia,LEMON,BTC,1527440400000,2018-05-27T17:00:00Z,2026-10-07T12:53:22Z,history-merge-v1,BPF; Hit Pump Angels,,,,,,,lamorgia+pumpsense,lamorgia_gmt,COIN IS : lemon
hist-cryptopia-LOOM-201901071428,history,announcement,cryptopia,LOOM,BTC,1546871280000,2019-01-07T14:28:00Z,2026-10-07T12:53:22Z,history-merge-v1,BPF,,,,,,,lamorgia,lamorgia_gmt,
hist-cryptopia-LTCU-201809131700,history,announcement,cryptopia,LTCU,BTC,1536858003000,2018-09-13T17:00:03Z,2026-10-07T12:53:22Z,history-merge-v1,Crypto Profits,,,,,,,pumpsense,pumpsense_minus_2h,"The coin to pump is: 💎 LTCU 💎 

Exchange: Cryptopia.co.nz📊

Target: +500%   📈 

Market: LTCU/BTC

https://www.cryptopia.co.nz/Exchange/?market=LTCU_BTC"
hist-cryptopia-MAGE-201809161830,history,announcement,cryptopia,MAGE,BTC,1537122600000,2018-09-16T18:30:00Z,2026-10-07T12:53:22Z,history-merge-v1,BPF; Hit Pump Angels,,,,,,,lamorgia+pumpsense,lamorgia_gmt,COIN IS : MAGE
hist-cryptopia-MARS-201805051900,history,announcement,cryptopia,MARS,BTC,1525546800000,2018-05-05T19:00:00Z,2026-10-07T12:53:22Z,history-merge-v1,BPF; Hit Pump Angels,,,,,,,lamorgia+pumpsense,lamorgia_gmt,coin is MARS
hist-cryptopia-MARS-201810071500,history,announcement,cryptopia,MARS,BTC,1538924400000,2018-10-07T15:00:00Z,2026-10-07T12:53:22Z,history-merge-v1,CPI; Bitcoin Pump Group,,,,,,,lamorgia+pumpsense,lamorgia_gmt,https://www.cryptopia.co.nz/Exchange/?market=MARS_BTC
hist-cryptopia-MATRX-201809271500,history,announcement,cryptopia,MATRX,BTC,1538060400000,2018-09-27T15:00:00Z,2026-10-07T12:53:22Z,history-merge-v1,CPI; Bitcoin Pump Group,,,,,,,lamorgia+pumpsense,lamorgia_gmt,https://www.cryptopia.co.nz/Exchange/?market=MATRX_BTC
hist-cryptopia-MATRX-201812281500,history,announcement,cryptopia,MATRX,BTC,1546009200000,2018-12-28T15:00:00Z,2026-10-07T12:53:22Z,history-merge-v1,CPI,,,,,,,lamorgia,lamorgia_gmt,
hist-cryptopia-MBRS-201811151900,history,announcement,cryptopia,MBRS,BTC,1542308401000,2018-11-15T19:00:01Z,2026-10-07T12:53:22Z,history-merge-v1,Crypto Profits,,,,,,,pumpsense,pumpsense_minus_2h,
hist-cryptopia-MBRS-201811301500,history,announcement,cryptopia,MBRS,BTC,1543590000000,2018-11-30T15:00:00Z,2026-10-07T12:53:22Z,history-merge-v1,CPI; Bitcoin Pump Group,,,,,,,lamorgia+pumpsense,lamorgia_gmt,https://www.cryptopia.co.nz/Exchange/?market=MBRS_BTC
hist-cryptopia-MNE-201802161600,history,announcement,cryptopia,MNE,BTC,1518796800000,2018-02-16T16:00:00Z,2026-10-07T12:53:22Z,history-merge-v1,C4P,,,,,,,lamorgia,lamorgia_gmt,
hist-cryptopia-MNM-201804231900,history,announcement,cryptopia,MNM,BTC,1524510000000,2018-04-23T19:00:00Z,2026-10-07T12:53:22Z,history-merge-v1,BPF; Hit Pump Angels,,,,,,,lamorgia+pumpsense,lamorgia_gmt,"RPT VIP 23.04.2018:
Coin is:  MNM"
hist-cryptopia-MOJO-201805181900,history,announcement,cryptopia,MOJO,BTC,1526670000000,2018-05-18T19:00:00Z,2026-10-07T12:53:22Z,history-merge-v1,BPF; Hit Pump Angels,,,,,,,lamorgia+pumpsense,lamorgia_gmt,COIN IS : MOJO
hist-cryptopia-NEVA-201809251900,history,announcement,cryptopia,NEVA,BTC,1537902000000,2018-09-25T19:00:00Z,2026-10-07T12:53:22Z,history-merge-v1,BPF; Hit Pump Angels,,,,,,,lamorgia+pumpsense,lamorgia_gmt,COIN IS : NEVA
hist-cryptopia-NYAN-201805161500,history,announcement,cryptopia,NYAN,BTC,1526482800000,2018-05-16T15:00:00Z,2026-10-07T12:53:22Z,history-merge-v1,CPI,,,,,,,lamorgia,lamorgia_gmt,
hist-cryptopia-OK-201802281900,history,announcement,cryptopia,OK,BTC,1519844400000,2018-02-28T19:00:00Z,2026-10-07T12:53:22Z,history-merge-v1,BPS,,,,,,,lamorgia,lamorgia_gmt,
hist-cryptopia-ONT-201812102000,history,announcement,cryptopia,ONT,BTC,1544472000000,2018-12-10T20:00:00Z,2026-10-07T12:53:22Z,history-merge-v1,Crypto Pump Squad,,,,,,,pumpsense,pumpsense_minus_2h,https://cdn.discordapp.com/attachments/504313393088561162/521763203345285132/coin2.png
hist-cryptopia-OPAL-201804092000,history,announcement,cryptopia,OPAL,BTC,1523304000000,2018-04-09T20:00:00Z,2026-10-07T12:53:22Z,history-merge-v1,BPF; Hit Pump Angels,,,,,,,lamorgia+pumpsense,lamorgia_gmt,COIN : OPAL
hist-cryptopia-OPAL-201809111700,history,announcement,cryptopia,OPAL,BTC,1536685204000,2018-09-11T17:00:04Z,2026-10-07T12:53:22Z,history-merge-v1,Crypto Profits,,,,,,,pumpsense,pumpsense_minus_2h,"The coin to pump is: 💎 OPAL 💎 

Exchange: Cryptopia.co.nz📊

Target: +500%   📈 

Market: OPAL/BTC

https://www.cryptopia.co.nz/Exchange/?market=OPAL_BTC"
hist-cryptopia-OPCX-201807221700,history,announcement,cryptopia,OPCX,BTC,1532278800000,2018-07-22T17:00:00Z,2026-10-07T12:53:22Z,history-merge-v1,BPF; Hit Pump Angels,,,,,,,lamorgia+pumpsense,lamorgia_gmt,Opcx
hist-cryptopia-OPCX-201808121700,history,announcement,cryptopia,OPCX,BTC,1534093200000,2018-08-12T17:00:00Z,2026-10-07T12:53:22Z,history-merge-v1,BPF; Hit Pump Angels,,,,,,,lamorgia+pumpsense,lamorgia_gmt,COIN IS: OPCX
hist-cryptopia-OSC-201807141900,history,announcement,cryptopia,OSC,BTC,1531594800000,2018-07-14T19:00:00Z,2026-10-07T12:53:22Z,history-merge-v1,BPF; Hit Pump Angels,,,,,,,lamorgia+pumpsense,lamorgia_gmt,COIN IS : OSC
hist-cryptopia-OSC-201809211900,history,announcement,cryptopia,OSC,BTC,1537556400000,2018-09-21T19:00:00Z,2026-10-07T12:53:22Z,history-merge-v1,BPF; Hit Pump Angels,,,,,,,lamorgia+pumpsense,lamorgia_gmt,COIN IS : OSC
hist-cryptopia-OSC-201811271500,history,announcement,cryptopia,OSC,BTC,1543330800000,2018-11-27T15:00:00Z,2026-10-07T12:53:22Z,history-merge-v1,CPI; Bitcoin Pump Group,,,,,,,lamorgia+pumpsense,lamorgia_gmt,https://www.cryptopia.co.nz/Exchange/?market=OSC_BTC
hist-cryptopia-OTN-201812061959,history,announcement,cryptopia,OTN,BTC,1544126340000,2018-12-06T19:59:00Z,2026-10-07T12:53:22Z,history-merge-v1,CPS; Crypto Pump Squad; Binance Crypto Pumps,,,,,,,lamorgia+pumpsense,lamorgia_gmt,https://cdn.discordapp.com/attachments/504313393088561162/520303903959678986/coin.png
hist-cryptopia-OXY-201809291830,history,announcement,cryptopia,OXY,BTC,1538245802000,2018-09-29T18:30:02Z,2026-10-07T12:53:22Z,history-merge-v1,Crypto Profits,,,,,,,pumpsense,pumpsense_minus_2h,
hist-cryptopia-OXY-201811031759,history,announcement,cryptopia,OXY,BTC,1541267940000,2018-11-03T17:59:00Z,2026-10-07T12:53:22Z,history-merge-v1,CPS; BPF; Crypto Pump Squad; Hit Pump Angels,,,,,,,lamorgia+pumpsense,lamorgia_gmt,https://cdn.discordapp.com/attachments/504313393088561162/508328684776718343/unknown.png
hist-cryptopia-PASL-201802221900,history,announcement,cryptopia,PASL,BTC,1519326000000,2018-02-22T19:00:00Z,2026-10-07T12:53:22Z,history-merge-v1,C4P,,,,,,,lamorgia,lamorgia_gmt,
hist-cryptopia-PASL-201806131800,history,announcement,cryptopia,PASL,BTC,1528912800000,2018-06-13T18:00:00Z,2026-10-07T12:53:22Z,history-merge-v1,BPF; Hit Pump Angels,,,,,,,lamorgia+pumpsense,lamorgia_gmt,COIN IS : PASL
hist-cryptopia-PCOIN-201806061800,history,announcement,cryptopia,PCOIN,BTC,1528308000000,2018-06-06T18:00:00Z,2026-10-07T12:53:22Z,history-merge-v1,BPF; Hit Pump Angels,,,,,,,lamorgia+pumpsense,lamorgia_gmt,COIN IS : PCOIN
hist-cryptopia-PCOIN-201810201500,history,announcement,cryptopia,PCOIN,BTC,1540047600000,2018-10-20T15:00:00Z,2026-10-07T12:53:22Z,history-merge-v1,CPI; Bitcoin Pump Group,,,,,,,lamorgia+pumpsense,lamorgia_gmt,https://www.cryptopia.co.nz/Exchange/?market=PCOIN_BTC
hist-cryptopia-PLC-201805291500,history,announcement,cryptopia,PLC,BTC,1527606000000,2018-05-29T15:00:00Z,2026-10-07T12:53:22Z,history-merge-v1,CPI,,,,,,,lamorgia,lamorgia_gmt,
hist-cryptopia-PLX-201804191700,history,announcement,cryptopia,PLX,BTC,1524157239000,2018-04-19T17:00:39Z,2026-10-07T12:53:22Z,history-merge-v1,Binance Trading 360,,,,,,,pumpsense,pumpsense_minus_2h,"LET'S GO !!!

The coin to pump is: PLX

DIRECT LINK = > https://www.cryptopia.co.nz/Exchange?market=PLX_BTC

Buy buy buy, hold and promote the coin on the chatbox
https://www.cryptopia.co.nz/Chat"
hist-cryptopia-POLY-201810171901,history,announcement,cryptopia,POLY,BTC,1539802860000,2018-10-17T19:01:00Z,2026-10-07T12:53:22Z,history-merge-v1,BPF,,,,,,,lamorgia,lamorgia_gmt,
hist-cryptopia-PPC-201802171800,history,announcement,cryptopia,PPC,BTC,1518890400000,2018-02-17T18:00:00Z,2026-10-07T12:53:22Z,history-merge-v1,BPS,,,,,,,lamorgia,lamorgia_gmt,
hist-cryptopia-PTC-201802211900,history,announcement,cryptopia,PTC,BTC,1519239600000,2018-02-21T19:00:00Z,2026-10-07T12:53:22Z,history-merge-v1,BPS,,,,,,,lamorgia,lamorgia_gmt,
hist-cryptopia-Q2C-201806151500,history,announcement,cryptopia,Q2C,BTC,1529074800000,2018-06-15T15:00:00Z,2026-10-07T12:53:22Z,history-merge-v1,CPI,,,,,,,lamorgia,lamorgia_gmt,
hist-cryptopia-QBT-201807121500,history,announcement,cryptopia,QBT,BTC,1531407600000,2018-07-12T15:00:00Z,2026-10-07T12:53:22Z,history-merge-v1,CPI,,,,,,,lamorgia,lamorgia_gmt,
hist-cryptopia-QBT-201807251800,history,announcement,cryptopia,QBT,BTC,1532541600000,2018-07-25T18:00:00Z,2026-10-07T12:53:22Z,history-merge-v1,BPF; Hit Pump Angels,,,,,,,lamorgia+pumpsense,lamorgia_gmt,COIN IS : QBT
hist-cryptopia-QBT-201811221900,history,announcement,cryptopia,QBT,BTC,1542913201000,2018-11-22T19:00:01Z,2026-10-07T12:53:22Z,history-merge-v1,Crypto Profits,,,,,,,pumpsense,pumpsense_minus_2h,
hist-cryptopia-QBT-201811241500,history,announcement,cryptopia,QBT,BTC,1543071600000,2018-11-24T15:00:00Z,2026-10-07T12:53:22Z,history-merge-v1,CPI; Bitcoin Pump Group,,,,,,,lamorgia+pumpsense,lamorgia_gmt,https://www.cryptopia.co.nz/Exchange/?market=QBT_BTC
hist-cryptopia-QTL-201805141800,history,announcement,cryptopia,QTL,BTC,1526320800000,2018-05-14T18:00:00Z,2026-10-07T12:53:22Z,history-merge-v1,BPF; Hit Pump Angels,,,,,,,lamorgia+pumpsense,lamorgia_gmt,
hist-cryptopia-R-201809192128,history,announcement,cryptopia,R,BTC,1537392480000,2018-09-19T21:28:00Z,2026-10-07T12:53:22Z,history-merge-v1,LUX,,,,,,,lamorgia,lamorgia_gmt,
hist-cryptopia-RBT-201806261500,history,announcement,cryptopia,RBT,BTC,1530025200000,2018-06-26T15:00:00Z,2026-10-07T12:53:22Z,history-merge-v1,CPI,,,,,,,lamorgia,lamorgia_gmt,
hist-cryptopia-REP-201802242000,history,announcement,cryptopia,REP,BTC,1519502400000,2018-02-24T20:00:00Z,2026-10-07T12:53:22Z,history-merge-v1,BPS,,,,,,,lamorgia,lamorgia_gmt,
hist-cryptopia-REP-201808291700,history,announcement,cryptopia,REP,BTC,1535562006000,2018-08-29T17:00:06Z,2026-10-07T12:53:22Z,history-merge-v1,Crypto Profits,,,,,,,pumpsense,pumpsense_minus_2h,"The coin to pump is: 💎 REP 💎 

Exchange: Cryptopia.co.nz📊

Target: +500%   📈 

Market: REP/BTC

https://www.cryptopia.co.nz/Exchange/?market=REP_BTC"
hist-cryptopia-REP-201809281830,history,announcement,cryptopia,REP,BTC,1538159400000,2018-09-28T18:30:00Z,2026-10-07T12:53:22Z,history-merge-v1,Crypto Profits,,,,,,,pumpsense,pumpsense_minus_2h,
hist-cryptopia-REV-201809191901,history,announcement,cryptopia,REV,BTC,1537383660000,2018-09-19T19:01:00Z,2026-10-07T12:53:22Z,history-merge-v1,BPF,,,,,,,lamorgia,lamorgia_gmt,
hist-cryptopia-REVAIN-201809191901,history,announcement,cryptopia,REVAIN,BTC,1537383711000,2018-09-19T19:01:51Z,2026-10-07T12:53:22Z,history-merge-v1,Hit Pump Angels,,,,,,,pumpsense,pumpsense_minus_2h,REVAIN*
hist-cryptopia-RIYA-201807081900,history,announcement,cryptopia,RIYA,BTC,1531076407000,2018-07-08T19:00:07Z,2026-10-07T12:53:22Z,history-merge-v1,Hit Pump Angels,,,,,,,pumpsense,pumpsense_minus_2h,RIYA
hist-cryptopia-RIYA-201812211500,history,announcement,cryptopia,RIYA,BTC,1545404400000,2018-12-21T15:00:00Z,2026-10-07T12:53:22Z,history-merge-v1,CPI,,,,,,,lamorgia,lamorgia_gmt,
hist-cryptopia-RNS-201901041500,history,announcement,cryptopia,RNS,BTC,1546614000000,2019-01-04T15:00:00Z,2026-10-07T12:53:22Z,history-merge-v1,CPI,,,,,,,lamorgia,lamorgia_gmt,
hist-cryptopia-RYA-201807081900,history,announcement,cryptopia,RYA,BTC,1531076400000,2018-07-08T19:00:00Z,2026-10-07T12:53:22Z,history-merge-v1,BPF,,,,,,,lamorgia,lamorgia_gmt,
hist-cryptopia-SAK-201805051500,history,announcement,cryptopia,SAK,BTC,1525532400000,2018-05-05T15:00:00Z,2026-10-07T12:53:22Z,history-merge-v1,CPI,,,,,,,lamorgia,lamorgia_gmt,
hist-cryptopia-SIB-201809231800,history,announcement,cryptopia,SIB,BTC,1537725600000,2018-09-23T18:00:00Z,2026-10-07T12:53:22Z,history-merge-v1,BPF; Hit Pump Angels,,,,,,,lamorgia+pumpsense,lamorgia_gmt,COIN IS : SIB
hist-cryptopia-SIB-201810051929,history,announcement,cryptopia,SIB,BTC,1538767740000,2018-10-05T19:29:00Z,2026-10-07T12:53:22Z,history-merge-v1,CPS; Crypto Pump Squad,,,,,,,lamorgia+pumpsense,lamorgia_gmt,"370% = 11,400 sats

https://cdn.discordapp.com/attachments/484968678778077194/497847812742971392/unknown.png
@everyone"
hist-cryptopia-SKIN-201807021700,history,announcement,cryptopia,SKIN,BTC,1530550800000,2018-07-02T17:00:00Z,2026-10-07T12:53:22Z,history-merge-v1,BPF; Hit Pump Angels,,,,,,,lamorgia+pumpsense,lamorgia_gmt,"COIN IS : SKIN

BUY BUY BUY !!!"
hist-cryptopia-SKR-201809221700,history,announcement,cryptopia,SKR,BTC,1537635603000,2018-09-22T17:00:03Z,2026-10-07T12:53:22Z,history-merge-v1,Crypto Profits,,,,,,,pumpsense,pumpsense_minus_2h,"The coin to pump is: 💎 SKR 💎 

Exchange: Cryptopia.co.nz📊

Target: +500%   📈 

Market: SKR/BTC

https://www.cryptopia.co.nz/Exchange/?market=SKR_BTC"
hist-cryptopia-SKR-201810101500,history,announcement,cryptopia,SKR,BTC,1539183600000,2018-10-10T15:00:00Z,2026-10-07T12:53:22Z,history-merge-v1,CPI; Bitcoin Pump Group,,,,,,,lamorgia+pumpsense,lamorgia_gmt,https://www.cryptopia.co.nz/Exchange/?market=SKR_BTC
hist-cryptopia-SOIL-201803041900,history,announcement,cryptopia,SOIL,BTC,1520190000000,2018-03-04T19:00:00Z,2026-10-07T12:53:22Z,history-merge-v1,C4P,,,,,,,lamorgia,lamorgia_gmt,
hist-cryptopia-SOIL-201803301900,history,announcement,cryptopia,SOIL,BTC,1522436400000,2018-03-30T19:00:00Z,2026-10-07T12:53:22Z,history-merge-v1,BPF; Hit Pump Angels,,,,,,,lamorgia+pumpsense,lamorgia_gmt,Soil
hist-cryptopia-SOIL-201809161700,history,announcement,cryptopia,SOIL,BTC,1537117204000,2018-09-16T17:00:04Z,2026-10-07T12:53:22Z,history-merge-v1,Crypto Profits,,,,,,,pumpsense,pumpsense_minus_2h,"The coin to pump is: 💎 SOIL 💎 

Exchange: Cryptopia.co.nz📊

Target: +500%   📈 

Market: SOIL/BTC

https://www.cryptopia.co.nz/Exchange/?market=SOIL_BTC"
hist-cryptopia-SOON-201807281800,history,announcement,cryptopia,SOON,BTC,1532800800000,2018-07-28T18:00:00Z,2026-10-07T12:53:22Z,history-merge-v1,BPF; Hit Pump Angels,,,,,,,lamorgia+pumpsense,lamorgia_gmt,COIN IS : SOON
hist-cryptopia-SPACE-201805091500,history,announcement,cryptopia,SPACE,BTC,1525878000000,2018-05-09T15:00:00Z,2026-10-07T12:53:22Z,history-merge-v1,CPI,,,,,,,lamorgia,lamorgia_gmt,
hist-cryptopia-SPR-201809201500,history,announcement,cryptopia,SPR,BTC,1537455600000,2018-09-20T15:00:00Z,2026-10-07T12:53:22Z,history-merge-v1,CPI; Bitcoin Pump Group,,,,,,,lamorgia+pumpsense,lamorgia_gmt,https://www.cryptopia.co.nz/Exchange/?market=SPR_BTC
hist-cryptopia-SPR-201809251929,history,announcement,cryptopia,SPR,BTC,1537903740000,2018-09-25T19:29:00Z,2026-10-07T12:53:22Z,history-merge-v1,Crypto Profits; CPS; Crypto Pump Squad,,,,,,,lamorgia+pumpsense,lamorgia_gmt,"The coin to pump is: 💎 SPR 💎 

Exchange: Cryptopia.co.nz📊

Target: +500%   📈 

Market: SPR/BTC

https://www.cryptopia.co.nz/Exchange/?market=SPR_BTC"
hist-cryptopia-SPT-201807091500,history,announcement,cryptopia,SPT,BTC,1531148400000,2018-07-09T15:00:00Z,2026-10-07T12:53:22Z,history-merge-v1,CPI,,,,,,,lamorgia,lamorgia_gmt,
hist-cryptopia-STORJ-201902041630,history,announcement,cryptopia,STORJ,BTC,1549297800000,2019-02-04T16:30:00Z,2026-10-07T12:53:22Z,history-merge-v1,CPI,,,,,,,lamorgia,lamorgia_gmt,
hist-cryptopia-STV-201806281730,history,announcement,cryptopia,STV,BTC,1530207000000,2018-06-28T17:30:00Z,2026-10-07T12:53:22Z,history-merge-v1,CPS; Crypto Pump Squad,,,,,,,lamorgia+pumpsense,lamorgia_gmt,https://i.imgur.com/JKnepxJ.jpg
hist-cryptopia-SYNX-201809271900,history,announcement,cryptopia,SYNX,BTC,1538074803000,2018-09-27T19:00:03Z,2026-10-07T12:53:22Z,history-merge-v1,Crypto Profits,,,,,,,pumpsense,pumpsense_minus_2h,
hist-cryptopia-SYNX-201809301900,history,announcement,cryptopia,SYNX,BTC,1538334000000,2018-09-30T19:00:00Z,2026-10-07T12:53:22Z,history-merge-v1,BPF; Hit Pump Angels,,,,,,,lamorgia+pumpsense,lamorgia_gmt,COIN IS : SYNX
hist-cryptopia-TAJ-201810301600,history,announcement,cryptopia,TAJ,BTC,1540915200000,2018-10-30T16:00:00Z,2026-10-07T12:53:22Z,history-merge-v1,CPI; Bitcoin Pump Group,,,,,,,lamorgia+pumpsense,lamorgia_gmt,https://www.cryptopia.co.nz/Exchange/?market=TAJ_BTC
hist-cryptopia-TIX-201811061500,history,announcement,cryptopia,TIX,BTC,1541516400000,2018-11-06T15:00:00Z,2026-10-07T12:53:22Z,history-merge-v1,CPI; Bitcoin Pump Group,,,,,,,lamorgia+pumpsense,lamorgia_gmt,https://www.cryptopia.co.nz/Exchange/?market=TIX_BTC
hist-cryptopia-TRK-201804151800,history,announcement,cryptopia,TRK,BTC,1523815200000,2018-04-15T18:00:00Z,2026-10-07T12:53:22Z,history-merge-v1,BPF; Hit Pump Angels,,,,,,,lamorgia+pumpsense,lamorgia_gmt,COIN : TRK
hist-cryptopia-TRK-201806201500,history,announcement,cryptopia,TRK,BTC,1529506800000,2018-06-20T15:00:00Z,2026-10-07T12:53:22Z,history-merge-v1,CPI,,,,,,,lamorgia,lamorgia_gmt,
hist-cryptopia-TRK-201807041500,history,announcement,cryptopia,TRK,BTC,1530716400000,2018-07-04T15:00:00Z,2026-10-07T12:53:22Z,history-merge-v1,CPI,,,,,,,lamorgia,lamorgia_gmt,
hist-cryptopia-TX-201809181700,history,announcement,cryptopia,TX,BTC,1537290000000,2018-09-18T17:00:00Z,2026-10-07T12:53:22Z,history-merge-v1,Crypto Profits,,,,,,,pumpsense,pumpsense_minus_2h,"The coin to pump is: 💎 TX 💎 

Exchange: Cryptopia.co.nz📊

Target: +500%   📈 

Market: TX/BTC

https://www.cryptopia.co.nz/Exchange/?market=TX_BTC"
hist-cryptopia-UBT-201809171500,history,announcement,cryptopia,UBT,BTC,1537196400000,2018-09-17T15:00:00Z,2026-10-07T12:53:22Z,history-merge-v1,CPI; Bitcoin Pump Group,,,,,,,lamorgia+pumpsense,lamorgia_gmt,https://www.cryptopia.co.nz/Exchange/?market=UBT_BTC
hist-cryptopia-UMO-201805251859,history,announcement,cryptopia,UMO,BTC,1527274740000,2018-05-25T18:59:00Z,2026-10-07T12:53:22Z,history-merge-v1,BPF; Hit Pump Angels,,,,,,,lamorgia+pumpsense,lamorgia_gmt,
hist-cryptopia-UMO-201805271600,history,announcement,cryptopia,UMO,BTC,1527436800000,2018-05-27T16:00:00Z,2026-10-07T12:53:22Z,history-merge-v1,BPF; Hit Pump Angels,,,,,,,lamorgia+pumpsense,lamorgia_gmt,COIN IS : UMO
hist-cryptopia-UMO-201806051900,history,announcement,cryptopia,UMO,BTC,1528225200000,2018-06-05T19:00:00Z,2026-10-07T12:53:22Z,history-merge-v1,BPF; Hit Pump Angels,,,,,,,lamorgia+pumpsense,lamorgia_gmt,UMO
hist-cryptopia-UMO-201806251900,history,announcement,cryptopia,UMO,BTC,1529953200000,2018-06-25T19:00:00Z,2026-10-07T12:53:22Z,history-merge-v1,BPF; Hit Pump Angels,,,,,,,lamorgia+pumpsense,lamorgia_gmt,COIN IS : UMO
hist-cryptopia-UMO-201809051700,history,announcement,cryptopia,UMO,BTC,1536166804000,2018-09-05T17:00:04Z,2026-10-07T12:53:22Z,history-merge-v1,Crypto Profits,,,,,,,pumpsense,pumpsense_minus_2h,"The coin to pump is: 💎 UMO 💎 

Exchange: Cryptopia.co.nz📊

Target: +500%   📈 

Market: UMO/BTC

https://www.cryptopia.co.nz/Exchange/?market=UMO_BTC"
hist-cryptopia-UMO-201811241900,history,announcement,cryptopia,UMO,BTC,1543086001000,2018-11-24T19:00:01Z,2026-10-07T12:53:22Z,history-merge-v1,Crypto Profits,,,,,,,pumpsense,pumpsense_minus_2h,
hist-cryptopia-UTC-201901111500,history,announcement,cryptopia,UTC,BTC,1547218800000,2019-01-11T15:00:00Z,2026-10-07T12:53:22Z,history-merge-v1,CPI,,,,,,,lamorgia,lamorgia_gmt,
hist-cryptopia-VIBE-201807141700,history,announcement,cryptopia,VIBE,BTC,1531587600000,2018-07-14T17:00:00Z,2026-10-07T12:53:22Z,history-merge-v1,BPF,,,,,,,lamorgia,lamorgia_gmt,
hist-cryptopia-VRC-201809041700,history,announcement,cryptopia,VRC,BTC,1536080401000,2018-09-04T17:00:01Z,2026-10-07T12:53:22Z,history-merge-v1,Crypto Profits,,,,,,,pumpsense,pumpsense_minus_2h,"The coin to pump is: 💎 VRC 💎 

Exchange: Cryptopia.co.nz📊

Target: +500%   📈 

Market: VRC/BTC

https://www.cryptopia.co.nz/Exchange/?market=VRC_BTC"
hist-cryptopia-WHL-201809051830,history,announcement,cryptopia,WHL,BTC,1536172200000,2018-09-05T18:30:00Z,2026-10-07T12:53:22Z,history-merge-v1,BPF; Hit Pump Angels,,,,,,,lamorgia+pumpsense,lamorgia_gmt,COIN IS :  whl
hist-cryptopia-WHL-201809060003,history,announcement,cryptopia,WHL,BTC,1536192180000,2018-09-06T00:03:00Z,2026-10-07T12:53:22Z,history-merge-v1,LUX,,,,,,,lamorgia,lamorgia_gmt,
hist-cryptopia-WINGS-201901271800,history,announcement,cryptopia,WINGS,BTC,1548612000000,2019-01-27T18:00:00Z,2026-10-07T12:53:22Z,history-merge-v1,CPI,,,,,,,lamorgia,lamorgia_gmt,
hist-cryptopia-WSP-201809241500,history,announcement,cryptopia,WSP,BTC,1537801200000,2018-09-24T15:00:00Z,2026-10-07T12:53:22Z,history-merge-v1,CPI; Bitcoin Pump Group,,,,,,,lamorgia+pumpsense,lamorgia_gmt,https://www.cryptopia.co.nz/Exchange/?market=WSP_BTC
hist-cryptopia-WW-201807051730,history,announcement,cryptopia,WW,BTC,1530811800000,2018-07-05T17:30:00Z,2026-10-07T12:53:22Z,history-merge-v1,Crypto Pump Squad,,,,,,,pumpsense,pumpsense_minus_2h,https://i.imgur.com/2AXfyGQ.jpg
hist-cryptopia-WW-201807251730,history,announcement,cryptopia,WW,BTC,1532539800000,2018-07-25T17:30:00Z,2026-10-07T12:53:22Z,history-merge-v1,CPS,,,,,,,lamorgia,lamorgia_gmt,
hist-cryptopia-XBP-201812041958,history,announcement,cryptopia,XBP,BTC,1543953480000,2018-12-04T19:58:00Z,2026-10-07T12:53:22Z,history-merge-v1,CPS; Crypto Pump Squad,,,,,,,lamorgia+pumpsense,lamorgia_gmt,https://cdn.discordapp.com/attachments/504313393088561162/519584841176449063/coin.png
hist-cryptopia-XBP-201812202000,history,announcement,cryptopia,XBP,BTC,1545336000000,2018-12-20T20:00:00Z,2026-10-07T12:53:22Z,history-merge-v1,CPS; Crypto Pump Squad,,,,,,,lamorgia+pumpsense,lamorgia_gmt,https://cdn.discordapp.com/attachments/504313393088561162/525392103874756628/unknown.png
hist-cryptopia-XCO-201802131700,history,announcement,cryptopia,XCO,BTC,1518541200000,2018-02-13T17:00:00Z,2026-10-07T12:53:22Z,history-merge-v1,FCS,,,,,,,lamorgia,lamorgia_gmt,
hist-cryptopia-XCO-201802151800,history,announcement,cryptopia,XCO,BTC,1518717600000,2018-02-15T18:00:00Z,2026-10-07T12:53:22Z,history-merge-v1,FCS,,,,,,,lamorgia,lamorgia_gmt,
hist-cryptopia-XID-201809261900,history,announcement,cryptopia,XID,BTC,1537988401000,2018-09-26T19:00:01Z,2026-10-07T12:53:22Z,history-merge-v1,Crypto Profits,,,,,,,pumpsense,pumpsense_minus_2h,
hist-cryptopia-XID-201810181930,history,announcement,cryptopia,XID,BTC,1539891000000,2018-10-18T19:30:00Z,2026-10-07T12:53:22Z,history-merge-v1,CPS; Crypto Pump Squad,,,,,,,lamorgia+pumpsense,lamorgia_gmt,"650% = 3,345 sats

https://cdn.discordapp.com/attachments/484968678778077194/502561447331758080/unknown.png
@everyone"
hist-cryptopia-XMG-201809171700,history,announcement,cryptopia,XMG,BTC,1537203602000,2018-09-17T17:00:02Z,2026-10-07T12:53:22Z,history-merge-v1,Crypto Profits,,,,,,,pumpsense,pumpsense_minus_2h,"The coin to pump is: 💎 XMG 💎 

Exchange: Cryptopia.co.nz📊

Target: +500%   📈 

Market: XMG/BTC

https://www.cryptopia.co.nz/Exchange/?market=XMG_BTC"
hist-cryptopia-XPTX-201810251929,history,announcement,cryptopia,XPTX,BTC,1540495740000,2018-10-25T19:29:00Z,2026-10-07T12:53:22Z,history-merge-v1,CPS; Crypto Pump Squad,,,,,,,lamorgia+pumpsense,lamorgia_gmt,https://cdn.discordapp.com/attachments/504313393088561162/505088819213631521/Immagine.png
hist-cryptopia-XRE-201806161759,history,announcement,cryptopia,XRE,BTC,1529171940000,2018-06-16T17:59:00Z,2026-10-07T12:53:22Z,history-merge-v1,BPF; Hit Pump Angels,,,,,,,lamorgia+pumpsense,lamorgia_gmt,"COIN IS : XRE

BUY BUY BUY !!!"
hist-cryptopia-XRE-201812251500,history,announcement,cryptopia,XRE,BTC,1545750000000,2018-12-25T15:00:00Z,2026-10-07T12:53:22Z,history-merge-v1,CPI,,,,,,,lamorgia,lamorgia_gmt,
hist-cryptopia-XST-201803161800,history,announcement,cryptopia,XST,BTC,1521223200000,2018-03-16T18:00:00Z,2026-10-07T12:53:22Z,history-merge-v1,BPS,,,,,,,lamorgia,lamorgia_gmt,
hist-cryptopia-XST-201809201700,history,announcement,cryptopia,XST,BTC,1537462802000,2018-09-20T17:00:02Z,2026-10-07T12:53:22Z,history-merge-v1,Crypto Profits,,,,,,,pumpsense,pumpsense_minus_2h,"The coin to pump is: 💎 XST 💎 

Exchange: Cryptopia.co.nz📊

Target: +500%   📈 

Market: XST/BTC

https://www.cryptopia.co.nz/Exchange/?market=XST_BTC"
hist-cryptopia-XXX-201808261700,history,announcement,cryptopia,XXX,BTC,1535302800000,2018-08-26T17:00:00Z,2026-10-07T12:53:22Z,history-merge-v1,BPF; Hit Pump Angels,,,,,,,lamorgia+pumpsense,lamorgia_gmt,COIN IS : XXX
hist-cryptopia-XZX-201808221800,history,announcement,cryptopia,XZX,BTC,1534960800000,2018-08-22T18:00:00Z,2026-10-07T12:53:22Z,history-merge-v1,BPF; Hit Pump Angels,,,,,,,lamorgia+pumpsense,lamorgia_gmt,XZX
hist-cryptopia-XZX-201809091701,history,announcement,cryptopia,XZX,BTC,1536512460000,2018-09-09T17:01:00Z,2026-10-07T12:53:22Z,history-merge-v1,LUX,,,,,,,lamorgia,lamorgia_gmt,
hist-cryptopia-XZX-201810100624,history,announcement,cryptopia,XZX,BTC,1539152645000,2018-10-10T06:24:05Z,2026-10-07T12:53:22Z,history-merge-v1,Coin Coach Signals,,,,,,,pumpsense,pumpsense_minus_2h,"Organized Buy Our Channel & Partners

@Biggestpumps

👆Join Fast👆"
hist-cryptopia-XZX-201810101631,history,announcement,cryptopia,XZX,BTC,1539189060000,2018-10-10T16:31:00Z,2026-10-07T12:53:22Z,history-merge-v1,Baby Crypto Channel; FCS,,,,,,,lamorgia+pumpsense,lamorgia_gmt,
hist-cryptopia-YOVI-201809241900,history,announcement,cryptopia,YOVI,BTC,1537815600000,2018-09-24T19:00:00Z,2026-10-07T12:53:22Z,history-merge-v1,BPF; Hit Pump Angels,,,,,,,lamorgia+pumpsense,lamorgia_gmt,COIN IS : YOVI
hist-cryptopia-YOVI-201810071700,history,announcement,cryptopia,YOVI,BTC,1538931603000,2018-10-07T17:00:03Z,2026-10-07T12:53:22Z,history-merge-v1,Crypto Profits,,,,,,,pumpsense,pumpsense_minus_2h,"Hey guys , in the previous days we Pumped alot of coins like 
$CAN & $AUR and alot of alts we did well in these pumps

but Coin today is 👉 : YOVI 

YOVI coin is very Good coin and has alot of potential to be pumped highly

link of the coin : https://www.cryptopia.co.nz/Exchange/?market=YOVI_BTC"
hist-cryptopia-ZER-201801250954,history,announcement,cryptopia,ZER,BTC,1516874040000,2018-01-25T09:54:00Z,2026-10-07T12:53:22Z,history-merge-v1,PKG,,,,,,,lamorgia,lamorgia_gmt,
hist-cryptopia-ZNY-201809211700,history,announcement,cryptopia,ZNY,BTC,1537549202000,2018-09-21T17:00:02Z,2026-10-07T12:53:22Z,history-merge-v1,Crypto Profits,,,,,,,pumpsense,pumpsense_minus_2h,"The coin to pump is: 💎 ZNY 💎 

Exchange: Cryptopia.co.nz📊

Target: +500%   📈 

Market: ZNY/BTC

https://www.cryptopia.co.nz/Exchange/?market=ZNY_BTC"
hist-cryptopia-ZNY-201811092000,history,announcement,cryptopia,ZNY,BTC,1541793600000,2018-11-09T20:00:00Z,2026-10-07T12:53:22Z,history-merge-v1,BPF; Hit Pump Angels,,,,,,,lamorgia+pumpsense,lamorgia_gmt,COIN IS : ZNY
hist-cryptopia-ZSE-201805161800,history,announcement,cryptopia,ZSE,BTC,1526493600000,2018-05-16T18:00:00Z,2026-10-07T12:53:22Z,history-merge-v1,BPF; Hit Pump Angels,,,,,,,lamorgia+pumpsense,lamorgia_gmt,Coin is:zse
hist-cryptopia-ZSE-201806031800,history,announcement,cryptopia,ZSE,BTC,1528048800000,2018-06-03T18:00:00Z,2026-10-07T12:53:22Z,history-merge-v1,Hit Pump Angels; BPF,,,,,,,lamorgia+pumpsense,lamorgia_gmt,
hist-exchange-VIB-201908211759,history,announcement,exchange,VIB,BTC,1566410399000,2019-08-21T17:59:59Z,2026-10-07T12:53:22Z,history-merge-v1,Coin Coach Signals,,,,,,,pumpsense,pumpsense_minus_2h,
hist-gate-FER-202303112200,history,announcement,gate,FER,USDT,1678572006000,2023-03-11T22:00:06Z,2026-10-07T12:53:22Z,history-merge-v1,Big Pump Signal,,,,,,,pumpsense,pumpsense_minus_2h,"The coin we are pumping tonight is : FER 


https://www.gate.io/trade/FER_USDT"
hist-gate-HIBS-202302252200,history,announcement,gate,HIBS,USDT,1677362440000,2023-02-25T22:00:40Z,2026-10-07T12:53:22Z,history-merge-v1,Big Pump Signal,,,,,,,pumpsense,pumpsense_minus_2h,"The coin we are pumping tonight is :  HIBS 


https://www.gate.io/trade/HIBS_USDT"
hist-gate-KWS-202209161830,history,announcement,gate,KWS,USDT,1663353014000,2022-09-16T18:30:14Z,2026-10-07T12:53:22Z,history-merge-v1,Hit Pump Angels,,,,,,,pumpsense,pumpsense_minus_2h,"COIN IS ; KWS

🚀 BUY BUY BUY 🚀"
hist-gate-LIQUIDUS-202304162200,history,announcement,gate,LIQUIDUS,USDT,1681682424000,2023-04-16T22:00:24Z,2026-10-07T12:53:22Z,history-merge-v1,Big Pump Signal,,,,,,,pumpsense,pumpsense_minus_2h,
hist-gate-MOBI-202209111600,history,announcement,gate,MOBI,USDT,1662912014000,2022-09-11T16:00:14Z,2026-10-07T12:53:22Z,history-merge-v1,Hit Pump Angels,,,,,,,pumpsense,pumpsense_minus_2h,"COIN IS ; MOBI

🚀 BUY BUY BUY 🚀"
hist-gate-MTD-202304082200,history,announcement,gate,MTD,USDT,1680991228000,2023-04-08T22:00:28Z,2026-10-07T12:53:22Z,history-merge-v1,Big Pump Signal,,,,,,,pumpsense,pumpsense_minus_2h,
hist-gate-SPHRI-202303182200,history,announcement,gate,SPHRI,USDT,1679176849000,2023-03-18T22:00:49Z,2026-10-07T12:53:22Z,history-merge-v1,Big Pump Signal,,,,,,,pumpsense,pumpsense_minus_2h,"The coin we are pumping tonight is : SPHRI 


https://www.gate.io/trade/SPHRI_USDT"
hist-gate-SRG-202303042201,history,announcement,gate,SRG,USDT,1677967285000,2023-03-04T22:01:25Z,2026-10-07T12:53:22Z,history-merge-v1,Big Pump Signal,,,,,,,pumpsense,pumpsense_minus_2h,"The coin we are pumping tonight is : SRG 


https://www.gate.io/trade/SRG_USDT"
hist-gate-UNISTAKE-202303252200,history,announcement,gate,UNISTAKE,USDT,1679781602000,2023-03-25T22:00:02Z,2026-10-07T12:53:22Z,history-merge-v1,Big Pump Signal,,,,,,,pumpsense,pumpsense_minus_2h,"The coin we are pumping tonight is: UNISTAKE


https://www.gate.io/trade/UNISTAKE_USDT"
hist-gate-XY-202304231700,history,announcement,gate,XY,USDT,1682269218000,2023-04-23T17:00:18Z,2026-10-07T12:53:22Z,history-merge-v1,Big Pump Signal,,,,,,,pumpsense,pumpsense_minus_2h,"The coin we are pumping tonight is :  XY


https://www.gate.io/trade/XY_USDT

Buy and hold for massive profits"
hist-hitbtc-VRA-201905241259,history,announcement,hitbtc,VRA,BTC,1558702794000,2019-05-24T12:59:54Z,2026-10-07T12:53:22Z,history-merge-v1,Crypto Guru,,,,,,,pumpsense,pumpsense_minus_2h,"💥Gem call of the month : $VRA  (Verasity)

Verasity.io describes itself as a video player that provides 'rewarded video player technology' to major video publishers across the globe. Verasity.io purportedly offers a patent-pending Video Player that enables VRA rewards, monetization, and loyalty sche"
hist-hotbit-BDO-202106102000,history,announcement,hotbit,BDO,USDT,1623355211000,2021-06-10T20:00:11Z,2026-10-07T12:53:22Z,history-merge-v1,Crypto Haven Signals,,,,,,,pumpsense,pumpsense_minus_2h,https://www.hotbit.io/exchange?symbol=BDO_USDT
hist-hotbit-BPRO-202205141800,history,announcement,hotbit,BPRO,USDT,1652551233000,2022-05-14T18:00:33Z,2026-10-07T12:53:22Z,history-merge-v1,Binance Crypto Pumps; Binance Crypto Pump Signals,,,,,,,pumpsense,pumpsense_minus_2h,Coin is: BPRO
hist-hotbit-BQT-202204171700,history,announcement,hotbit,BQT,USDT,1650214834000,2022-04-17T17:00:34Z,2026-10-07T12:53:22Z,history-merge-v1,Binance Crypto Pumps; Binance Crypto Pump Signals,,,,,,,pumpsense,pumpsense_minus_2h,Coin is: BQT
hist-hotbit-BR-202204161600,history,announcement,hotbit,BR,USDT,1650124814000,2022-04-16T16:00:14Z,2026-10-07T12:53:22Z,history-merge-v1,Binance Crypto Pumps; Binance Crypto Pump Signals,,,,,,,pumpsense,pumpsense_minus_2h,Coin is: BR
hist-hotbit-BZN-202204301800,history,announcement,hotbit,BZN,USDT,1651341611000,2022-04-30T18:00:11Z,2026-10-07T12:53:22Z,history-merge-v1,Binance Crypto Pumps; Binance Crypto Pump Signals,,,,,,,pumpsense,pumpsense_minus_2h,Coin is:BZN
hist-hotbit-CINU-202202271800,history,announcement,hotbit,CINU,USDT,1645984818000,2022-02-27T18:00:18Z,2026-10-07T12:53:22Z,history-merge-v1,Binance Crypto Pumps; Binance Crypto Pump Signals,,,,,,,pumpsense,pumpsense_minus_2h,Coin is: CINU
hist-hotbit-CRYSTAL-202207161800,history,announcement,hotbit,CRYSTAL,USDT,1657994423000,2022-07-16T18:00:23Z,2026-10-07T12:53:22Z,history-merge-v1,Binance Crypto Pumps; Binance Crypto Pump Signals,,,,,,,pumpsense,pumpsense_minus_2h,Coin is: CRYSTAL
hist-hotbit-CTC-202206121700,history,announcement,hotbit,CTC,USDT,1655053240000,2022-06-12T17:00:40Z,2026-10-07T12:53:22Z,history-merge-v1,Binance Crypto Pumps; Binance Crypto Pump Signals,,,,,,,pumpsense,pumpsense_minus_2h,Coin is: CTC
hist-hotbit-DBC-202205081700,history,announcement,hotbit,DBC,USDT,1652029207000,2022-05-08T17:00:07Z,2026-10-07T12:53:22Z,history-merge-v1,Binance Crypto Pumps; Binance Crypto Pump Signals,,,,,,,pumpsense,pumpsense_minus_2h,Coin is: DBC
hist-hotbit-DDK-202202201800,history,announcement,hotbit,DDK,USDT,1645380016000,2022-02-20T18:00:16Z,2026-10-07T12:53:22Z,history-merge-v1,Binance Crypto Pumps,,,,,,,pumpsense,pumpsense_minus_2h,Coin is: DDK
hist-hotbit-DDK-202207311050,history,announcement,hotbit,DDK,USDT,1659264644000,2022-07-31T10:50:44Z,2026-10-07T12:53:22Z,history-merge-v1,Binance Crypto Pumps; Binance Crypto Pump Signals,,,,,,,pumpsense,pumpsense_minus_2h,Coin is: DDk
hist-hotbit-DPWK-202206041800,history,announcement,hotbit,DPWK,USDT,1654365626000,2022-06-04T18:00:26Z,2026-10-07T12:53:22Z,history-merge-v1,Binance Crypto Pumps; Binance Crypto Pump Signals,,,,,,,pumpsense,pumpsense_minus_2h,Coin is: DPWK
hist-hotbit-DSD-202204101701,history,announcement,hotbit,DSD,USDT,1649610084000,2022-04-10T17:01:24Z,2026-10-07T12:53:22Z,history-merge-v1,Binance Crypto Pumps,,,,,,,pumpsense,pumpsense_minus_2h,Coin is: DSD
hist-hotbit-DSM-202204231800,history,announcement,hotbit,DSM,USDT,1650736820000,2022-04-23T18:00:20Z,2026-10-07T12:53:22Z,history-merge-v1,Binance Crypto Pumps; Binance Crypto Pump Signals,,,,,,,pumpsense,pumpsense_minus_2h,Coin is: DSM
hist-hotbit-EGL-202204021800,history,announcement,hotbit,EGL,USDT,1648922435000,2022-04-02T18:00:35Z,2026-10-07T12:53:22Z,history-merge-v1,Binance Crypto Pumps; Binance Crypto Pump Signals,,,,,,,pumpsense,pumpsense_minus_2h,Coin is: EGL
hist-hotbit-ESD-202209171700,history,announcement,hotbit,ESD,USDT,1663434036000,2022-09-17T17:00:36Z,2026-10-07T12:53:22Z,history-merge-v1,Binance Crypto Pumps; Binance Crypto Pump Signals,,,,,,,pumpsense,pumpsense_minus_2h,Coin is: ESD
hist-hotbit-FLUX01-202207231700,history,announcement,hotbit,FLUX01,BTC,1658595640000,2022-07-23T17:00:40Z,2026-10-07T12:53:22Z,history-merge-v1,Binance Crypto Pumps; Binance Crypto Pump Signals,,,,,,,pumpsense,pumpsense_minus_2h,Coin is: FLUX01
hist-hotbit-HEROES-202206251800,history,announcement,hotbit,HEROES,USDT,1656180025000,2022-06-25T18:00:25Z,2026-10-07T12:53:22Z,history-merge-v1,Binance Crypto Pumps; Binance Crypto Pump Signals,,,,,,,pumpsense,pumpsense_minus_2h,Coin is: HEROES
hist-hotbit-HUM-202205281800,history,announcement,hotbit,HUM,USDT,1653760816000,2022-05-28T18:00:16Z,2026-10-07T12:53:22Z,history-merge-v1,Binance Crypto Pumps; Binance Crypto Pump Signals,,,,,,,pumpsense,pumpsense_minus_2h,Coin is: HUM
hist-hotbit-IQEVPD-202205151600,history,announcement,hotbit,IQEVPD,USDT,1652630401000,2022-05-15T16:00:01Z,2026-10-07T12:53:22Z,history-merge-v1,Binance Crypto Pumps; Binance Crypto Pump Signals,,,,,,,pumpsense,pumpsense_minus_2h,Coin is: IQEVPD
hist-hotbit-JUSTICE-202206261544,history,announcement,hotbit,JUSTICE,USDT,1656258290000,2022-06-26T15:44:50Z,2026-10-07T12:53:22Z,history-merge-v1,Binance Crypto Pumps; Binance Crypto Pump Signals,,,,,,,pumpsense,pumpsense_minus_2h,Coin is: JUSTICE
hist-hotbit-KBT-202206111800,history,announcement,hotbit,KBT,USDT,1654970418000,2022-06-11T18:00:18Z,2026-10-07T12:53:22Z,history-merge-v1,Binance Crypto Pumps; Binance Crypto Pump Signals,,,,,,,pumpsense,pumpsense_minus_2h,Coin is: KBT
hist-hotbit-KTO-202207171701,history,announcement,hotbit,KTO,USDT,1658077268000,2022-07-17T17:01:08Z,2026-10-07T12:53:22Z,history-merge-v1,Binance Crypto Pump Signals,,,,,,,pumpsense,pumpsense_minus_2h,Coin is: KTO
hist-hotbit-LGCY-202209241700,history,announcement,hotbit,LGCY,USDT,1664038836000,2022-09-24T17:00:36Z,2026-10-07T12:53:22Z,history-merge-v1,Binance Crypto Pumps; Hit Pump Angels; Binance Crypto Pump Signals,,,,,,,pumpsense,pumpsense_minus_2h,Coin is: LGCY
hist-hotbit-MILKY-202206181800,history,announcement,hotbit,MILKY,USDT,1655575237000,2022-06-18T18:00:37Z,2026-10-07T12:53:22Z,history-merge-v1,Binance Crypto Pumps; Binance Crypto Pump Signals,,,,,,,pumpsense,pumpsense_minus_2h,Coin is: MILKY
hist-hotbit-NAOS-202203201900,history,announcement,hotbit,NAOS,USDT,1647802846000,2022-03-20T19:00:46Z,2026-10-07T12:53:22Z,history-merge-v1,Binance Crypto Pumps; Binance Crypto Pump Signals,,,,,,,pumpsense,pumpsense_minus_2h,Coin is:NAOS
hist-hotbit-NGL-202206191559,history,announcement,hotbit,NGL,USDT,1655654395000,2022-06-19T15:59:55Z,2026-10-07T12:53:22Z,history-merge-v1,Binance Crypto Pumps; Binance Crypto Pump Signals,,,,,,,pumpsense,pumpsense_minus_2h,Coin is: NGL
hist-hotbit-NGM-202210091700,history,announcement,hotbit,NGM,USDT,1665334846000,2022-10-09T17:00:46Z,2026-10-07T12:53:22Z,history-merge-v1,Binance Crypto Pumps,,,,,,,pumpsense,pumpsense_minus_2h,Coin is: NGM
hist-hotbit-NINJA-202208071701,history,announcement,hotbit,NINJA,USDT,1659891669000,2022-08-07T17:01:09Z,2026-10-07T12:53:22Z,history-merge-v1,Binance Crypto Pumps; Binance Crypto Pump Signals,,,,,,,pumpsense,pumpsense_minus_2h,Coin is: NINJA
hist-hotbit-OLO-202203271700,history,announcement,hotbit,OLO,USDT,1648400431000,2022-03-27T17:00:31Z,2026-10-07T12:53:22Z,history-merge-v1,Binance Crypto Pumps; Binance Crypto Pump Signals,,,,,,,pumpsense,pumpsense_minus_2h,Coin is: OLO
hist-hotbit-REVV-202210091701,history,announcement,hotbit,REVV,USDT,1665334865000,2022-10-09T17:01:05Z,2026-10-07T12:53:22Z,history-merge-v1,Binance Crypto Pump Signals,,,,,,,pumpsense,pumpsense_minus_2h,Coin is: REVV
hist-hotbit-RICH-202203061801,history,announcement,hotbit,RICH,USDT,1646589663000,2022-03-06T18:01:03Z,2026-10-07T12:53:22Z,history-merge-v1,Binance Crypto Pumps; Binance Crypto Pump Signals,,,,,,,pumpsense,pumpsense_minus_2h,Coin is: RICH
hist-hotbit-SMX-202203261800,history,announcement,hotbit,SMX,USDT,1648317626000,2022-03-26T18:00:26Z,2026-10-07T12:53:22Z,history-merge-v1,Binance Crypto Pumps; Binance Crypto Pump Signals,,,,,,,pumpsense,pumpsense_minus_2h,Coin is: SMX
hist-hotbit-SPY-202210081700,history,announcement,hotbit,SPY,USDT,1665248423000,2022-10-08T17:00:23Z,2026-10-07T12:53:22Z,history-merge-v1,Binance Crypto Pumps; Hit Pump Angels; Binance Crypto Pump Signals,,,,,,,pumpsense,pumpsense_minus_2h,Coin is: SPY
hist-hotbit-STARS-202203191800,history,announcement,hotbit,STARS,USDT,1647712826000,2022-03-19T18:00:26Z,2026-10-07T12:53:22Z,history-merge-v1,Binance Crypto Pumps; Binance Crypto Pump Signals,,,,,,,pumpsense,pumpsense_minus_2h,Coin is: STARS
hist-hotbit-TOKE-202207171700,history,announcement,hotbit,TOKE,USDT,1658077217000,2022-07-17T17:00:17Z,2026-10-07T12:53:22Z,history-merge-v1,Binance Crypto Pumps,,,,,,,pumpsense,pumpsense_minus_2h,Coin is: TOKE
hist-hotbit-TRR-202204091800,history,announcement,hotbit,TRR,USDT,1649527217000,2022-04-09T18:00:17Z,2026-10-07T12:53:22Z,history-merge-v1,Binance Crypto Pumps,,,,,,,pumpsense,pumpsense_minus_2h,Coin is: TRR
hist-hotbit-UBU-202207021800,history,announcement,hotbit,UBU,USDT,1656784823000,2022-07-02T18:00:23Z,2026-10-07T12:53:22Z,history-merge-v1,Binance Crypto Pumps; Binance Crypto Pump Signals,,,,,,,pumpsense,pumpsense_minus_2h,Coin is: UBU
hist-hotbit-UMEE-202203121800,history,announcement,hotbit,UMEE,USDT,1647108010000,2022-03-12T18:00:10Z,2026-10-07T12:53:22Z,history-merge-v1,Binance Crypto Pumps; Binance Crypto Pump Signals,,,,,,,pumpsense,pumpsense_minus_2h,Coin is: UMEE
hist-hotbit-VICS-202205211800,history,announcement,hotbit,VICS,USDT,1653156021000,2022-05-21T18:00:21Z,2026-10-07T12:53:22Z,history-merge-v1,Binance Crypto Pumps; Binance Crypto Pump Signals,,,,,,,pumpsense,pumpsense_minus_2h,Coin is: VICS
hist-hotbit-VPP-202210011700,history,announcement,hotbit,VPP,USDT,1664643634000,2022-10-01T17:00:34Z,2026-10-07T12:53:22Z,history-merge-v1,Binance Crypto Pumps; Binance Crypto Pump Signals,,,,,,,pumpsense,pumpsense_minus_2h,Coin is: VPP
hist-hotbit-XD100-202208061700,history,announcement,hotbit,XD100,USDT,1659805226000,2022-08-06T17:00:26Z,2026-10-07T12:53:22Z,history-merge-v1,Binance Crypto Pumps; Binance Crypto Pump Signals,,,,,,,pumpsense,pumpsense_minus_2h,Coin is: XD100
hist-hotbit-XTK-202106231900,history,announcement,hotbit,XTK,USDT,1624474830000,2021-06-23T19:00:30Z,2026-10-07T12:53:22Z,history-merge-v1,Crypto Haven Signals,,,,,,,pumpsense,pumpsense_minus_2h,https://www.hotbit.io/exchange?symbol=XTK_USDT
hist-hotbit-XUC-202205011701,history,announcement,hotbit,XUC,USDT,1651424513000,2022-05-01T17:01:53Z,2026-10-07T12:53:22Z,history-merge-v1,Binance Crypto Pumps; Binance Crypto Pump Signals,,,,,,,pumpsense,pumpsense_minus_2h,Coin is: XUC
hist-kucoin-ARKER-202211061700,history,announcement,kucoin,ARKER,USDT,1667754025000,2022-11-06T17:00:25Z,2026-10-07T12:53:22Z,history-merge-v1,Crypto Bitcoin Pumps & Trading; Mega Signals Group; Hit Pump Angels; Binance Crypto Pumps; Binance Crypto Pump Signals; Cryptic Trading; Crypto Coin Pump Signals,,,,,,,pumpsense,pumpsense_minus_2h,"The coin we are pumping today is : ARKER

Buy and hold for massive profits 

https://www.kucoin.com/trade/ARKER-USDT?spm=kcWeb.B5tradeAccount.Header4.1"
hist-kucoin-BCHA-202104042100,history,announcement,kucoin,BCHA,USDT,1617570001000,2021-04-04T21:00:01Z,2026-10-07T12:53:22Z,history-merge-v1,Crypto Coin Pump Signals,,,,,,,pumpsense,pumpsense_minus_2h,THE COIN WE ARE PUMPING IS THE ONE IN LARGE BLACK TEXT!!!
hist-kucoin-BIFI-202210151600,history,announcement,kucoin,BIFI,USDT,1665849635000,2022-10-15T16:00:35Z,2026-10-07T12:53:22Z,history-merge-v1,Trading Crypto Guide; Hit Pump Angels; Binance Crypto Pumps; Binance Crypto Pump Signals,,,,,,,pumpsense,pumpsense_minus_2h,"The coin we have picked for today's Mega Bull Call is: BIFI

https://trade.kucoin.com/BIFI-USDT

Buy and hold for massive profits"
hist-kucoin-BMON-202209091400,history,announcement,kucoin,BMON,USDT,1662732003000,2022-09-09T14:00:03Z,2026-10-07T12:53:22Z,history-merge-v1,Trading Crypto Guide; Hit Pump Angels,,,,,,,pumpsense,pumpsense_minus_2h,"The coin we have picked for today's Ultra Bull Call is: BMON

https://trade.kucoin.com/BMON-USDT

Projected Gain: 600%-800%"
hist-kucoin-BONDLY-202210061600,history,announcement,kucoin,BONDLY,USDT,1665072027000,2022-10-06T16:00:27Z,2026-10-07T12:53:22Z,history-merge-v1,Trading Crypto Guide; Hit Pump Angels,,,,,,,pumpsense,pumpsense_minus_2h,"The coin we have picked for today's Mega Bull Call is: BONDLY 

https://trade.kucoin.com/BONDLY-USDT

Buy and hold for massive profits"
hist-kucoin-BURP-202202121700,history,announcement,kucoin,BURP,USDT,1644685215000,2022-02-12T17:00:15Z,2026-10-07T12:53:22Z,history-merge-v1,Binance Crypto Pumps; Binance Crypto Pump Signals,,,,,,,pumpsense,pumpsense_minus_2h,Coin is: BURP
hist-kucoin-CGG-202106192100,history,announcement,kucoin,CGG,USDT,1624136403000,2021-06-19T21:00:03Z,2026-10-07T12:53:22Z,history-merge-v1,Crypto Haven Signals,,,,,,,pumpsense,pumpsense_minus_2h,CGG / USDT  https://trade.kucoin.com/CGG-USDT
hist-kucoin-DDK-202202201801,history,announcement,kucoin,DDK,USDT,1645380078000,2022-02-20T18:01:18Z,2026-10-07T12:53:22Z,history-merge-v1,Binance Crypto Pump Signals,,,,,,,pumpsense,pumpsense_minus_2h,Coin is: DDK
hist-kucoin-DODO-202105212100,history,announcement,kucoin,DODO,USDT,1621630800000,2021-05-21T21:00:00Z,2026-10-07T12:53:22Z,history-merge-v1,Crypto Coin Pump Signals,,,,,,,pumpsense,pumpsense_minus_2h,DODO/USDT https://trade.kucoin.com/DODO-USDT
hist-kucoin-DORA-202107281900,history,announcement,kucoin,DORA,USDT,1627498806000,2021-07-28T19:00:06Z,2026-10-07T12:53:22Z,history-merge-v1,Crypto Haven Signals,,,,,,,pumpsense,pumpsense_minus_2h,DORA
hist-kucoin-DPET-202205221700,history,announcement,kucoin,DPET,USDT,1653238817000,2022-05-22T17:00:17Z,2026-10-07T12:53:22Z,history-merge-v1,Binance Crypto Pumps; Binance Crypto Pump Signals,,,,,,,pumpsense,pumpsense_minus_2h,Coin is: DPET
hist-kucoin-DPET-202209041600,history,announcement,kucoin,DPET,USDT,1662307237000,2022-09-04T16:00:37Z,2026-10-07T12:53:22Z,history-merge-v1,Binance Crypto Pumps; Binance Crypto Pump Signals,,,,,,,pumpsense,pumpsense_minus_2h,Coin is:DPET
hist-kucoin-DSD-202204101701,history,announcement,kucoin,DSD,USDT,1649610097000,2022-04-10T17:01:37Z,2026-10-07T12:53:22Z,history-merge-v1,Binance Crypto Pump Signals,,,,,,,pumpsense,pumpsense_minus_2h,Coin is: DSD
hist-kucoin-EPK-202206051700,history,announcement,kucoin,EPK,USDT,1654448414000,2022-06-05T17:00:14Z,2026-10-07T12:53:22Z,history-merge-v1,Binance Crypto Pumps; Binance Crypto Pump Signals,,,,,,,pumpsense,pumpsense_minus_2h,Coin is: EPK
hist-kucoin-EPK-202209221400,history,announcement,kucoin,EPK,USDT,1663855207000,2022-09-22T14:00:07Z,2026-10-07T12:53:22Z,history-merge-v1,Trading Crypto Guide; Hit Pump Angels,,,,,,,pumpsense,pumpsense_minus_2h,"The coin we have picked for today's Mega Bull Call is: EPK

https://trade.kucoin.com/EPK-USDT

Projected Gain: 600%-800%"
hist-kucoin-FCL-202209161700,history,announcement,kucoin,FCL,USDT,1663347624000,2022-09-16T17:00:24Z,2026-10-07T12:53:22Z,history-merge-v1,Binance Crypto Pumps; Hit Pump Angels,,,,,,,pumpsense,pumpsense_minus_2h,Coin is: FCL
hist-kucoin-FLAME-202210161600,history,announcement,kucoin,FLAME,USDT,1665936000000,2022-10-16T16:00:00Z,2026-10-07T12:53:22Z,history-merge-v1,Crypto Bitcoin Pumps & Trading; Mega Signals Group; Hit Pump Angels; Binance Crypto Pumps; Binance Crypto Pump Signals; Crypto Coin Pump Signals; Cryptic Trading,,,,,,,pumpsense,pumpsense_minus_2h,"The coin we are pumping today is : FLAME

Buy and hold for massive profits 

https://www.kucoin.com/trade/FLAME-USDT?spm=kcWeb.B1homepage.Header4.1"
hist-kucoin-FLC-202209161700,history,announcement,kucoin,FLC,USDT,1663347659000,2022-09-16T17:00:59Z,2026-10-07T12:53:22Z,history-merge-v1,Binance Crypto Pump Signals,,,,,,,pumpsense,pumpsense_minus_2h,Coin is: FLC
hist-kucoin-FLY-202106271700,history,announcement,kucoin,FLY,USDT,1624813203000,2021-06-27T17:00:03Z,2026-10-07T12:53:22Z,history-merge-v1,Crypto Haven Signals,,,,,,,pumpsense,pumpsense_minus_2h,"The coin we have chosen to pump is:

FLY/USDT https://trade.kucoin.com/FLY-USDT

@everyone"
hist-kucoin-FTG-202207031700,history,announcement,kucoin,FTG,USDT,1656867600000,2022-07-03T17:00:00Z,2026-10-07T12:53:22Z,history-merge-v1,Crypto Bitcoin Pumps & Trading; Binance Crypto Pumps; Binance Crypto Pump Signals,,,,,,,pumpsense,pumpsense_minus_2h,"The coin we have picked to pump today is: FTG 

https://trade.kucoin.com/FTG-USDT"
hist-kucoin-GEEQ-202204031700,history,announcement,kucoin,GEEQ,USDT,1649005203000,2022-04-03T17:00:03Z,2026-10-07T12:53:22Z,history-merge-v1,Crypto Bitcoin Pumps & Trading; Binance Crypto Pumps; Binance Crypto Pump Signals,,,,,,,pumpsense,pumpsense_minus_2h,"The coin we have picked to pump today is: GEEQ

https://trade.kucoin.com/GEEQ-USDT"
hist-kucoin-GENS-202201011800,history,announcement,kucoin,GENS,USDT,1641060004000,2022-01-01T18:00:04Z,2026-10-07T12:53:22Z,history-merge-v1,Crypto Bitcoin Pumps & Trading,,,,,,,pumpsense,pumpsense_minus_2h,"The coin we have picked to pump today is: GENS

https://trade.kucoin.com/GENS-USDT

Projected Gain: 300-500%"
hist-kucoin-GGG-202211261600,history,announcement,kucoin,GGG,USDT,1669478432000,2022-11-26T16:00:32Z,2026-10-07T12:53:22Z,history-merge-v1,Trading Crypto Guide; Binance Crypto Pumps; Binance Crypto Pump Signals; Hit Pump Angels,,,,,,,pumpsense,pumpsense_minus_2h,"The coin we have picked for today's Mega Bull Call is: GGG

https://trade.kucoin.com/GGG-USDT

Buy and hold for massive profits"
hist-kucoin-HBB-202304301700,history,announcement,kucoin,HBB,USDT,1682874002000,2023-04-30T17:00:02Z,2026-10-07T12:53:22Z,history-merge-v1,Crypto Coin Pump Signals,,,,,,,pumpsense,pumpsense_minus_2h,"The coin we are pumping today is : HBB

Buy and hold for massive profits 

https://www.kucoin.com/trade/HBB-USDT"
hist-kucoin-HORD-202208281359,history,announcement,kucoin,HORD,USDT,1661695194000,2022-08-28T13:59:54Z,2026-10-07T12:53:22Z,history-merge-v1,Trading Crypto Guide,,,,,,,pumpsense,pumpsense_minus_2h,"The coin we have picked for today's Mega Bull Call is: HORD

https://trade.kucoin.com/HORD-USDT

Projected Gain: 1000%-1500%"
hist-kucoin-HYVE-202208251400,history,announcement,kucoin,HYVE,USDT,1661436000000,2022-08-25T14:00:00Z,2026-10-07T12:53:22Z,history-merge-v1,Trading Crypto Guide,,,,,,,pumpsense,pumpsense_minus_2h,"The coin we have picked for today's Mega Bull Call is: HYVE

https://trade.kucoin.com/HYVE-USDT

Projected Gain: 1000%-1500%"
hist-kucoin-JST-202105151900,history,announcement,kucoin,JST,USDT,1621105200000,2021-05-15T19:00:00Z,2026-10-07T12:53:22Z,history-merge-v1,Crypto Coin Pump Signals,,,,,,,pumpsense,pumpsense_minus_2h,JST/USDT https://trade.kucoin.com/JST-USDT
hist-kucoin-KDNO-202207311700,history,announcement,kucoin,KDNO,USDT,1659286859000,2022-07-31T17:00:59Z,2026-10-07T12:53:22Z,history-merge-v1,Binance Crypto Pump Signals,,,,,,,pumpsense,pumpsense_minus_2h,KDNO
hist-kucoin-KDON-202207311700,history,announcement,kucoin,KDON,USDT,1659286800000,2022-07-31T17:00:00Z,2026-10-07T12:53:22Z,history-merge-v1,Crypto Bitcoin Pumps & Trading; Binance Crypto Pumps,,,,,,,pumpsense,pumpsense_minus_2h,"The coin we have picked to pump today is: KDON

https://trade.kucoin.com/KDON-USDT"
hist-kucoin-KYL-202205291700,history,announcement,kucoin,KYL,USDT,1653843600000,2022-05-29T17:00:00Z,2026-10-07T12:53:22Z,history-merge-v1,Crypto Bitcoin Pumps & Trading; Binance Crypto Pumps; Binance Crypto Pump Signals,,,,,,,pumpsense,pumpsense_minus_2h,"The coin we have picked to pump today is: KYL

https://trade.kucoin.com/KYL-USDT"
hist-kucoin-LABS-202208201400,history,announcement,kucoin,LABS,USDT,1661004005000,2022-08-20T14:00:05Z,2026-10-07T12:53:22Z,history-merge-v1,Trading Crypto Guide,,,,,,,pumpsense,pumpsense_minus_2h,"The coin we have picked for today's Mega Bull Call is: LABS

https://trade.kucoin.com/LABS-USDT

Projected Gain: 1000%-1200%"
hist-kucoin-LAVAX-202210231600,history,announcement,kucoin,LAVAX,USDT,1666540805000,2022-10-23T16:00:05Z,2026-10-07T12:53:22Z,history-merge-v1,Crypto Bitcoin Pumps & Trading; Mega Signals Group; Hit Pump Angels; Binance Crypto Pumps; Binance Crypto Pump Signals; Cryptic Trading; Crypto Coin Pump Signals,,,,,,,pumpsense,pumpsense_minus_2h,"The coin we are pumping today is : LAVAX

Buy and hold for massive profits 

https://www.kucoin.com/trade/LAVAX-USDT?spm=kcWeb.B1withdraw.Header4.1"
hist-kucoin-LBP-202210021600,history,announcement,kucoin,LBP,USDT,1664726444000,2022-10-02T16:00:44Z,2026-10-07T12:53:22Z,history-merge-v1,Crypto Bitcoin Pumps & Trading; Mega Signals Group; Hit Pump Angels; Binance Crypto Pumps; Binance Crypto Pump Signals; Cryptic Trading; Crypto Coin Pump Signals,,,,,,,pumpsense,pumpsense_minus_2h,"The coin we are pumping today is : LBP

Buy and hold for massive profits 

https://www.kucoin.com/trade/LBP-USDT?spm=kcWeb.B5markets.Header4.1"
hist-kucoin-MODEFI-202111211800,history,announcement,kucoin,MODEFI,USDT,1637517608000,2021-11-21T18:00:08Z,2026-10-07T12:53:22Z,history-merge-v1,Crypto Bitcoin Pumps & Trading,,,,,,,pumpsense,pumpsense_minus_2h,"The coin we have picked to pump today is: MODEFI

https://trade.kucoin.com/MODEFI-USDT

Projected Gain: 200-400%"
hist-kucoin-MXC-202105231600,history,announcement,kucoin,MXC,USDT,1621785601000,2021-05-23T16:00:01Z,2026-10-07T12:53:22Z,history-merge-v1,Crypto Haven Signals,,,,,,,pumpsense,pumpsense_minus_2h,"Coin is: MXC 

<https://trade.kucoin.com/MXC-USDT>"
hist-kucoin-MXC-202108261900,history,announcement,kucoin,MXC,USDT,1630004402000,2021-08-26T19:00:02Z,2026-10-07T12:53:22Z,history-merge-v1,Crypto Haven Signals,,,,,,,pumpsense,pumpsense_minus_2h,"The coin we will be pumping today is MXC/USDT

https://trade.kucoin.com/MXC-USDT @everyone"
hist-kucoin-NWC-202010311700,history,announcement,kucoin,NWC,BTC,1604163600000,2020-10-31T17:00:00Z,2026-10-07T12:53:22Z,history-merge-v1,ATW; Crypto Ninja Official,,,,,,,lamorgia+pumpsense,lamorgia_gmt,"Coin is: 🤑 NWC 🤑

Exchange: KuCoin 📊

Market: NWC/BTC

https://trade.kucoin.com/spot/NWC-BTC

Buy Buy Buy & Hold for max profit
Buy Buy Buy & Hold for max profit
Buy Buy Buy & Hold for max profit"
hist-kucoin-OBS-202208271702,history,announcement,kucoin,OBS,BTC,1661619737000,2022-08-27T17:02:17Z,2026-10-07T12:53:22Z,history-merge-v1,Binance Crypto Pumps; Binance Crypto Pump Signals,,,,,,,pumpsense,pumpsense_minus_2h,OBS
hist-kucoin-ORC-202201151700,history,announcement,kucoin,ORC,USDT,1642266012000,2022-01-15T17:00:12Z,2026-10-07T12:53:22Z,history-merge-v1,Binance Crypto Pumps; Binance Crypto Pump Signals,,,,,,,pumpsense,pumpsense_minus_2h,Coin is: ORC
hist-kucoin-PMON-202208211700,history,announcement,kucoin,PMON,USDT,1661101220000,2022-08-21T17:00:20Z,2026-10-07T12:53:22Z,history-merge-v1,Binance Crypto Pumps; Binance Crypto Pump Signals,,,,,,,pumpsense,pumpsense_minus_2h,Coin is: PMON
hist-kucoin-QUARTZ-202303191800,history,announcement,kucoin,QUARTZ,USDT,1679248801000,2023-03-19T18:00:01Z,2026-10-07T12:53:22Z,history-merge-v1,Crypto Coin Pump Signals,,,,,,,pumpsense,pumpsense_minus_2h,"The coin we are pumping today is : QUARTZ

Buy and hold for massive profits 

https://www.kucoin.com/trade/QUARTZ-USDT?spm=kcWeb.B1assets.Header4.1"
hist-kucoin-SDT-202105011900,history,announcement,kucoin,SDT,USDT,1619895600000,2021-05-01T19:00:00Z,2026-10-07T12:53:22Z,history-merge-v1,Crypto Coin Pump Signals,,,,,,,pumpsense,pumpsense_minus_2h,
hist-kucoin-SDT-202105081900,history,announcement,kucoin,SDT,USDT,1620500400000,2021-05-08T19:00:00Z,2026-10-07T12:53:22Z,history-merge-v1,Crypto Coin Pump Signals,,,,,,,pumpsense,pumpsense_minus_2h,SDT/USDT https://trade.kucoin.com/SDT-USDT
hist-kucoin-SHX-202202261700,history,announcement,kucoin,SHX,USDT,1645894812000,2022-02-26T17:00:12Z,2026-10-07T12:53:22Z,history-merge-v1,Binance Crypto Pumps; Binance Crypto Pump Signals,,,,,,,pumpsense,pumpsense_minus_2h,Coin is: SHX
hist-kucoin-SON-202204241700,history,announcement,kucoin,SON,USDT,1650819611000,2022-04-24T17:00:11Z,2026-10-07T12:53:22Z,history-merge-v1,Binance Crypto Pumps; Binance Crypto Pump Signals,,,,,,,pumpsense,pumpsense_minus_2h,Coin is: SON
hist-kucoin-SON-202207241800,history,announcement,kucoin,SON,USDT,1658685611000,2022-07-24T18:00:11Z,2026-10-07T12:53:22Z,history-merge-v1,Binance Crypto Pumps; Binance Crypto Pump Signals,,,,,,,pumpsense,pumpsense_minus_2h,Coin is: SON
hist-kucoin-SON-202302191800,history,announcement,kucoin,SON,USDT,1676829607000,2023-02-19T18:00:07Z,2026-10-07T12:53:22Z,history-merge-v1,Crypto Coin Pump Signals,,,,,,,pumpsense,pumpsense_minus_2h,"The coin we are pumping today is : SON

Buy and hold for massive profits 

https://www.kucoin.com/trade/SON-USDT?spm=kcWeb.B5tradeAccount.Header4.1"
hist-kucoin-SOUL-201904221600,history,announcement,kucoin,SOUL,BTC,1555948800000,2019-04-22T16:00:00Z,2026-10-07T12:53:22Z,history-merge-v1,ATW; Crypto Ninja Official; Alt the Way,,,,,,,lamorgia+pumpsense,lamorgia_gmt,
hist-kucoin-SWP-202211131600,history,announcement,kucoin,SWP,USDT,1668355232000,2022-11-13T16:00:32Z,2026-10-07T12:53:22Z,history-merge-v1,Trading Crypto Guide; Binance Crypto Pumps; Hit Pump Angels; Binance Crypto Pump Signals,,,,,,,pumpsense,pumpsense_minus_2h,"The coin we have picked for today's Mega Bull Call is: SWP

https://trade.kucoin.com/SWP-USDT

Buy and hold for massive profits"
hist-kucoin-UNIC-202201081700,history,announcement,kucoin,UNIC,USDT,1641661224000,2022-01-08T17:00:24Z,2026-10-07T12:53:22Z,history-merge-v1,Binance Crypto Pumps; Binance Crypto Pump Signals,,,,,,,pumpsense,pumpsense_minus_2h,Coin is: UNIC
hist-kucoin-VEED-202211191600,history,announcement,kucoin,VEED,USDT,1668873635000,2022-11-19T16:00:35Z,2026-10-07T12:53:22Z,history-merge-v1,Binance Crypto Pumps; Binance Crypto Pump Signals; Hit Pump Angels,,,,,,,pumpsense,pumpsense_minus_2h,Coin is: VEED
hist-kucoin-WAL-202301291700,history,announcement,kucoin,WAL,USDT,1675011613000,2023-01-29T17:00:13Z,2026-10-07T12:53:22Z,history-merge-v1,Crypto Coin Pump Signals,,,,,,,pumpsense,pumpsense_minus_2h,"The coin we are pumping today is : WAL

Buy and hold for massive profits 

https://www.kucoin.com/trade/WAL-USDT?spm=kcWeb.B1mine.Header4.1"
hist-kucoin-WOM-202106051800,history,announcement,kucoin,WOM,USDT,1622916000000,2021-06-05T18:00:00Z,2026-10-07T12:53:22Z,history-merge-v1,Crypto Haven Signals; Crypto Coin Pump Signals,,,,,,,pumpsense,pumpsense_minus_2h,WOM/USDT https://trade.kucoin.com/WOM-USDT
hist-kucoin-WOMBAT-202303261800,history,announcement,kucoin,WOMBAT,USDT,1679853614000,2023-03-26T18:00:14Z,2026-10-07T12:53:22Z,history-merge-v1,Cryptic Trading,,,,,,,pumpsense,pumpsense_minus_2h,"Coin Name: #WOMBAT

https://www.kucoin.com/trade/WOMBAT-USDT"
hist-kucoin-WOOP-202210301600,history,announcement,kucoin,WOOP,USDT,1667145635000,2022-10-30T16:00:35Z,2026-10-07T12:53:22Z,history-merge-v1,Trading Crypto Guide; Hit Pump Angels; Binance Crypto Pumps; Binance Crypto Pump Signals,,,,,,,pumpsense,pumpsense_minus_2h,"The coin we have picked for today's Mega Bull Call is: WOOP

https://trade.kucoin.com/WOOP-USDT

Buy and hold for massive profits"
hist-kucoin-YOP-202208151400,history,announcement,kucoin,YOP,USDT,1660572005000,2022-08-15T14:00:05Z,2026-10-07T12:53:22Z,history-merge-v1,Trading Crypto Guide,,,,,,,pumpsense,pumpsense_minus_2h,"The coin we have picked for today's Mega Bull Call is: YOP

https://trade.kucoin.com/YOP-USDT

Projected Gain: 1000%+"
hist-pancakeswap-BBEL-202107141130,history,announcement,pancakeswap,BBEL,BTC,1626262216000,2021-07-14T11:30:16Z,2026-10-07T12:53:22Z,history-merge-v1,Cake Moon Pumps,,,,,,,pumpsense,pumpsense_minus_2h,"The token we chose for today is:

BabyElephant (BBEL)

Bsc Scan: 
https://bscscan.com/token/0xc5044af315f9f986b51772dc3bf5325cf9f68369

Chart:
https://poocoin.app/tokens/0x1c5b8cd6638ecad624360b5e5fec62c7e8b6ddc3

Contract Address:
0x1c5b8cd6638ecad624360b5e5fec62c7e8b6ddc3"
hist-pancakeswap-CRACK-202108071200,history,announcement,pancakeswap,CRACK,BTC,1628337624000,2021-08-07T12:00:24Z,2026-10-07T12:53:22Z,history-merge-v1,Cake Moon Pumps,,,,,,,pumpsense,pumpsense_minus_2h,"The token we chose for today is:

CRACKER (CRACK)

Bsc Scan: 
https://bscscan.com/token/0x38166eb5662a56715a40ab12cf0df4778282b147

Chart:
https://poocoin.app/tokens/0x38166eb5662a56715a40ab12cf0df4778282b147

The token we chose for today is:

 Cracker (CRACK)

Bsc Scan:
https://bscscan.com/token/0x"
hist-pancakeswap-CREA-202107281200,history,announcement,pancakeswap,CREA,BTC,1627473609000,2021-07-28T12:00:09Z,2026-10-07T12:53:22Z,history-merge-v1,Cake Moon Pumps,,,,,,,pumpsense,pumpsense_minus_2h,"The token we chose for today is:

Creatine (CREA)

Bsc Scan: 
https://bscscan.com/token/0x7f661bf0e8aa9ce47543ee80e7a1445a70ccdf15

Chart:
https://poocoin.app/tokens/0x7f661bf0e8aa9ce47543ee80e7a1445a70ccdf15

The token we chose for today is:

Creatine (CREA)

Bsc Scan: 
https://bscscan.com/token/0x"
hist-pancakeswap-CRUMB-202107261200,history,announcement,pancakeswap,CRUMB,BTC,1627300809000,2021-07-26T12:00:09Z,2026-10-07T12:53:22Z,history-merge-v1,Cake Moon Pumps,,,,,,,pumpsense,pumpsense_minus_2h,"The token we chose for today is:

BreadCrumb (CRUMB)

Bsc Scan: 
https://bscscan.com/token/0x2e932ad248b2e116bcfb63e8542c4e7c6e3d3f32

Chart:
https://poocoin.app/tokens/0x2e932ad248b2e116bcfb63e8542c4e7c6e3d3f32

Contract Address:
The token we chose for today is:

BreadCrumb (CRUMB)

Bsc Scan: 
http"
hist-pancakeswap-FAST-202107291200,history,announcement,pancakeswap,FAST,BTC,1627560012000,2021-07-29T12:00:12Z,2026-10-07T12:53:22Z,history-merge-v1,Cake Moon Pumps,,,,,,,pumpsense,pumpsense_minus_2h,"The token we chose for today is:

Breakfast (FAST) 

Bsc Scan: 
https://bscscan.com/token/0x27f34963a6ba1c71e10369e6a9f2bd5cf5ebf3df

Chart:
https://poocoin.app/tokens/0x27f34963a6ba1c71e10369e6a9f2bd5cf5ebf3df

The token we chose for today is:

BreakFast (FAST)

Bsc Scan: 
https://bscscan.com/token"
hist-pancakeswap-GIN-202108131200,history,announcement,pancakeswap,GIN,BTC,1628856017000,2021-08-13T12:00:17Z,2026-10-07T12:53:22Z,history-merge-v1,Cake Moon Pumps,,,,,,,pumpsense,pumpsense_minus_2h,"The token we chose for today is:

GinTonic (GIN)

Bsc Scan: 
https://bscscan.com/token/0x86964b9da353fb58c00c779ed0869e5744d103b7

Chart:
https://poocoin.app/tokens/0x86964b9da353fb58c00c779ed0869e5744d103b7

The token we chose for today is:

Hangover (HGR)

Bsc Scan:
https://bscscan.com/token/0x869"
hist-pancakeswap-GTEA-202108091200,history,announcement,pancakeswap,GTEA,BTC,1628510414000,2021-08-09T12:00:14Z,2026-10-07T12:53:22Z,history-merge-v1,Cake Moon Pumps,,,,,,,pumpsense,pumpsense_minus_2h,"The token we chose for today is:

GreenTea (GTEA)

Bsc Scan: 
https://bscscan.com/token/0xd6de33d1aa6f5a2ac04731357269efc74c290f65

Chart:
https://poocoin.app/tokens/0xd6de33d1aa6f5a2ac04731357269efc74c290f65

The token we chose for today is:

GreenTea (GTEA)

Bsc Scan:
https://bscscan.com/token/0xd"
hist-pancakeswap-GUA-202108031200,history,announcement,pancakeswap,GUA,BTC,1627992006000,2021-08-03T12:00:06Z,2026-10-07T12:53:22Z,history-merge-v1,Cake Moon Pumps,,,,,,,pumpsense,pumpsense_minus_2h,"The token we chose for today is:

GUAVA (GUA)

Bsc Scan: 
https://bscscan.com/token/0x711c5bbd4a14f67c548ee687b14e0f7423f0dfdf

Chart:
https://poocoin.app/tokens/0x711c5bbd4a14f67c548ee687b14e0f7423f0dfdf

The token we chose for today is:

GUAVA (GUA)

Bsc Scan: https://bscscan.com/token/0x711c5bbd4"
hist-pancakeswap-HGR-202108121200,history,announcement,pancakeswap,HGR,BTC,1628769617000,2021-08-12T12:00:17Z,2026-10-07T12:53:22Z,history-merge-v1,Cake Moon Pumps,,,,,,,pumpsense,pumpsense_minus_2h,"The token we chose for today is:

Hangover (HGR)

Bsc Scan: 
https://bscscan.com/token/0x2ec1c2e758bf274e70f4071d26f63aae80ac88c1

Chart:
https://poocoin.app/tokens/0x2ec1c2e758bf274e70f4071d26f63aae80ac88c1

The token we chose for today is:

Hangover (HGR)

Bsc Scan:
https://bscscan.com/token/0x2ec"
hist-pancakeswap-HONOR-202107271200,history,announcement,pancakeswap,HONOR,BTC,1627387212000,2021-07-27T12:00:12Z,2026-10-07T12:53:22Z,history-merge-v1,Cake Moon Pumps,,,,,,,pumpsense,pumpsense_minus_2h,"The token we chose for today is:

HonorToken (HONOR)

Bsc Scan: 
https://bscscan.com/token/0x265bf86fab3f3f449613599a1d9ce7b446532728

Chart:
https://poocoin.app/tokens/0x265bf86fab3f3f449613599a1d9ce7b446532728

Contract Address:
The token we chose for today is:

HonorToken (HONOR)

Bsc Scan: 
http"
hist-pancakeswap-HRCL-202107191900,history,announcement,pancakeswap,HRCL,BTC,1626721216000,2021-07-19T19:00:16Z,2026-10-07T12:53:22Z,history-merge-v1,Cake Moon Pumps,,,,,,,pumpsense,pumpsense_minus_2h,"The token we chose for today is:

Hercules (HRCL)

Bsc Scan: 
https://bscscan.com/token/0x1fcb3f995ad14e065efaae03a573cbf1c7cb75b6

Chart:
https://poocoin.app/tokens/0x1fcb3f995ad14e065efaae03a573cbf1c7cb75b6

Contract Address:
0x1fcb3f995ad14e065efaae03a573cbf1c7cb75b6"
hist-pancakeswap-MCT-202107111130,history,announcement,pancakeswap,MCT,BTC,1626003006000,2021-07-11T11:30:06Z,2026-10-07T12:53:22Z,history-merge-v1,Cake Moon Pumps,,,,,,,pumpsense,pumpsense_minus_2h,"The token we chose for today is:

McToken (MCT)

Bsc Scan: 
https://bscscan.com/token/0xc5044af315f9f986b51772dc3bf5325cf9f68369

Chart:
https://poocoin.app/tokens/0xc5044af315f9f986b51772dc3bf5325cf9f68369

Contract Address:
0xc5044af315f9f986b51772dc3bf5325cf9f68369

TO THE MOON 🌙🚀"
hist-pancakeswap-NIMMO-202202201800,history,announcement,pancakeswap,NIMMO,BTC,1645380001000,2022-02-20T18:00:01Z,2026-10-07T12:53:22Z,history-merge-v1,Alt the Way,,,,,,,pumpsense,pumpsense_minus_2h,"The coin to pump is: 💎 NIMMO💎 
NIMMO TOKEN

Tax- Nil
Slippage : Over 10%

Pancakeswap 🔥buying link👇

https://pancakeswap.finance/swap?outputCurrency=0xdd47e8e8ede0b935b22c927e4918fb114bb3ee96

PooCoin buying link🔥👇

https://poocoin.app/swap/?outputCurrency=0xdd47e8e8ede0b935b22c927e4918fb114bb3ee96
"
hist-pancakeswap-NIMMO-202203061800,history,announcement,pancakeswap,NIMMO,BTC,1646589601000,2022-03-06T18:00:01Z,2026-10-07T12:53:22Z,history-merge-v1,Alt the Way,,,,,,,pumpsense,pumpsense_minus_2h,1263290602573203369130867741599662627128832421526
hist-pancakeswap-NIMMO-202203131755,history,announcement,pancakeswap,NIMMO,BTC,1647194101000,2022-03-13T17:55:01Z,2026-10-07T12:53:22Z,history-merge-v1,Alt the Way,,,,,,,pumpsense,pumpsense_minus_2h,"ℹ️ 5 minutes ℹ️

The next post will be the Contract address with buy links on PanCakeSwap.
Be ready to buy fast"
hist-pancakeswap-ORB-202108161200,history,announcement,pancakeswap,ORB,BTC,1629115230000,2021-08-16T12:00:30Z,2026-10-07T12:53:22Z,history-merge-v1,Cake Moon Pumps,,,,,,,pumpsense,pumpsense_minus_2h,"The coin we're pumping is 
ORBIT (ORB)

✅ Renounced Ownership
🔥 LP Locked

Invest smart, only invest what you can afford to lose! 

Chart
https://poocoin.app/tokens/0xa0572d262a5b3247df5d3398b4787ba8151da8ad

BscScan
https://bscscan.com/token/0xa0572d262a5b3247df5d3398b4787ba8151da8ad

🥞 PancakeSwap"
hist-pancakeswap-RYTK-202107251400,history,announcement,pancakeswap,RYTK,BTC,1627221616000,2021-07-25T14:00:16Z,2026-10-07T12:53:22Z,history-merge-v1,Cake Moon Pumps,,,,,,,pumpsense,pumpsense_minus_2h,"The token we chose for today is:

RoyalToken (RYTK)

Bsc Scan: 
https://bscscan.com/token/0x0abedefc4cf997ce5009d861903269e1445ab20f

Chart:
https://poocoin.app/tokens/0x0abedefc4cf997ce5009d861903269e1445ab20f

Contract Address:
0x0abedefc4cf997ce5009d861903269e1445ab20f"
hist-pancakeswap-SBSC-202108171200,history,announcement,pancakeswap,SBSC,BTC,1629201617000,2021-08-17T12:00:17Z,2026-10-07T12:53:22Z,history-merge-v1,Cake Moon Pumps,,,,,,,pumpsense,pumpsense_minus_2h,"The token we chose for today is:

StormBSC (SBSC)

Bsc Scan: 
https://bscscan.com/token/0x893f8d98e3c2c1147423d202a14a8aadf44afb82

Chart:
https://poocoin.app/tokens/0x893f8d98e3c2c1147423d202a14a8aadf44afb82

The token we chose for today is:

StormBSC (SBSC)

Bsc Scan:
https://bscscan.com/token/0x8"
hist-pancakeswap-SBSC-202108241200,history,announcement,pancakeswap,SBSC,BTC,1629806411000,2021-08-24T12:00:11Z,2026-10-07T12:53:22Z,history-merge-v1,Cake Moon Pumps,,,,,,,pumpsense,pumpsense_minus_2h,"The coin we're pumping is 
STORMBSC (SBSC)

✅ Renounced Ownership
🔥 LP Locked

Invest smart, only invest what you can afford to lose! 

Chart
https://poocoin.app/tokens/0x893f8d98e3c2c1147423d202a14a8aadf44afb82

BscScan
https://bscscan.com/token/0x893f8d98e3c2c1147423d202a14a8aadf44afb82

🥞 Pancake"
hist-pancakeswap-SDOGE-202107151130,history,announcement,pancakeswap,SDOGE,BTC,1626348616000,2021-07-15T11:30:16Z,2026-10-07T12:53:22Z,history-merge-v1,Cake Moon Pumps,,,,,,,pumpsense,pumpsense_minus_2h,"The token we chose for today is:

StrayDoge (SDOGE)

Bsc Scan: 
https://bscscan.com/token/0x722d2cd6a75f228ab9963f4fdaf2d12cd30fd4d4

Chart:
https://poocoin.app/tokens/0x722d2cd6a75f228ab9963f4fdaf2d12cd30fd4d4

Contract Address:
0x722d2cd6a75f228ab9963f4fdaf2d12cd30fd4d4"
hist-pancakeswap-SHRF-202107101130,history,announcement,pancakeswap,SHRF,BTC,1625916616000,2021-07-10T11:30:16Z,2026-10-07T12:53:22Z,history-merge-v1,Cake Moon Pumps,,,,,,,pumpsense,pumpsense_minus_2h,"The token we chose for today is:

Sheriff (SHRF)

Bsc Scan: 
https://bscscan.com/token/0x998c9525249aa9273367c777aa9511c49ee09fb7

Chart:
https://poocoin.app/tokens/0x998c9525249aa9273367c777aa9511c49ee09fb7

Contract Address:
0x998c9525249aa9273367c777aa9511c49ee09fb7

TO THE MOON 🌙🚀"
hist-yobit-007-201708141500,history,announcement,yobit,007,BTC,1502722800000,2017-08-14T15:00:00Z,2026-10-07T12:53:22Z,history-merge-v1,Alt the Way,,,,,,,pumpsense,pumpsense_minus_2h,"Coin Name => 007

Http://yobit.net/en/trade/007/BTC"
hist-yobit-007-201708211500,history,announcement,yobit,007,BTC,1503327601000,2017-08-21T15:00:01Z,2026-10-07T12:53:22Z,history-merge-v1,Alt the Way,,,,,,,pumpsense,pumpsense_minus_2h,"🔥 Coin Name 🔥

—--- 007 —---

https://yobit.net/en/trade/007/BTC#12H"
hist-yobit-256-201709101629,history,announcement,yobit,256,BTC,1505060999000,2017-09-10T16:29:59Z,2026-10-07T12:53:22Z,history-merge-v1,Alt the Way,,,,,,,pumpsense,pumpsense_minus_2h,"Coin => 256

https://yobit.net/en/trade/256/BTC#12H"
hist-yobit-8BIT-201801231730,history,announcement,yobit,8BIT,BTC,1516728600000,2018-01-23T17:30:00Z,2026-10-07T12:53:22Z,history-merge-v1,ATW; Alt the Way,,,,,,,lamorgia+pumpsense,lamorgia_gmt,"Coin: 8BIT
https://yobit.net/en/trade/8BIT/BTC"
hist-yobit-8BIT-201801291730,history,announcement,yobit,8BIT,BTC,1517247000000,2018-01-29T17:30:00Z,2026-10-07T12:53:22Z,history-merge-v1,ATW; Alt the Way,,,,,,,lamorgia+pumpsense,lamorgia_gmt,
hist-yobit-ACP-201707201500,history,announcement,yobit,ACP,BTC,1500562813000,2017-07-20T15:00:13Z,2026-10-07T12:53:22Z,history-merge-v1,Alt the Way,,,,,,,pumpsense,pumpsense_minus_2h,"Coin to Pump

---- ACP ----

https://yobit.net/en/trade/ACP/BTC"
hist-yobit-ACSC-201804242003,history,announcement,yobit,ACSC,BTC,1524600186000,2018-04-24T20:03:06Z,2026-10-07T12:53:22Z,history-merge-v1,Alt the Way,,,,,,,pumpsense,pumpsense_minus_2h,"The coin to pump is: 💎 ASCS💎 

Exchange: YOBIT.net 📊

Target: +300% - 500%  📈 

Market: ASCS/BTC
https://www.yobit.net/en/trade/ASCS/BTC"
hist-yobit-ADT-201712121659,history,announcement,yobit,ADT,BTC,1513097980000,2017-12-12T16:59:40Z,2026-10-07T12:53:22Z,history-merge-v1,Alt the Way,,,,,,,pumpsense,pumpsense_minus_2h,"Coin: ADT
Exchange: YOBIT"
hist-yobit-ADT-201801221730,history,announcement,yobit,ADT,BTC,1516642200000,2018-01-22T17:30:00Z,2026-10-07T12:53:22Z,history-merge-v1,ATW; Alt the Way,,,,,,,lamorgia+pumpsense,lamorgia_gmt,"Coin: ADT
https://yobit.net/en/trade/ADT/BTC"
hist-yobit-ADT-201801281730,history,announcement,yobit,ADT,BTC,1517160600000,2018-01-28T17:30:00Z,2026-10-07T12:53:22Z,history-merge-v1,ATW; Alt the Way,,,,,,,lamorgia+pumpsense,lamorgia_gmt,"--------Coin: ADT/BTC ----------

--------Exchange: YOBIT -------"
hist-yobit-AE-201803161400,history,announcement,yobit,AE,BTC,1521208800000,2018-03-16T14:00:00Z,2026-10-07T12:53:22Z,history-merge-v1,ATW; Alt the Way,,,,,,,lamorgia+pumpsense,lamorgia_gmt,"🚀 PUMP STARTS 🚀

The coin to pump is: 💎 AE 💎 

Exchange: YOBIT.net 📊

Target: +300%  📈 

Market URL:  https://yobit.net/en/trade/AE/BTC"
hist-yobit-AE-201804072000,history,announcement,yobit,AE,BTC,1523131217000,2018-04-07T20:00:17Z,2026-10-07T12:53:22Z,history-merge-v1,Alt the Way,,,,,,,pumpsense,pumpsense_minus_2h,"🚀 PUMP STARTS 🚀

The coin to pump is: 💎 AE 💎 

Exchange: YOBIT.net 📊

Target: +300% - 500%  📈 

Market: AE/BTC
https://yobit.net/en/trade/AE/BTC"
hist-yobit-AE-201808301701,history,announcement,yobit,AE,BTC,1535648460000,2018-08-30T17:01:00Z,2026-10-07T12:53:22Z,history-merge-v1,ATW; LUX; Crypto Ninja Official; Alt the Way,,,,,,,lamorgia+pumpsense,lamorgia_gmt,
hist-yobit-ALIS-201809191700,history,announcement,yobit,ALIS,BTC,1537376400000,2018-09-19T17:00:00Z,2026-10-07T12:53:22Z,history-merge-v1,ATW; Crypto Ninja Official; Alt the Way,,,,,,,lamorgia+pumpsense,lamorgia_gmt,"The coin to pump is: 💎 ALIS 💎 

Exchange: YOBIT.net 📊

Target: +300%   📈 

Market: ALIS/BTC

https://yobit.net/en/trade/ALIS/BTC

Buy Buy Buy & Hold Hold Hold
Buy Buy Buy & Hold Hold Hold
Buy Buy Buy & Hold Hold Hold"
hist-yobit-ALIS-201809221700,history,announcement,yobit,ALIS,BTC,1537635600000,2018-09-22T17:00:00Z,2026-10-07T12:53:22Z,history-merge-v1,ATW; Crypto Ninja Official; Alt the Way,,,,,,,lamorgia+pumpsense,lamorgia_gmt,"The coin to pump is: 💎 ALIS 💎 

Exchange: Cryptopia.co.nz📊

Target: +200%   📈 

Market: ALIS/BTC

https://www.cryptopia.co.nz/Exchange/?market=ALIS_BTC

Buy Buy Buy & Hold Hold Hold
Buy Buy Buy & Hold Hold Hold
Buy Buy Buy & Hold Hold Hold"
hist-yobit-ALIS-201810271701,history,announcement,yobit,ALIS,BTC,1540659660000,2018-10-27T17:01:00Z,2026-10-07T12:53:22Z,history-merge-v1,ATW; Alt the Way,,,,,,,lamorgia+pumpsense,lamorgia_gmt,"The coin to pump is: 💎 ALIS 💎 

Exchange: Cryptopia.co.nz📊

Target: +200%   📈 

Market: ALIS/BTC

https://www.cryptopia.co.nz/Exchange/?market=ALIS_BTC

Buy Buy Buy & Hold Hold Hold
Buy Buy Buy & Hold Hold Hold
Buy Buy Buy & Hold Hold Hold"
hist-yobit-ALIS-201811091700,history,announcement,yobit,ALIS,BTC,1541782800000,2018-11-09T17:00:00Z,2026-10-07T12:53:22Z,history-merge-v1,ATW; Crypto Ninja Official; Bitcoin Pump Group; Alt the Way,,,,,,,lamorgia+pumpsense,lamorgia_gmt,"The coin to pump is: 💎 ALIS 💎 

Exchange: YOBIT.net 📊

Target: +300%   📈 

Market: ALIS/BTC

https://yobit.net/en/trade/ALIS/BTC

Buy Buy Buy & Hold Hold Hold
Buy Buy Buy & Hold Hold Hold
Buy Buy Buy & Hold Hold Hold"
hist-yobit-AMM-201801111600,history,announcement,yobit,AMM,BTC,1515686400000,2018-01-11T16:00:00Z,2026-10-07T12:53:22Z,history-merge-v1,ATW; Alt the Way,,,,,,,lamorgia+pumpsense,lamorgia_gmt,"Coin: AMM
https://yobit.net/en/trade/AMM/BTC"
hist-yobit-ANI-201709051900,history,announcement,yobit,ANI,BTC,1504638007000,2017-09-05T19:00:07Z,2026-10-07T12:53:22Z,history-merge-v1,Alt the Way,,,,,,,pumpsense,pumpsense_minus_2h,"Coin => ANI
 https://yobit.net/en/trade/ANI/BTC#12H"
hist-yobit-AOA-201902161700,history,announcement,yobit,AOA,BTC,1550336400000,2019-02-16T17:00:00Z,2026-10-07T12:53:22Z,history-merge-v1,ATW; Crypto Ninja Official; Alt the Way,,,,,,,lamorgia+pumpsense,lamorgia_gmt,
hist-yobit-AOA-201904071700,history,announcement,yobit,AOA,BTC,1554656400000,2019-04-07T17:00:00Z,2026-10-07T12:53:22Z,history-merge-v1,ATW; Alt the Way,,,,,,,lamorgia+pumpsense,lamorgia_gmt,
hist-yobit-AOA-202004011700,history,announcement,yobit,AOA,BTC,1585760400000,2020-04-01T17:00:00Z,2026-10-07T12:53:22Z,history-merge-v1,ATW; Crypto Ninja Official; Alt the Way,,,,,,,lamorgia+pumpsense,lamorgia_gmt,"Монета 👉 AOA  👈

Coin is 👉🐳  AOA  🐳👈"
hist-yobit-AOA-202004221700,history,announcement,yobit,AOA,BTC,1587574800000,2020-04-22T17:00:00Z,2026-10-07T12:53:22Z,history-merge-v1,ATW; Crypto Ninja Official; Alt the Way,,,,,,,lamorgia+pumpsense,lamorgia_gmt,"Монета 👉 AOA  👈

Coin is 👉🐳  AOA  🐳👈"
hist-yobit-ARPA-201708271500,history,announcement,yobit,ARPA,BTC,1503846011000,2017-08-27T15:00:11Z,2026-10-07T12:53:22Z,history-merge-v1,Alt the Way,,,,,,,pumpsense,pumpsense_minus_2h,"Coin => ARPA

https://yobit.net/en/trade/ARPA/BTC"
hist-yobit-ASN-201707181644,history,announcement,yobit,ASN,BTC,1500396240000,2017-07-18T16:44:00Z,2026-10-07T12:53:22Z,history-merge-v1,TCC,,,,,,,lamorgia,lamorgia_gmt,
hist-yobit-ATMCHA-201801081659,history,announcement,yobit,ATMCHA,BTC,1515430795000,2018-01-08T16:59:55Z,2026-10-07T12:53:22Z,history-merge-v1,Alt the Way,,,,,,,pumpsense,pumpsense_minus_2h,"Coin: ATMCHA
https://yobit.net/en/trade/ATMCHA/BTC"
hist-yobit-AV-201803151900,history,announcement,yobit,AV,BTC,1521140400000,2018-03-15T19:00:00Z,2026-10-07T12:53:22Z,history-merge-v1,FCS,,,,,,,lamorgia,lamorgia_gmt,
hist-yobit-BAT-201906251701,history,announcement,yobit,BAT,BTC,1561482060000,2019-06-25T17:01:00Z,2026-10-07T12:53:22Z,history-merge-v1,Crypto Ninja Official; ATW; Alt the Way,,,,,,,lamorgia+pumpsense,lamorgia_gmt,Coin is 👉🐳  BAT  🐳👈
hist-yobit-BAT-201909241700,history,announcement,yobit,BAT,BTC,1569344400000,2019-09-24T17:00:00Z,2026-10-07T12:53:22Z,history-merge-v1,ATW; Crypto Ninja Official; Alt the Way,,,,,,,lamorgia+pumpsense,lamorgia_gmt,"Coin to pump is: 💎 BAT💎 

Exchange: YOBIT.net 📊

Target: +200%   📈 

Market: BAT/BTC

https://yobit.net/en/trade/BAT/BTC

Buy Buy Buy & Hold Hold Hold
Buy Buy Buy & Hold Hold Hold
Buy Buy Buy & Hold Hold Hold!"
hist-yobit-BCC-201707131600,history,announcement,yobit,BCC,BTC,1499961600000,2017-07-13T16:00:00Z,2026-10-07T12:53:22Z,history-merge-v1,TCC,,,,,,,lamorgia,lamorgia_gmt,
hist-yobit-BEEZ-201707191645,history,announcement,yobit,BEEZ,BTC,1500482700000,2017-07-19T16:45:00Z,2026-10-07T12:53:22Z,history-merge-v1,TCC,,,,,,,lamorgia,lamorgia_gmt,
hist-yobit-BEEZ-201809111700,history,announcement,yobit,BEEZ,BTC,1536685200000,2018-09-11T17:00:00Z,2026-10-07T12:53:22Z,history-merge-v1,ATW; Crypto Ninja Official; LUX; Alt the Way,,,,,,,lamorgia+pumpsense,lamorgia_gmt,"The coin to pump is: 💎 BEEZ💎 

Exchange: YOBIT.net 📊

Target: +300%   📈 

Market: BEEZ/BTC

https://yobit.net/en/trade/BEEZ/BTC

Buy Buy Buy & Hold Hold Hold
Buy Buy Buy & Hold Hold Hold
Buy Buy Buy & Hold Hold Hold"
hist-yobit-BENJI-201709231635,history,announcement,yobit,BENJI,BTC,1506184527000,2017-09-23T16:35:27Z,2026-10-07T12:53:22Z,history-merge-v1,Alt the Way,,,,,,,pumpsense,pumpsense_minus_2h,"Coin => BENJI

https://yobit.net/en/trade/BENJI/BTC"
hist-yobit-BENJI-201709241630,history,announcement,yobit,BENJI,BTC,1506270613000,2017-09-24T16:30:13Z,2026-10-07T12:53:22Z,history-merge-v1,Alt the Way,,,,,,,pumpsense,pumpsense_minus_2h,"Coin => BENJI

https://yobit.net/en/trade/BENJI/BTC"
hist-yobit-BLN-201803091500,history,announcement,yobit,BLN,BTC,1520607600000,2018-03-09T15:00:00Z,2026-10-07T12:53:22Z,history-merge-v1,ATW; Alt the Way,,,,,,,lamorgia+pumpsense,lamorgia_gmt,"🚀 PUMP STARTS 🚀

The coin to pump is: 💎 BLN 💎 

Exchange: YOBIT.net 📊

Target: +500%  📈 

Market URL:  https://yobit.net/en/trade/BLN/BTC"
hist-yobit-BLN-201803201400,history,announcement,yobit,BLN,BTC,1521554400000,2018-03-20T14:00:00Z,2026-10-07T12:53:22Z,history-merge-v1,ATW; Alt the Way,,,,,,,lamorgia+pumpsense,lamorgia_gmt,"🚀 PUMP STARTS 🚀

The coin to pump is: 💎 BLN 💎 

Exchange: YOBIT.net 📊

Target: +300%  📈 

Market URL:  https://yobit.net/en/trade/BLN/BTC"
hist-yobit-BLZ-201902191700,history,announcement,yobit,BLZ,BTC,1550595600000,2019-02-19T17:00:00Z,2026-10-07T12:53:22Z,history-merge-v1,ATW; Crypto Ninja Official; Alt the Way,,,,,,,lamorgia+pumpsense,lamorgia_gmt,
hist-yobit-BLZ-201904301700,history,announcement,yobit,BLZ,BTC,1556643600000,2019-04-30T17:00:00Z,2026-10-07T12:53:22Z,history-merge-v1,ATW; Crypto Ninja Official; Alt the Way,,,,,,,lamorgia+pumpsense,lamorgia_gmt,
hist-yobit-BLZ-201906221700,history,announcement,yobit,BLZ,BTC,1561222800000,2019-06-22T17:00:00Z,2026-10-07T12:53:22Z,history-merge-v1,ATW; Crypto Ninja Official; Alt the Way,,,,,,,lamorgia+pumpsense,lamorgia_gmt,Coin is 👉🐳  BLZ  🐳👈
hist-yobit-BLZ-201907131700,history,announcement,yobit,BLZ,BTC,1563037200000,2019-07-13T17:00:00Z,2026-10-07T12:53:22Z,history-merge-v1,ATW; Crypto Ninja Official; Alt the Way,,,,,,,lamorgia+pumpsense,lamorgia_gmt,Coin is 👉🐳  BLZ  🐳👈
hist-yobit-BLZ-201910121700,history,announcement,yobit,BLZ,BTC,1570899600000,2019-10-12T17:00:00Z,2026-10-07T12:53:22Z,history-merge-v1,ATW; Crypto Ninja Official; Alt the Way,,,,,,,lamorgia+pumpsense,lamorgia_gmt,Coin is 👉🐳  BLZ  🐳👈
hist-yobit-BNBX-201808251800,history,announcement,yobit,BNBX,BTC,1535220000000,2018-08-25T18:00:00Z,2026-10-07T12:53:22Z,history-merge-v1,ATW; Alt the Way,,,,,,,lamorgia+pumpsense,lamorgia_gmt,"The coin to pump is: 💎 BNBX 💎 

Exchange: YOBIT.net 📊

Target: +500%   📈 

Market: BNBX/BTC

https://yobit.net/en/trade/BNBX/BTC

Buy Buy Buy & Hold Hold Hold
Buy Buy Buy & Hold Hold Hold
Buy Buy Buy & Hold Hold Hold"
hist-yobit-BNT-201801131600,history,announcement,yobit,BNT,BTC,1515859200000,2018-01-13T16:00:00Z,2026-10-07T12:53:22Z,history-merge-v1,ATW; Alt the Way,,,,,,,lamorgia+pumpsense,lamorgia_gmt,"Coin: BNT
https://yobit.io/en/trade/BNT/BTC"
hist-yobit-BNT-201801161600,history,announcement,yobit,BNT,BTC,1516118400000,2018-01-16T16:00:00Z,2026-10-07T12:53:22Z,history-merge-v1,ATW; Alt the Way,,,,,,,lamorgia+pumpsense,lamorgia_gmt,"Coin: BNT
https://yobit.io/en/trade/BNT/BTC"
hist-yobit-BNT-201802071729,history,announcement,yobit,BNT,BTC,1518024540000,2018-02-07T17:29:00Z,2026-10-07T12:53:22Z,history-merge-v1,ATW; Alt the Way,,,,,,,lamorgia+pumpsense,lamorgia_gmt,"Coin: BNT
https://yobit.net/en/trade/BNT/BTC"
hist-yobit-BNT-201802221700,history,announcement,yobit,BNT,BTC,1519318800000,2018-02-22T17:00:00Z,2026-10-07T12:53:22Z,history-merge-v1,ATW; Alt the Way,,,,,,,lamorgia+pumpsense,lamorgia_gmt,"🚀 PUMP STARTS 🚀

The coin to pump is: 💎 BNT 💎 

Exchange: YOBIT.net 📊

Target: +300%  📈 

Market URL: https://yobit.net/en/trade/BNT/BTC

YoBit.Net - Bancor (BNT) Exchange
Buy and sell Bancor (BNT) on YoBit Exchange!"
hist-yobit-BNT-201812291700,history,announcement,yobit,BNT,BTC,1546102800000,2018-12-29T17:00:00Z,2026-10-07T12:53:22Z,history-merge-v1,ATW; Crypto Ninja Official; Alt the Way,,,,,,,lamorgia+pumpsense,lamorgia_gmt,"The coin to pump is: 💎 BNT 💎 

Exchange: YOBIT.net 📊

Target: +300%   📈 

Market: BNT/BTC

https://yobit.net/en/trade/BNT/BTC

Buy Buy Buy & Hold Hold Hold
Buy Buy Buy & Hold Hold Hold
Buy Buy Buy & Hold Hold Hold!"
hist-yobit-BNT-201903291700,history,announcement,yobit,BNT,BTC,1553878800000,2019-03-29T17:00:00Z,2026-10-07T12:53:22Z,history-merge-v1,ATW; Alt the Way,,,,,,,lamorgia+pumpsense,lamorgia_gmt,
hist-yobit-BNT-201904041700,history,announcement,yobit,BNT,BTC,1554397200000,2019-04-04T17:00:00Z,2026-10-07T12:53:22Z,history-merge-v1,ATW; Alt the Way,,,,,,,lamorgia+pumpsense,lamorgia_gmt,
hist-yobit-BNT-201904061700,history,announcement,yobit,BNT,BTC,1554570000000,2019-04-06T17:00:00Z,2026-10-07T12:53:22Z,history-merge-v1,ATW; Alt the Way; Bitcoin Pump Group,,,,,,,lamorgia+pumpsense,lamorgia_gmt,Coin name :BnT
hist-yobit-BNT-201904131700,history,announcement,yobit,BNT,BTC,1555174800000,2019-04-13T17:00:00Z,2026-10-07T12:53:22Z,history-merge-v1,ATW; Crypto Ninja Official; Alt the Way,,,,,,,lamorgia+pumpsense,lamorgia_gmt,
hist-yobit-BNT-201911151701,history,announcement,yobit,BNT,BTC,1573837260000,2019-11-15T17:01:00Z,2026-10-07T12:53:22Z,history-merge-v1,ATW; Crypto Ninja Official; Alt the Way,,,,,,,lamorgia+pumpsense,lamorgia_gmt,"Монета 👉 BNT  🐳👈

Coin is 👉🐳  BNT 🐳👈"
hist-yobit-BNT-201912131700,history,announcement,yobit,BNT,BTC,1576256400000,2019-12-13T17:00:00Z,2026-10-07T12:53:22Z,history-merge-v1,ATW; Crypto Ninja Official; Alt the Way,,,,,,,lamorgia+pumpsense,lamorgia_gmt,"Монета 👉 BNT  🐳👈

Coin is 👉🐳  BNT 🐳👈"
hist-yobit-BNT-201912291700,history,announcement,yobit,BNT,BTC,1577638800000,2019-12-29T17:00:00Z,2026-10-07T12:53:22Z,history-merge-v1,ATW; Crypto Ninja Official; Alt the Way,,,,,,,lamorgia+pumpsense,lamorgia_gmt,"Монета 👉 BNT  🐳👈

Coin is 👉🐳  BNT 🐳👈"
hist-yobit-BRD-201804051400,history,announcement,yobit,BRD,BTC,1522936800000,2018-04-05T14:00:00Z,2026-10-07T12:53:22Z,history-merge-v1,FCS,,,,,,,lamorgia,lamorgia_gmt,
hist-yobit-BRONZ-201708051500,history,announcement,yobit,BRONZ,BTC,1501945200000,2017-08-05T15:00:00Z,2026-10-07T12:53:22Z,history-merge-v1,Alt the Way,,,,,,,pumpsense,pumpsense_minus_2h,"🔥 Pump Alert 🔥 

—------ BRONZ —-------

https://yobit.net/en/trade/BRONZ/BTC"
hist-yobit-BTM-201804082001,history,announcement,yobit,BTM,BTC,1523217715000,2018-04-08T20:01:55Z,2026-10-07T12:53:22Z,history-merge-v1,Alt the Way,,,,,,,pumpsense,pumpsense_minus_2h,"🚀 PUMP STARTS 🚀

The coin to pump is: 💎 BTM 💎 

Exchange: YOBIT.net 📊

Target: +300% - 500%  📈 

Market: BTM/BTC
https://www.yobit.net/en/trade/BTM/BTC"
hist-yobit-BTZ-201707171644,history,announcement,yobit,BTZ,BTC,1500309840000,2017-07-17T16:44:00Z,2026-10-07T12:53:22Z,history-merge-v1,TCC,,,,,,,lamorgia,lamorgia_gmt,
hist-yobit-BUM-201802281700,history,announcement,yobit,BUM,BTC,1519837200000,2018-02-28T17:00:00Z,2026-10-07T12:53:22Z,history-merge-v1,ATW; Alt the Way,,,,,,,lamorgia+pumpsense,lamorgia_gmt,"🚀 PUMP STARTS 🚀

The coin to pump is: 💎 BUM 💎 

Exchange: YOBIT.net 📊

Target: +300%  📈 

Market URL:  https://yobit.net/en/trade/BUM/BTC"
hist-yobit-CAPT-201708131500,history,announcement,yobit,CAPT,BTC,1502636407000,2017-08-13T15:00:07Z,2026-10-07T12:53:22Z,history-merge-v1,Alt the Way,,,,,,,pumpsense,pumpsense_minus_2h,"----- CAPT -----

https://yobit.net/en/trade/CAPT/BTC"
hist-yobit-CAPT-201708241501,history,announcement,yobit,CAPT,BTC,1503586900000,2017-08-24T15:01:40Z,2026-10-07T12:53:22Z,history-merge-v1,Alt the Way,,,,,,,pumpsense,pumpsense_minus_2h,https://yobit.net/en/trade/CAPT/BTC
hist-yobit-CCT-201711271800,history,announcement,yobit,CCT,BTC,1511805621000,2017-11-27T18:00:21Z,2026-10-07T12:53:22Z,history-merge-v1,Alt the Way,,,,,,,pumpsense,pumpsense_minus_2h,Coin: CCT
hist-yobit-CHILL-201709221630,history,announcement,yobit,CHILL,BTC,1506097810000,2017-09-22T16:30:10Z,2026-10-07T12:53:22Z,history-merge-v1,Alt the Way,,,,,,,pumpsense,pumpsense_minus_2h,"Coin => CHILL

https://yobit.net/en/trade/CHILL/BTC"
hist-yobit-CHILL-201709271641,history,announcement,yobit,CHILL,BTC,1506530490000,2017-09-27T16:41:30Z,2026-10-07T12:53:22Z,history-merge-v1,Alt the Way,,,,,,,pumpsense,pumpsense_minus_2h,"Coin => CHILL

https://yobit.net/en/trade/CHILL/BTC"
hist-yobit-CHILL-201710201501,history,announcement,yobit,CHILL,BTC,1508511662000,2017-10-20T15:01:02Z,2026-10-07T12:53:22Z,history-merge-v1,Alt the Way,,,,,,,pumpsense,pumpsense_minus_2h,
hist-yobit-CHILL-201711011507,history,announcement,yobit,CHILL,BTC,1509548879000,2017-11-01T15:07:59Z,2026-10-07T12:53:22Z,history-merge-v1,Alt the Way,,,,,,,pumpsense,pumpsense_minus_2h,Coin name => CHILL
hist-yobit-CHILL-201711031500,history,announcement,yobit,CHILL,BTC,1509721210000,2017-11-03T15:00:10Z,2026-10-07T12:53:22Z,history-merge-v1,Alt the Way,,,,,,,pumpsense,pumpsense_minus_2h,
hist-yobit-CHILL-201712131700,history,announcement,yobit,CHILL,BTC,1513184436000,2017-12-13T17:00:36Z,2026-10-07T12:53:22Z,history-merge-v1,Alt the Way,,,,,,,pumpsense,pumpsense_minus_2h,Coin: CHILL
hist-yobit-CHP-201806201800,history,announcement,yobit,CHP,BTC,1529517611000,2018-06-20T18:00:11Z,2026-10-07T12:53:22Z,history-merge-v1,Alt the Way,,,,,,,pumpsense,pumpsense_minus_2h,"The coin to pump is: 💎 CHP 💎 

Exchange: YOBIT.net 📊

Target: +300% - 500%  📈 

Market: CHP/BTC
https://www.yobit.net/en/trade/CHP/BTC"
hist-yobit-CHRG-201707201645,history,announcement,yobit,CHRG,BTC,1500569100000,2017-07-20T16:45:00Z,2026-10-07T12:53:22Z,history-merge-v1,TCC,,,,,,,lamorgia,lamorgia_gmt,
hist-yobit-CHSB-201803111400,history,announcement,yobit,CHSB,BTC,1520776800000,2018-03-11T14:00:00Z,2026-10-07T12:53:22Z,history-merge-v1,ATW; Alt the Way,,,,,,,lamorgia+pumpsense,lamorgia_gmt,"🚀 PUMP STARTS 🚀

The coin to pump is: 💎 CHSB 💎 

Exchange: YOBIT.net 📊

Target: +500%  📈 

Market URL:  https://yobit.net/en/trade/CHSB/BTC"
hist-yobit-CHSB-201803121400,history,announcement,yobit,CHSB,BTC,1520863200000,2018-03-12T14:00:00Z,2026-10-07T12:53:22Z,history-merge-v1,ATW; Alt the Way,,,,,,,lamorgia+pumpsense,lamorgia_gmt,"🚀 PUMP STARTS 🚀

The coin to pump is: 💎 CHSB 💎 

Exchange: YOBIT.net 📊

Target: +500%  📈 

Market URL:  https://yobit.net/en/trade/CHSB/BTC"
hist-yobit-CHSB-201803171359,history,announcement,yobit,CHSB,BTC,1521295140000,2018-03-17T13:59:00Z,2026-10-07T12:53:22Z,history-merge-v1,ATW; Alt the Way,,,,,,,lamorgia+pumpsense,lamorgia_gmt,"🚀 PUMP STARTS 🚀

The coin to pump is: 💎 CHSB 💎 

Exchange: YOBIT.net 📊

Target: +300%  📈 

Market URL:  https://yobit.net/en/trade/CHSB/BTC"
hist-yobit-CL-201803131400,history,announcement,yobit,CL,BTC,1520949600000,2018-03-13T14:00:00Z,2026-10-07T12:53:22Z,history-merge-v1,ATW; Alt the Way,,,,,,,lamorgia+pumpsense,lamorgia_gmt,"🚀 PUMP STARTS 🚀

The coin to pump is: 💎 CL 💎 

Exchange: YOBIT.net 📊

Target: +500%  📈 

Market URL:  https://www.yobit.net/en/trade/CL/BTC"
hist-yobit-CL-201808031600,history,announcement,yobit,CL,BTC,1533312000000,2018-08-03T16:00:00Z,2026-10-07T12:53:22Z,history-merge-v1,ATW; Alt the Way,,,,,,,lamorgia+pumpsense,lamorgia_gmt,"The coin to pump is: 💎 CL 💎 

Exchange: YOBIT.net 📊

Target: +500%   📈 

Market: CL/BTC

https://yobit.net/en/trade/CL/BTC

Buy Buy Buy & Hold Hold Hold
Buy Buy Buy & Hold Hold Hold
Buy Buy Buy & Hold Hold Hold"
hist-yobit-CLR-201802131700,history,announcement,yobit,CLR,BTC,1518541200000,2018-02-13T17:00:00Z,2026-10-07T12:53:22Z,history-merge-v1,ATW; Alt the Way,,,,,,,lamorgia+pumpsense,lamorgia_gmt,"Coin: CLR
https://yobit.net/en/trade/CLR/BTC"
hist-yobit-CMC-201709191630,history,announcement,yobit,CMC,BTC,1505838612000,2017-09-19T16:30:12Z,2026-10-07T12:53:22Z,history-merge-v1,Alt the Way,,,,,,,pumpsense,pumpsense_minus_2h,https://yobit.net/en/trade/CMC/BTC#12H
hist-yobit-CNNC-201803271618,history,announcement,yobit,CNNC,BTC,1522167480000,2018-03-27T16:18:00Z,2026-10-07T12:53:22Z,history-merge-v1,FCS,,,,,,,lamorgia,lamorgia_gmt,
hist-yobit-COINV-201808161600,history,announcement,yobit,COINV,BTC,1534435200000,2018-08-16T16:00:00Z,2026-10-07T12:53:22Z,history-merge-v1,ATW; Alt the Way,,,,,,,lamorgia+pumpsense,lamorgia_gmt,
hist-yobit-CRIME-201708181500,history,announcement,yobit,CRIME,BTC,1503068400000,2017-08-18T15:00:00Z,2026-10-07T12:53:22Z,history-merge-v1,Alt the Way,,,,,,,pumpsense,pumpsense_minus_2h,"------ CRIME ------

https://yobit.net/en/trade/CRIME/BTC"
hist-yobit-CRPT-201902201701,history,announcement,yobit,CRPT,BTC,1550682060000,2019-02-20T17:01:00Z,2026-10-07T12:53:22Z,history-merge-v1,ATW; Crypto Ninja Official; Alt the Way,,,,,,,lamorgia+pumpsense,lamorgia_gmt,
hist-yobit-CRPT-201903011700,history,announcement,yobit,CRPT,BTC,1551459600000,2019-03-01T17:00:00Z,2026-10-07T12:53:22Z,history-merge-v1,ATW; Crypto Ninja Official; Alt the Way,,,,,,,lamorgia+pumpsense,lamorgia_gmt,"Coin to pump is: 💎 CRPT 💎 

Exchange: YOBIT.net 📊

Target: +500%   📈 

Market: CRPT/BTC

https://yobit.net/en/trade/CRPT/BTC

Buy Buy Buy & Hold Hold Hold
Buy Buy Buy & Hold Hold Hold
Buy Buy Buy & Hold Hold Hold!"
hist-yobit-CTX-201904281700,history,announcement,yobit,CTX,BTC,1556470802000,2019-04-28T17:00:02Z,2026-10-07T12:53:22Z,history-merge-v1,Crypto Ninja Official,,,,,,,pumpsense,pumpsense_minus_2h,
hist-yobit-CTXC-201904281700,history,announcement,yobit,CTXC,BTC,1556470800000,2019-04-28T17:00:00Z,2026-10-07T12:53:22Z,history-merge-v1,ATW; Alt the Way,,,,,,,lamorgia+pumpsense,lamorgia_gmt,
hist-yobit-CUBE-201707211559,history,announcement,yobit,CUBE,BTC,1500652799000,2017-07-21T15:59:59Z,2026-10-07T12:53:22Z,history-merge-v1,Alt the Way,,,,,,,pumpsense,pumpsense_minus_2h,"🔥 Pump Alert 🔥 

Coin Name: CUBE

https://yobit.net/en/trade/CUBE/BTC

Target: 300%

Exchange: YoBit

IMPORTANT: People don't buy before the time. We should prevent prepumping"
hist-yobit-CYP-201804182000,history,announcement,yobit,CYP,BTC,1524081609000,2018-04-18T20:00:09Z,2026-10-07T12:53:22Z,history-merge-v1,Alt the Way,,,,,,,pumpsense,pumpsense_minus_2h,"The coin to pump is: 💎 CYP 💎 

Exchange: YOBIT.net 📊

Target: +300% - 500%  📈 

Market: CYP/BTC
https://www.yobit.net/en/trade/CYP/BTC"
hist-yobit-DADI-201902151701,history,announcement,yobit,DADI,BTC,1550250060000,2019-02-15T17:01:00Z,2026-10-07T12:53:22Z,history-merge-v1,ATW; Crypto Ninja Official; Alt the Way,,,,,,,lamorgia+pumpsense,lamorgia_gmt,
hist-yobit-DADI-201903071700,history,announcement,yobit,DADI,BTC,1551978000000,2019-03-07T17:00:00Z,2026-10-07T12:53:22Z,history-merge-v1,ATW; Crypto Ninja Official; Alt the Way,,,,,,,lamorgia+pumpsense,lamorgia_gmt,
hist-yobit-DADI-201903211700,history,announcement,yobit,DADI,BTC,1553187600000,2019-03-21T17:00:00Z,2026-10-07T12:53:22Z,history-merge-v1,ATW; Crypto Ninja Official; Alt the Way,,,,,,,lamorgia+pumpsense,lamorgia_gmt,
hist-yobit-DADI-201903251700,history,announcement,yobit,DADI,BTC,1553533200000,2019-03-25T17:00:00Z,2026-10-07T12:53:22Z,history-merge-v1,ATW; Alt the Way,,,,,,,lamorgia+pumpsense,lamorgia_gmt,
hist-yobit-DAI-201904141700,history,announcement,yobit,DAI,BTC,1555261200000,2019-04-14T17:00:00Z,2026-10-07T12:53:22Z,history-merge-v1,ATW; Crypto Ninja Official; Alt the Way,,,,,,,lamorgia+pumpsense,lamorgia_gmt,
hist-yobit-DALC-201801021600,history,announcement,yobit,DALC,BTC,1514908800000,2018-01-02T16:00:00Z,2026-10-07T12:53:22Z,history-merge-v1,ATW; Alt the Way,,,,,,,lamorgia+pumpsense,lamorgia_gmt,"Coin: DALC
https://yobit.net/en/trade/DALC/BTC"
hist-yobit-DASHS-201707201601,history,announcement,yobit,DASHS,BTC,1500566491000,2017-07-20T16:01:31Z,2026-10-07T12:53:22Z,history-merge-v1,Alt the Way,,,,,,,pumpsense,pumpsense_minus_2h,"Coin: DASHS
Exchange: YOBIT

https://yobit.net/en/trade/DASHS/BTC"
hist-yobit-DASHS-201707231600,history,announcement,yobit,DASHS,BTC,1500825600000,2017-07-23T16:00:00Z,2026-10-07T12:53:22Z,history-merge-v1,Alt the Way,,,,,,,pumpsense,pumpsense_minus_2h,"Coin: DASHS
Exchange: YOBIT
https://yobit.net/en/trade/DASHS/BTC"
hist-yobit-DCRE-201802261700,history,announcement,yobit,DCRE,BTC,1519664400000,2018-02-26T17:00:00Z,2026-10-07T12:53:22Z,history-merge-v1,ATW; Alt the Way,,,,,,,lamorgia+pumpsense,lamorgia_gmt,"🚀 PUMP STARTS 🚀

The coin to pump is: 💎 DCRE 💎 

Exchange: YOBIT.net 📊

Target: +250%  📈 

Market URL:  https://yobit.net/en/trade/DCRE/BTC"
hist-yobit-DLT-201812261700,history,announcement,yobit,DLT,BTC,1545843600000,2018-12-26T17:00:00Z,2026-10-07T12:53:22Z,history-merge-v1,ATW; Crypto Ninja Official; Alt the Way,,,,,,,lamorgia+pumpsense,lamorgia_gmt,"The coin to pump is: 💎 DLT 💎 

Exchange: YOBIT.net 📊

Target: +500%   📈 

Market: DLT/BTC

https://yobit.net/en/trade/DLT/BTC

Buy Buy Buy & Hold Hold Hold
Buy Buy Buy & Hold Hold Hold
Buy Buy Buy & Hold Hold Hold!"
hist-yobit-DLT-201906121700,history,announcement,yobit,DLT,BTC,1560358800000,2019-06-12T17:00:00Z,2026-10-07T12:53:22Z,history-merge-v1,ATW; Crypto Ninja Official; Alt the Way,,,,,,,lamorgia+pumpsense,lamorgia_gmt,
hist-yobit-DLT-201908151700,history,announcement,yobit,DLT,BTC,1565888400000,2019-08-15T17:00:00Z,2026-10-07T12:53:22Z,history-merge-v1,ATW; Crypto Ninja Official; Alt the Way,,,,,,,lamorgia+pumpsense,lamorgia_gmt,Coin is 👉🐳  DLT  🐳👈
hist-yobit-DLT-201908161700,history,announcement,yobit,DLT,BTC,1565974800000,2019-08-16T17:00:00Z,2026-10-07T12:53:22Z,history-merge-v1,ATW; Crypto Ninja Official; Alt the Way,,,,,,,lamorgia+pumpsense,lamorgia_gmt,Coin is 👉🐳  DLT  🐳👈
hist-yobit-DRACO-201707271730,history,announcement,yobit,DRACO,BTC,1501176600000,2017-07-27T17:30:00Z,2026-10-07T12:53:22Z,history-merge-v1,Alt the Way,,,,,,,pumpsense,pumpsense_minus_2h,"🔥 Pump Alert 🔥 

Coin: DRACO

Exchange : Yobit 

Https://yobit.net/en/trade/DRACO/BTC"
hist-yobit-DRACO-201708071500,history,announcement,yobit,DRACO,BTC,1502118000000,2017-08-07T15:00:00Z,2026-10-07T12:53:22Z,history-merge-v1,Alt the Way,,,,,,,pumpsense,pumpsense_minus_2h,DRACO
hist-yobit-DRACO-201802211700,history,announcement,yobit,DRACO,BTC,1519232400000,2018-02-21T17:00:00Z,2026-10-07T12:53:22Z,history-merge-v1,ATW; Alt the Way,,,,,,,lamorgia+pumpsense,lamorgia_gmt,https://www.yobit.net/en/trade/DRACO/BTC
hist-yobit-EET-201801251730,history,announcement,yobit,EET,BTC,1516901400000,2018-01-25T17:30:00Z,2026-10-07T12:53:22Z,history-merge-v1,ATW; Alt the Way,,,,,,,lamorgia+pumpsense,lamorgia_gmt,"Coin: EET
https://yobit.net/en/trade/EET/BTC"
hist-yobit-EET-201804041618,history,announcement,yobit,EET,BTC,1522858680000,2018-04-04T16:18:00Z,2026-10-07T12:53:22Z,history-merge-v1,FCS,,,,,,,lamorgia,lamorgia_gmt,
hist-yobit-EET-201804071728,history,announcement,yobit,EET,BTC,1523122080000,2018-04-07T17:28:00Z,2026-10-07T12:53:22Z,history-merge-v1,FCS,,,,,,,lamorgia,lamorgia_gmt,
hist-yobit-ELC-201708291700,history,announcement,yobit,ELC,BTC,1504026011000,2017-08-29T17:00:11Z,2026-10-07T12:53:22Z,history-merge-v1,Alt the Way,,,,,,,pumpsense,pumpsense_minus_2h,https://yobit.net/en/trade/ELC/BTC
hist-yobit-ELC-201810181700,history,announcement,yobit,ELC,BTC,1539882000000,2018-10-18T17:00:00Z,2026-10-07T12:53:22Z,history-merge-v1,ATW; Crypto Ninja Official; Alt the Way,,,,,,,lamorgia+pumpsense,lamorgia_gmt,"coin to pump is: 💎 ELC 💎 

Exchange: YOBIT.net 📊

Target: +300%   📈 

Market:  ELC/BTC

https://yobit.net/en/trade/ELC/BTC

Buy Buy Buy & Hold Hold Hold
Buy Buy Buy & Hold Hold Hold
Buy Buy Buy & Hold Hold Hold"
hist-yobit-EMP-201809061700,history,announcement,yobit,EMP,BTC,1536253200000,2018-09-06T17:00:00Z,2026-10-07T12:53:22Z,history-merge-v1,LUX; Crypto Ninja Official; ATW; Alt the Way,,,,,,,lamorgia+pumpsense,lamorgia_gmt,"The coin to pump is: 💎 EMP 💎 

Exchange: YOBIT.net 📊

Target: +300%   📈 

Market: EMP/BTC

https://yobit.net/en/trade/EMP/BTC

Buy Buy Buy & Hold Hold Hold
Buy Buy Buy & Hold Hold Hold
Buy Buy Buy & Hold Hold Hold"
hist-yobit-EMP-201809261700,history,announcement,yobit,EMP,BTC,1537981200000,2018-09-26T17:00:00Z,2026-10-07T12:53:22Z,history-merge-v1,ATW; Crypto Ninja Official; Alt the Way,,,,,,,lamorgia+pumpsense,lamorgia_gmt,"The coin to pump is: 💎 EMP 💎 

Exchange: YOBIT.net 📊

Target: +300%   📈 

Market: EMP/BTC

https://yobit.net/en/trade/EMP/BTC

Buy Buy Buy & Hold Hold Hold
Buy Buy Buy & Hold Hold Hold
Buy Buy Buy & Hold Hold Hold"
hist-yobit-EMT-201803141400,history,announcement,yobit,EMT,BTC,1521036000000,2018-03-14T14:00:00Z,2026-10-07T12:53:22Z,history-merge-v1,ATW; Alt the Way,,,,,,,lamorgia+pumpsense,lamorgia_gmt,"🚀 PUMP STARTS 🚀

The coin to pump is: 💎 EMT 💎 

Exchange: YOBIT.net 📊

Target: +500%  📈 

Market URL:  https://www.yobit.net/en/trade/EMT/BTC"
hist-yobit-ENJ-201904231700,history,announcement,yobit,ENJ,BTC,1556038800000,2019-04-23T17:00:00Z,2026-10-07T12:53:22Z,history-merge-v1,ATW; Crypto Ninja Official; Alt the Way,,,,,,,lamorgia+pumpsense,lamorgia_gmt,
hist-yobit-ENJ-201905051700,history,announcement,yobit,ENJ,BTC,1557075600000,2019-05-05T17:00:00Z,2026-10-07T12:53:22Z,history-merge-v1,ATW; Crypto Ninja Official; Alt the Way,,,,,,,lamorgia+pumpsense,lamorgia_gmt,
hist-yobit-EQT-201809161600,history,announcement,yobit,EQT,BTC,1537113600000,2018-09-16T16:00:00Z,2026-10-07T12:53:22Z,history-merge-v1,ATW; Crypto Ninja Official; Alt the Way,,,,,,,lamorgia+pumpsense,lamorgia_gmt,"The coin to pump is: 💎 EQT 💎 

Exchange: YOBIT.net 📊

Target: +300%   📈 

Market: EQT/BTC

https://yobit.net/en/trade/EQT/BTC

Buy Buy Buy & Hold Hold Hold
Buy Buy Buy & Hold Hold Hold
Buy Buy Buy & Hold Hold Hold"
hist-yobit-EQT-201812091900,history,announcement,yobit,EQT,BTC,1544382005000,2018-12-09T19:00:05Z,2026-10-07T12:53:22Z,history-merge-v1,Crypto Guru; Baby Crypto Channel; Coin Coach Signals,,,,,,,pumpsense,pumpsense_minus_2h,
hist-yobit-ETL-201801071559,history,announcement,yobit,ETL,BTC,1515340740000,2018-01-07T15:59:00Z,2026-10-07T12:53:22Z,history-merge-v1,ATW; Alt the Way,,,,,,,lamorgia+pumpsense,lamorgia_gmt,"Coin: ETL
https://yobit.net/en/trade/ETL/BTC"
hist-yobit-EUC-201804051618,history,announcement,yobit,EUC,BTC,1522945080000,2018-04-05T16:18:00Z,2026-10-07T12:53:22Z,history-merge-v1,FCS,,,,,,,lamorgia,lamorgia_gmt,
hist-yobit-EXP-201708051700,history,announcement,yobit,EXP,BTC,1501952402000,2017-08-05T17:00:02Z,2026-10-07T12:53:22Z,history-merge-v1,Alt the Way,,,,,,,pumpsense,pumpsense_minus_2h,"🔥 Pump Alert 🔥 

—------ EXP —-------

https://yobit.net/en/trade/EXP/BTC"
hist-yobit-EXP-201708261500,history,announcement,yobit,EXP,BTC,1503759600000,2017-08-26T15:00:00Z,2026-10-07T12:53:22Z,history-merge-v1,Alt the Way,,,,,,,pumpsense,pumpsense_minus_2h,"Coin => EXP

https://yobit.net/en/trade/EXP/BTC"
hist-yobit-EXT-201708251500,history,announcement,yobit,EXT,BTC,1503673204000,2017-08-25T15:00:04Z,2026-10-07T12:53:22Z,history-merge-v1,Alt the Way,,,,,,,pumpsense,pumpsense_minus_2h,"Coin => EXT

https://yobit.net/en/trade/EXT/BTC"
hist-yobit-FAZZ-201708221520,history,announcement,yobit,FAZZ,BTC,1503415201000,2017-08-22T15:20:01Z,2026-10-07T12:53:22Z,history-merge-v1,Alt the Way,,,,,,,pumpsense,pumpsense_minus_2h,"FAZZ
Http://yobit.net/en/trade/FAZZ/BTC"
hist-yobit-FC-201903231700,history,announcement,yobit,FC,BTC,1553360400000,2019-03-23T17:00:00Z,2026-10-07T12:53:22Z,history-merge-v1,ATW; Crypto Ninja Official; Alt the Way,,,,,,,lamorgia+pumpsense,lamorgia_gmt,
hist-yobit-FIRE-201809281700,history,announcement,yobit,FIRE,BTC,1538154000000,2018-09-28T17:00:00Z,2026-10-07T12:53:22Z,history-merge-v1,ATW; Crypto Ninja Official; Alt the Way,,,,,,,lamorgia+pumpsense,lamorgia_gmt,"The coin to pump is: 💎 FIRE 💎 

Exchange: YOBIT.net 📊

Target: +300%   📈 

Market: FIRE/BTC

https://yobit.net/en/trade/FIRE/BTC

Buy Buy Buy & Hold Hold Hold
Buy Buy Buy & Hold Hold Hold
Buy Buy Buy & Hold Hold Hold"
hist-yobit-FJC-201707111800,history,announcement,yobit,FJC,BTC,1499796014000,2017-07-11T18:00:14Z,2026-10-07T12:53:22Z,history-merge-v1,Alt the Way,,,,,,,pumpsense,pumpsense_minus_2h,"🔥 Pump Alert 🔥

----  FJC  ----

https://yobit.net/en/trade/FJC/BTC

- Exchange: YoBit

- Share our link: Http://t.me/AltTheWay"
hist-yobit-FNTB-201804042000,history,announcement,yobit,FNTB,BTC,1522872000000,2018-04-04T20:00:00Z,2026-10-07T12:53:22Z,history-merge-v1,Alt the Way,,,,,,,pumpsense,pumpsense_minus_2h,"PUMP STARTS 🚀

The coin to pump is: 💎 FNTB 💎 

Exchange: YOBIT.net 📊

Target: +300% - 500%  📈 

Market: FNTB/BTC"
hist-yobit-FRN-201810051700,history,announcement,yobit,FRN,BTC,1538758800000,2018-10-05T17:00:00Z,2026-10-07T12:53:22Z,history-merge-v1,ATW; Crypto Ninja Official; Alt the Way,,,,,,,lamorgia+pumpsense,lamorgia_gmt,"The coin to pump is: 💎 FRN 💎 

Exchange: YOBIT.net 📊

Target: +300%   📈 

Market:  FRN/BTC

https://yobit.net/en/trade/FRN/BTC

Buy Buy Buy & Hold Hold Hold
Buy Buy Buy & Hold Hold Hold
Buy Buy Buy & Hold Hold Hold"
hist-yobit-FUN-201907061700,history,announcement,yobit,FUN,BTC,1562432400000,2019-07-06T17:00:00Z,2026-10-07T12:53:22Z,history-merge-v1,ATW; Crypto Ninja Official; Alt the Way,,,,,,,lamorgia+pumpsense,lamorgia_gmt,Coin is 👉🐳  FUN  🐳👈
hist-yobit-FUN-201907111700,history,announcement,yobit,FUN,BTC,1562864400000,2019-07-11T17:00:00Z,2026-10-07T12:53:22Z,history-merge-v1,ATW; Crypto Ninja Official; Alt the Way,,,,,,,lamorgia+pumpsense,lamorgia_gmt,Coin is 👉🐳  FUN  🐳👈
hist-yobit-FUN-201907211700,history,announcement,yobit,FUN,BTC,1563728400000,2019-07-21T17:00:00Z,2026-10-07T12:53:22Z,history-merge-v1,ATW; Crypto Ninja Official; Alt the Way,,,,,,,lamorgia+pumpsense,lamorgia_gmt,Coin is 👉🐳  FUN  🐳👈
hist-yobit-FUN-201908031700,history,announcement,yobit,FUN,BTC,1564851600000,2019-08-03T17:00:00Z,2026-10-07T12:53:22Z,history-merge-v1,ATW; Crypto Ninja Official; Alt the Way,,,,,,,lamorgia+pumpsense,lamorgia_gmt,Coin is 👉🐳  FUN  🐳👈
hist-yobit-FUN-201909281700,history,announcement,yobit,FUN,BTC,1569690000000,2019-09-28T17:00:00Z,2026-10-07T12:53:22Z,history-merge-v1,ATW; Crypto Ninja Official; Alt the Way,,,,,,,lamorgia+pumpsense,lamorgia_gmt,Coin is 👉🐳  FUN  🐳👈
hist-yobit-FUN-201910221700,history,announcement,yobit,FUN,BTC,1571763600000,2019-10-22T17:00:00Z,2026-10-07T12:53:22Z,history-merge-v1,ATW; Crypto Ninja Official; Alt the Way,,,,,,,lamorgia+pumpsense,lamorgia_gmt,"Монета 👉 FUN  🐳👈

Coin is 👉🐳  FUN 🐳👈"
hist-yobit-FUN-202001151700,history,announcement,yobit,FUN,BTC,1579107600000,2020-01-15T17:00:00Z,2026-10-07T12:53:22Z,history-merge-v1,ATW; Crypto Ninja Official; Alt the Way,,,,,,,lamorgia+pumpsense,lamorgia_gmt,"Монета 👉 FUN  🐳👈

Coin is 👉🐳  FUN 🐳👈"
hist-yobit-FUN-202003281700,history,announcement,yobit,FUN,BTC,1585414800000,2020-03-28T17:00:00Z,2026-10-07T12:53:22Z,history-merge-v1,ATW; Crypto Ninja Official; Alt the Way,,,,,,,lamorgia+pumpsense,lamorgia_gmt,"Монета 👉 FUN  🐳👈

Coin is 👉🐳  FUN 🐳👈"
hist-yobit-FUZZ-201707221600,history,announcement,yobit,FUZZ,BTC,1500739209000,2017-07-22T16:00:09Z,2026-10-07T12:53:22Z,history-merge-v1,Alt the Way,,,,,,,pumpsense,pumpsense_minus_2h,"Coin: FUZZ
Exchange: YOBIT
https://yobit.net/en/trade/FUZZ/BTC"
hist-yobit-FUZZ-201707261600,history,announcement,yobit,FUZZ,BTC,1501084808000,2017-07-26T16:00:08Z,2026-10-07T12:53:22Z,history-merge-v1,Alt the Way,,,,,,,pumpsense,pumpsense_minus_2h,"Coin: FUZZ

Exchange: Yobit 

https://yobit.net/en/trade/FUZZ/BTC"
hist-yobit-GELD-201801091559,history,announcement,yobit,GELD,BTC,1515513540000,2018-01-09T15:59:00Z,2026-10-07T12:53:22Z,history-merge-v1,ATW; Alt the Way,,,,,,,lamorgia+pumpsense,lamorgia_gmt,"Coin: GELD
https://yobit.net/en/trade/GELD/BTC"
hist-yobit-GELD-201801151600,history,announcement,yobit,GELD,BTC,1516032000000,2018-01-15T16:00:00Z,2026-10-07T12:53:22Z,history-merge-v1,ATW; Alt the Way,,,,,,,lamorgia+pumpsense,lamorgia_gmt,"Coin: GELD
https://yobit.io/en/trade/GELD/BTC"
hist-yobit-GET-201808051602,history,announcement,yobit,GET,BTC,1533484920000,2018-08-05T16:02:00Z,2026-10-07T12:53:22Z,history-merge-v1,ATW; Alt the Way,,,,,,,lamorgia+pumpsense,lamorgia_gmt,"The coin to pump is: 💎 GET 💎 

Exchange: YOBIT.net 📊

Target: +700%   📈 

Market: GET/BTC
https://yobit.net/en/trade/GET/BTC

Buy Buy Buy & Troll in Chat box
Buy Buy Buy & Troll in Chat box
Buy Buy Buy & Troll in Chat box"
hist-yobit-GET-201808081559,history,announcement,yobit,GET,BTC,1533743940000,2018-08-08T15:59:00Z,2026-10-07T12:53:22Z,history-merge-v1,ATW; Alt the Way,,,,,,,lamorgia+pumpsense,lamorgia_gmt,"The coin to pump is: 💎 GET 💎 

Exchange: YOBIT.net 📊

Target: +700%   📈 

Market: GET/BTC
https://yobit.net/en/trade/GET/BTC

Buy Buy Buy & Troll in Chat box
Buy Buy Buy & Troll in Chat box
Buy Buy Buy & Troll in Chat box"
hist-yobit-GNO-201709281631,history,announcement,yobit,GNO,BTC,1506616266000,2017-09-28T16:31:06Z,2026-10-07T12:53:22Z,history-merge-v1,Alt the Way,,,,,,,pumpsense,pumpsense_minus_2h,"Coin => GNO

https://yobit.net/en/trade/GNO/BTC"
hist-yobit-GNO-201710061559,history,announcement,yobit,GNO,BTC,1507305598000,2017-10-06T15:59:58Z,2026-10-07T12:53:22Z,history-merge-v1,Alt the Way,,,,,,,pumpsense,pumpsense_minus_2h,"Coin => GNO

https://yobit.net/en/trade/GNO/BTC"
hist-yobit-GOON-201707131801,history,announcement,yobit,GOON,BTC,1499968894000,2017-07-13T18:01:34Z,2026-10-07T12:53:22Z,history-merge-v1,Alt the Way,,,,,,,pumpsense,pumpsense_minus_2h,"Coin ~  GOON

Excahnge- YOBIT

https://yobit.net/en/trade/GOON/BTC"
hist-yobit-GREENF-201802101700,history,announcement,yobit,GREENF,BTC,1518282000000,2018-02-10T17:00:00Z,2026-10-07T12:53:22Z,history-merge-v1,ATW; Alt the Way,,,,,,,lamorgia+pumpsense,lamorgia_gmt,"Coin: GREENF
https://yobit.net/en/trade/GREENF/BTC"
hist-yobit-GSY-201707261645,history,announcement,yobit,GSY,BTC,1501087500000,2017-07-26T16:45:00Z,2026-10-07T12:53:22Z,history-merge-v1,TCC,,,,,,,lamorgia,lamorgia_gmt,
hist-yobit-GUP-201710291500,history,announcement,yobit,GUP,BTC,1509289207000,2017-10-29T15:00:07Z,2026-10-07T12:53:22Z,history-merge-v1,Alt the Way,,,,,,,pumpsense,pumpsense_minus_2h,
hist-yobit-GVT-201908241700,history,announcement,yobit,GVT,BTC,1566666000000,2019-08-24T17:00:00Z,2026-10-07T12:53:22Z,history-merge-v1,ATW; Crypto Ninja Official; Alt the Way,,,,,,,lamorgia+pumpsense,lamorgia_gmt,Coin is 👉🐳  GVT  🐳👈
hist-yobit-GVT-201909261700,history,announcement,yobit,GVT,BTC,1569517200000,2019-09-26T17:00:00Z,2026-10-07T12:53:22Z,history-merge-v1,ATW; Crypto Ninja Official; Alt the Way,,,,,,,lamorgia+pumpsense,lamorgia_gmt,Coin is 👉🐳  GVT  🐳👈
hist-yobit-HAC-201807281600,history,announcement,yobit,HAC,BTC,1532793600000,2018-07-28T16:00:00Z,2026-10-07T12:53:22Z,history-merge-v1,ATW; Alt the Way,,,,,,,lamorgia+pumpsense,lamorgia_gmt,"The coin to pump is: 💎 HAC 💎 

Exchange: YOBIT.net 📊

Target: +500%   📈 

Market: HAC/BTC

https://yobit.net/en/trade/HAC/BTC

Buy Buy Buy & Hold Hold Hold
Buy Buy Buy & Hold Hold Hold
Buy Buy Buy & Hold Hold Hold"
hist-yobit-HAC-201808171600,history,announcement,yobit,HAC,BTC,1534521600000,2018-08-17T16:00:00Z,2026-10-07T12:53:22Z,history-merge-v1,ATW; Alt the Way,,,,,,,lamorgia+pumpsense,lamorgia_gmt,
hist-yobit-HAWK-201707251500,history,announcement,yobit,HAWK,BTC,1500994801000,2017-07-25T15:00:01Z,2026-10-07T12:53:22Z,history-merge-v1,Alt the Way,,,,,,,pumpsense,pumpsense_minus_2h,"Coin: HAWK
Exchange: YOBIT
https://yobit.net/en/trade/HAWK/BTC"
hist-yobit-HDG-201801241730,history,announcement,yobit,HDG,BTC,1516815000000,2018-01-24T17:30:00Z,2026-10-07T12:53:22Z,history-merge-v1,ATW; Alt the Way,,,,,,,lamorgia+pumpsense,lamorgia_gmt,"Coin: HDG
https://yobit.net/en/trade/HDG/BTC"
hist-yobit-HDG-201808121600,history,announcement,yobit,HDG,BTC,1534089600000,2018-08-12T16:00:00Z,2026-10-07T12:53:22Z,history-merge-v1,ATW; Alt the Way,,,,,,,lamorgia+pumpsense,lamorgia_gmt,"The coin to pump is: 💎 HDG 💎 

Exchange: YOBIT.net 📊

Target: +700%   📈 

Market: HDG/BTC
https://yobit.net/en/trade/HDG/BTC

Buy Buy Buy & Troll in Chat box
Buy Buy Buy & Troll in Chat box
Buy Buy Buy & Troll in Chat box"
hist-yobit-HMC-201707241700,history,announcement,yobit,HMC,BTC,1500915600000,2017-07-24T17:00:00Z,2026-10-07T12:53:22Z,history-merge-v1,Alt the Way,,,,,,,pumpsense,pumpsense_minus_2h,"Coin: HMC
Exchange: YOBIT
https://yobit.net/en/trade/HMC/BTC"
hist-yobit-HQX-201803221500,history,announcement,yobit,HQX,BTC,1521730820000,2018-03-22T15:00:20Z,2026-10-07T12:53:22Z,history-merge-v1,Alt the Way,,,,,,,pumpsense,pumpsense_minus_2h,https://www.yobit.net/en/trade/HQX/BTC
hist-yobit-HQX-201808281700,history,announcement,yobit,HQX,BTC,1535475600000,2018-08-28T17:00:00Z,2026-10-07T12:53:22Z,history-merge-v1,ATW; Crypto Ninja Official; Alt the Way; LUX,,,,,,,lamorgia+pumpsense,lamorgia_gmt,"The coin to pump is: 💎 HQX 💎 

Exchange: YOBIT.net 📊

Target: +500%   📈 

Market: HQX/BTC

https://yobit.net/en/trade/HQX/BTC

Buy Buy Buy & Hold Hold Hold
Buy Buy Buy & Hold Hold Hold
Buy Buy Buy & Hold Hold Hold"
hist-yobit-HQX-201903241700,history,announcement,yobit,HQX,BTC,1553446800000,2019-03-24T17:00:00Z,2026-10-07T12:53:22Z,history-merge-v1,ATW; Crypto Ninja Official; Alt the Way,,,,,,,lamorgia+pumpsense,lamorgia_gmt,
hist-yobit-HQX-201903261700,history,announcement,yobit,HQX,BTC,1553619600000,2019-03-26T17:00:00Z,2026-10-07T12:53:22Z,history-merge-v1,ATW; Alt the Way,,,,,,,lamorgia+pumpsense,lamorgia_gmt,
hist-yobit-HQX-201904051700,history,announcement,yobit,HQX,BTC,1554483600000,2019-04-05T17:00:00Z,2026-10-07T12:53:22Z,history-merge-v1,ATW; Alt the Way; Bitcoin Pump Group,,,,,,,lamorgia+pumpsense,lamorgia_gmt,"Coin to pump is: 💎 HQX 💎 

Exchange: YOBIT.net 📊

Target: +300%   📈 

Market: HQX/BTC

https://yobit.net/en/trade/HQX/BTC

Buy Buy Buy & Hold Hold Hold
Buy Buy Buy & Hold Hold Hold
Buy Buy Buy & Hold Hold Hold!"
hist-yobit-HSP-201708171500,history,announcement,yobit,HSP,BTC,1502982000000,2017-08-17T15:00:00Z,2026-10-07T12:53:22Z,history-merge-v1,Alt the Way,,,,,,,pumpsense,pumpsense_minus_2h,"🔥 Pump Alert 🔥

----- HSP -----

Http://yobit.net/en/trade/HSP/BTC"
hist-yobit-IFT-201712021759,history,announcement,yobit,IFT,BTC,1512237590000,2017-12-02T17:59:50Z,2026-10-07T12:53:22Z,history-merge-v1,Alt the Way,,,,,,,pumpsense,pumpsense_minus_2h,Coin : IFT
hist-yobit-IND-201710211500,history,announcement,yobit,IND,BTC,1508598014000,2017-10-21T15:00:14Z,2026-10-07T12:53:22Z,history-merge-v1,Alt the Way,,,,,,,pumpsense,pumpsense_minus_2h,
hist-yobit-IND-201710281500,history,announcement,yobit,IND,BTC,1509202802000,2017-10-28T15:00:02Z,2026-10-07T12:53:22Z,history-merge-v1,Alt the Way,,,,,,,pumpsense,pumpsense_minus_2h,
hist-yobit-IND-201711021500,history,announcement,yobit,IND,BTC,1509634823000,2017-11-02T15:00:23Z,2026-10-07T12:53:22Z,history-merge-v1,Alt the Way,,,,,,,pumpsense,pumpsense_minus_2h,
hist-yobit-IND-201711251759,history,announcement,yobit,IND,BTC,1511632772000,2017-11-25T17:59:32Z,2026-10-07T12:53:22Z,history-merge-v1,Alt the Way,,,,,,,pumpsense,pumpsense_minus_2h,Coin :IND
hist-yobit-IND-201801211600,history,announcement,yobit,IND,BTC,1516550400000,2018-01-21T16:00:00Z,2026-10-07T12:53:22Z,history-merge-v1,ATW; Alt the Way,,,,,,,lamorgia+pumpsense,lamorgia_gmt,"Coin: IND
https://yobit.net/en/trade/IND/BTC"
hist-yobit-IND-201802051730,history,announcement,yobit,IND,BTC,1517851800000,2018-02-05T17:30:00Z,2026-10-07T12:53:22Z,history-merge-v1,ATW; Alt the Way,,,,,,,lamorgia+pumpsense,lamorgia_gmt,"Coin: IND
https://yobit.net/en/trade/IND/BTC"
hist-yobit-IND-201802151700,history,announcement,yobit,IND,BTC,1518714000000,2018-02-15T17:00:00Z,2026-10-07T12:53:22Z,history-merge-v1,ATW; Alt the Way,,,,,,,lamorgia+pumpsense,lamorgia_gmt,"Coin: IND
https://yobit.net/en/trade/IND/BTC"
hist-yobit-IND-201802161700,history,announcement,yobit,IND,BTC,1518800400000,2018-02-16T17:00:00Z,2026-10-07T12:53:22Z,history-merge-v1,ATW; Alt the Way,,,,,,,lamorgia+pumpsense,lamorgia_gmt,"Coin: IND
https://yobit.net/en/trade/IND/BTC"
hist-yobit-INFX-201707251700,history,announcement,yobit,INFX,BTC,1501002001000,2017-07-25T17:00:01Z,2026-10-07T12:53:22Z,history-merge-v1,Alt the Way,,,,,,,pumpsense,pumpsense_minus_2h,"Coin: INFX
Exchange: YOBIT
https://yobit.net/en/trade/INFX/BTC"
hist-yobit-INFX-201707261700,history,announcement,yobit,INFX,BTC,1501088400000,2017-07-26T17:00:00Z,2026-10-07T12:53:22Z,history-merge-v1,Alt the Way,,,,,,,pumpsense,pumpsense_minus_2h,"Coin: INFX
Exchange: YOBIT
https://yobit.net/en/trade/INFX/BTC"
hist-yobit-INFX-201807211600,history,announcement,yobit,INFX,BTC,1532188800000,2018-07-21T16:00:00Z,2026-10-07T12:53:22Z,history-merge-v1,ATW; Alt the Way,,,,,,,lamorgia+pumpsense,lamorgia_gmt,"The coin to pump is: 💎 INFX💎 

Exchange: YOBIT.net 📊

Target: +500%   📈 

Market: INFX/BTC
https://yobit.net/en/trade/INFX/BTC

Buy Buy Buy & Hold Hold Hold
Buy Buy Buy & Hold Hold Hold
Buy Buy Buy & Hold Hold Hold"
hist-yobit-ING-201804022000,history,announcement,yobit,ING,BTC,1522699210000,2018-04-02T20:00:10Z,2026-10-07T12:53:22Z,history-merge-v1,Alt the Way,,,,,,,pumpsense,pumpsense_minus_2h,"PUMP STARTS 🚀

The coin to pump is: 💎 ING 💎 

Exchange: YOBIT.net 📊

Target: +400% - 500%  📈 

Market: ING/BTC"
hist-yobit-ING-201903161700,history,announcement,yobit,ING,BTC,1552755600000,2019-03-16T17:00:00Z,2026-10-07T12:53:22Z,history-merge-v1,ATW; Crypto Ninja Official; Alt the Way,,,,,,,lamorgia+pumpsense,lamorgia_gmt,
hist-yobit-ING-201903201700,history,announcement,yobit,ING,BTC,1553101200000,2019-03-20T17:00:00Z,2026-10-07T12:53:22Z,history-merge-v1,ATW; Crypto Ninja Official; Alt the Way,,,,,,,lamorgia+pumpsense,lamorgia_gmt,
hist-yobit-IOST-201805011801,history,announcement,yobit,IOST,BTC,1525197677000,2018-05-01T18:01:17Z,2026-10-07T12:53:22Z,history-merge-v1,Alt the Way,,,,,,,pumpsense,pumpsense_minus_2h,"The coin to pump is: 💎 IOST 💎 

Exchange: YOBIT.net 📊

Target: +300% - 500%  📈 

Market: IOST/BTC
https://www.yobit.net/en/trade/IOST/BTC"
hist-yobit-IQN-201809171600,history,announcement,yobit,IQN,BTC,1537200000000,2018-09-17T16:00:00Z,2026-10-07T12:53:22Z,history-merge-v1,ATW; Crypto Ninja Official; Alt the Way,,,,,,,lamorgia+pumpsense,lamorgia_gmt,"The coin to pump is: 💎 IQN 💎 

Exchange: YOBIT.net 📊

Target: +300%   📈 

Market: IQN/BTC

https://yobit.net/en/trade/IQN/BTC

Buy Buy Buy & Hold Hold Hold
Buy Buy Buy & Hold Hold Hold
Buy Buy Buy & Hold Hold Hold"
hist-yobit-IQT-201808261600,history,announcement,yobit,IQT,BTC,1535299200000,2018-08-26T16:00:00Z,2026-10-07T12:53:22Z,history-merge-v1,ATW; Alt the Way,,,,,,,lamorgia+pumpsense,lamorgia_gmt,"The coin to pump is: 💎 IQT 💎 

Exchange: Cryptopia.co.nz📊

Target: +500%   📈 

Market: IQT/BTC

https://www.cryptopia.co.nz/Exchange/?market=IQT_BTC

Buy Buy Buy & Hold Hold Hold
Buy Buy Buy & Hold Hold Hold
Buy Buy Buy & Hold Hold Hold"
hist-yobit-IVZ-201708101500,history,announcement,yobit,IVZ,BTC,1502377200000,2017-08-10T15:00:00Z,2026-10-07T12:53:22Z,history-merge-v1,Alt the Way,,,,,,,pumpsense,pumpsense_minus_2h,"🔥 Pump Alert 🔥 

------- IVZ -------

Http://yobit.net/en/trade/IVZ/BTC"
hist-yobit-IXT-201709251630,history,announcement,yobit,IXT,BTC,1506357010000,2017-09-25T16:30:10Z,2026-10-07T12:53:22Z,history-merge-v1,Alt the Way,,,,,,,pumpsense,pumpsense_minus_2h,"Coin => IXT

https://yobit.net/en/trade/IXT/BTC"
hist-yobit-IXT-201712151659,history,announcement,yobit,IXT,BTC,1513357184000,2017-12-15T16:59:44Z,2026-10-07T12:53:22Z,history-merge-v1,Alt the Way,,,,,,,pumpsense,pumpsense_minus_2h,"Coin: IXT
Exchange: YOBIT"
hist-yobit-IXT-201712191659,history,announcement,yobit,IXT,BTC,1513702797000,2017-12-19T16:59:57Z,2026-10-07T12:53:22Z,history-merge-v1,Alt the Way,,,,,,,pumpsense,pumpsense_minus_2h,COIN: IXT
hist-yobit-IXT-201712211659,history,announcement,yobit,IXT,BTC,1513875589000,2017-12-21T16:59:49Z,2026-10-07T12:53:22Z,history-merge-v1,Alt the Way,,,,,,,pumpsense,pumpsense_minus_2h,"Coin: IXT
Exchange: YOBIT"
hist-yobit-IXT-201802201700,history,announcement,yobit,IXT,BTC,1519146000000,2018-02-20T17:00:00Z,2026-10-07T12:53:22Z,history-merge-v1,ATW,,,,,,,lamorgia,lamorgia_gmt,
hist-yobit-KAT-201707121728,history,announcement,yobit,KAT,BTC,1499880480000,2017-07-12T17:28:00Z,2026-10-07T12:53:22Z,history-merge-v1,TCC,,,,,,,lamorgia,lamorgia_gmt,
hist-yobit-LDM-201803061700,history,announcement,yobit,LDM,BTC,1520355600000,2018-03-06T17:00:00Z,2026-10-07T12:53:22Z,history-merge-v1,ATW; Alt the Way,,,,,,,lamorgia+pumpsense,lamorgia_gmt,"🚀 PUMP STARTS 🚀

The coin to pump is: 💎 LDM 💎 

Exchange: YOBIT.net 📊

Target: +200%  📈 

Market URL:  https://yobit.net/en/trade/LDM/BTC"
hist-yobit-LEND-201905191700,history,announcement,yobit,LEND,BTC,1558285200000,2019-05-19T17:00:00Z,2026-10-07T12:53:22Z,history-merge-v1,ATW; Crypto Ninja Official; Alt the Way,,,,,,,lamorgia+pumpsense,lamorgia_gmt,
hist-yobit-LEND-201906151700,history,announcement,yobit,LEND,BTC,1560618000000,2019-06-15T17:00:00Z,2026-10-07T12:53:22Z,history-merge-v1,ATW; Crypto Ninja Official; Alt the Way,,,,,,,lamorgia+pumpsense,lamorgia_gmt,
hist-yobit-LEND-201906181700,history,announcement,yobit,LEND,BTC,1560877200000,2019-06-18T17:00:00Z,2026-10-07T12:53:22Z,history-merge-v1,ATW; Crypto Ninja Official; Alt the Way,,,,,,,lamorgia+pumpsense,lamorgia_gmt,Coin is 👉🐳  LEND  🐳👈
hist-yobit-LEND-201907051700,history,announcement,yobit,LEND,BTC,1562346000000,2019-07-05T17:00:00Z,2026-10-07T12:53:22Z,history-merge-v1,ATW; Crypto Ninja Official; Alt the Way,,,,,,,lamorgia+pumpsense,lamorgia_gmt,Coin is 👉🐳  LEND  🐳👈
hist-yobit-LIMX-201707191500,history,announcement,yobit,LIMX,BTC,1500476413000,2017-07-19T15:00:13Z,2026-10-07T12:53:22Z,history-merge-v1,Alt the Way,,,,,,,pumpsense,pumpsense_minus_2h,"🔥 Pump Alert 🔥

—— LIMX ——

https://yobit.net/en/trade/LIMX/BTC

Target: 20000 sat (4.00x)"
hist-yobit-LIMX-201708021500,history,announcement,yobit,LIMX,BTC,1501686000000,2017-08-02T15:00:00Z,2026-10-07T12:53:22Z,history-merge-v1,Alt the Way,,,,,,,pumpsense,pumpsense_minus_2h,"Huge PumpsY:
Coin: LIMX
Exchange: YOBIT
https://yobit.net/en/trade/LIMX/BTC"
hist-yobit-LIMX-201708201510,history,announcement,yobit,LIMX,BTC,1503241800000,2017-08-20T15:10:00Z,2026-10-07T12:53:22Z,history-merge-v1,Alt the Way,,,,,,,pumpsense,pumpsense_minus_2h,https://yobit.net/en/trade/LIMX/BTC
hist-yobit-LINK-201909121700,history,announcement,yobit,LINK,BTC,1568307600000,2019-09-12T17:00:00Z,2026-10-07T12:53:22Z,history-merge-v1,ATW; Crypto Guru; Crypto Ninja Official; Baby Crypto Channel; Coin Coach Signals; Alt the Way,,,,,,,lamorgia+pumpsense,lamorgia_gmt,Coin is 👉🐳  LINK  🐳👈
hist-yobit-LION-201805151800,history,announcement,yobit,LION,BTC,1526407235000,2018-05-15T18:00:35Z,2026-10-07T12:53:22Z,history-merge-v1,Alt the Way,,,,,,,pumpsense,pumpsense_minus_2h,"The coin to pump is: 💎 LION 💎 

Exchange: YOBIT.net 📊

Target: +300% - 500%  📈 

Market: LION/BTC
https://www.yobit.net/en/trade/LION/BTC"
hist-yobit-LITE-201709171630,history,announcement,yobit,LITE,BTC,1505665821000,2017-09-17T16:30:21Z,2026-10-07T12:53:22Z,history-merge-v1,Alt the Way,,,,,,,pumpsense,pumpsense_minus_2h,https://yobit.net/en/trade/LITE/BTC
hist-yobit-LITE-201710121500,history,announcement,yobit,LITE,BTC,1507820437000,2017-10-12T15:00:37Z,2026-10-07T12:53:22Z,history-merge-v1,Alt the Way,,,,,,,pumpsense,pumpsense_minus_2h,
hist-yobit-LITE-201710271501,history,announcement,yobit,LITE,BTC,1509116517000,2017-10-27T15:01:57Z,2026-10-07T12:53:22Z,history-merge-v1,Alt the Way,,,,,,,pumpsense,pumpsense_minus_2h,
hist-yobit-LIZI-201710181507,history,announcement,yobit,LIZI,BTC,1508339232000,2017-10-18T15:07:12Z,2026-10-07T12:53:22Z,history-merge-v1,Alt the Way,,,,,,,pumpsense,pumpsense_minus_2h,
hist-yobit-LOCK-201801301830,history,announcement,yobit,LOCK,BTC,1517337011000,2018-01-30T18:30:11Z,2026-10-07T12:53:22Z,history-merge-v1,Alt the Way,,,,,,,pumpsense,pumpsense_minus_2h,
hist-yobit-LOCX-201802021830,history,announcement,yobit,LOCX,BTC,1517596203000,2018-02-02T18:30:03Z,2026-10-07T12:53:22Z,history-merge-v1,Alt the Way,,,,,,,pumpsense,pumpsense_minus_2h,"Coin: LOCX
https://yobit.net/en/trade/LOCX/BTC"
hist-yobit-LOOM-201804281800,history,announcement,yobit,LOOM,BTC,1524938409000,2018-04-28T18:00:09Z,2026-10-07T12:53:22Z,history-merge-v1,Alt the Way,,,,,,,pumpsense,pumpsense_minus_2h,"The coin to pump is: 💎 LOOM 💎 

Exchange: YOBIT.net 📊

Target: +300% - 500%  📈 

Market: LOOM/BTC
https://www.yobit.net/en/trade/LOOM/BTC"
hist-yobit-LOOM-201805111759,history,announcement,yobit,LOOM,BTC,1526061593000,2018-05-11T17:59:53Z,2026-10-07T12:53:22Z,history-merge-v1,Alt the Way,,,,,,,pumpsense,pumpsense_minus_2h,"The coin to pump is: 💎 LOOM 💎 

Exchange: YOBIT.net 📊

Target: +300% - 500%  📈 

Market: LOOM/BTC
https://www.yobit.net/en/trade/LOOM/BTC"
hist-yobit-LOOM-201808211600,history,announcement,yobit,LOOM,BTC,1534867200000,2018-08-21T16:00:00Z,2026-10-07T12:53:22Z,history-merge-v1,ATW; Alt the Way,,,,,,,lamorgia+pumpsense,lamorgia_gmt,
hist-yobit-LOOM-201812181800,history,announcement,yobit,LOOM,BTC,1545156000000,2018-12-18T18:00:00Z,2026-10-07T12:53:22Z,history-merge-v1,ATW; Crypto Ninja Official; Alt the Way,,,,,,,lamorgia+pumpsense,lamorgia_gmt,"The coin to pump is: 💎LOOM💎 

Exchange: YOBIT.net 📊

Target: +500%   📈 

Market: LOOM/BTC

https://yobit.net/en/trade/LOOM/BTC

Buy Buy Buy & Hold Hold Hold
Buy Buy Buy & Hold Hold Hold
Buy Buy Buy & Hold Hold Hold"
hist-yobit-LOOM-202005191700,history,announcement,yobit,LOOM,BTC,1589907600000,2020-05-19T17:00:00Z,2026-10-07T12:53:22Z,history-merge-v1,ATW; Crypto Ninja Official,,,,,,,lamorgia+pumpsense,lamorgia_gmt,"The coin to pump is: 💎LOOM💎 

Exchange: YOBIT.net 📊

Target: +200-300%   📈 

Market: LOOM/BTC

https://yobit.net/en/trade/LOOM/BTC

Buy Buy Buy & Hold Hold Hold
Buy Buy Buy & Hold Hold Hold
Buy Buy Buy & Hold Hold Hold"
hist-yobit-LRC-201801031559,history,announcement,yobit,LRC,BTC,1514995140000,2018-01-03T15:59:00Z,2026-10-07T12:53:22Z,history-merge-v1,ATW; Alt the Way,,,,,,,lamorgia+pumpsense,lamorgia_gmt,"Coin: LRC
https://yobit.net/en/trade/LRC/BTC"
hist-yobit-LSK-201803170500,history,announcement,yobit,LSK,BTC,1521262800000,2018-03-17T05:00:00Z,2026-10-07T12:53:22Z,history-merge-v1,FCS,,,,,,,lamorgia,lamorgia_gmt,
hist-yobit-LUN-201801051600,history,announcement,yobit,LUN,BTC,1515168000000,2018-01-05T16:00:00Z,2026-10-07T12:53:22Z,history-merge-v1,ATW,,,,,,,lamorgia,lamorgia_gmt,
hist-yobit-LUN-201803241904,history,announcement,yobit,LUN,BTC,1521918240000,2018-03-24T19:04:00Z,2026-10-07T12:53:22Z,history-merge-v1,FCS,,,,,,,lamorgia,lamorgia_gmt,
hist-yobit-LUNYR-201710021600,history,announcement,yobit,LUNYR,BTC,1506960005000,2017-10-02T16:00:05Z,2026-10-07T12:53:22Z,history-merge-v1,Alt the Way,,,,,,,pumpsense,pumpsense_minus_2h,"Coin => LUNYR

https://yobit.net/en/trade/LUNYR/BTC"
hist-yobit-LUNYR-201712271700,history,announcement,yobit,LUNYR,BTC,1514394009000,2017-12-27T17:00:09Z,2026-10-07T12:53:22Z,history-merge-v1,Alt the Way,,,,,,,pumpsense,pumpsense_minus_2h,Coin: LUNYR
hist-yobit-LUNYR-201801051700,history,announcement,yobit,LUNYR,BTC,1515171622000,2018-01-05T17:00:22Z,2026-10-07T12:53:22Z,history-merge-v1,Alt the Way,,,,,,,pumpsense,pumpsense_minus_2h,"Coin: LUNYR
https://yobit.net/en/trade/lunyr/BTC"
hist-yobit-LVG-201707241645,history,announcement,yobit,LVG,BTC,1500914700000,2017-07-24T16:45:00Z,2026-10-07T12:53:22Z,history-merge-v1,TCC,,,,,,,lamorgia,lamorgia_gmt,
hist-yobit-MANA-201907291700,history,announcement,yobit,MANA,BTC,1564419606000,2019-07-29T17:00:06Z,2026-10-07T12:53:22Z,history-merge-v1,Crypto Ninja Official; Alt the Way,,,,,,,pumpsense,pumpsense_minus_2h,Coin is 👉🐳  MANA  🐳👈
hist-yobit-MANA-201908091700,history,announcement,yobit,MANA,BTC,1565370000000,2019-08-09T17:00:00Z,2026-10-07T12:53:22Z,history-merge-v1,ATW; Crypto Ninja Official; Alt the Way,,,,,,,lamorgia+pumpsense,lamorgia_gmt,Coin is 👉🐳  MANA  🐳👈
hist-yobit-MANA-201908111700,history,announcement,yobit,MANA,BTC,1565542800000,2019-08-11T17:00:00Z,2026-10-07T12:53:22Z,history-merge-v1,ATW; Crypto Ninja Official; Alt the Way,,,,,,,lamorgia+pumpsense,lamorgia_gmt,Coin is 👉🐳  MANA  🐳👈
hist-yobit-MANA-201909231700,history,announcement,yobit,MANA,BTC,1569258000000,2019-09-23T17:00:00Z,2026-10-07T12:53:22Z,history-merge-v1,ATW; Crypto Ninja Official; Alt the Way,,,,,,,lamorgia+pumpsense,lamorgia_gmt,"Coin to pump is: 💎 MANA 💎 

Exchange: YOBIT.net 📊

Target: 100-200%   📈 

Market: MANA/BTC

https://yobit.net/en/trade/MANA/BTC

Buy Buy Buy & Hold Hold Hold
Buy Buy Buy & Hold Hold Hold
Buy Buy Buy & Hold Hold Hold!"
hist-yobit-MANIA-201907291700,history,announcement,yobit,MANIA,BTC,1564419600000,2019-07-29T17:00:00Z,2026-10-07T12:53:22Z,history-merge-v1,ATW,,,,,,,lamorgia,lamorgia_gmt,
hist-yobit-MATIC-201907271700,history,announcement,yobit,MATIC,BTC,1564246800000,2019-07-27T17:00:00Z,2026-10-07T12:53:22Z,history-merge-v1,ATW; Crypto Ninja Official; Alt the Way,,,,,,,lamorgia+pumpsense,lamorgia_gmt,Coin is 👉🐳  MATIC  🐳👈
hist-yobit-MAY-201707101730,history,announcement,yobit,MAY,BTC,1499707800000,2017-07-10T17:30:00Z,2026-10-07T12:53:22Z,history-merge-v1,TCC,,,,,,,lamorgia,lamorgia_gmt,
hist-yobit-MDA-201909141509,history,announcement,yobit,MDA,BTC,1568473774000,2019-09-14T15:09:34Z,2026-10-07T12:53:22Z,history-merge-v1,Crypto Ninja Official,,,,,,,pumpsense,pumpsense_minus_2h,MDA
hist-yobit-MDA-201909301700,history,announcement,yobit,MDA,BTC,1569862800000,2019-09-30T17:00:00Z,2026-10-07T12:53:22Z,history-merge-v1,ATW; Crypto Ninja Official; Alt the Way,,,,,,,lamorgia+pumpsense,lamorgia_gmt,"Монета 👉 MDA  🐳👈

Coin is 👉🐳  MDA 🐳👈"
hist-yobit-MDA-201910241700,history,announcement,yobit,MDA,BTC,1571936400000,2019-10-24T17:00:00Z,2026-10-07T12:53:22Z,history-merge-v1,ATW; Crypto Ninja Official; Alt the Way,,,,,,,lamorgia+pumpsense,lamorgia_gmt,"Монета 👉 MDA  🐳👈

Coin is 👉🐳  MDA 🐳👈"
hist-yobit-MDA-201911121700,history,announcement,yobit,MDA,BTC,1573578000000,2019-11-12T17:00:00Z,2026-10-07T12:53:22Z,history-merge-v1,ATW; Crypto Ninja Official; Alt the Way,,,,,,,lamorgia+pumpsense,lamorgia_gmt,"Монета 👉 MDA  🐳👈

Coin is 👉🐳  MDA 🐳👈"
hist-yobit-MET-201904112000,history,announcement,yobit,MET,BTC,1555012805000,2019-04-11T20:00:05Z,2026-10-07T12:53:22Z,history-merge-v1,Crypto Profits,,,,,,,pumpsense,pumpsense_minus_2h,"The coin to pump is: 💎 MET 💎 

Exchange: yobit.net📊

Target: +500%   📈 

Market: MET/BTC

https://yobit.net/en/trade/MET/BTC"
hist-yobit-MGO-201801201600,history,announcement,yobit,MGO,BTC,1516464000000,2018-01-20T16:00:00Z,2026-10-07T12:53:22Z,history-merge-v1,ATW; Alt the Way,,,,,,,lamorgia+pumpsense,lamorgia_gmt,"Coin: MGO
https://yobit.net/en/trade/MGO/BTC"
hist-yobit-MGO-201802061730,history,announcement,yobit,MGO,BTC,1517938200000,2018-02-06T17:30:00Z,2026-10-07T12:53:22Z,history-merge-v1,ATW; Alt the Way,,,,,,,lamorgia+pumpsense,lamorgia_gmt,"Coin: MGO
https://yobit.net/en/trade/MGO/BTC"
hist-yobit-MGO-201803181400,history,announcement,yobit,MGO,BTC,1521381600000,2018-03-18T14:00:00Z,2026-10-07T12:53:22Z,history-merge-v1,ATW; Alt the Way,,,,,,,lamorgia+pumpsense,lamorgia_gmt,"🚀 PUMP STARTS 🚀

The coin to pump is: 💎 MGO 💎 

Exchange: YOBIT.net 📊

Target: +300%  📈 

Market URL:  https://yobit.net/en/trade/MGO/BTC"
hist-yobit-MNM-201707241600,history,announcement,yobit,MNM,BTC,1500912000000,2017-07-24T16:00:00Z,2026-10-07T12:53:22Z,history-merge-v1,Alt the Way,,,,,,,pumpsense,pumpsense_minus_2h,"Coin: MNM
Exchange: YOBIT
https://yobit.net/en/trade/MNM/BTC"
hist-yobit-MNM-201708101600,history,announcement,yobit,MNM,BTC,1502380800000,2017-08-10T16:00:00Z,2026-10-07T12:53:22Z,history-merge-v1,Alt the Way,,,,,,,pumpsense,pumpsense_minus_2h,"------- MNM -------

Http://yobit.net/en/trade/MNM/BTC"
hist-yobit-MNZ-201808221701,history,announcement,yobit,MNZ,BTC,1534957260000,2018-08-22T17:01:00Z,2026-10-07T12:53:22Z,history-merge-v1,ATW; Alt the Way,,,,,,,lamorgia+pumpsense,lamorgia_gmt,"The coin to pump is: 💎 MNZ 💎 

Exchange: YOBIT.net 📊

Target: +500%   📈 

Market: MNZ/BTC

https://yobit.net/en/trade/MNZ/BTC

Buy Buy Buy & Hold Hold Hold
Buy Buy Buy & Hold Hold Hold
Buy Buy Buy & Hold Hold Hold"
hist-yobit-MOIN-201707271500,history,announcement,yobit,MOIN,BTC,1501167600000,2017-07-27T15:00:00Z,2026-10-07T12:53:22Z,history-merge-v1,Alt the Way,,,,,,,pumpsense,pumpsense_minus_2h,"Coin: MOIN
Exchange: YOBIT
https://yobit.net/en/trade/MOIN/BTC"
hist-yobit-MTH-201804012000,history,announcement,yobit,MTH,BTC,1522612802000,2018-04-01T20:00:02Z,2026-10-07T12:53:22Z,history-merge-v1,Alt the Way,,,,,,,pumpsense,pumpsense_minus_2h,"🚀 PUMP STARTS 🚀

The coin to pump is: 💎 MTH 💎 

Exchange: YOBIT.net 📊

Target: +200%  📈"
hist-yobit-MTH-201805081800,history,announcement,yobit,MTH,BTC,1525802451000,2018-05-08T18:00:51Z,2026-10-07T12:53:22Z,history-merge-v1,Alt the Way,,,,,,,pumpsense,pumpsense_minus_2h,"The coin to pump is: 💎 MTH 💎 

Exchange: YOBIT.net 📊

Target: +300% - 500%  📈 

Market: MTH/BTC
https://www.yobit.net/en/trade/MTH/BTC"
hist-yobit-MTH-201805121800,history,announcement,yobit,MTH,BTC,1526148010000,2018-05-12T18:00:10Z,2026-10-07T12:53:22Z,history-merge-v1,Alt the Way,,,,,,,pumpsense,pumpsense_minus_2h,"The coin to pump is: 💎 MTH 💎 

Exchange: YOBIT.net 📊

Target: +300% - 500%  📈 

Market: MTH/BTC
https://www.yobit.net/en/trade/MTH/BTC"
hist-yobit-MTH-201805201800,history,announcement,yobit,MTH,BTC,1526839217000,2018-05-20T18:00:17Z,2026-10-07T12:53:22Z,history-merge-v1,Alt the Way,,,,,,,pumpsense,pumpsense_minus_2h,"The coin to pump is: 💎 MTH 💎 

Exchange: YOBIT.net 📊

Target: +300% - 500%  📈 

Market: MTH/BTC
https://www.yobit.net/en/trade/MTH/BTC"
hist-yobit-MTH-201805271800,history,announcement,yobit,MTH,BTC,1527444009000,2018-05-27T18:00:09Z,2026-10-07T12:53:22Z,history-merge-v1,Alt the Way,,,,,,,pumpsense,pumpsense_minus_2h,"The coin to pump is: 💎 MTH 💎 

Exchange: YOBIT.net 📊

Target: +300% - 500%  📈 

Market: MTH/BTC
https://www.yobit.net/en/trade/MTH/BTC"
hist-yobit-MTH-201806221801,history,announcement,yobit,MTH,BTC,1529690510000,2018-06-22T18:01:50Z,2026-10-07T12:53:22Z,history-merge-v1,Alt the Way,,,,,,,pumpsense,pumpsense_minus_2h,"The coin to pump is: 💎 MTH 💎 

Exchange: YOBIT.net 📊

Target: +300% - 500%  📈 

Market: MTH/BTC
https://www.yobit.net/en/trade/MTH/BTC"
hist-yobit-MTH-201808191559,history,announcement,yobit,MTH,BTC,1534694340000,2018-08-19T15:59:00Z,2026-10-07T12:53:22Z,history-merge-v1,ATW; Alt the Way,,,,,,,lamorgia+pumpsense,lamorgia_gmt,
hist-yobit-MTH-201812201700,history,announcement,yobit,MTH,BTC,1545325200000,2018-12-20T17:00:00Z,2026-10-07T12:53:22Z,history-merge-v1,ATW; Crypto Ninja Official; Alt the Way,,,,,,,lamorgia+pumpsense,lamorgia_gmt,"The coin to pump is: 💎 MTH 💎 

Exchange: YOBIT.net 📊

Target: +500%   📈 

Market: MTH/BTC

https://yobit.net/en/trade/MTH/BTC

Buy Buy Buy & Hold Hold Hold
Buy Buy Buy & Hold Hold Hold
Buy Buy Buy & Hold Hold Hold!"
hist-yobit-MTH-201901141700,history,announcement,yobit,MTH,BTC,1547485200000,2019-01-14T17:00:00Z,2026-10-07T12:53:22Z,history-merge-v1,ATW; Crypto Ninja Official; Alt the Way,,,,,,,lamorgia+pumpsense,lamorgia_gmt,
hist-yobit-MTH-201909061700,history,announcement,yobit,MTH,BTC,1567789200000,2019-09-06T17:00:00Z,2026-10-07T12:53:22Z,history-merge-v1,ATW; Crypto Ninja Official; Alt the Way,,,,,,,lamorgia+pumpsense,lamorgia_gmt,Coin is 👉🐳  MTH  🐳👈
hist-yobit-MTH-202004041700,history,announcement,yobit,MTH,BTC,1586019600000,2020-04-04T17:00:00Z,2026-10-07T12:53:22Z,history-merge-v1,ATW; Crypto Ninja Official; Alt the Way,,,,,,,lamorgia+pumpsense,lamorgia_gmt,"Монета 👉 MTH  👈

Coin is 👉🐳  MTH 🐳👈"
hist-yobit-MVR-201708261600,history,announcement,yobit,MVR,BTC,1503763208000,2017-08-26T16:00:08Z,2026-10-07T12:53:22Z,history-merge-v1,Alt the Way,,,,,,,pumpsense,pumpsense_minus_2h,"Coin => MVR

https://yobit.net/en/trade/MVR/BTC"
hist-yobit-NET-201710261500,history,announcement,yobit,NET,BTC,1509030008000,2017-10-26T15:00:08Z,2026-10-07T12:53:22Z,history-merge-v1,Alt the Way,,,,,,,pumpsense,pumpsense_minus_2h,
hist-yobit-NET-201710301500,history,announcement,yobit,NET,BTC,1509375627000,2017-10-30T15:00:27Z,2026-10-07T12:53:22Z,history-merge-v1,Alt the Way,,,,,,,pumpsense,pumpsense_minus_2h,
hist-yobit-NET-201711241759,history,announcement,yobit,NET,BTC,1511546395000,2017-11-24T17:59:55Z,2026-10-07T12:53:22Z,history-merge-v1,Alt the Way,,,,,,,pumpsense,pumpsense_minus_2h,Next post is coin name.
hist-yobit-NET-201712011759,history,announcement,yobit,NET,BTC,1512151189000,2017-12-01T17:59:49Z,2026-10-07T12:53:22Z,history-merge-v1,Alt the Way,,,,,,,pumpsense,pumpsense_minus_2h,Coin : NET
hist-yobit-NET-201712201659,history,announcement,yobit,NET,BTC,1513789186000,2017-12-20T16:59:46Z,2026-10-07T12:53:22Z,history-merge-v1,Alt the Way,,,,,,,pumpsense,pumpsense_minus_2h,"Coin: NET
EXCHANGE: YOBIT"
hist-yobit-NET-201712311659,history,announcement,yobit,NET,BTC,1514739586000,2017-12-31T16:59:46Z,2026-10-07T12:53:22Z,history-merge-v1,Alt the Way,,,,,,,pumpsense,pumpsense_minus_2h,"Coin : NET
https://yobit.net/en/trade/NET/BTC"
hist-yobit-NET-201801101600,history,announcement,yobit,NET,BTC,1515600000000,2018-01-10T16:00:00Z,2026-10-07T12:53:22Z,history-merge-v1,ATW; Alt the Way,,,,,,,lamorgia+pumpsense,lamorgia_gmt,"Coin: NET
https://yobit.net/en/trade/NET/BTC"
hist-yobit-NET-201801121600,history,announcement,yobit,NET,BTC,1515772800000,2018-01-12T16:00:00Z,2026-10-07T12:53:22Z,history-merge-v1,ATW; Alt the Way,,,,,,,lamorgia+pumpsense,lamorgia_gmt,"Coin: NET
https://yobit.io/en/trade/NET/BTC"
hist-yobit-NET-201801171600,history,announcement,yobit,NET,BTC,1516204800000,2018-01-17T16:00:00Z,2026-10-07T12:53:22Z,history-merge-v1,ATW; Alt the Way,,,,,,,lamorgia+pumpsense,lamorgia_gmt,"Coin: NET
https://yobit.net/en/trade/NET/BTC"
hist-yobit-NET-201801191600,history,announcement,yobit,NET,BTC,1516377600000,2018-01-19T16:00:00Z,2026-10-07T12:53:22Z,history-merge-v1,ATW; Alt the Way,,,,,,,lamorgia+pumpsense,lamorgia_gmt,"Coin: NET
https://yobit.net/en/trade/NET/BTC"
hist-yobit-NETKO-201802171700,history,announcement,yobit,NETKO,BTC,1518886800000,2018-02-17T17:00:00Z,2026-10-07T12:53:22Z,history-merge-v1,ATW; Alt the Way,,,,,,,lamorgia+pumpsense,lamorgia_gmt,"Coin: NETKO
https://yobit.net/en/trade/NETKO/BTC"
hist-yobit-NEU-201804032000,history,announcement,yobit,NEU,BTC,1522785608000,2018-04-03T20:00:08Z,2026-10-07T12:53:22Z,history-merge-v1,Alt the Way,,,,,,,pumpsense,pumpsense_minus_2h,"PUMP STARTS 🚀

The coin to pump is: 💎 NEU 💎 

Exchange: YOBIT.net 📊

Target: +300% - 500%  📈 

Market: NEU/BTC"
hist-yobit-NEU-201804091859,history,announcement,yobit,NEU,BTC,1523300399000,2018-04-09T18:59:59Z,2026-10-07T12:53:22Z,history-merge-v1,Alt the Way,,,,,,,pumpsense,pumpsense_minus_2h,"🚀 PUMP STARTS 🚀

The coin to pump is: 💎 NEU 💎 

Exchange: YOBIT.net 📊

Target: +300% - 500%  📈 

Market: AE/BTC
🚀 PUMP STARTS 🚀

The coin to pump is: 💎 AE 💎 

Exchange: YOBIT.net 📊

Target: +300% - 500%  📈 

Market: NEU/BTC
https://yobit.net/en/trade/NEU/BTC"
hist-yobit-NMR-201801311729,history,announcement,yobit,NMR,BTC,1517419740000,2018-01-31T17:29:00Z,2026-10-07T12:53:22Z,history-merge-v1,ATW; Alt the Way,,,,,,,lamorgia+pumpsense,lamorgia_gmt,
hist-yobit-NMR-201803081700,history,announcement,yobit,NMR,BTC,1520528400000,2018-03-08T17:00:00Z,2026-10-07T12:53:22Z,history-merge-v1,ATW; Alt the Way,,,,,,,lamorgia+pumpsense,lamorgia_gmt,"🚀 PUMP STARTS 🚀

The coin to pump is: 💎 NMR 💎 

Exchange: YOBIT.net 📊

Target: +300%  📈 

Market URL:  https://yobit.net/en/trade/NMR/BTCl"
hist-yobit-NODX-201707211500,history,announcement,yobit,NODX,BTC,1500649208000,2017-07-21T15:00:08Z,2026-10-07T12:53:22Z,history-merge-v1,Alt the Way,,,,,,,pumpsense,pumpsense_minus_2h,"🔥 Pump Alert 🔥

—— NODX ——

https://yobit.net/en/trade/NODX/BTC"
hist-yobit-NOTE-201707171500,history,announcement,yobit,NOTE,BTC,1500303612000,2017-07-17T15:00:12Z,2026-10-07T12:53:22Z,history-merge-v1,Alt the Way,,,,,,,pumpsense,pumpsense_minus_2h,"🔥 Pump Alert 🔥 

---- NOTE ----

https://yobit.net/en/trade/NOTE/BTC

Target: +500%

Exchange: YoBit"
hist-yobit-NPC-201709151630,history,announcement,yobit,NPC,BTC,1505493027000,2017-09-15T16:30:27Z,2026-10-07T12:53:22Z,history-merge-v1,Alt the Way,,,,,,,pumpsense,pumpsense_minus_2h,"Coin => NPC

https://yobit.net/en/trade/NPC/BTC"
hist-yobit-NWC-202010311800,history,announcement,yobit,NWC,BTC,1604167218000,2020-10-31T18:00:18Z,2026-10-07T12:53:22Z,history-merge-v1,Alt the Way,,,,,,,pumpsense,pumpsense_minus_2h,"Coin is: 🤑 NWC 🤑

Exchange: KuCoin 📊

Market: NWC/BTC

https://trade.kucoin.com/spot/NWC-BTC

Buy Buy Buy & Hold for max profit
Buy Buy Buy & Hold for max profit
Buy Buy Buy & Hold for max profit"
hist-yobit-OBS-201709081900,history,announcement,yobit,OBS,BTC,1504897202000,2017-09-08T19:00:02Z,2026-10-07T12:53:22Z,history-merge-v1,Alt the Way,,,,,,,pumpsense,pumpsense_minus_2h,"Coin => OBS

https://yobit.net/en/trade/OBS/BTC"
hist-yobit-OCEAN-201802091700,history,announcement,yobit,OCEAN,BTC,1518195600000,2018-02-09T17:00:00Z,2026-10-07T12:53:22Z,history-merge-v1,ATW; Alt the Way,,,,,,,lamorgia+pumpsense,lamorgia_gmt,"Coin: OCEAN
https://yobit.net/en/trade/OCEAN/BTC"
hist-yobit-ODNT-201707231700,history,announcement,yobit,ODNT,BTC,1500829200000,2017-07-23T17:00:00Z,2026-10-07T12:53:22Z,history-merge-v1,Alt the Way,,,,,,,pumpsense,pumpsense_minus_2h,"Coin: ODNT
Exchange: YOBIT
https://yobit.net/en/trade/ODNT/BTC"
hist-yobit-OK-201901121700,history,announcement,yobit,OK,BTC,1547312400000,2019-01-12T17:00:00Z,2026-10-07T12:53:22Z,history-merge-v1,ATW; Crypto Ninja Official; Alt the Way,,,,,,,lamorgia+pumpsense,lamorgia_gmt,"The coin to pump is: 💎 OK 💎 

Exchange: YOBIT.net 📊

Target: +300%   📈 

Market: OK/BTC

https://yobit.net/en/trade/OK/BTC

Buy Buy Buy & Hold Hold Hold
Buy Buy Buy & Hold Hold Hold
Buy Buy Buy & Hold Hold Hold"
hist-yobit-OLIT-201708231500,history,announcement,yobit,OLIT,BTC,1503500401000,2017-08-23T15:00:01Z,2026-10-07T12:53:22Z,history-merge-v1,Alt the Way,,,,,,,pumpsense,pumpsense_minus_2h,"Coin is OLIT

https://yobit.net/en/trade/OLIT/BTC"
hist-yobit-ONEK-201712231659,history,announcement,yobit,ONEK,BTC,1514048390000,2017-12-23T16:59:50Z,2026-10-07T12:53:22Z,history-merge-v1,Alt the Way,,,,,,,pumpsense,pumpsense_minus_2h,Coin: ONEK
hist-yobit-OTN-201712221700,history,announcement,yobit,OTN,BTC,1513962009000,2017-12-22T17:00:09Z,2026-10-07T12:53:22Z,history-merge-v1,Alt the Way,,,,,,,pumpsense,pumpsense_minus_2h,Coin : OTN
hist-yobit-PAI-201808131801,history,announcement,yobit,PAI,BTC,1534183260000,2018-08-13T18:01:00Z,2026-10-07T12:53:22Z,history-merge-v1,ATW; Alt the Way,,,,,,,lamorgia+pumpsense,lamorgia_gmt,"The coin to pump is: 💎 PAI 💎 

Exchange: YOBIT.net 📊

Target: +700%   📈 

Market: PAI/BTC
https://yobit.net/en/trade/PAI/BTC

Buy Buy Buy & Troll in Chat box
Buy Buy Buy & Troll in Chat box
Buy Buy Buy & Troll in Chat box"
hist-yobit-PAL-201801061559,history,announcement,yobit,PAL,BTC,1515254340000,2018-01-06T15:59:00Z,2026-10-07T12:53:22Z,history-merge-v1,ATW; Alt the Way,,,,,,,lamorgia+pumpsense,lamorgia_gmt,"Coin: PAL
https://yobit.net/en/trade/PAL/BTC"
hist-yobit-PARTY-201809081700,history,announcement,yobit,PARTY,BTC,1536426000000,2018-09-08T17:00:00Z,2026-10-07T12:53:22Z,history-merge-v1,ATW; Crypto Ninja Official; Alt the Way,,,,,,,lamorgia+pumpsense,lamorgia_gmt,"The coin to pump is: 💎 PARTY💎 

Exchange: YOBIT.net 📊

Target: +300%   📈 

Market: PARTY/BTC

https://yobit.net/en/trade/PARTY/BTC

Buy Buy Buy & Hold Hold Hold
Buy Buy Buy & Hold Hold Hold
Buy Buy Buy & Hold Hold Hold"
hist-yobit-PARTY-201809090055,history,announcement,yobit,PARTY,BTC,1536454500000,2018-09-09T00:55:00Z,2026-10-07T12:53:22Z,history-merge-v1,LUX,,,,,,,lamorgia,lamorgia_gmt,
hist-yobit-PAX-201904241700,history,announcement,yobit,PAX,BTC,1556125200000,2019-04-24T17:00:00Z,2026-10-07T12:53:22Z,history-merge-v1,ATW; Crypto Ninja Official; Alt the Way,,,,,,,lamorgia+pumpsense,lamorgia_gmt,
hist-yobit-PAX-201905081700,history,announcement,yobit,PAX,BTC,1557334800000,2019-05-08T17:00:00Z,2026-10-07T12:53:22Z,history-merge-v1,ATW; Crypto Ninja Official; Alt the Way,,,,,,,lamorgia+pumpsense,lamorgia_gmt,
hist-yobit-PAX-201905101700,history,announcement,yobit,PAX,BTC,1557507600000,2019-05-10T17:00:00Z,2026-10-07T12:53:22Z,history-merge-v1,ATW; Crypto Ninja Official; Alt the Way,,,,,,,lamorgia+pumpsense,lamorgia_gmt,"Coin to pump is: 💎 PAX 💎 

Exchange: YOBIT.net 📊

Target: +300%   📈 

Market: PAX/BTC

https://yobit.net/en/trade/PAX/BTC

Buy Buy Buy & Hold Hold Hold
Buy Buy Buy & Hold Hold Hold
Buy Buy Buy & Hold Hold Hold!"
hist-yobit-PAX-201905181700,history,announcement,yobit,PAX,BTC,1558198800000,2019-05-18T17:00:00Z,2026-10-07T12:53:22Z,history-merge-v1,ATW; Crypto Ninja Official; Alt the Way,,,,,,,lamorgia+pumpsense,lamorgia_gmt,
hist-yobit-PAX-201905231701,history,announcement,yobit,PAX,BTC,1558630860000,2019-05-23T17:01:00Z,2026-10-07T12:53:22Z,history-merge-v1,ATW; Crypto Ninja Official; Alt the Way,,,,,,,lamorgia+pumpsense,lamorgia_gmt,"Coin to pump is: 💎 PAX 💎 

Exchange: YOBIT.net 📊

Target: upto 200%   📈 

Market: PAX/BTC

https://yobit.net/en/trade/PAX/BTC

Buy Buy Buy & Hold Hold Hold
Buy Buy Buy & Hold Hold Hold
Buy Buy Buy & Hold Hold Hold!"
hist-yobit-PAX-201906111700,history,announcement,yobit,PAX,BTC,1560272400000,2019-06-11T17:00:00Z,2026-10-07T12:53:22Z,history-merge-v1,ATW; Crypto Ninja Official; Alt the Way,,,,,,,lamorgia+pumpsense,lamorgia_gmt,
hist-yobit-PAX-201906201700,history,announcement,yobit,PAX,BTC,1561050000000,2019-06-20T17:00:00Z,2026-10-07T12:53:22Z,history-merge-v1,ATW; Crypto Ninja Official; Alt the Way,,,,,,,lamorgia+pumpsense,lamorgia_gmt,Coin is 👉🐳 PAX 🐳👈
hist-yobit-PCM-201708031500,history,announcement,yobit,PCM,BTC,1501772400000,2017-08-03T15:00:00Z,2026-10-07T12:53:22Z,history-merge-v1,Alt the Way,,,,,,,pumpsense,pumpsense_minus_2h,"🔥 Pump Alert 🔥 

-------- PCM ---------

https://yobit.net/en/trade/PCM/BTC"
hist-yobit-PKB-201710111503,history,announcement,yobit,PKB,BTC,1507734196000,2017-10-11T15:03:16Z,2026-10-07T12:53:22Z,history-merge-v1,Alt the Way,,,,,,,pumpsense,pumpsense_minus_2h,Coin is => PKB
hist-yobit-PKT-201804111900,history,announcement,yobit,PKT,BTC,1523473200000,2018-04-11T19:00:00Z,2026-10-07T12:53:22Z,history-merge-v1,Alt the Way,,,,,,,pumpsense,pumpsense_minus_2h,"🚀 PUMP STARTS 🚀

The coin to pump is: 💎 PKT 💎 

Exchange: YOBIT.net 📊

Target: +300% - 500%  📈 

Market: PKT/BTC"
hist-yobit-PKT-201804131900,history,announcement,yobit,PKT,BTC,1523646001000,2018-04-13T19:00:01Z,2026-10-07T12:53:22Z,history-merge-v1,Alt the Way,,,,,,,pumpsense,pumpsense_minus_2h,"The coin to pump is: 💎 PKT 💎 

Exchange: YOBIT.net 📊

Target: +300% - 500%  📈 

Market: PKT/BTC
https://www.yobit.net/en/trade/PKT/BTC"
hist-yobit-PKT-201804271802,history,announcement,yobit,PKT,BTC,1524852157000,2018-04-27T18:02:37Z,2026-10-07T12:53:22Z,history-merge-v1,Alt the Way,,,,,,,pumpsense,pumpsense_minus_2h,"The coin to pump is: 💎 PKT 💎 

Exchange: YOBIT.net 📊

Target: +300% - 500%  📈 

Market: PKT/BTC
https://www.yobit.net/en/trade/PKT/BTC"
hist-yobit-PLR-201809301700,history,announcement,yobit,PLR,BTC,1538326800000,2018-09-30T17:00:00Z,2026-10-07T12:53:22Z,history-merge-v1,ATW; Crypto Ninja Official; Alt the Way,,,,,,,lamorgia+pumpsense,lamorgia_gmt,"The coin to pump is: 💎 PLR💎 

Exchange: YOBIT.net 📊

Target: +300%   📈 

Market: PLR/BTC

https://yobit.net/en/trade/PLR/BTC

Buy Buy Buy & Hold Hold Hold
Buy Buy Buy & Hold Hold Hold
Buy Buy Buy & Hold Hold Hold"
hist-yobit-PLR-201812071900,history,announcement,yobit,PLR,BTC,1544209208000,2018-12-07T19:00:08Z,2026-10-07T12:53:22Z,history-merge-v1,Crypto Guru; Baby Crypto Channel; Coin Coach Signals,,,,,,,pumpsense,pumpsense_minus_2h,
hist-yobit-PPT-201803151400,history,announcement,yobit,PPT,BTC,1521122400000,2018-03-15T14:00:00Z,2026-10-07T12:53:22Z,history-merge-v1,ATW; Alt the Way,,,,,,,lamorgia+pumpsense,lamorgia_gmt,"🚀 PUMP STARTS 🚀

The coin to pump is: 💎 PPT 💎 

Exchange: YOBIT.net 📊

Target: +300% - 500%  📈 

Market URL:  https://www.yobit.net/en/trade/PPT/BTC"
hist-yobit-PPT-201904081700,history,announcement,yobit,PPT,BTC,1554742800000,2019-04-08T17:00:00Z,2026-10-07T12:53:22Z,history-merge-v1,ATW; Crypto Ninja Official; Alt the Way,,,,,,,lamorgia+pumpsense,lamorgia_gmt,
hist-yobit-PPT-201904191700,history,announcement,yobit,PPT,BTC,1555693200000,2019-04-19T17:00:00Z,2026-10-07T12:53:22Z,history-merge-v1,ATW; Crypto Ninja Official; Alt the Way,,,,,,,lamorgia+pumpsense,lamorgia_gmt,"Coin to pump is: 💎 PPT 💎 

Exchange: YOBIT.net 📊

Target: +200%   📈 

Market: PPT/BTC

https://yobit.net/en/trade/PPT/BTC

Buy Buy Buy & Hold Hold Hold
Buy Buy Buy & Hold Hold Hold
Buy Buy Buy & Hold Hold Hold!"
hist-yobit-PPT-201905011700,history,announcement,yobit,PPT,BTC,1556730000000,2019-05-01T17:00:00Z,2026-10-07T12:53:22Z,history-merge-v1,ATW; Crypto Ninja Official; Alt the Way,,,,,,,lamorgia+pumpsense,lamorgia_gmt,
hist-yobit-PPT-201905041700,history,announcement,yobit,PPT,BTC,1556989200000,2019-05-04T17:00:00Z,2026-10-07T12:53:22Z,history-merge-v1,ATW; Crypto Ninja Official; Alt the Way,,,,,,,lamorgia+pumpsense,lamorgia_gmt,
hist-yobit-PPT-201906141700,history,announcement,yobit,PPT,BTC,1560531600000,2019-06-14T17:00:00Z,2026-10-07T12:53:22Z,history-merge-v1,ATW; Crypto Ninja Official; Alt the Way,,,,,,,lamorgia+pumpsense,lamorgia_gmt,
hist-yobit-PPT-201906261700,history,announcement,yobit,PPT,BTC,1561568400000,2019-06-26T17:00:00Z,2026-10-07T12:53:22Z,history-merge-v1,ATW; Crypto Ninja Official; Alt the Way,,,,,,,lamorgia+pumpsense,lamorgia_gmt,Coin is 👉🐳  PPT  🐳👈
hist-yobit-PPT-201907071700,history,announcement,yobit,PPT,BTC,1562518800000,2019-07-07T17:00:00Z,2026-10-07T12:53:22Z,history-merge-v1,ATW; Crypto Ninja Official; Alt the Way,,,,,,,lamorgia+pumpsense,lamorgia_gmt,Coin is 👉🐳  PPT  🐳👈
hist-yobit-PRO-201808141700,history,announcement,yobit,PRO,BTC,1534266000000,2018-08-14T17:00:00Z,2026-10-07T12:53:22Z,history-merge-v1,ATW; Alt the Way,,,,,,,lamorgia+pumpsense,lamorgia_gmt,"The coin to pump is: 💎 PRO 💎 

Exchange: YOBIT.net 📊

Target: +900%   📈 

Market: PRO/BTC
https://yobit.net/en/trade/PRO/BTC

Buy Buy Buy & Troll in Chat box
Buy Buy Buy & Troll in Chat box
Buy Buy Buy & Troll in Chat box"
hist-yobit-PULSE-201710171500,history,announcement,yobit,PULSE,BTC,1508252447000,2017-10-17T15:00:47Z,2026-10-07T12:53:22Z,history-merge-v1,Alt the Way,,,,,,,pumpsense,pumpsense_minus_2h,
hist-yobit-QKC-201812281600,history,announcement,yobit,QKC,BTC,1546012800000,2018-12-28T16:00:00Z,2026-10-07T12:53:22Z,history-merge-v1,ATW; Crypto Ninja Official; Alt the Way,,,,,,,lamorgia+pumpsense,lamorgia_gmt,"The coin to pump is: 💎 QKC 💎 

Exchange: YOBIT.net 📊

Target: +500%   📈 

Market: QKC/BTC

https://yobit.net/en/trade/QKC/BTC

Buy Buy Buy & Hold Hold Hold
Buy Buy Buy & Hold Hold Hold
Buy Buy Buy & Hold Hold Hold!"
hist-yobit-QKC-201904091700,history,announcement,yobit,QKC,BTC,1554829200000,2019-04-09T17:00:00Z,2026-10-07T12:53:22Z,history-merge-v1,ATW; Crypto Ninja Official; Alt the Way,,,,,,,lamorgia+pumpsense,lamorgia_gmt,
hist-yobit-QKC-201907281700,history,announcement,yobit,QKC,BTC,1564333200000,2019-07-28T17:00:00Z,2026-10-07T12:53:22Z,history-merge-v1,ATW; Crypto Ninja Official; Alt the Way,,,,,,,lamorgia+pumpsense,lamorgia_gmt,Coin is 👉🐳  QKC  🐳👈
hist-yobit-QKC-201909151700,history,announcement,yobit,QKC,BTC,1568566800000,2019-09-15T17:00:00Z,2026-10-07T12:53:22Z,history-merge-v1,ATW; Crypto Ninja Official; Alt the Way,,,,,,,lamorgia+pumpsense,lamorgia_gmt,Coin is 👉🐳  QKC  🐳👈
hist-yobit-QTG-201803231500,history,announcement,yobit,QTG,BTC,1521817203000,2018-03-23T15:00:03Z,2026-10-07T12:53:22Z,history-merge-v1,Alt the Way,,,,,,,pumpsense,pumpsense_minus_2h,"PUMP STARTS 🚀

The coin to pump is: 💎 QTG 💎 

Exchange: YOBIT.net 📊

Target: +300% - 500%  📈 

Market Url: https://www.yobit.net/en/trade/QTG/BTC"
hist-yobit-QTG-201803241459,history,announcement,yobit,QTG,BTC,1521903599000,2018-03-24T14:59:59Z,2026-10-07T12:53:22Z,history-merge-v1,Alt the Way,,,,,,,pumpsense,pumpsense_minus_2h,"PUMP STARTS 🚀

The coin to pump is: 💎 QTG 💎 

Exchange: YOBIT.net 📊

Target: +300%  📈 

Market Url: https://www.yobit.net/en/trade/QTG/BTC"
hist-yobit-QTG-201805191800,history,announcement,yobit,QTG,BTC,1526752819000,2018-05-19T18:00:19Z,2026-10-07T12:53:22Z,history-merge-v1,Alt the Way,,,,,,,pumpsense,pumpsense_minus_2h,"The coin to pump is: 💎 QTG 💎 

Exchange: YOBIT.net 📊

Target: +300% - 500%  📈 

Market: QTG/BTC
https://www.yobit.net/en/trade/QTG/BTC"
hist-yobit-QTZ-201708281500,history,announcement,yobit,QTZ,BTC,1503932406000,2017-08-28T15:00:06Z,2026-10-07T12:53:22Z,history-merge-v1,Alt the Way,,,,,,,pumpsense,pumpsense_minus_2h,"QTZ

http://yobit.net/en/trade/QTZ/BTC"
hist-yobit-R-201712261700,history,announcement,yobit,R,BTC,1514307612000,2017-12-26T17:00:12Z,2026-10-07T12:53:22Z,history-merge-v1,Alt the Way,,,,,,,pumpsense,pumpsense_minus_2h,"Coin: R
https://yobit.net/en/trade/R/BTC"
hist-yobit-R-201712291701,history,announcement,yobit,R,BTC,1514566914000,2017-12-29T17:01:54Z,2026-10-07T12:53:22Z,history-merge-v1,Alt the Way,,,,,,,pumpsense,pumpsense_minus_2h,https://yobit.net/en/trade/R/BTC
hist-yobit-R-201801011600,history,announcement,yobit,R,BTC,1514822400000,2018-01-01T16:00:00Z,2026-10-07T12:53:22Z,history-merge-v1,ATW; Alt the Way,,,,,,,lamorgia+pumpsense,lamorgia_gmt,"Coin: Revain

https://yobit.net/en/trade/r/BTC"
hist-yobit-R-201810021700,history,announcement,yobit,R,BTC,1538499600000,2018-10-02T17:00:00Z,2026-10-07T12:53:22Z,history-merge-v1,ATW; Crypto Ninja Official; Alt the Way,,,,,,,lamorgia+pumpsense,lamorgia_gmt,"The coin to pump is: 💎 R 💎 

Exchange: YOBIT.net 📊

Target: +300%   📈 

Market:  R/BTC

https://yobit.net/en/trade/R/BTC

Buy Buy Buy & Hold Hold Hold
Buy Buy Buy & Hold Hold Hold
Buy Buy Buy & Hold Hold Hold"
hist-yobit-REA-201802111700,history,announcement,yobit,REA,BTC,1518368400000,2018-02-11T17:00:00Z,2026-10-07T12:53:22Z,history-merge-v1,ATW; Alt the Way,,,,,,,lamorgia+pumpsense,lamorgia_gmt,"Coin: REA
https://yobit.net/en/trade/REA/BTC"
hist-yobit-REA-201803011700,history,announcement,yobit,REA,BTC,1519923600000,2018-03-01T17:00:00Z,2026-10-07T12:53:22Z,history-merge-v1,ATW; Alt the Way,,,,,,,lamorgia+pumpsense,lamorgia_gmt,"🚀 PUMP STARTS 🚀

The coin to pump is: 💎 REA 💎 

Exchange: YOBIT.net 📊

Target: +300%  📈 

Market URL:  https://yobit.net/en/trade/REA/BTC"
hist-yobit-REA-201803051700,history,announcement,yobit,REA,BTC,1520269200000,2018-03-05T17:00:00Z,2026-10-07T12:53:22Z,history-merge-v1,ATW; Alt the Way,,,,,,,lamorgia+pumpsense,lamorgia_gmt,"🚀 PUMP STARTS 🚀

The coin to pump is: 💎 REA 💎 

Exchange: YOBIT.net 📊

Target: +300%  📈 

Market URL:  https://yobit.net/en/trade/REA/BTC"
hist-yobit-REN-201901171700,history,announcement,yobit,REN,BTC,1547744400000,2019-01-17T17:00:00Z,2026-10-07T12:53:22Z,history-merge-v1,ATW; Crypto Ninja Official; Alt the Way,,,,,,,lamorgia+pumpsense,lamorgia_gmt,
hist-yobit-REN-201901261900,history,announcement,yobit,REN,BTC,1548529200000,2019-01-26T19:00:00Z,2026-10-07T12:53:22Z,history-merge-v1,ATW; Crypto Ninja Official; Alt the Way,,,,,,,lamorgia+pumpsense,lamorgia_gmt,
hist-yobit-REN-201903191700,history,announcement,yobit,REN,BTC,1553014800000,2019-03-19T17:00:00Z,2026-10-07T12:53:22Z,history-merge-v1,ATW; Crypto Ninja Official; Alt the Way,,,,,,,lamorgia+pumpsense,lamorgia_gmt,"The coin to pump is: 💎 REN 💎 

Exchange: YOBIT.net 📊

Target: +100%   📈 

Market: REN/BTC

https://yobit.net/en/trade/REN/BTC

Buy Buy Buy & Hold Hold Hold
Buy Buy Buy & Hold Hold Hold
Buy Buy Buy & Hold Hold Hold"
hist-yobit-REN-201912171700,history,announcement,yobit,REN,BTC,1576602000000,2019-12-17T17:00:00Z,2026-10-07T12:53:22Z,history-merge-v1,ATW; Crypto Ninja Official; Alt the Way,,,,,,,lamorgia+pumpsense,lamorgia_gmt,"Монета 👉 REN  🐳👈

Coin is 👉🐳  REN 🐳👈"
hist-yobit-REQ-201812161700,history,announcement,yobit,REQ,BTC,1544979600000,2018-12-16T17:00:00Z,2026-10-07T12:53:22Z,history-merge-v1,ATW; Crypto Ninja Official; Alt the Way,,,,,,,lamorgia+pumpsense,lamorgia_gmt,"The coin to pump is: 💎 REQ 💎 

Exchange: YOBIT.net 📊

Target: +300%   📈 

Market: REQ/BTC

https://yobit.net/en/trade/REQ/BTC

Buy Buy Buy & Hold Hold Hold
Buy Buy Buy & Hold Hold Hold
Buy Buy Buy & Hold Hold Hold"
hist-yobit-REQ-201812241900,history,announcement,yobit,REQ,BTC,1545678000000,2018-12-24T19:00:00Z,2026-10-07T12:53:22Z,history-merge-v1,ATW; Crypto Ninja Official; Alt the Way,,,,,,,lamorgia+pumpsense,lamorgia_gmt,"The coin to pump is: 💎 REQ 💎 

Exchange: YOBIT.net 📊

Target: +300%   📈 

Market: REQ/BTC

https://yobit.net/en/trade/REQ/BTC

Buy Buy Buy & Hold Hold Hold
Buy Buy Buy & Hold Hold Hold
Buy Buy Buy & Hold Hold Hold"
hist-yobit-REQ-201906211700,history,announcement,yobit,REQ,BTC,1561136400000,2019-06-21T17:00:00Z,2026-10-07T12:53:22Z,history-merge-v1,ATW; Crypto Ninja Official; Alt the Way,,,,,,,lamorgia+pumpsense,lamorgia_gmt,Coin is 👉🐳  REQ  🐳👈
hist-yobit-REQ-201908041700,history,announcement,yobit,REQ,BTC,1564938000000,2019-08-04T17:00:00Z,2026-10-07T12:53:22Z,history-merge-v1,ATW; Crypto Ninja Official; Alt the Way,,,,,,,lamorgia+pumpsense,lamorgia_gmt,Coin is 👉🐳 REQ 🐳👈
hist-yobit-RPC-201708121500,history,announcement,yobit,RPC,BTC,1502550000000,2017-08-12T15:00:00Z,2026-10-07T12:53:22Z,history-merge-v1,Alt the Way,,,,,,,pumpsense,pumpsense_minus_2h,"—------ RPC —-------
Exchange: Yobit

https://yobit.net/en/trade/RPC/BTC"
hist-yobit-RR-201804251800,history,announcement,yobit,RR,BTC,1524679256000,2018-04-25T18:00:56Z,2026-10-07T12:53:22Z,history-merge-v1,Alt the Way,,,,,,,pumpsense,pumpsense_minus_2h,"The coin to pump is: 💎 RR 💎 

Exchange: YOBIT.net 📊

Target: +300% - 500%  📈 

Market: RR/BTC
https://www.yobit.net/en/trade/RR/BTC"
hist-yobit-RR-201805071801,history,announcement,yobit,RR,BTC,1525716081000,2018-05-07T18:01:21Z,2026-10-07T12:53:22Z,history-merge-v1,Alt the Way,,,,,,,pumpsense,pumpsense_minus_2h,"The coin to pump is: 💎 RR 💎 

Exchange: YOBIT.net 📊

Target: +300% - 500%  📈 

Market: RR/BTC
https://www.yobit.net/en/trade/RR/BTC"
hist-yobit-RUC-201709181630,history,announcement,yobit,RUC,BTC,1505752210000,2017-09-18T16:30:10Z,2026-10-07T12:53:22Z,history-merge-v1,Alt the Way,,,,,,,pumpsense,pumpsense_minus_2h,"Coin => RUC

https://yobit.net/en/trade/RUC/BTC"
hist-yobit-RUC-201709201629,history,announcement,yobit,RUC,BTC,1505924986000,2017-09-20T16:29:46Z,2026-10-07T12:53:22Z,history-merge-v1,Alt the Way,,,,,,,pumpsense,pumpsense_minus_2h,"Coin => RUC

https://yobit.net/en/trade/RUC/BTC"
hist-yobit-SAN-201710251500,history,announcement,yobit,SAN,BTC,1508943604000,2017-10-25T15:00:04Z,2026-10-07T12:53:22Z,history-merge-v1,Alt the Way,,,,,,,pumpsense,pumpsense_minus_2h,
hist-yobit-SAN-201711261800,history,announcement,yobit,SAN,BTC,1511719224000,2017-11-26T18:00:24Z,2026-10-07T12:53:22Z,history-merge-v1,Alt the Way,,,,,,,pumpsense,pumpsense_minus_2h,Coin : SAN
hist-yobit-SAN-201712301659,history,announcement,yobit,SAN,BTC,1514653198000,2017-12-30T16:59:58Z,2026-10-07T12:53:22Z,history-merge-v1,Alt the Way,,,,,,,pumpsense,pumpsense_minus_2h,"Coin: SAN
EXCHANGE: YOBIT"
hist-yobit-SAN-201801181600,history,announcement,yobit,SAN,BTC,1516291200000,2018-01-18T16:00:00Z,2026-10-07T12:53:22Z,history-merge-v1,ATW; Alt the Way,,,,,,,lamorgia+pumpsense,lamorgia_gmt,"Coin: SAN
https://yobit.net/en/trade/SAN/BTC"
hist-yobit-SBIT-201801261730,history,announcement,yobit,SBIT,BTC,1516987800000,2018-01-26T17:30:00Z,2026-10-07T12:53:22Z,history-merge-v1,ATW; Alt the Way,,,,,,,lamorgia+pumpsense,lamorgia_gmt,"--------Coin: SBIT/BTC ----------

--------Exchange: YOBIT -------"
hist-yobit-SBIT-201809131600,history,announcement,yobit,SBIT,BTC,1536854400000,2018-09-13T16:00:00Z,2026-10-07T12:53:22Z,history-merge-v1,LUX; Crypto Ninja Official; ATW; Alt the Way,,,,,,,lamorgia+pumpsense,lamorgia_gmt,"The coin to pump is: 💎 SBIT💎 

Exchange: YOBIT.net 📊

Target: +300%   📈 

Market: SBIT/BTC

https://yobit.net/en/trade/SBIT/BTC

Buy Buy Buy & Hold Hold Hold
Buy Buy Buy & Hold Hold Hold
Buy Buy Buy & Hold Hold Hold"
hist-yobit-SCRT-201803311618,history,announcement,yobit,SCRT,BTC,1522513080000,2018-03-31T16:18:00Z,2026-10-07T12:53:22Z,history-merge-v1,FCS,,,,,,,lamorgia,lamorgia_gmt,
hist-yobit-SEEDS-201707261500,history,announcement,yobit,SEEDS,BTC,1501081200000,2017-07-26T15:00:00Z,2026-10-07T12:53:22Z,history-merge-v1,Alt the Way,,,,,,,pumpsense,pumpsense_minus_2h,"Coin: SEEDS
Exchange: YOBIT
https://yobit.net/en/history/bids/SEEDS/BTC"
hist-yobit-SEL-201711281759,history,announcement,yobit,SEL,BTC,1511891977000,2017-11-28T17:59:37Z,2026-10-07T12:53:22Z,history-merge-v1,Alt the Way,,,,,,,pumpsense,pumpsense_minus_2h,COIN: SEL
hist-yobit-SEL-201801041603,history,announcement,yobit,SEL,BTC,1515081780000,2018-01-04T16:03:00Z,2026-10-07T12:53:22Z,history-merge-v1,ATW; Alt the Way,,,,,,,lamorgia+pumpsense,lamorgia_gmt,"Coin: SEL
https://yobit.net/en/trade/SEL/BTC"
hist-yobit-SEL-201801271730,history,announcement,yobit,SEL,BTC,1517074200000,2018-01-27T17:30:00Z,2026-10-07T12:53:22Z,history-merge-v1,ATW; Alt the Way,,,,,,,lamorgia+pumpsense,lamorgia_gmt,"--------Coin: SEL/BTC ----------

--------Exchange: YOBIT -------"
hist-yobit-SEL-201809151600,history,announcement,yobit,SEL,BTC,1537027200000,2018-09-15T16:00:00Z,2026-10-07T12:53:22Z,history-merge-v1,ATW; Crypto Ninja Official; Alt the Way,,,,,,,lamorgia+pumpsense,lamorgia_gmt,"The coin to pump is: 💎 SEL 💎 

Exchange: YOBIT.net 📊

Target: +300%   📈 

Market: SEL/BTC

https://yobit.net/en/trade/SEL/BTC

Buy Buy Buy & Hold Hold Hold
Buy Buy Buy & Hold Hold Hold
Buy Buy Buy & Hold Hold Hold"
hist-yobit-SEV-201802141700,history,announcement,yobit,SEV,BTC,1518627600000,2018-02-14T17:00:00Z,2026-10-07T12:53:22Z,history-merge-v1,ATW; Alt the Way,,,,,,,lamorgia+pumpsense,lamorgia_gmt,"Coin: SEV
https://yobit.net/en/trade/SEV/BTC"
hist-yobit-SH-201708041500,history,announcement,yobit,SH,BTC,1501858800000,2017-08-04T15:00:00Z,2026-10-07T12:53:22Z,history-merge-v1,Alt the Way,,,,,,,pumpsense,pumpsense_minus_2h,"🔥 Pump Alert 🔥 

-------- SH ---------

https://yobit.net/en/trade/SH/BTC"
hist-yobit-SHRM-201707121730,history,announcement,yobit,SHRM,BTC,1499880618000,2017-07-12T17:30:18Z,2026-10-07T12:53:22Z,history-merge-v1,Alt the Way,,,,,,,pumpsense,pumpsense_minus_2h,"🔥 Pump Alert 🔥

——  SHRM  —--"
hist-yobit-SHRM-201709081630,history,announcement,yobit,SHRM,BTC,1504888211000,2017-09-08T16:30:11Z,2026-10-07T12:53:22Z,history-merge-v1,Alt the Way,,,,,,,pumpsense,pumpsense_minus_2h,"Coin => SHRM

http://yobit.net/en/trade/SHRM/BTC#12H"
hist-yobit-SIG-201806241800,history,announcement,yobit,SIG,BTC,1529863223000,2018-06-24T18:00:23Z,2026-10-07T12:53:22Z,history-merge-v1,Alt the Way,,,,,,,pumpsense,pumpsense_minus_2h,"The coin to pump is: 💎 SIG 💎 

Exchange: YOBIT.net 📊

Target: +300% - 500%  📈 

Market: SIG/BTC
https://www.yobit.net/en/trade/SIG/BTC"
hist-yobit-SIG-201808041601,history,announcement,yobit,SIG,BTC,1533398460000,2018-08-04T16:01:00Z,2026-10-07T12:53:22Z,history-merge-v1,ATW; Alt the Way,,,,,,,lamorgia+pumpsense,lamorgia_gmt,"The coin to pump is: 💎 SIG 💎 

Exchange: YOBIT.net 📊

Target: +700%   📈 

Market: SIG/BTC
https://yobit.net/en/trade/SIG/BTC

Buy Buy Buy & Troll in Chat box
Buy Buy Buy & Troll in Chat box
Buy Buy Buy & Troll in Chat box"
hist-yobit-SLING-201805221800,history,announcement,yobit,SLING,BTC,1527012011000,2018-05-22T18:00:11Z,2026-10-07T12:53:22Z,history-merge-v1,Alt the Way,,,,,,,pumpsense,pumpsense_minus_2h,"The coin to pump is: 💎 SLING 💎 

Exchange: YOBIT.net 📊

Target: +300% - 500%  📈 

Market: SLING/BTC
https://www.yobit.net/en/trade/SLING/BTC"
hist-yobit-SLING-201807261600,history,announcement,yobit,SLING,BTC,1532620800000,2018-07-26T16:00:00Z,2026-10-07T12:53:22Z,history-merge-v1,ATW; Alt the Way,,,,,,,lamorgia+pumpsense,lamorgia_gmt,"The coin to pump is: 💎 SLING💎 

Exchange: YOBIT.net 📊

Target: +500%   📈 

Market: SLING/BTC

https://yobit.net/en/trade/SLING/BTC

Buy Buy Buy & Hold Hold Hold
Buy Buy Buy & Hold Hold Hold
Buy Buy Buy & Hold Hold Hold"
hist-yobit-SMC-201803031700,history,announcement,yobit,SMC,BTC,1520096400000,2018-03-03T17:00:00Z,2026-10-07T12:53:22Z,history-merge-v1,ATW; Alt the Way,,,,,,,lamorgia+pumpsense,lamorgia_gmt,"🚀 PUMP STARTS 🚀

The coin to pump is: 💎 SMC 💎 

Exchange: YOBIT.net 📊

Target: +300%  📈 

Market URL:  https://yobit.net/en/trade/SMC/BTC"
hist-yobit-SNM-201904111700,history,announcement,yobit,SNM,BTC,1555002000000,2019-04-11T17:00:00Z,2026-10-07T12:53:22Z,history-merge-v1,ATW; Crypto Ninja Official; Alt the Way; Bitcoin Pump Group,,,,,,,lamorgia+pumpsense,lamorgia_gmt,#SNM
hist-yobit-SNM-201909041700,history,announcement,yobit,SNM,BTC,1567616400000,2019-09-04T17:00:00Z,2026-10-07T12:53:22Z,history-merge-v1,ATW; Crypto Ninja Official; Alt the Way,,,,,,,lamorgia+pumpsense,lamorgia_gmt,Coin is 👉🐳  SNM  🐳👈
hist-yobit-SNPT-201807161559,history,announcement,yobit,SNPT,BTC,1531756740000,2018-07-16T15:59:00Z,2026-10-07T12:53:22Z,history-merge-v1,ATW; Alt the Way,,,,,,,lamorgia+pumpsense,lamorgia_gmt,"The coin to pump is: 💎 SNPT💎 

Exchange: YOBIT.net 📊

Target: +300%   📈 

Market: SNPT/BTC
https://yobit.net/en/trade/SNPT/BTC

Buy Buy Buy & Troll in Chat box
Buy Buy Buy & Troll in Chat box
Buy Buy Buy & Troll in Chat box"
hist-yobit-SNT-201804062000,history,announcement,yobit,SNT,BTC,1523044806000,2018-04-06T20:00:06Z,2026-10-07T12:53:22Z,history-merge-v1,Alt the Way,,,,,,,pumpsense,pumpsense_minus_2h,"🚀 PUMP STARTS 🚀

The coin to pump is: 💎 SNT 💎 

Exchange: YOBIT.net 📊

Target: +300% - 500%  📈 

Market: SNT/BTC
https://yobit.net/en/trade/SNT/BTC"
hist-yobit-SNT-201910021700,history,announcement,yobit,SNT,BTC,1570035600000,2019-10-02T17:00:00Z,2026-10-07T12:53:22Z,history-merge-v1,ATW; Crypto Ninja Official; Alt the Way,,,,,,,lamorgia+pumpsense,lamorgia_gmt,"Монета 👉 SNT  🐳👈

Coin is 👉🐳  SNT 🐳👈"
hist-yobit-SNT-201910051700,history,announcement,yobit,SNT,BTC,1570294800000,2019-10-05T17:00:00Z,2026-10-07T12:53:22Z,history-merge-v1,ATW; Crypto Ninja Official; Alt the Way,,,,,,,lamorgia+pumpsense,lamorgia_gmt,"Монета 👉 SNT  🐳👈

Coin is 👉🐳  SNT 🐳👈"
hist-yobit-SNT-202004141700,history,announcement,yobit,SNT,BTC,1586883600000,2020-04-14T17:00:00Z,2026-10-07T12:53:22Z,history-merge-v1,ATW; Crypto Ninja Official; Alt the Way,,,,,,,lamorgia+pumpsense,lamorgia_gmt,"The coin to pump is: 💎 SNT 💎 

Exchange: YOBIT.net 📊

Target: +100-200%   📈 

Market: SNT/BTC

https://yobit.net/en/trade/SNT/BTC

Buy Buy Buy & Hold Hold Hold
Buy Buy Buy & Hold Hold Hold
Buy Buy Buy & Hold Hold Hold!"
hist-yobit-SPT-201709071900,history,announcement,yobit,SPT,BTC,1504810805000,2017-09-07T19:00:05Z,2026-10-07T12:53:22Z,history-merge-v1,Alt the Way,,,,,,,pumpsense,pumpsense_minus_2h,"Coin => SPT

http://yobit.net/en/trade/SPT/BTC#12H"
hist-yobit-SPT-201709301631,history,announcement,yobit,SPT,BTC,1506789077000,2017-09-30T16:31:17Z,2026-10-07T12:53:22Z,history-merge-v1,Alt the Way,,,,,,,pumpsense,pumpsense_minus_2h,"Coin => SPT

https://yobit.net/en/trade/SPT/BTC"
hist-yobit-SRN-201810131700,history,announcement,yobit,SRN,BTC,1539450000000,2018-10-13T17:00:00Z,2026-10-07T12:53:22Z,history-merge-v1,ATW; Crypto Ninja Official; Alt the Way,,,,,,,lamorgia+pumpsense,lamorgia_gmt,"The coin to pump is: 💎 SRN 💎 

Exchange: YOBIT.net 📊

Target: +300%   📈 

Market:  SRN/BTC

https://yobit.net/en/trade/SRN/BTC

Buy Buy Buy & Hold Hold Hold
Buy Buy Buy & Hold Hold Hold
Buy Buy Buy & Hold Hold Hold"
hist-yobit-SRNT-201802011730,history,announcement,yobit,SRNT,BTC,1517506200000,2018-02-01T17:30:00Z,2026-10-07T12:53:22Z,history-merge-v1,ATW; Alt the Way,,,,,,,lamorgia+pumpsense,lamorgia_gmt,"Coin: SRNT
https://yobit.net/en/trade/SRNT/BTC"
hist-yobit-SRNT-201802121700,history,announcement,yobit,SRNT,BTC,1518454800000,2018-02-12T17:00:00Z,2026-10-07T12:53:22Z,history-merge-v1,ATW; Alt the Way,,,,,,,lamorgia+pumpsense,lamorgia_gmt,"Coin: SRNT
https://yobit.net/en/trade/SRNT/BTC"
hist-yobit-SSH-201803302000,history,announcement,yobit,SSH,BTC,1522440000000,2018-03-30T20:00:00Z,2026-10-07T12:53:22Z,history-merge-v1,Alt the Way,,,,,,,pumpsense,pumpsense_minus_2h,"PUMP STARTS 🚀

The coin to pump is: 💎 SSH 💎 

Exchange: YOBIT.net 📊

Target: +400% - 500%  📈 

Market Url: SSH/BTC"
hist-yobit-STHR-201709141630,history,announcement,yobit,STHR,BTC,1505406603000,2017-09-14T16:30:03Z,2026-10-07T12:53:22Z,history-merge-v1,Alt the Way,,,,,,,pumpsense,pumpsense_minus_2h,"Coin => STHR

https://yobit.net/en/trade/STHR/BTC"
hist-yobit-STONK-201707141800,history,announcement,yobit,STONK,BTC,1500055211000,2017-07-14T18:00:11Z,2026-10-07T12:53:22Z,history-merge-v1,Alt the Way,,,,,,,pumpsense,pumpsense_minus_2h,"🔥 Pump Alert 🔥 

---  STONK  ---

https://yobit.net/en/trade/STONK/BTC#12H

Exchange: YoBit"
hist-yobit-STORJ-201710031601,history,announcement,yobit,STORJ,BTC,1507046462000,2017-10-03T16:01:02Z,2026-10-07T12:53:22Z,history-merge-v1,Alt the Way,,,,,,,pumpsense,pumpsense_minus_2h,"Coin => STORJ

https://yobit.net/en/trade/STORJ/BTC"
hist-yobit-STORJ-201902211700,history,announcement,yobit,STORJ,BTC,1550768400000,2019-02-21T17:00:00Z,2026-10-07T12:53:22Z,history-merge-v1,ATW; Crypto Ninja Official; Alt the Way,,,,,,,lamorgia+pumpsense,lamorgia_gmt,
hist-yobit-STORJ-201902251700,history,announcement,yobit,STORJ,BTC,1551114000000,2019-02-25T17:00:00Z,2026-10-07T12:53:22Z,history-merge-v1,ATW; Crypto Ninja Official; Alt the Way,,,,,,,lamorgia+pumpsense,lamorgia_gmt,
hist-yobit-STORM-201904201700,history,announcement,yobit,STORM,BTC,1555779600000,2019-04-20T17:00:00Z,2026-10-07T12:53:22Z,history-merge-v1,ATW; Crypto Ninja Official; Alt the Way,,,,,,,lamorgia+pumpsense,lamorgia_gmt,
hist-yobit-STU-201712281659,history,announcement,yobit,STU,BTC,1514480390000,2017-12-28T16:59:50Z,2026-10-07T12:53:22Z,history-merge-v1,Alt the Way,,,,,,,pumpsense,pumpsense_minus_2h,Coin: STU
hist-yobit-STY-201802031736,history,announcement,yobit,STY,BTC,1517679360000,2018-02-03T17:36:00Z,2026-10-07T12:53:22Z,history-merge-v1,ATW; Alt the Way,,,,,,,lamorgia+pumpsense,lamorgia_gmt,Coin: STY
hist-yobit-SUB-201707161700,history,announcement,yobit,SUB,BTC,1500224428000,2017-07-16T17:00:28Z,2026-10-07T12:53:22Z,history-merge-v1,Alt the Way,,,,,,,pumpsense,pumpsense_minus_2h,"🔥 Pump Alert 🔥 

---- SUB ----

https://yobit.net/en/trade/SUB/BTC#12H"
hist-yobit-SUB-201707251600,history,announcement,yobit,SUB,BTC,1500998400000,2017-07-25T16:00:00Z,2026-10-07T12:53:22Z,history-merge-v1,Alt the Way,,,,,,,pumpsense,pumpsense_minus_2h,"Coin: SUB
Exchange: YOBIT
https://yobit.net/en/trade/SUB/BTC"
hist-yobit-SWT-201802081730,history,announcement,yobit,SWT,BTC,1518111000000,2018-02-08T17:30:00Z,2026-10-07T12:53:22Z,history-merge-v1,ATW; Alt the Way,,,,,,,lamorgia+pumpsense,lamorgia_gmt,"Coin: SWT
https://yobit.net/en/trade/SWT/BTC"
hist-yobit-SYNX-201708161500,history,announcement,yobit,SYNX,BTC,1502895600000,2017-08-16T15:00:00Z,2026-10-07T12:53:22Z,history-merge-v1,Alt the Way,,,,,,,pumpsense,pumpsense_minus_2h,"Coin: Synx

https://yobit.net/en/trade/SYNX/BTC#12H"
hist-yobit-SYNX-201708301500,history,announcement,yobit,SYNX,BTC,1504105210000,2017-08-30T15:00:10Z,2026-10-07T12:53:22Z,history-merge-v1,Alt the Way,,,,,,,pumpsense,pumpsense_minus_2h,"Coin SYNX

https://yobit.net/en/trade/SYNX/BTC#12H"
hist-yobit-TAG-201707181500,history,announcement,yobit,TAG,BTC,1500390014000,2017-07-18T15:00:14Z,2026-10-07T12:53:22Z,history-merge-v1,Alt the Way,,,,,,,pumpsense,pumpsense_minus_2h,"🔥 Pump Alert 🔥

---- TAG ----

https://yobit.net/en/trade/TAG/BTC"
hist-yobit-TAG-201708081700,history,announcement,yobit,TAG,BTC,1502211600000,2017-08-08T17:00:00Z,2026-10-07T12:53:22Z,history-merge-v1,Alt the Way,,,,,,,pumpsense,pumpsense_minus_2h,"Pump Alert 🔥

Coin: TAG

https://yobit.net/en/trade/TAG/BTC"
hist-yobit-TAG-201708281600,history,announcement,yobit,TAG,BTC,1503936014000,2017-08-28T16:00:14Z,2026-10-07T12:53:22Z,history-merge-v1,Alt the Way,,,,,,,pumpsense,pumpsense_minus_2h,"TAG?
http://yobit.net/en/trade/TAG/BTC"
hist-yobit-TB-201707221652,history,announcement,yobit,TB,BTC,1500742320000,2017-07-22T16:52:00Z,2026-10-07T12:53:22Z,history-merge-v1,TCC,,,,,,,lamorgia,lamorgia_gmt,
hist-yobit-TB-201709051501,history,announcement,yobit,TB,BTC,1504623661000,2017-09-05T15:01:01Z,2026-10-07T12:53:22Z,history-merge-v1,Alt the Way,,,,,,,pumpsense,pumpsense_minus_2h,"Coin TB

https://yobit.net/en/trade/TB/BTC#12H"
hist-yobit-TDS-201803041700,history,announcement,yobit,TDS,BTC,1520182800000,2018-03-04T17:00:00Z,2026-10-07T12:53:22Z,history-merge-v1,ATW; Alt the Way,,,,,,,lamorgia+pumpsense,lamorgia_gmt,"🚀 PUMP STARTS 🚀

The coin to pump is: 💎 TDS 💎 

Exchange: YOBIT.net 📊

Target: +300%  📈 

Market URL:  https://yobit.net/en/trade/TDS/BTC"
hist-yobit-TES-201802151800,history,announcement,yobit,TES,BTC,1518717600000,2018-02-15T18:00:00Z,2026-10-07T12:53:22Z,history-merge-v1,ATW; Alt the Way,,,,,,,lamorgia+pumpsense,lamorgia_gmt,"The coin is :  T E S

Target: 100%

Exhange:  Yobit.net
Buy and Hold! Don’t sell direct!  If you do you’ll loss your money. 

⛔️ Sell in pieces not in bulk! ⛔️

https://yobit.io/en/trade/TES/BTC"
hist-yobit-TES-201802181700,history,announcement,yobit,TES,BTC,1518973200000,2018-02-18T17:00:00Z,2026-10-07T12:53:22Z,history-merge-v1,ATW; Alt the Way,,,,,,,lamorgia+pumpsense,lamorgia_gmt,"Coin: TES
https://yobit.net/en/trade/TES/BTC"
hist-yobit-TFD-201903301700,history,announcement,yobit,TFD,BTC,1553965200000,2019-03-30T17:00:00Z,2026-10-07T12:53:22Z,history-merge-v1,ATW; Alt the Way,,,,,,,lamorgia+pumpsense,lamorgia_gmt,
hist-yobit-TFD-201908171700,history,announcement,yobit,TFD,BTC,1566061200000,2019-08-17T17:00:00Z,2026-10-07T12:53:22Z,history-merge-v1,ATW; Crypto Ninja Official; Alt the Way,,,,,,,lamorgia+pumpsense,lamorgia_gmt,Coin is 👉🐳  TFD  🐳👈
hist-yobit-THETA-201901131700,history,announcement,yobit,THETA,BTC,1547398800000,2019-01-13T17:00:00Z,2026-10-07T12:53:22Z,history-merge-v1,ATW; Crypto Ninja Official; Alt the Way,,,,,,,lamorgia+pumpsense,lamorgia_gmt,
hist-yobit-THETA-201902071700,history,announcement,yobit,THETA,BTC,1549558800000,2019-02-07T17:00:00Z,2026-10-07T12:53:22Z,history-merge-v1,ATW; Crypto Ninja Official; Alt the Way,,,,,,,lamorgia+pumpsense,lamorgia_gmt,
hist-yobit-THETA-201903061700,history,announcement,yobit,THETA,BTC,1551891600000,2019-03-06T17:00:00Z,2026-10-07T12:53:22Z,history-merge-v1,ATW; Crypto Ninja Official; Alt the Way,,,,,,,lamorgia+pumpsense,lamorgia_gmt,
hist-yobit-TIE-201802271700,history,announcement,yobit,TIE,BTC,1519750800000,2018-02-27T17:00:00Z,2026-10-07T12:53:22Z,history-merge-v1,ATW; Alt the Way,,,,,,,lamorgia+pumpsense,lamorgia_gmt,"🚀 PUMP STARTS 🚀

The coin to pump is: 💎 TIE 💎 

Exchange: YOBIT.net 📊

Target: +300%  📈 

Market URL:  https://yobit.net/en/trade/TIE/BTC"
hist-yobit-TIME-201802231700,history,announcement,yobit,TIME,BTC,1519405200000,2018-02-23T17:00:00Z,2026-10-07T12:53:22Z,history-merge-v1,ATW; Alt the Way,,,,,,,lamorgia+pumpsense,lamorgia_gmt,"🚀 PUMP STARTS 🚀

The coin to pump is: 💎 TIME 💎 

Exchange: YOBIT.net 📊

Target: +300%  📈 

Market URL:  https://yobit.net/en/trade/TIME/BTC"
hist-yobit-TIME-201802251700,history,announcement,yobit,TIME,BTC,1519578000000,2018-02-25T17:00:00Z,2026-10-07T12:53:22Z,history-merge-v1,ATW; Alt the Way,,,,,,,lamorgia+pumpsense,lamorgia_gmt,"🚀 PUMP STARTS 🚀

The coin to pump is: 💎 TIME 💎 

Exchange: YOBIT.net 📊

Target: +350%  📈 

Market URL:  https://yobit.net/en/trade/TIME/BTC"
hist-yobit-TNT-201711041500,history,announcement,yobit,TNT,BTC,1509807612000,2017-11-04T15:00:12Z,2026-10-07T12:53:22Z,history-merge-v1,Alt the Way,,,,,,,pumpsense,pumpsense_minus_2h,
hist-yobit-TNT-201712101659,history,announcement,yobit,TNT,BTC,1512925169000,2017-12-10T16:59:29Z,2026-10-07T12:53:22Z,history-merge-v1,Alt the Way,,,,,,,pumpsense,pumpsense_minus_2h,"Coin : ----TNT-----
EXCHANGE: YOBIT"
hist-yobit-TNT-201712161700,history,announcement,yobit,TNT,BTC,1513443611000,2017-12-16T17:00:11Z,2026-10-07T12:53:22Z,history-merge-v1,Alt the Way,,,,,,,pumpsense,pumpsense_minus_2h,"Coin: TNT
Exchange: YOBIT"
hist-yobit-TNT-201803021700,history,announcement,yobit,TNT,BTC,1520010000000,2018-03-02T17:00:00Z,2026-10-07T12:53:22Z,history-merge-v1,ATW; Alt the Way,,,,,,,lamorgia+pumpsense,lamorgia_gmt,"🚀 PUMP STARTS 🚀

The coin to pump is: 💎 TNT 💎 

Exchange: YOBIT.net 📊

Target: +300%  📈 

Market URL:  https://yobit.net/en/trade/TNT/BTC"
hist-yobit-TNT-201803151631,history,announcement,yobit,TNT,BTC,1521131460000,2018-03-15T16:31:00Z,2026-10-07T12:53:22Z,history-merge-v1,FCS,,,,,,,lamorgia,lamorgia_gmt,
hist-yobit-TNT-201901011700,history,announcement,yobit,TNT,BTC,1546362000000,2019-01-01T17:00:00Z,2026-10-07T12:53:22Z,history-merge-v1,ATW; Crypto Ninja Official; Alt the Way,,,,,,,lamorgia+pumpsense,lamorgia_gmt,"The coin to pump is: 💎 TNT 💎 

Exchange: YOBIT.net 📊

Target: +300%   📈 

Market: TNT/BTC

https://yobit.net/en/trade/TNT/BTC

Buy Buy Buy & Hold Hold Hold
Buy Buy Buy & Hold Hold Hold
Buy Buy Buy & Hold Hold Hold!"
hist-yobit-TNT-201901231900,history,announcement,yobit,TNT,BTC,1548270000000,2019-01-23T19:00:00Z,2026-10-07T12:53:22Z,history-merge-v1,ATW; Crypto Ninja Official; Alt the Way,,,,,,,lamorgia+pumpsense,lamorgia_gmt,
hist-yobit-TNT-201902061900,history,announcement,yobit,TNT,BTC,1549479600000,2019-02-06T19:00:00Z,2026-10-07T12:53:22Z,history-merge-v1,ATW; Crypto Ninja Official; Alt the Way,,,,,,,lamorgia+pumpsense,lamorgia_gmt,
hist-yobit-TNT-201904151700,history,announcement,yobit,TNT,BTC,1555347600000,2019-04-15T17:00:00Z,2026-10-07T12:53:22Z,history-merge-v1,ATW; Crypto Ninja Official; Alt the Way,,,,,,,lamorgia+pumpsense,lamorgia_gmt,
hist-yobit-TORQ-201803191400,history,announcement,yobit,TORQ,BTC,1521468000000,2018-03-19T14:00:00Z,2026-10-07T12:53:22Z,history-merge-v1,ATW; Alt the Way,,,,,,,lamorgia+pumpsense,lamorgia_gmt,"🚀 PUMP STARTS 🚀

The coin to pump is: 💎 TORQ 💎 

Exchange: YOBIT.net 📊

Target: +300%  📈 

Market URL:  https://yobit.net/en/trade/TORQ/BTC"
hist-yobit-TORQ-201808091800,history,announcement,yobit,TORQ,BTC,1533837600000,2018-08-09T18:00:00Z,2026-10-07T12:53:22Z,history-merge-v1,ATW; Alt the Way,,,,,,,lamorgia+pumpsense,lamorgia_gmt,"The coin to pump is: 💎 TORQ 💎 

Exchange: YOBIT.net 📊

Target: +700%   📈 

Market: TORQ/BTC
https://yobit.net/en/trade/TORQ/BTC

Buy Buy Buy & Troll in Chat box
Buy Buy Buy & Troll in Chat box
Buy Buy Buy & Troll in Chat box"
hist-yobit-TUR-201710141502,history,announcement,yobit,TUR,BTC,1507993326000,2017-10-14T15:02:06Z,2026-10-07T12:53:22Z,history-merge-v1,Alt the Way,,,,,,,pumpsense,pumpsense_minus_2h,
hist-yobit-TUSD-201809011701,history,announcement,yobit,TUSD,BTC,1535821260000,2018-09-01T17:01:00Z,2026-10-07T12:53:22Z,history-merge-v1,Crypto Ninja Official; ATW; LUX; Alt the Way,,,,,,,lamorgia+pumpsense,lamorgia_gmt,"The coin to pump is: 💎 TUSD 💎 

Exchange: YOBIT.net 📊

Target: +500%   📈 

Market: TUSD/BTC

https://yobit.net/en/trade/TUSD/BTC

Buy Buy Buy & Hold Hold Hold
Buy Buy Buy & Hold Hold Hold
Buy Buy Buy & Hold Hold Hold"
hist-yobit-U-201802041702,history,announcement,yobit,U,BTC,1517763720000,2018-02-04T17:02:00Z,2026-10-07T12:53:22Z,history-merge-v1,ATW; Alt the Way,,,,,,,lamorgia+pumpsense,lamorgia_gmt,"Coin: U
https://yobit.net/en/trade/U/BTC"
hist-yobit-UDOWN-201707241500,history,announcement,yobit,UDOWN,BTC,1500908400000,2017-07-24T15:00:00Z,2026-10-07T12:53:22Z,history-merge-v1,Alt the Way,,,,,,,pumpsense,pumpsense_minus_2h,"Coin: UDOWN
Exchange: YOBIT
https://yobit.net/en/trade/UDOWN/BTC"
hist-yobit-UFR-201805021800,history,announcement,yobit,UFR,BTC,1525284001000,2018-05-02T18:00:01Z,2026-10-07T12:53:22Z,history-merge-v1,Alt the Way,,,,,,,pumpsense,pumpsense_minus_2h,"The coin to pump is: 💎 UFR 💎 

Exchange: YOBIT.net 📊

Target: +300% - 500%  📈 

Market: UFR/BTC
https://www.yobit.net/en/trade/UFR/BTC"
hist-yobit-UFR-201805131815,history,announcement,yobit,UFR,BTC,1526235319000,2018-05-13T18:15:19Z,2026-10-07T12:53:22Z,history-merge-v1,Alt the Way,,,,,,,pumpsense,pumpsense_minus_2h,"The coin to pump is: 💎 UFR 💎 

Exchange: YOBIT.net 📊

Target: +300% - 500%  📈 

Market: UFR/BTC
https://www.yobit.net/en/trade/UFR /BTC"
hist-yobit-UFR-201810191701,history,announcement,yobit,UFR,BTC,1539968460000,2018-10-19T17:01:00Z,2026-10-07T12:53:22Z,history-merge-v1,Crypto Ninja Official; ATW; Alt the Way,,,,,,,lamorgia+pumpsense,lamorgia_gmt,"Coin to pump is: 💎 UFR 💎 

Exchange: YOBIT.net 📊

Target: +300%   📈 

Market:  UFR/BTC

https://yobit.net/en/trade/UFR/BTC

Buy Buy Buy & Hold Hold Hold
Buy Buy Buy & Hold Hold Hold
Buy Buy Buy & Hold Hold Hold"
hist-yobit-UIS-201709111630,history,announcement,yobit,UIS,BTC,1505147420000,2017-09-11T16:30:20Z,2026-10-07T12:53:22Z,history-merge-v1,Alt the Way,,,,,,,pumpsense,pumpsense_minus_2h,"Coin => UIS

https://yobit.net/en/trade/UIS/BTC#12H"
hist-yobit-UKG-201803071701,history,announcement,yobit,UKG,BTC,1520442060000,2018-03-07T17:01:00Z,2026-10-07T12:53:22Z,history-merge-v1,ATW; Alt the Way,,,,,,,lamorgia+pumpsense,lamorgia_gmt,Coin: UKG
hist-yobit-UKG-201902171700,history,announcement,yobit,UKG,BTC,1550422800000,2019-02-17T17:00:00Z,2026-10-07T12:53:22Z,history-merge-v1,ATW; Crypto Ninja Official; Alt the Way,,,,,,,lamorgia+pumpsense,lamorgia_gmt,
hist-yobit-UKG-201902231700,history,announcement,yobit,UKG,BTC,1550941200000,2019-02-23T17:00:00Z,2026-10-07T12:53:22Z,history-merge-v1,ATW; Crypto Ninja Official; Alt the Way,,,,,,,lamorgia+pumpsense,lamorgia_gmt,
hist-yobit-UKG-201904271700,history,announcement,yobit,UKG,BTC,1556384400000,2019-04-27T17:00:00Z,2026-10-07T12:53:22Z,history-merge-v1,ATW; Crypto Ninja Official; Alt the Way,,,,,,,lamorgia+pumpsense,lamorgia_gmt,
hist-yobit-UMC-201712091659,history,announcement,yobit,UMC,BTC,1512838781000,2017-12-09T16:59:41Z,2026-10-07T12:53:22Z,history-merge-v1,Alt the Way,,,,,,,pumpsense,pumpsense_minus_2h,"Coin: UMC
EXCHANGE: YOBIT"
hist-yobit-UNIFY-201710221430,history,announcement,yobit,UNIFY,BTC,1508682607000,2017-10-22T14:30:07Z,2026-10-07T12:53:22Z,history-merge-v1,Alt the Way,,,,,,,pumpsense,pumpsense_minus_2h,
hist-yobit-UNITS-201805101803,history,announcement,yobit,UNITS,BTC,1525975380000,2018-05-10T18:03:00Z,2026-10-07T12:53:22Z,history-merge-v1,Alt the Way,,,,,,,pumpsense,pumpsense_minus_2h,"The coin to pump is: 💎 UNITS 💎 

Exchange: YOBIT.net 📊

Target: +300% - 500%  📈 

Market: UNITS/BTC
https://www.yobit.net/en/trade/UNITS/BTC"
hist-yobit-UNITS-201809071700,history,announcement,yobit,UNITS,BTC,1536339600000,2018-09-07T17:00:00Z,2026-10-07T12:53:22Z,history-merge-v1,ATW; LUX; Crypto Ninja Official; Alt the Way,,,,,,,lamorgia+pumpsense,lamorgia_gmt,"The coin to pump is: 💎 UNITS 💎 

Exchange: YOBIT.net 📊

Target: +300%   📈 

Market: UNITS/BTC

https://yobit.net/en/trade/UNITS/BTC

Buy Buy Buy & Hold Hold Hold
Buy Buy Buy & Hold Hold Hold
Buy Buy Buy & Hold Hold Hold"
hist-yobit-USDT-201805031800,history,announcement,yobit,USDT,BTC,1525370405000,2018-05-03T18:00:05Z,2026-10-07T12:53:22Z,history-merge-v1,Alt the Way,,,,,,,pumpsense,pumpsense_minus_2h,"The coin to pump is: 💎 USDT 💎 

Exchange: YOBIT.net 📊

Target: +300% - 500%  📈 

Market: USDT/BTC
https://www.yobit.net/en/trade/USDT/BTC"
hist-yobit-UTLE-201709071630,history,announcement,yobit,UTLE,BTC,1504801802000,2017-09-07T16:30:02Z,2026-10-07T12:53:22Z,history-merge-v1,Alt the Way,,,,,,,pumpsense,pumpsense_minus_2h,"Coin => UTLE

https://yobit.net/en/trade/UTLE/BTC#12H"
hist-yobit-VAPOR-201709041501,history,announcement,yobit,VAPOR,BTC,1504537315000,2017-09-04T15:01:55Z,2026-10-07T12:53:22Z,history-merge-v1,Alt the Way,,,,,,,pumpsense,pumpsense_minus_2h,"Coin => VAPOR

https://yobit.net/en/trade/VAPOR/BTC#12H"
hist-yobit-VEC-201707161644,history,announcement,yobit,VEC,BTC,1500223440000,2017-07-16T16:44:00Z,2026-10-07T12:53:22Z,history-merge-v1,TCC,,,,,,,lamorgia,lamorgia_gmt,
hist-yobit-VEGA-201803251500,history,announcement,yobit,VEGA,BTC,1521990009000,2018-03-25T15:00:09Z,2026-10-07T12:53:22Z,history-merge-v1,Alt the Way,,,,,,,pumpsense,pumpsense_minus_2h,"PUMP STARTS 🚀

The coin to pump is: 💎 VEGA 💎 

Exchange: YOBIT.net 📊

Target: +300%  📈 

Market Url: https://www.yobit.net/en/trade/VEGA/BTC"
hist-yobit-VEGA-201805041800,history,announcement,yobit,VEGA,BTC,1525456815000,2018-05-04T18:00:15Z,2026-10-07T12:53:22Z,history-merge-v1,Alt the Way,,,,,,,pumpsense,pumpsense_minus_2h,"The coin to pump is: 💎 VEGA 💎 

Exchange: YOBIT.net 📊

Target: +300% - 500%  📈 

Market: VEGA/BTC
https://www.yobit.net/en/trade/VEGA/BTC"
hist-yobit-VEGA-201805181800,history,announcement,yobit,VEGA,BTC,1526666429000,2018-05-18T18:00:29Z,2026-10-07T12:53:22Z,history-merge-v1,Alt the Way,,,,,,,pumpsense,pumpsense_minus_2h,"The coin to pump is: 💎 VEGA 💎 

Exchange: YOBIT.net 📊

Target: +300% - 500%  📈 

Market: VEGA/BTC
https://www.yobit.net/en/trade/VEGA/BTC"
hist-yobit-VEN-201804101900,history,announcement,yobit,VEN,BTC,1523386800000,2018-04-10T19:00:00Z,2026-10-07T12:53:22Z,history-merge-v1,Alt the Way,,,,,,,pumpsense,pumpsense_minus_2h,"🚀 PUMP STARTS 🚀

The coin to pump is: 💎 VEN 💎 

Exchange: YOBIT.net 📊

Target: +300% - 500%  📈 

Market: VEN/BTC
https://www.yobit.net/en/trade/VEN/BTC"
hist-yobit-VERS-201707111629,history,announcement,yobit,VERS,BTC,1499790540000,2017-07-11T16:29:00Z,2026-10-07T12:53:22Z,history-merge-v1,TCC,,,,,,,lamorgia,lamorgia_gmt,
hist-yobit-VIA-201901201700,history,announcement,yobit,VIA,BTC,1548003600000,2019-01-20T17:00:00Z,2026-10-07T12:53:22Z,history-merge-v1,ATW; Crypto Ninja Official; Alt the Way,,,,,,,lamorgia+pumpsense,lamorgia_gmt,"The coin to pump is: 💎 VIA 💎 

Exchange: YOBIT.net 📊

Target: +200%   📈 

Market: VIA/BTC

https://yobit.net/en/trade/VIA/BTC

Buy Buy Buy & Hold Hold Hold
Buy Buy Buy & Hold Hold Hold
Buy Buy Buy & Hold Hold Hold"
hist-yobit-VVI-201803292000,history,announcement,yobit,VVI,BTC,1522353602000,2018-03-29T20:00:02Z,2026-10-07T12:53:22Z,history-merge-v1,Alt the Way,,,,,,,pumpsense,pumpsense_minus_2h,"PUMP STARTS 🚀

🚀 PUMP STARTS 🚀

The coin to pump is: 💎 VVI/BTC 💎 

Exchange: YOBIT.net 📊

Target: +700%  📈"
hist-yobit-VVI-201803312000,history,announcement,yobit,VVI,BTC,1522526407000,2018-03-31T20:00:07Z,2026-10-07T12:53:22Z,history-merge-v1,Alt the Way,,,,,,,pumpsense,pumpsense_minus_2h,"🚀 PUMP STARTS 🚀

The coin to pump is: 💎 VVI 💎 

Exchange: YOBIT.net 📊

Target: +700%  📈"
hist-yobit-VVI-201804011730,history,announcement,yobit,VVI,BTC,1522603800000,2018-04-01T17:30:00Z,2026-10-07T12:53:22Z,history-merge-v1,FCS,,,,,,,lamorgia,lamorgia_gmt,
hist-yobit-VVI-201804142000,history,announcement,yobit,VVI,BTC,1523736002000,2018-04-14T20:00:02Z,2026-10-07T12:53:22Z,history-merge-v1,Alt the Way,,,,,,,pumpsense,pumpsense_minus_2h,"Coin :   🔥 VVI 🔥

https://yobit.net/en/trade/VVI/BTC"
hist-yobit-WOK-201707221700,history,announcement,yobit,WOK,BTC,1500742800000,2017-07-22T17:00:00Z,2026-10-07T12:53:22Z,history-merge-v1,Alt the Way,,,,,,,pumpsense,pumpsense_minus_2h,"Coin: WOK
Exchange: YOBIT
https://yobit.net/en/trade/WOK/BTC"
hist-yobit-WPR-201908121700,history,announcement,yobit,WPR,BTC,1565629200000,2019-08-12T17:00:00Z,2026-10-07T12:53:22Z,history-merge-v1,ATW; Crypto Ninja Official; Alt the Way,,,,,,,lamorgia+pumpsense,lamorgia_gmt,Coin is 👉🐳  WPR  🐳👈
hist-yobit-WPR-202004101700,history,announcement,yobit,WPR,BTC,1586538000000,2020-04-10T17:00:00Z,2026-10-07T12:53:22Z,history-merge-v1,ATW; Crypto Ninja Official; Alt the Way,,,,,,,lamorgia+pumpsense,lamorgia_gmt,"Монета 👉 WPR 👈

Coin is 👉🐳  WPR 🐳👈"
hist-yobit-WPR-202004191700,history,announcement,yobit,WPR,BTC,1587315600000,2020-04-19T17:00:00Z,2026-10-07T12:53:22Z,history-merge-v1,ATW; Crypto Ninja Official; Alt the Way,,,,,,,lamorgia+pumpsense,lamorgia_gmt,"Coin to pump is: 💎 WPR 💎 

Exchange: YOBIT.net 📊

Target: 100-300%   📈 

Market: WPR/BTC

https://yobit.net/en/trade/WPR/BTC

Buy Buy Buy & Hold Hold Hold
Buy Buy Buy & Hold Hold Hold
Buy Buy Buy & Hold Hold Hold!"
hist-yobit-WTC-201901031700,history,announcement,yobit,WTC,BTC,1546534800000,2019-01-03T17:00:00Z,2026-10-07T12:53:22Z,history-merge-v1,ATW; Crypto Ninja Official; Alt the Way,,,,,,,lamorgia+pumpsense,lamorgia_gmt,"The coin to pump is: 💎 WTC 💎 

Exchange: YOBIT.net 📊

Target: +300%   📈 

Market: WTC/BTC

https://yobit.net/en/trade/WTC/BTC

Buy Buy Buy & Hold Hold Hold
Buy Buy Buy & Hold Hold Hold
Buy Buy Buy & Hold Hold Hold!"
hist-yobit-WTC-201901251700,history,announcement,yobit,WTC,BTC,1548435600000,2019-01-25T17:00:00Z,2026-10-07T12:53:22Z,history-merge-v1,ATW; Crypto Ninja Official; Alt the Way,,,,,,,lamorgia+pumpsense,lamorgia_gmt,
hist-yobit-WTC-201902181700,history,announcement,yobit,WTC,BTC,1550509200000,2019-02-18T17:00:00Z,2026-10-07T12:53:22Z,history-merge-v1,ATW; Crypto Ninja Official; Alt the Way,,,,,,,lamorgia+pumpsense,lamorgia_gmt,
hist-yobit-XDE-201710051604,history,announcement,yobit,XDE,BTC,1507219487000,2017-10-05T16:04:47Z,2026-10-07T12:53:22Z,history-merge-v1,Alt the Way,,,,,,,pumpsense,pumpsense_minus_2h,"Coin => XDE

https://yobit.net/en/XDE/STORJ/BTC"
hist-yobit-XDE2-201804232002,history,announcement,yobit,XDE2,BTC,1524513746000,2018-04-23T20:02:26Z,2026-10-07T12:53:22Z,history-merge-v1,Alt the Way,,,,,,,pumpsense,pumpsense_minus_2h,"The coin to pump is: 💎 XDE2 💎 

Exchange: YOBIT.net 📊

Target: +300% - 500%  📈 

Market: XDE2/BTC
https://www.yobit.net/en/trade/XDE2/BTC"
hist-yobit-XEM-201707271600,history,announcement,yobit,XEM,BTC,1501171200000,2017-07-27T16:00:00Z,2026-10-07T12:53:22Z,history-merge-v1,Alt the Way,,,,,,,pumpsense,pumpsense_minus_2h,"Coin ~XEM

https://yobit.net/en/trade/XEM/BTC"
hist-yobit-XMG-201802191700,history,announcement,yobit,XMG,BTC,1519059600000,2018-02-19T17:00:00Z,2026-10-07T12:53:22Z,history-merge-v1,ATW; Alt the Way,,,,,,,lamorgia+pumpsense,lamorgia_gmt,"Coin: XMG
https://yobit.net/en/trade/XMG/BTC"
hist-yobit-XMG-201809181600,history,announcement,yobit,XMG,BTC,1537286400000,2018-09-18T16:00:00Z,2026-10-07T12:53:22Z,history-merge-v1,ATW; Crypto Ninja Official; LUX; Alt the Way,,,,,,,lamorgia+pumpsense,lamorgia_gmt,"The coin to pump is: 💎 XMG 💎 

Exchange: YOBIT.net 📊

Target: +300%   📈 

Market: XMG/BTC

https://yobit.net/en/trade/XMG/BTC

Buy Buy Buy & Hold Hold Hold
Buy Buy Buy & Hold Hold Hold
Buy Buy Buy & Hold Hold Hold"
hist-yobit-XMS-201708061500,history,announcement,yobit,XMS,BTC,1502031602000,2017-08-06T15:00:02Z,2026-10-07T12:53:22Z,history-merge-v1,Alt the Way,,,,,,,pumpsense,pumpsense_minus_2h,"🔥 Pump Alert 🔥 

—------ XMS —-------
Exchange: Yobit

https://yobit.net/en/trade/XMS/BTC"
hist-yobit-XMS-201708251600,history,announcement,yobit,XMS,BTC,1503676801000,2017-08-25T16:00:01Z,2026-10-07T12:53:22Z,history-merge-v1,Alt the Way,,,,,,,pumpsense,pumpsense_minus_2h,"Coin => XMS

https://yobit.net/en/trade/XMS/BTC"
hist-yobit-XPC-201708151500,history,announcement,yobit,XPC,BTC,1502809200000,2017-08-15T15:00:00Z,2026-10-07T12:53:22Z,history-merge-v1,Alt the Way,,,,,,,pumpsense,pumpsense_minus_2h,https://yobit.net/en/trade/XPC/BTC#12H
hist-yobit-XPRO-201809211600,history,announcement,yobit,XPRO,BTC,1537545600000,2018-09-21T16:00:00Z,2026-10-07T12:53:22Z,history-merge-v1,ATW; Crypto Ninja Official; Alt the Way,,,,,,,lamorgia+pumpsense,lamorgia_gmt,"The coin to pump is: 💎 XPRO 💎 

Exchange: YOBIT.net 📊

Target: +300%   📈 

Market: XPRO/BTC

https://yobit.net/en/trade/XPRO/BTC

Buy Buy Buy & Hold Hold Hold
Buy Buy Buy & Hold Hold Hold
Buy Buy Buy & Hold Hold Hold"
hist-yobit-XPRO-201809271700,history,announcement,yobit,XPRO,BTC,1538067600000,2018-09-27T17:00:00Z,2026-10-07T12:53:22Z,history-merge-v1,Crypto Ninja Official; ATW; Alt the Way,,,,,,,lamorgia+pumpsense,lamorgia_gmt,"The coin to pump is: 💎 XPRO 💎 

Exchange: YOBIT.net 📊

Target: +300%   📈 

Market: XPRO/BTC

https://yobit.net/en/trade/XPRO/BTC

Buy Buy Buy & Hold Hold Hold
Buy Buy Buy & Hold Hold Hold
Buy Buy Buy & Hold Hold Hold"
hist-yobit-XPTX-201809291700,history,announcement,yobit,XPTX,BTC,1538240400000,2018-09-29T17:00:00Z,2026-10-07T12:53:22Z,history-merge-v1,ATW; Crypto Ninja Official; Alt the Way,,,,,,,lamorgia+pumpsense,lamorgia_gmt,"The coin to pump is: 💎 XPTX 💎 

Exchange: YOBIT.net 📊

Target: +300%   📈 

Market: XPTX/BTC

https://yobit.net/en/trade/XPTX/BTC

Buy Buy Buy & Hold Hold Hold
Buy Buy Buy & Hold Hold Hold
Buy Buy Buy & Hold Hold Hold"
hist-yobit-XPTX-201812051900,history,announcement,yobit,XPTX,BTC,1544036408000,2018-12-05T19:00:08Z,2026-10-07T12:53:22Z,history-merge-v1,Crypto Guru; Baby Crypto Channel; Coin Coach Signals,,,,,,,pumpsense,pumpsense_minus_2h,"The coin to pump is: 💎 XPTX 💎 

Exchange: YOBIT.net 📊

Target: +300%   📈 

Market: XPTX/BTC

https://yobit.net/en/trade/XPTX/BTC

Buy Buy Buy & Hold Hold Hold
Buy Buy Buy & Hold Hold Hold
Buy Buy Buy & Hold Hold Hold"
hist-yobit-XRL-201711291759,history,announcement,yobit,XRL,BTC,1511978391000,2017-11-29T17:59:51Z,2026-10-07T12:53:22Z,history-merge-v1,Alt the Way,,,,,,,pumpsense,pumpsense_minus_2h,Coin Name: XRL/BTC
hist-yobit-XRL-201712111659,history,announcement,yobit,XRL,BTC,1513011590000,2017-12-11T16:59:50Z,2026-10-07T12:53:22Z,history-merge-v1,Alt the Way,,,,,,,pumpsense,pumpsense_minus_2h,"Coin: XRL
Exchange: YOBIT"
hist-yobit-XRL-201801141600,history,announcement,yobit,XRL,BTC,1515945600000,2018-01-14T16:00:00Z,2026-10-07T12:53:22Z,history-merge-v1,ATW; Alt the Way,,,,,,,lamorgia+pumpsense,lamorgia_gmt,"Coin: XRL
https://yobit.io/en/trade/XRL/BTC"
hist-yobit-XRL-201802241700,history,announcement,yobit,XRL,BTC,1519491600000,2018-02-24T17:00:00Z,2026-10-07T12:53:22Z,history-merge-v1,ATW; Alt the Way,,,,,,,lamorgia+pumpsense,lamorgia_gmt,"🚀 PUMP STARTS 🚀

The coin to pump is: 💎 XRL 💎 

Exchange: YOBIT.net 📊

Target: +300%  📈 

Market URL:  https://yobit.net/en/trade/XRL/BTC"
hist-yobit-ZET2-201708301600,history,announcement,yobit,ZET2,BTC,1504108823000,2017-08-30T16:00:23Z,2026-10-07T12:53:22Z,history-merge-v1,Alt the Way,,,,,,,pumpsense,pumpsense_minus_2h,"Coin ZET2

https://yobit.net/en/trade/ZET2/BTC#12H"
hist-yobit-ZIPT-201805091801,history,announcement,yobit,ZIPT,BTC,1525888909000,2018-05-09T18:01:49Z,2026-10-07T12:53:22Z,history-merge-v1,Alt the Way,,,,,,,pumpsense,pumpsense_minus_2h,"The coin to pump is: 💎 ZIPT 💎 

Exchange: YOBIT.net 📊

Target: +300% - 500%  📈 

Market: ZIPT/BTC
https://www.yobit.net/en/trade/ZIPT/BTC"
hist-yobit-ZIPT-201805141800,history,announcement,yobit,ZIPT,BTC,1526320826000,2018-05-14T18:00:26Z,2026-10-07T12:53:22Z,history-merge-v1,Alt the Way,,,,,,,pumpsense,pumpsense_minus_2h,"The coin to pump is: 💎 ZIPT 💎 

Exchange: YOBIT.net 📊

Target: +300% - 500%  📈 

Market: ZIPT/BTC
https://www.yobit.net/en/trade/ZIPT/BTC"
hist-yobit-ZLOOM-202005191800,history,announcement,yobit,ZLOOM,BTC,1589911206000,2020-05-19T18:00:06Z,2026-10-07T12:53:22Z,history-merge-v1,Alt the Way,,,,,,,pumpsense,pumpsense_minus_2h,"The coin to pump is: 💎LOOM💎 

Exchange: YOBIT.net 📊

Target: +200-300%   📈 

Market: LOOM/BTC

https://yobit.net/en/trade/LOOM/BTC

Buy Buy Buy & Hold Hold Hold
Buy Buy Buy & Hold Hold Hold
Buy Buy Buy & Hold Hold Hold"
hist-yobit-ZRX-201804172000,history,announcement,yobit,ZRX,BTC,1523995201000,2018-04-17T20:00:01Z,2026-10-07T12:53:22Z,history-merge-v1,Alt the Way,,,,,,,pumpsense,pumpsense_minus_2h,"The coin to pump is: 💎 ZRX 💎 

Exchange: YOBIT.net 📊

Target: +300% - 500%  📈 

Market: ZRX/BTC
https://www.yobit.net/en/trade/ZRX/BTC"
hist-yobit-ZRX-201804301801,history,announcement,yobit,ZRX,BTC,1525111262000,2018-04-30T18:01:02Z,2026-10-07T12:53:22Z,history-merge-v1,Alt the Way,,,,,,,pumpsense,pumpsense_minus_2h,"The coin to pump is: 💎 ZRX 💎 

Exchange: YOBIT.net 📊

Target: +300% - 500%  📈 

Market: ZRX/BTC
https://www.yobit.net/en/trade/ZRX/BTC"
