event_id,source,kind,status,p0,p_entry,peak_ret_1h,minutes_to_peak,pump,pump_dump,crash_7d,ret_entry_1h,ret_entry_24h,ret_entry_7d,max_ret_entry_24h,min_ret_entry_24h,delisted,label_version
tg-mexcpumpcoins-7238,telegram,announcement,not_covered,,,,,,,,,,,,,,crypto-label-v1
tg-mexcpumpcoins-7326,telegram,announcement,not_covered,,,,,,,,,,,,,,crypto-label-v1
tg-mexcpumpcoins-7358,telegram,announcement,pending,,,,,,,,,,,,,,crypto-label-v1
tg-mexcpumpcoins-7379,telegram,announcement,not_covered,,,,,,,,,,,,,,crypto-label-v1
tg-mexcpumpcoins-7402,telegram,announcement,not_covered,,,,,,,,,,,,,,crypto-label-v1
tg-mexcpumpcoins-7424,telegram,announcement,not_covered,,,,,,,,,,,,,,crypto-label-v1
tg-mexcpumpcoins-7440,telegram,announcement,not_covered,,,,,,,,,,,,,,crypto-label-v1
tg-mexcpumpcoins-7453,telegram,announcement,pending,,,,,,,,,,,,,,crypto-label-v1
tg-mexcpumpcoins-7467,telegram,announcement,not_covered,,,,,,,,,,,,,,crypto-label-v1
tg-mexcpumpcoins-7470,telegram,announcement,not_covered,,,,,,,,,,,,,,crypto-label-v1
tg-mexcpumpcoins-7492,telegram,announcement,not_covered,,,,,,,,,,,,,,crypto-label-v1
tg-mexcpumpcoins-7645,telegram,announcement,pending,,,,,,,,,,,,,,crypto-label-v1
tg-mexcpumpcoins-7659,telegram,announcement,not_covered,,,,,,,,,,,,,,crypto-label-v1
tg-mexcpumpcoins-7677,telegram,announcement,not_covered,,,,,,,,,,,,,,crypto-label-v1
tg-mexcpumpcoins-7695,telegram,announcement,not_covered,,,,,,,,,,,,,,crypto-label-v1
tg-mexcpumpcoins-7717,telegram,announcement,not_covered,,,,,,,,,,,,,,crypto-label-v1
tg-mexcpumpcoins-7735,telegram,announcement,not_covered,,,,,,,,,,,,,,crypto-label-v1
tg-mexcpumpcoins-7748,telegram,announcement,not_covered,,,,,,,,,,,,,,crypto-label-v1
tg-mexcpumpcoins-7768,telegram,announcement,not_covered,,,,,,,,,,,,,,crypto-label-v1
tg-mexcpumpcoins-7787,telegram,announcement,not_covered,,,,,,,,,,,,,,crypto-label-v1
tg-mexcpumpcoins-7808,telegram,announcement,not_covered,,,,,,,,,,,,,,crypto-label-v1
tg-mexcpumpcoins-7812,telegram,announcement,not_covered,,,,,,,,,,,,,,crypto-label-v1
tg-mexcpumpcoins-7872,telegram,announcement,not_covered,,,,,,,,,,,,,,crypto-label-v1
tg-mexcpumpcoins-7958,telegram,announcement,not_covered,,,,,,,,,,,,,,crypto-label-v1
tg-mexcpumpcoins-7962,telegram,announcement,not_covered,,,,,,,,,,,,,,crypto-label-v1
tg-mexcpumpcoins-7964,telegram,call,not_covered,,,,,,,,,,,,,,crypto-label-v1
tg-mexcpumpcoins-7998,telegram,announcement,not_covered,,,,,,,,,,,,,,crypto-label-v1
tg-mexcpumpcoins-8006,telegram,call,not_covered,,,,,,,,,,,,,,crypto-label-v1
tg-mexcpumpcoins-8029,telegram,announcement,not_covered,,,,,,,,,,,,,,crypto-label-v1
tg-mexcpumpcoins-8043,telegram,announcement,not_covered,,,,,,,,,,,,,,crypto-label-v1
tg-mexcpumpcoins-8064,telegram,announcement,not_covered,,,,,,,,,,,,,,crypto-label-v1
tg-mexcpumpcoins-8089,telegram,announcement,not_covered,,,,,,,,,,,,,,crypto-label-v1
tg-mexcpumpcoins-8094,telegram,call,not_covered,,,,,,,,,,,,,,crypto-label-v1
tg-kucoin_pump_group-837,telegram,call,pending,,,,,,,,,,,,,,crypto-label-v1
tg-kucoin_pump_group-845,telegram,call,pending,,,,,,,,,,,,,,crypto-label-v1
tg-kucoin_pump_group-846,telegram,call,pending,,,,,,,,,,,,,,crypto-label-v1
tg-kucoin_pump_group-864,telegram,call,pending,,,,,,,,,,,,,,crypto-label-v1
tg-kucoin_pump_group-887,telegram,call,pending,,,,,,,,,,,,,,crypto-label-v1
tg-mega_pump_group-1714,telegram,call,pending,,,,,,,,,,,,,,crypto-label-v1
tg-mega_pump_group-1859,telegram,call,not_covered,,,,,,,,,,,,,,crypto-label-v1
tg-mega_pump_group-2017,telegram,call,not_covered,,,,,,,,,,,,,,crypto-label-v1
tg-mega_pump_group-2033,telegram,announcement,not_covered,,,,,,,,,,,,,,crypto-label-v1
tg-mega_pump_group-2090,telegram,call,not_covered,,,,,,,,,,,,,,crypto-label-v1
tg-mega_pump_group-2159,telegram,call,pending,,,,,,,,,,,,,,crypto-label-v1
tg-mega_pump_group-2166,telegram,call,pending,,,,,,,,,,,,,,crypto-label-v1
tg-mega_pump_group-2184,telegram,call,pending,,,,,,,,,,,,,,crypto-label-v1
tg-mega_pump_group-2207,telegram,call,pending,,,,,,,,,,,,,,crypto-label-v1
tg-mexc_pumpsignal-561,telegram,announcement,not_covered,,,,,,,,,,,,,,crypto-label-v1
tg-mexc_pumpsignal-577,telegram,announcement,not_covered,,,,,,,,,,,,,,crypto-label-v1
tg-mexc_pumpsignal-593,telegram,announcement,not_covered,,,,,,,,,,,,,,crypto-label-v1
tg-mexc_pumpsignal-614,telegram,announcement,not_covered,,,,,,,,,,,,,,crypto-label-v1
tg-mexc_pumpsignal-625,telegram,announcement,not_covered,,,,,,,,,,,,,,crypto-label-v1
tg-mexc_pumpsignal-633,telegram,announcement,not_covered,,,,,,,,,,,,,,crypto-label-v1
tg-mexc_pumpsignal-656,telegram,announcement,pending,,,,,,,,,,,,,,crypto-label-v1
tg-mexc_pumpsignal-665,telegram,announcement,not_covered,,,,,,,,,,,,,,crypto-label-v1
tg-mexc_pumpsignal-675,telegram,announcement,pending,,,,,,,,,,,,,,crypto-label-v1
tg-mexc_pumpsignal-677,telegram,call,not_covered,,,,,,,,,,,,,,crypto-label-v1
tg-mexc_pumpsignal-682,telegram,announcement,not_covered,,,,,,,,,,,,,,crypto-label-v1
tg-mexc_pumpsignal-702,telegram,announcement,not_covered,,,,,,,,,,,,,,crypto-label-v1
tg-mexc_pumpsignal-714,telegram,announcement,not_covered,,,,,,,,,,,,,,crypto-label-v1
tg-mexc_pumpsignal-736,telegram,announcement,not_covered,,,,,,,,,,,,,,crypto-label-v1
tg-mexc_pumpsignal-763,telegram,announcement,not_covered,,,,,,,,,,,,,,crypto-label-v1
tg-mexc_pumpsignal-772,telegram,announcement,not_covered,,,,,,,,,,,,,,crypto-label-v1
tg-mexc_pumpsignal-896,telegram,announcement,pending,,,,,,,,,,,,,,crypto-label-v1
tg-mexc_pumpsignal-905,telegram,announcement,pending,,,,,,,,,,,,,,crypto-label-v1
tg-crypto_pumps_events_signals-9990,telegram,announcement,not_covered,,,,,,,,,,,,,,crypto-label-v1
tg-crypto_pumps_events_signals-10027,telegram,announcement,not_covered,,,,,,,,,,,,,,crypto-label-v1
tg-crypto_pumps_events_signals-10064,telegram,announcement,not_covered,,,,,,,,,,,,,,crypto-label-v1
tg-crypto_pumps_events_signals-10100,telegram,announcement,pending,,,,,,,,,,,,,,crypto-label-v1
tg-crypto_pumps_events_signals-10128,telegram,announcement,not_covered,,,,,,,,,,,,,,crypto-label-v1
tg-crypto_pumps_events_signals-10165,telegram,announcement,not_covered,,,,,,,,,,,,,,crypto-label-v1
tg-crypto_pumps_events_signals-10204,telegram,announcement,not_covered,,,,,,,,,,,,,,crypto-label-v1
tg-crypto_pumps_events_signals-10243,telegram,announcement,not_covered,,,,,,,,,,,,,,crypto-label-v1
tg-crypto_pumps_events_signals-10280,telegram,announcement,pending,,,,,,,,,,,,,,crypto-label-v1
tg-crypto_pumps_events_signals-10322,telegram,announcement,not_covered,,,,,,,,,,,,,,crypto-label-v1
tg-crypto_pumps_events_signals-10360,telegram,announcement,not_covered,,,,,,,,,,,,,,crypto-label-v1
tg-crypto_pumps_events_signals-10398,telegram,announcement,not_covered,,,,,,,,,,,,,,crypto-label-v1
tg-crypto_pumps_events_signals-10427,telegram,announcement,not_covered,,,,,,,,,,,,,,crypto-label-v1
tg-crypto_pumps_events_signals-10462,telegram,announcement,not_covered,,,,,,,,,,,,,,crypto-label-v1
tg-crypto_pumps_events_signals-10496,telegram,announcement,not_covered,,,,,,,,,,,,,,crypto-label-v1
tg-crypto_pumps_events_signals-10527,telegram,announcement,not_covered,,,,,,,,,,,,,,crypto-label-v1
tg-crypto_pumps_events_signals-10564,telegram,announcement,not_covered,,,,,,,,,,,,,,crypto-label-v1
tg-crypto_pumps_events_signals-10596,telegram,announcement,not_covered,,,,,,,,,,,,,,crypto-label-v1
tg-crypto_pumps_events_signals-10632,telegram,announcement,not_covered,,,,,,,,,,,,,,crypto-label-v1
tg-crypto_pumps_events_signals-10668,telegram,announcement,not_covered,,,,,,,,,,,,,,crypto-label-v1
tg-crypto_pumps_events_signals-10711,telegram,announcement,not_covered,,,,,,,,,,,,,,crypto-label-v1
tg-crypto_pumps_events_signals-10743,telegram,announcement,not_covered,,,,,,,,,,,,,,crypto-label-v1
tg-crypto_pumps_events_signals-10806,telegram,announcement,not_covered,,,,,,,,,,,,,,crypto-label-v1
tg-crypto_pumps_events_signals-10842,telegram,announcement,not_covered,,,,,,,,,,,,,,crypto-label-v1
tg-crypto_pumps_events_signals-10883,telegram,announcement,not_covered,,,,,,,,,,,,,,crypto-label-v1
tg-crypto_pumps_events_signals-10913,telegram,announcement,not_covered,,,,,,,,,,,,,,crypto-label-v1
tg-crypto_pumps_events_signals-10983,telegram,announcement,not_covered,,,,,,,,,,,,,,crypto-label-v1
tg-crypto_pumps_events_signals-11027,telegram,announcement,not_covered,,,,,,,,,,,,,,crypto-label-v1
tg-crypto_pumps_events_signals-11103,telegram,announcement,not_covered,,,,,,,,,,,,,,crypto-label-v1
tg-crypto_pumps_events_signals-11131,telegram,announcement,not_covered,,,,,,,,,,,,,,crypto-label-v1
tg-crypto_pumps_events_signals-11171,telegram,announcement,not_covered,,,,,,,,,,,,,,crypto-label-v1
tg-crypto_pumps_events_signals-11209,telegram,announcement,not_covered,,,,,,,,,,,,,,crypto-label-v1
tg-crypto_pumps_events_signals-11247,telegram,announcement,not_covered,,,,,,,,,,,,,,crypto-label-v1
tg-crypto_pumps_events_signals-11316,telegram,announcement,not_covered,,,,,,,,,,,,,,crypto-label-v1
tg-crypto_pumps_events_signals-11344,telegram,announcement,not_covered,,,,,,,,,,,,,,crypto-label-v1
tg-bitcoinpumpgroup-48084,telegram,call,pending,,,,,,,,,,,,,,crypto-label-v1
tg-bitcoinpumpgroup-48085,telegram,call,pending,,,,,,,,,,,,,,crypto-label-v1
tg-bitcoinpumpgroup-48087,telegram,call,pending,,,,,,,,,,,,,,crypto-label-v1
tg-bitcoinpumpgroup-48088,telegram,call,pending,,,,,,,,,,,,,,crypto-label-v1
tg-bitcoinpumpgroup-48090,telegram,call,pending,,,,,,,,,,,,,,crypto-label-v1
tg-bitcoinpumpgroup-48091,telegram,call,pending,,,,,,,,,,,,,,crypto-label-v1
tg-bitcoinpumpgroup-48092,telegram,call,pending,,,,,,,,,,,,,,crypto-label-v1
tg-bitcoinpumpgroup-48093,telegram,call,pending,,,,,,,,,,,,,,crypto-label-v1
tg-bitcoinpumpgroup-48095,telegram,call,pending,,,,,,,,,,,,,,crypto-label-v1
tg-bitcoinpumpgroup-48096,telegram,call,pending,,,,,,,,,,,,,,crypto-label-v1
tg-bitcoinpumpgroup-48097,telegram,call,pending,,,,,,,,,,,,,,crypto-label-v1
tg-bitcoinpumpgroup-48099,telegram,call,pending,,,,,,,,,,,,,,crypto-label-v1
tg-bitcoinpumpgroup-48100,telegram,call,pending,,,,,,,,,,,,,,crypto-label-v1
tg-bitcoinpumpgroup-48101,telegram,call,pending,,,,,,,,,,,,,,crypto-label-v1
tg-bitcoinpumpgroup-48102,telegram,call,pending,,,,,,,,,,,,,,crypto-label-v1
tg-bitcoinpumpgroup-48104,telegram,call,pending,,,,,,,,,,,,,,crypto-label-v1
tg-bitcoinpumpgroup-48105,telegram,call,pending,,,,,,,,,,,,,,crypto-label-v1
tg-bitcoinpumpgroup-48106,telegram,call,pending,,,,,,,,,,,,,,crypto-label-v1
tg-bitcoinpumpgroup-48107,telegram,call,pending,,,,,,,,,,,,,,crypto-label-v1
tg-bitcoinpumpgroup-48109,telegram,call,pending,,,,,,,,,,,,,,crypto-label-v1
tg-bitcoinpumpgroup-48110,telegram,call,pending,,,,,,,,,,,,,,crypto-label-v1
tg-bitcoinpumpgroup-48112,telegram,call,pending,,,,,,,,,,,,,,crypto-label-v1
tg-bitcoinpumpgroup-48113,telegram,call,pending,,,,,,,,,,,,,,crypto-label-v1
tg-bitcoinpumpgroup-48114,telegram,call,pending,,,,,,,,,,,,,,crypto-label-v1
tg-bitcoinpumpgroup-48115,telegram,call,pending,,,,,,,,,,,,,,crypto-label-v1
tg-bitcoinpumpgroup-48117,telegram,call,pending,,,,,,,,,,,,,,crypto-label-v1
tg-bitcoinpumpgroup-48118,telegram,call,pending,,,,,,,,,,,,,,crypto-label-v1
tg-bitcoinpumpgroup-48120,telegram,call,pending,,,,,,,,,,,,,,crypto-label-v1
tg-bitcoinpumpgroup-48121,telegram,call,pending,,,,,,,,,,,,,,crypto-label-v1
tg-bitcoinpumpgroup-48123,telegram,call,pending,,,,,,,,,,,,,,crypto-label-v1
tg-bitcoinpumpgroup-48124,telegram,call,pending,,,,,,,,,,,,,,crypto-label-v1
tg-bitcoinpumpgroup-48128,telegram,call,pending,,,,,,,,,,,,,,crypto-label-v1
tg-bitcoinpumpgroup-48129,telegram,call,pending,,,,,,,,,,,,,,crypto-label-v1
tg-bitcoinpumpgroup-48130,telegram,call,pending,,,,,,,,,,,,,,crypto-label-v1
tg-bitcoinpumpgroup-48132,telegram,call,pending,,,,,,,,,,,,,,crypto-label-v1
tg-bitcoinpumpgroup-48133,telegram,call,pending,,,,,,,,,,,,,,crypto-label-v1
tg-bitcoinpumpgroup-48134,telegram,call,pending,,,,,,,,,,,,,,crypto-label-v1
tg-bitcoinpumpgroup-48136,telegram,call,pending,,,,,,,,,,,,,,crypto-label-v1
tg-bitcoinpumpgroup-48137,telegram,call,pending,,,,,,,,,,,,,,crypto-label-v1
tg-bitcoinpumpgroup-48138,telegram,call,pending,,,,,,,,,,,,,,crypto-label-v1
tg-bitcoinpumpgroup-48140,telegram,call,pending,,,,,,,,,,,,,,crypto-label-v1
tg-bitcoinpumpgroup-48141,telegram,call,pending,,,,,,,,,,,,,,crypto-label-v1
tg-bitcoinpumpgroup-48144,telegram,call,pending,,,,,,,,,,,,,,crypto-label-v1
tg-bitcoinpumpgroup-48145,telegram,call,pending,,,,,,,,,,,,,,crypto-label-v1
tg-bitcoinpumpgroup-48147,telegram,call,pending,,,,,,,,,,,,,,crypto-label-v1
tg-bitcoinpumpgroup-48148,telegram,call,pending,,,,,,,,,,,,,,crypto-label-v1
tg-bitcoinpumpgroup-48150,telegram,call,pending,,,,,,,,,,,,,,crypto-label-v1
tg-bitcoinpumpgroup-48151,telegram,call,pending,,,,,,,,,,,,,,crypto-label-v1
tg-bitcoinpumpgroup-48152,telegram,call,pending,,,,,,,,,,,,,,crypto-label-v1
tg-bitcoinpumpgroup-48154,telegram,call,pending,,,,,,,,,,,,,,crypto-label-v1
tg-bitcoinpumpgroup-48155,telegram,call,pending,,,,,,,,,,,,,,crypto-label-v1
tg-bitcoinpumpgroup-48157,telegram,call,pending,,,,,,,,,,,,,,crypto-label-v1
tg-bitcoinpumpgroup-48158,telegram,call,pending,,,,,,,,,,,,,,crypto-label-v1
tg-bitcoinpumpgroup-48160,telegram,call,pending,,,,,,,,,,,,,,crypto-label-v1
tg-bitcoinpumpgroup-48161,telegram,call,pending,,,,,,,,,,,,,,crypto-label-v1
tg-bitcoinpumpgroup-48163,telegram,call,pending,,,,,,,,,,,,,,crypto-label-v1
tg-bitcoinpumpgroup-48164,telegram,call,pending,,,,,,,,,,,,,,crypto-label-v1
tg-bitcoinpumpgroup-48165,telegram,call,pending,,,,,,,,,,,,,,crypto-label-v1
tg-bitcoinpumpgroup-48166,telegram,call,pending,,,,,,,,,,,,,,crypto-label-v1
tg-bitcoinpumpgroup-48168,telegram,call,pending,,,,,,,,,,,,,,crypto-label-v1
tg-bitcoinpumpgroup-48169,telegram,call,pending,,,,,,,,,,,,,,crypto-label-v1
tg-bitcoinpumpgroup-48170,telegram,call,pending,,,,,,,,,,,,,,crypto-label-v1
tg-bitcoinpumpgroup-48172,telegram,call,pending,,,,,,,,,,,,,,crypto-label-v1
tg-bitcoinpumpgroup-48173,telegram,call,pending,,,,,,,,,,,,,,crypto-label-v1
tg-bitcoinpumpgroup-48174,telegram,call,pending,,,,,,,,,,,,,,crypto-label-v1
tg-bitcoinpumpgroup-48176,telegram,call,pending,,,,,,,,,,,,,,crypto-label-v1
tg-bitcoinpumpgroup-48177,telegram,call,pending,,,,,,,,,,,,,,crypto-label-v1
tg-bitcoinpumpgroup-48180,telegram,call,pending,,,,,,,,,,,,,,crypto-label-v1
tg-bitcoinpumpgroup-48181,telegram,call,pending,,,,,,,,,,,,,,crypto-label-v1
tg-bitcoinpumpgroup-48183,telegram,call,pending,,,,,,,,,,,,,,crypto-label-v1
tg-bitcoinpumpgroup-48184,telegram,call,pending,,,,,,,,,,,,,,crypto-label-v1
tg-bitcoinpumpgroup-48187,telegram,call,pending,,,,,,,,,,,,,,crypto-label-v1
tg-bitcoinpumpgroup-48188,telegram,call,pending,,,,,,,,,,,,,,crypto-label-v1
tg-bitcoinpumpgroup-48189,telegram,call,pending,,,,,,,,,,,,,,crypto-label-v1
tg-bitcoinpumpgroup-48191,telegram,call,pending,,,,,,,,,,,,,,crypto-label-v1
tg-bitcoinpumpgroup-48192,telegram,call,pending,,,,,,,,,,,,,,crypto-label-v1
tg-bitcoinpumpgroup-48194,telegram,call,pending,,,,,,,,,,,,,,crypto-label-v1
tg-bitcoinpumpgroup-48195,telegram,call,pending,,,,,,,,,,,,,,crypto-label-v1
tg-bitcoinpumpgroup-48197,telegram,call,pending,,,,,,,,,,,,,,crypto-label-v1
tg-bitcoinpumpgroup-48198,telegram,call,pending,,,,,,,,,,,,,,crypto-label-v1
tg-bitcoinpumpgroup-48200,telegram,call,pending,,,,,,,,,,,,,,crypto-label-v1
tg-bitcoinpumpgroup-48201,telegram,call,pending,,,,,,,,,,,,,,crypto-label-v1
tg-bitcoinpumpgroup-48202,telegram,call,pending,,,,,,,,,,,,,,crypto-label-v1
tg-bitcoinpumpgroup-48203,telegram,call,pending,,,,,,,,,,,,,,crypto-label-v1
tg-bitcoinpumpgroup-48205,telegram,call,pending,,,,,,,,,,,,,,crypto-label-v1
tg-bitcoinpumpgroup-48206,telegram,call,pending,,,,,,,,,,,,,,crypto-label-v1
tg-bitcoinpumpgroup-48207,telegram,call,pending,,,,,,,,,,,,,,crypto-label-v1
tg-bitcoinpumpgroup-48209,telegram,call,pending,,,,,,,,,,,,,,crypto-label-v1
tg-bitcoinpumpgroup-48210,telegram,call,pending,,,,,,,,,,,,,,crypto-label-v1
tg-bitcoinpumpgroup-48211,telegram,call,pending,,,,,,,,,,,,,,crypto-label-v1
tg-bitcoinpumpgroup-48212,telegram,call,pending,,,,,,,,,,,,,,crypto-label-v1
tg-bitcoinpumpgroup-48215,telegram,call,pending,,,,,,,,,,,,,,crypto-label-v1
tg-bitcoinpumpgroup-48216,telegram,call,pending,,,,,,,,,,,,,,crypto-label-v1
tg-bitcoinpumpgroup-48218,telegram,call,pending,,,,,,,,,,,,,,crypto-label-v1
tg-bitcoinpumpgroup-48219,telegram,call,pending,,,,,,,,,,,,,,crypto-label-v1
tg-bitcoinpumpgroup-48221,telegram,call,pending,,,,,,,,,,,,,,crypto-label-v1
tg-bitcoinpumpgroup-48222,telegram,call,pending,,,,,,,,,,,,,,crypto-label-v1
tg-bitcoinpumpgroup-48223,telegram,call,pending,,,,,,,,,,,,,,crypto-label-v1
tg-bitcoinpumpgroup-48226,telegram,call,pending,,,,,,,,,,,,,,crypto-label-v1
tg-bitcoinpumpgroup-48229,telegram,call,pending,,,,,,,,,,,,,,crypto-label-v1
tg-bitcoinpumpgroup-48230,telegram,call,pending,,,,,,,,,,,,,,crypto-label-v1
tg-bitcoinpumpgroup-48232,telegram,call,pending,,,,,,,,,,,,,,crypto-label-v1
tg-bitcoinpumpgroup-48233,telegram,call,pending,,,,,,,,,,,,,,crypto-label-v1
tg-bitcoinpumpgroup-48235,telegram,call,pending,,,,,,,,,,,,,,crypto-label-v1
tg-bitcoinpumpgroup-48236,telegram,call,pending,,,,,,,,,,,,,,crypto-label-v1
tg-bitcoinpumpgroup-48238,telegram,call,pending,,,,,,,,,,,,,,crypto-label-v1
tg-bitcoinpumpgroup-48239,telegram,call,pending,,,,,,,,,,,,,,crypto-label-v1
tg-bitcoinpumpgroup-48240,telegram,call,pending,,,,,,,,,,,,,,crypto-label-v1
tg-bitcoinpumpgroup-48241,telegram,call,pending,,,,,,,,,,,,,,crypto-label-v1
tg-bitcoinpumpgroup-48243,telegram,call,pending,,,,,,,,,,,,,,crypto-label-v1
tg-bitcoinpumpgroup-48244,telegram,call,pending,,,,,,,,,,,,,,crypto-label-v1
tg-bitcoinpumpgroup-48246,telegram,call,pending,,,,,,,,,,,,,,crypto-label-v1
tg-bitcoinpumpgroup-48247,telegram,call,pending,,,,,,,,,,,,,,crypto-label-v1
tg-bitcoinpumpgroup-48249,telegram,call,pending,,,,,,,,,,,,,,crypto-label-v1
tg-bitcoinpumpgroup-48250,telegram,call,pending,,,,,,,,,,,,,,crypto-label-v1
tg-bitcoinpumpgroup-48252,telegram,call,pending,,,,,,,,,,,,,,crypto-label-v1
tg-bitcoinpumpgroup-48253,telegram,call,pending,,,,,,,,,,,,,,crypto-label-v1
tg-bitcoinpumpgroup-48255,telegram,call,pending,,,,,,,,,,,,,,crypto-label-v1
tg-bitcoinpumpgroup-48256,telegram,call,pending,,,,,,,,,,,,,,crypto-label-v1
tg-bitcoinpumpgroup-48258,telegram,call,pending,,,,,,,,,,,,,,crypto-label-v1
tg-bitcoinpumpgroup-48259,telegram,call,pending,,,,,,,,,,,,,,crypto-label-v1
tg-bitcoinpumpgroup-48261,telegram,call,pending,,,,,,,,,,,,,,crypto-label-v1
tg-bitcoinpumpgroup-48262,telegram,call,pending,,,,,,,,,,,,,,crypto-label-v1
tg-bitcoinpumpgroup-48263,telegram,call,pending,,,,,,,,,,,,,,crypto-label-v1
tg-bitcoinpumpgroup-48265,telegram,call,pending,,,,,,,,,,,,,,crypto-label-v1
tg-bitcoinpumpgroup-48268,telegram,call,pending,,,,,,,,,,,,,,crypto-label-v1
tg-bitcoinpumpgroup-48269,telegram,call,pending,,,,,,,,,,,,,,crypto-label-v1
tg-bitcoinpumpgroup-48270,telegram,call,pending,,,,,,,,,,,,,,crypto-label-v1
tg-bitcoinpumpgroup-48271,telegram,call,pending,,,,,,,,,,,,,,crypto-label-v1
tg-bitcoinpumpgroup-48273,telegram,call,pending,,,,,,,,,,,,,,crypto-label-v1
tg-bitcoinpumpgroup-48274,telegram,call,pending,,,,,,,,,,,,,,crypto-label-v1
tg-bitcoinpumpgroup-48275,telegram,call,pending,,,,,,,,,,,,,,crypto-label-v1
tg-bitcoinpumpgroup-48276,telegram,call,pending,,,,,,,,,,,,,,crypto-label-v1
tg-bitcoinpumpgroup-48278,telegram,call,pending,,,,,,,,,,,,,,crypto-label-v1
tg-bitcoinpumpgroup-48279,telegram,call,pending,,,,,,,,,,,,,,crypto-label-v1
tg-bitcoinpumpgroup-48281,telegram,call,pending,,,,,,,,,,,,,,crypto-label-v1
tg-bitcoinpumpgroup-48282,telegram,call,pending,,,,,,,,,,,,,,crypto-label-v1
tg-bitcoinpumpgroup-48284,telegram,call,pending,,,,,,,,,,,,,,crypto-label-v1
tg-bitcoinpumpgroup-48285,telegram,call,pending,,,,,,,,,,,,,,crypto-label-v1
tg-bitcoinpumpgroup-48287,telegram,call,pending,,,,,,,,,,,,,,crypto-label-v1
tg-bitcoinpumpgroup-48288,telegram,call,pending,,,,,,,,,,,,,,crypto-label-v1
tg-bitcoinpumpgroup-48290,telegram,call,pending,,,,,,,,,,,,,,crypto-label-v1
tg-bitcoinpumpgroup-48291,telegram,call,pending,,,,,,,,,,,,,,crypto-label-v1
tg-bitcoinpumpgroup-48293,telegram,call,pending,,,,,,,,,,,,,,crypto-label-v1
tg-bitcoinpumpgroup-48294,telegram,call,pending,,,,,,,,,,,,,,crypto-label-v1
tg-bitcoinpumpgroup-48295,telegram,call,pending,,,,,,,,,,,,,,crypto-label-v1
tg-bitcoinpumpgroup-48297,telegram,call,pending,,,,,,,,,,,,,,crypto-label-v1
tg-bitcoinpumpgroup-48298,telegram,call,pending,,,,,,,,,,,,,,crypto-label-v1
tg-bitcoinpumpgroup-48299,telegram,call,pending,,,,,,,,,,,,,,crypto-label-v1
tg-bitcoinpumpgroup-48300,telegram,call,pending,,,,,,,,,,,,,,crypto-label-v1
tg-bitcoinpumpgroup-48302,telegram,call,pending,,,,,,,,,,,,,,crypto-label-v1
tg-bitcoinpumpgroup-48303,telegram,call,pending,,,,,,,,,,,,,,crypto-label-v1
tg-bitcoinpumpgroup-48305,telegram,call,pending,,,,,,,,,,,,,,crypto-label-v1
tg-bitcoinpumpgroup-48306,telegram,call,pending,,,,,,,,,,,,,,crypto-label-v1
tg-bitcoinpumpgroup-48307,telegram,call,pending,,,,,,,,,,,,,,crypto-label-v1
tg-bitcoinpumpgroup-48309,telegram,call,pending,,,,,,,,,,,,,,crypto-label-v1
tg-bitcoinpumpgroup-48310,telegram,call,pending,,,,,,,,,,,,,,crypto-label-v1
tg-bitcoinpumpgroup-48311,telegram,call,pending,,,,,,,,,,,,,,crypto-label-v1
tg-bitcoinpumpgroup-48312,telegram,call,pending,,,,,,,,,,,,,,crypto-label-v1
tg-bitcoinpumpgroup-48314,telegram,call,pending,,,,,,,,,,,,,,crypto-label-v1
tg-bitcoinpumpgroup-48315,telegram,call,pending,,,,,,,,,,,,,,crypto-label-v1
tg-bitcoinpumpgroup-48317,telegram,call,pending,,,,,,,,,,,,,,crypto-label-v1
tg-bitcoinpumpgroup-48318,telegram,call,pending,,,,,,,,,,,,,,crypto-label-v1
tg-bitcoinpumpgroup-48319,telegram,call,pending,,,,,,,,,,,,,,crypto-label-v1
tg-bitcoinpumpgroup-48321,telegram,call,pending,,,,,,,,,,,,,,crypto-label-v1
tg-bitcoinpumpgroup-48322,telegram,call,pending,,,,,,,,,,,,,,crypto-label-v1
tg-bitcoinpumpgroup-48323,telegram,call,pending,,,,,,,,,,,,,,crypto-label-v1
tg-bitcoinpumpgroup-48325,telegram,call,pending,,,,,,,,,,,,,,crypto-label-v1
tg-bitcoinpumpgroup-48326,telegram,call,pending,,,,,,,,,,,,,,crypto-label-v1
tg-bitcoinpumpgroup-48328,telegram,call,pending,,,,,,,,,,,,,,crypto-label-v1
tg-bitcoinpumpgroup-48329,telegram,call,pending,,,,,,,,,,,,,,crypto-label-v1
tg-bitcoinpumpgroup-48331,telegram,call,pending,,,,,,,,,,,,,,crypto-label-v1
tg-bitcoinpumpgroup-48332,telegram,call,pending,,,,,,,,,,,,,,crypto-label-v1
tg-bitcoinpumpgroup-48334,telegram,call,pending,,,,,,,,,,,,,,crypto-label-v1
tg-bitcoinpumpgroup-48335,telegram,call,pending,,,,,,,,,,,,,,crypto-label-v1
tg-bitcoinpumpgroup-48337,telegram,call,pending,,,,,,,,,,,,,,crypto-label-v1
tg-bitcoinpumpgroup-48338,telegram,call,pending,,,,,,,,,,,,,,crypto-label-v1
tg-bitcoinpumpgroup-48339,telegram,call,pending,,,,,,,,,,,,,,crypto-label-v1
tg-bitcoinpumpgroup-48340,telegram,call,pending,,,,,,,,,,,,,,crypto-label-v1
tg-bitcoinpumpgroup-48342,telegram,call,pending,,,,,,,,,,,,,,crypto-label-v1
tg-bitcoinpumpgroup-48343,telegram,call,pending,,,,,,,,,,,,,,crypto-label-v1
tg-bitcoinpumpgroup-48345,telegram,call,pending,,,,,,,,,,,,,,crypto-label-v1
tg-bitcoinpumpgroup-48346,telegram,call,pending,,,,,,,,,,,,,,crypto-label-v1
tg-bitcoinpumpgroup-48348,telegram,call,pending,,,,,,,,,,,,,,crypto-label-v1
tg-bitcoinpumpgroup-48349,telegram,call,pending,,,,,,,,,,,,,,crypto-label-v1
tg-bitcoinpumpgroup-48350,telegram,call,pending,,,,,,,,,,,,,,crypto-label-v1
tg-bitcoinpumpgroup-48351,telegram,call,pending,,,,,,,,,,,,,,crypto-label-v1
tg-bitcoinpumpgroup-48355,telegram,call,pending,,,,,,,,,,,,,,crypto-label-v1
tg-bitcoinpumpgroup-48356,telegram,call,pending,,,,,,,,,,,,,,crypto-label-v1
tg-bitcoinpumpgroup-48357,telegram,call,pending,,,,,,,,,,,,,,crypto-label-v1
tg-bitcoinpumpgroup-48359,telegram,call,pending,,,,,,,,,,,,,,crypto-label-v1
tg-bitcoinpumpgroup-48360,telegram,call,pending,,,,,,,,,,,,,,crypto-label-v1
tg-bitcoinpumpgroup-48362,telegram,call,pending,,,,,,,,,,,,,,crypto-label-v1
tg-bitcoinpumpgroup-48363,telegram,call,pending,,,,,,,,,,,,,,crypto-label-v1
tg-bitcoinpumpgroup-48365,telegram,call,pending,,,,,,,,,,,,,,crypto-label-v1
tg-bitcoinpumpgroup-48366,telegram,call,pending,,,,,,,,,,,,,,crypto-label-v1
tg-bitcoinpumpgroup-48367,telegram,call,pending,,,,,,,,,,,,,,crypto-label-v1
tg-bitcoinpumpgroup-48368,telegram,call,pending,,,,,,,,,,,,,,crypto-label-v1
tg-bitcoinpumpgroup-48370,telegram,call,pending,,,,,,,,,,,,,,crypto-label-v1
tg-bitcoinpumpgroup-48371,telegram,call,pending,,,,,,,,,,,,,,crypto-label-v1
tg-bitcoinpumpgroup-48373,telegram,call,pending,,,,,,,,,,,,,,crypto-label-v1
tg-bitcoinpumpgroup-48374,telegram,call,pending,,,,,,,,,,,,,,crypto-label-v1
tg-bitcoinpumpgroup-48375,telegram,call,pending,,,,,,,,,,,,,,crypto-label-v1
tg-bitcoinpumpgroup-48376,telegram,call,pending,,,,,,,,,,,,,,crypto-label-v1
tg-bitcoinpumpgroup-48378,telegram,call,pending,,,,,,,,,,,,,,crypto-label-v1
tg-bitcoinpumpgroup-48379,telegram,call,pending,,,,,,,,,,,,,,crypto-label-v1
tg-bitcoinpumpgroup-48381,telegram,call,pending,,,,,,,,,,,,,,crypto-label-v1
tg-bitcoinpumpgroup-48382,telegram,call,pending,,,,,,,,,,,,,,crypto-label-v1
tg-bitcoinpumpgroup-48383,telegram,call,pending,,,,,,,,,,,,,,crypto-label-v1
tg-bitcoinpumpgroup-48384,telegram,call,pending,,,,,,,,,,,,,,crypto-label-v1
tg-bitcoinpumpgroup-48386,telegram,call,pending,,,,,,,,,,,,,,crypto-label-v1
tg-bitcoinpumpgroup-48387,telegram,call,pending,,,,,,,,,,,,,,crypto-label-v1
tg-bitcoinpumpgroup-48389,telegram,call,pending,,,,,,,,,,,,,,crypto-label-v1
tg-bitcoinpumpgroup-48390,telegram,call,pending,,,,,,,,,,,,,,crypto-label-v1
tg-bitcoinpumpgroup-48391,telegram,call,pending,,,,,,,,,,,,,,crypto-label-v1
tg-bitcoinpumpgroup-48392,telegram,call,pending,,,,,,,,,,,,,,crypto-label-v1
tg-bitcoinpumpgroup-48394,telegram,call,pending,,,,,,,,,,,,,,crypto-label-v1
tg-bitcoinpumpgroup-48395,telegram,call,pending,,,,,,,,,,,,,,crypto-label-v1
tg-bitcoinpumpgroup-48397,telegram,call,pending,,,,,,,,,,,,,,crypto-label-v1
tg-bitcoinpumpgroup-48398,telegram,call,pending,,,,,,,,,,,,,,crypto-label-v1
tg-bitcoinpumpgroup-48400,telegram,call,pending,,,,,,,,,,,,,,crypto-label-v1
tg-bitcoinpumpgroup-48401,telegram,call,pending,,,,,,,,,,,,,,crypto-label-v1
tg-bitcoinpumpgroup-48402,telegram,call,pending,,,,,,,,,,,,,,crypto-label-v1
tg-bitcoinpumpgroup-48403,telegram,call,pending,,,,,,,,,,,,,,crypto-label-v1
tg-bitcoinpumpgroup-48405,telegram,call,pending,,,,,,,,,,,,,,crypto-label-v1
tg-bitcoinpumpgroup-48406,telegram,call,pending,,,,,,,,,,,,,,crypto-label-v1
tg-bitcoinpumpgroup-48407,telegram,call,pending,,,,,,,,,,,,,,crypto-label-v1
tg-bitcoinpumpgroup-48409,telegram,call,pending,,,,,,,,,,,,,,crypto-label-v1
tg-bitcoinpumpgroup-48410,telegram,call,pending,,,,,,,,,,,,,,crypto-label-v1
tg-bitcoinpumpgroup-48411,telegram,call,pending,,,,,,,,,,,,,,crypto-label-v1
tg-bitcoinpumpgroup-48412,telegram,call,pending,,,,,,,,,,,,,,crypto-label-v1
tg-bitcoinpumpgroup-48414,telegram,call,pending,,,,,,,,,,,,,,crypto-label-v1
tg-bitcoinpumpgroup-48415,telegram,call,pending,,,,,,,,,,,,,,crypto-label-v1
tg-bitcoinpumpgroup-48416,telegram,call,pending,,,,,,,,,,,,,,crypto-label-v1
tg-bitcoinpumpgroup-48418,telegram,call,pending,,,,,,,,,,,,,,crypto-label-v1
tg-bitcoinpumpgroup-48419,telegram,call,pending,,,,,,,,,,,,,,crypto-label-v1
tg-bitcoinpumpgroup-48420,telegram,call,pending,,,,,,,,,,,,,,crypto-label-v1
tg-bitcoinpumpgroup-48422,telegram,call,pending,,,,,,,,,,,,,,crypto-label-v1
tg-bitcoinpumpgroup-48423,telegram,call,pending,,,,,,,,,,,,,,crypto-label-v1
tg-bitcoinpumpgroup-48425,telegram,call,pending,,,,,,,,,,,,,,crypto-label-v1
tg-bitcoinpumpgroup-48426,telegram,call,pending,,,,,,,,,,,,,,crypto-label-v1
tg-bitcoinpumpgroup-48428,telegram,call,pending,,,,,,,,,,,,,,crypto-label-v1
tg-bitcoinpumpgroup-48429,telegram,call,pending,,,,,,,,,,,,,,crypto-label-v1
tg-bitcoinpumpgroup-48430,telegram,call,pending,,,,,,,,,,,,,,crypto-label-v1
tg-bitcoinpumpgroup-48431,telegram,call,pending,,,,,,,,,,,,,,crypto-label-v1
tg-bitcoinpumpgroup-48433,telegram,call,pending,,,,,,,,,,,,,,crypto-label-v1
tg-bitcoinpumpgroup-48434,telegram,call,pending,,,,,,,,,,,,,,crypto-label-v1
tg-bitcoinpumpgroup-48436,telegram,call,pending,,,,,,,,,,,,,,crypto-label-v1
tg-bitcoinpumpgroup-48437,telegram,call,pending,,,,,,,,,,,,,,crypto-label-v1
tg-bitcoinpumpgroup-48439,telegram,call,pending,,,,,,,,,,,,,,crypto-label-v1
tg-bitcoinpumpgroup-48440,telegram,call,pending,,,,,,,,,,,,,,crypto-label-v1
tg-bitcoinpumpgroup-48442,telegram,call,pending,,,,,,,,,,,,,,crypto-label-v1
tg-bitcoinpumpgroup-48445,telegram,call,pending,,,,,,,,,,,,,,crypto-label-v1
tg-bitcoinpumpgroup-48446,telegram,call,pending,,,,,,,,,,,,,,crypto-label-v1
tg-bitcoinpumpgroup-48448,telegram,call,pending,,,,,,,,,,,,,,crypto-label-v1
tg-bitcoinpumpgroup-48449,telegram,call,pending,,,,,,,,,,,,,,crypto-label-v1
tg-bitcoinpumpgroup-48450,telegram,call,pending,,,,,,,,,,,,,,crypto-label-v1
tg-bitcoinpumpgroup-48452,telegram,call,pending,,,,,,,,,,,,,,crypto-label-v1
tg-bitcoinpumpgroup-48453,telegram,call,pending,,,,,,,,,,,,,,crypto-label-v1
tg-bitcoinpumpgroup-48455,telegram,call,pending,,,,,,,,,,,,,,crypto-label-v1
tg-bitcoinpumpgroup-48456,telegram,call,pending,,,,,,,,,,,,,,crypto-label-v1
tg-bitcoinpumpgroup-48458,telegram,call,pending,,,,,,,,,,,,,,crypto-label-v1
tg-bitcoinpumpgroup-48459,telegram,call,pending,,,,,,,,,,,,,,crypto-label-v1
tg-bitcoinpumpgroup-48461,telegram,call,pending,,,,,,,,,,,,,,crypto-label-v1
tg-bitcoinpumpgroup-48462,telegram,call,pending,,,,,,,,,,,,,,crypto-label-v1
tg-bitcoinpumpgroup-48464,telegram,call,pending,,,,,,,,,,,,,,crypto-label-v1
tg-bitcoinpumpgroup-48465,telegram,call,pending,,,,,,,,,,,,,,crypto-label-v1
tg-bitcoinpumpgroup-48467,telegram,call,pending,,,,,,,,,,,,,,crypto-label-v1
tg-bitcoinpumpgroup-48468,telegram,call,pending,,,,,,,,,,,,,,crypto-label-v1
tg-bitcoinpumpgroup-48469,telegram,call,pending,,,,,,,,,,,,,,crypto-label-v1
tg-bitcoinpumpgroup-48470,telegram,call,pending,,,,,,,,,,,,,,crypto-label-v1
tg-bitcoinpumpgroup-48472,telegram,call,pending,,,,,,,,,,,,,,crypto-label-v1
tg-bitcoinpumpgroup-48473,telegram,call,pending,,,,,,,,,,,,,,crypto-label-v1
tg-bitcoinpumpgroup-48475,telegram,call,pending,,,,,,,,,,,,,,crypto-label-v1
tg-bitcoinpumpgroup-48476,telegram,call,pending,,,,,,,,,,,,,,crypto-label-v1
tg-bitcoinpumpgroup-48478,telegram,call,pending,,,,,,,,,,,,,,crypto-label-v1
tg-bitcoinpumpgroup-48479,telegram,call,pending,,,,,,,,,,,,,,crypto-label-v1
tg-bitcoinpumpgroup-48481,telegram,call,pending,,,,,,,,,,,,,,crypto-label-v1
tg-bitcoinpumpgroup-48482,telegram,call,pending,,,,,,,,,,,,,,crypto-label-v1
tg-bitcoinpumpgroup-48484,telegram,call,pending,,,,,,,,,,,,,,crypto-label-v1
tg-bitcoinpumpgroup-48485,telegram,call,pending,,,,,,,,,,,,,,crypto-label-v1
tg-bitcoinpumpgroup-48487,telegram,call,pending,,,,,,,,,,,,,,crypto-label-v1
tg-bitcoinpumpgroup-48488,telegram,call,pending,,,,,,,,,,,,,,crypto-label-v1
tg-bitcoinpumpgroup-48489,telegram,call,pending,,,,,,,,,,,,,,crypto-label-v1
tg-bitcoinpumpgroup-48491,telegram,call,pending,,,,,,,,,,,,,,crypto-label-v1
tg-bitcoinpumpgroup-48492,telegram,call,pending,,,,,,,,,,,,,,crypto-label-v1
tg-bitcoinpumpgroup-48493,telegram,call,pending,,,,,,,,,,,,,,crypto-label-v1
tg-bitcoinpumpgroup-48495,telegram,call,pending,,,,,,,,,,,,,,crypto-label-v1
tg-bitcoinpumpgroup-48496,telegram,call,pending,,,,,,,,,,,,,,crypto-label-v1
tg-bitcoinpumpgroup-48497,telegram,call,pending,,,,,,,,,,,,,,crypto-label-v1
tg-bitcoinpumpgroup-48498,telegram,call,pending,,,,,,,,,,,,,,crypto-label-v1
tg-bitcoinpumpgroup-48500,telegram,call,pending,,,,,,,,,,,,,,crypto-label-v1
tg-bitcoinpumpgroup-48501,telegram,call,pending,,,,,,,,,,,,,,crypto-label-v1
tg-bitcoinpumpgroup-48503,telegram,call,pending,,,,,,,,,,,,,,crypto-label-v1
tg-bitcoinpumpgroup-48504,telegram,call,pending,,,,,,,,,,,,,,crypto-label-v1
tg-bitcoinpumpgroup-48505,telegram,call,pending,,,,,,,,,,,,,,crypto-label-v1
tg-bitcoinpumpgroup-48507,telegram,call,pending,,,,,,,,,,,,,,crypto-label-v1
tg-bitcoinpumpgroup-48508,telegram,call,pending,,,,,,,,,,,,,,crypto-label-v1
tg-bitcoinpumpgroup-48510,telegram,call,pending,,,,,,,,,,,,,,crypto-label-v1
tg-bitcoinpumpgroup-48511,telegram,call,pending,,,,,,,,,,,,,,crypto-label-v1
tg-bitcoinpumpgroup-48512,telegram,call,pending,,,,,,,,,,,,,,crypto-label-v1
tg-bitcoinpumpgroup-48514,telegram,call,pending,,,,,,,,,,,,,,crypto-label-v1
tg-bitcoinpumpgroup-48515,telegram,call,pending,,,,,,,,,,,,,,crypto-label-v1
tg-bitcoinpumpgroup-48517,telegram,call,pending,,,,,,,,,,,,,,crypto-label-v1
tg-bitcoinpumpgroup-48518,telegram,call,pending,,,,,,,,,,,,,,crypto-label-v1
tg-bitcoinpumpgroup-48520,telegram,call,pending,,,,,,,,,,,,,,crypto-label-v1
tg-bitcoinpumpgroup-48521,telegram,call,pending,,,,,,,,,,,,,,crypto-label-v1
tg-bitcoinpumpgroup-48522,telegram,call,pending,,,,,,,,,,,,,,crypto-label-v1
tg-bitcoinpumpgroup-48524,telegram,call,pending,,,,,,,,,,,,,,crypto-label-v1
tg-bitcoinpumpgroup-48525,telegram,call,pending,,,,,,,,,,,,,,crypto-label-v1
tg-bitcoinpumpgroup-48527,telegram,call,pending,,,,,,,,,,,,,,crypto-label-v1
tg-bitcoinpumpgroup-48528,telegram,call,pending,,,,,,,,,,,,,,crypto-label-v1
tg-bitcoinpumpgroup-48530,telegram,call,pending,,,,,,,,,,,,,,crypto-label-v1
tg-bitcoinpumpgroup-48531,telegram,call,pending,,,,,,,,,,,,,,crypto-label-v1
tg-bitcoinpumpgroup-48532,telegram,call,pending,,,,,,,,,,,,,,crypto-label-v1
tg-bitcoinpumpgroup-48533,telegram,call,pending,,,,,,,,,,,,,,crypto-label-v1
tg-bitcoinpumpgroup-48535,telegram,call,pending,,,,,,,,,,,,,,crypto-label-v1
tg-bitcoinpumpgroup-48536,telegram,call,pending,,,,,,,,,,,,,,crypto-label-v1
tg-bitcoinpumpgroup-48537,telegram,call,pending,,,,,,,,,,,,,,crypto-label-v1
tg-bitcoinpumpgroup-48539,telegram,call,pending,,,,,,,,,,,,,,crypto-label-v1
tg-bitcoinpumpgroup-48540,telegram,call,pending,,,,,,,,,,,,,,crypto-label-v1
tg-bitcoinpumpgroup-48542,telegram,call,pending,,,,,,,,,,,,,,crypto-label-v1
tg-bitcoinpumpgroup-48543,telegram,call,pending,,,,,,,,,,,,,,crypto-label-v1
tg-bitcoinpumpgroup-48544,telegram,call,pending,,,,,,,,,,,,,,crypto-label-v1
tg-bitcoinpumpgroup-48545,telegram,call,pending,,,,,,,,,,,,,,crypto-label-v1
tg-bitcoinpumpgroup-48547,telegram,call,pending,,,,,,,,,,,,,,crypto-label-v1
tg-bitcoinpumpgroup-48548,telegram,call,pending,,,,,,,,,,,,,,crypto-label-v1
tg-bitcoinpumpgroup-48550,telegram,call,pending,,,,,,,,,,,,,,crypto-label-v1
tg-bitcoinpumpgroup-48551,telegram,call,pending,,,,,,,,,,,,,,crypto-label-v1
tg-bitcoinpumpgroup-48553,telegram,call,pending,,,,,,,,,,,,,,crypto-label-v1
tg-bitcoinpumpgroup-48554,telegram,call,pending,,,,,,,,,,,,,,crypto-label-v1
tg-bitcoinpumpgroup-48555,telegram,call,pending,,,,,,,,,,,,,,crypto-label-v1
tg-bitcoinpumpgroup-48557,telegram,call,pending,,,,,,,,,,,,,,crypto-label-v1
tg-bitcoinpumpgroup-48558,telegram,call,pending,,,,,,,,,,,,,,crypto-label-v1
tg-bitcoinpumpgroup-48560,telegram,call,pending,,,,,,,,,,,,,,crypto-label-v1
tg-bitcoinpumpgroup-48561,telegram,call,pending,,,,,,,,,,,,,,crypto-label-v1
tg-bitcoinpumpgroup-48563,telegram,call,pending,,,,,,,,,,,,,,crypto-label-v1
tg-bitcoinpumpgroup-48564,telegram,call,pending,,,,,,,,,,,,,,crypto-label-v1
tg-bitcoinpumpgroup-48567,telegram,call,pending,,,,,,,,,,,,,,crypto-label-v1
tg-bitcoinpumpgroup-48568,telegram,call,pending,,,,,,,,,,,,,,crypto-label-v1
tg-bitcoinpumpgroup-48573,telegram,call,pending,,,,,,,,,,,,,,crypto-label-v1
tg-bitcoinpumpgroup-48574,telegram,call,pending,,,,,,,,,,,,,,crypto-label-v1
tg-CoinCoachSignals-38870,telegram,call,not_covered,,,,,,,,,,,,,,crypto-label-v1
tg-CoinCoachSignals-38871,telegram,call,not_covered,,,,,,,,,,,,,,crypto-label-v1
tg-CoinCoachSignals-38872,telegram,call,not_covered,,,,,,,,,,,,,,crypto-label-v1
tg-CoinCoachSignals-38875,telegram,call,not_covered,,,,,,,,,,,,,,crypto-label-v1
tg-CoinCoachSignals-38881,telegram,call,pending,,,,,,,,,,,,,,crypto-label-v1
tg-CoinCoachSignals-38885,telegram,call,not_covered,,,,,,,,,,,,,,crypto-label-v1
tg-CoinCoachSignals-38886,telegram,call,not_covered,,,,,,,,,,,,,,crypto-label-v1
tg-CoinCoachSignals-38887,telegram,call,not_covered,,,,,,,,,,,,,,crypto-label-v1
tg-CoinCoachSignals-38891,telegram,call,not_covered,,,,,,,,,,,,,,crypto-label-v1
tg-CoinCoachSignals-38892,telegram,call,not_covered,,,,,,,,,,,,,,crypto-label-v1
tg-CoinCoachSignals-38893,telegram,call,not_covered,,,,,,,,,,,,,,crypto-label-v1
tg-CoinCoachSignals-38898,telegram,call,not_covered,,,,,,,,,,,,,,crypto-label-v1
tg-CoinCoachSignals-38899,telegram,call,not_covered,,,,,,,,,,,,,,crypto-label-v1
tg-CoinCoachSignals-38900,telegram,call,not_covered,,,,,,,,,,,,,,crypto-label-v1
tg-CoinCoachSignals-38901,telegram,call,not_covered,,,,,,,,,,,,,,crypto-label-v1
tg-CoinCoachSignals-38902,telegram,call,not_covered,,,,,,,,,,,,,,crypto-label-v1
tg-CoinCoachSignals-38903,telegram,call,not_covered,,,,,,,,,,,,,,crypto-label-v1
tg-CoinCoachSignals-38904,telegram,call,not_covered,,,,,,,,,,,,,,crypto-label-v1
tg-CoinCoachSignals-38907,telegram,call,not_covered,,,,,,,,,,,,,,crypto-label-v1
tg-CoinCoachSignals-38911,telegram,call,not_covered,,,,,,,,,,,,,,crypto-label-v1
tg-CoinCoachSignals-38912,telegram,call,not_covered,,,,,,,,,,,,,,crypto-label-v1
tg-CoinCoachSignals-38914,telegram,call,not_covered,,,,,,,,,,,,,,crypto-label-v1
tg-CoinCoachSignals-38915,telegram,call,not_covered,,,,,,,,,,,,,,crypto-label-v1
tg-CoinCoachSignals-38916,telegram,call,not_covered,,,,,,,,,,,,,,crypto-label-v1
tg-CoinCoachSignals-38921,telegram,call,not_covered,,,,,,,,,,,,,,crypto-label-v1
tg-CoinCoachSignals-38922,telegram,call,not_covered,,,,,,,,,,,,,,crypto-label-v1
tg-CoinCoachSignals-38923,telegram,call,not_covered,,,,,,,,,,,,,,crypto-label-v1
tg-CoinCoachSignals-38924,telegram,call,not_covered,,,,,,,,,,,,,,crypto-label-v1
tg-CoinCoachSignals-38926,telegram,call,not_covered,,,,,,,,,,,,,,crypto-label-v1
tg-CoinCoachSignals-38928,telegram,call,not_covered,,,,,,,,,,,,,,crypto-label-v1
tg-CoinCoachSignals-38930,telegram,call,not_covered,,,,,,,,,,,,,,crypto-label-v1
tg-CoinCoachSignals-38931,telegram,call,not_covered,,,,,,,,,,,,,,crypto-label-v1
tg-CoinCoachSignals-38932,telegram,call,not_covered,,,,,,,,,,,,,,crypto-label-v1
tg-CoinCoachSignals-38933,telegram,call,not_covered,,,,,,,,,,,,,,crypto-label-v1
tg-CoinCoachSignals-38938,telegram,call,not_covered,,,,,,,,,,,,,,crypto-label-v1
tg-CoinCoachSignals-38943,telegram,call,not_covered,,,,,,,,,,,,,,crypto-label-v1
tg-CoinCoachSignals-38944,telegram,call,not_covered,,,,,,,,,,,,,,crypto-label-v1
tg-CoinCoachSignals-38946,telegram,call,not_covered,,,,,,,,,,,,,,crypto-label-v1
tg-CoinCoachSignals-38950,telegram,call,not_covered,,,,,,,,,,,,,,crypto-label-v1
tg-CoinCoachSignals-38951,telegram,call,not_covered,,,,,,,,,,,,,,crypto-label-v1
tg-CoinCoachSignals-38952,telegram,call,not_covered,,,,,,,,,,,,,,crypto-label-v1
tg-CoinCoachSignals-38959,telegram,call,pending,,,,,,,,,,,,,,crypto-label-v1
tg-CoinCoachSignals-38960,telegram,call,pending,,,,,,,,,,,,,,crypto-label-v1
tg-CoinCoachSignals-38963,telegram,call,not_covered,,,,,,,,,,,,,,crypto-label-v1
tg-CoinCoachSignals-38964,telegram,call,not_covered,,,,,,,,,,,,,,crypto-label-v1
tg-CoinCoachSignals-38965,telegram,call,not_covered,,,,,,,,,,,,,,crypto-label-v1
tg-CoinCoachSignals-38975,telegram,call,not_covered,,,,,,,,,,,,,,crypto-label-v1
tg-CoinCoachSignals-38977,telegram,call,not_covered,,,,,,,,,,,,,,crypto-label-v1
tg-CoinCoachSignals-38978,telegram,call,not_covered,,,,,,,,,,,,,,crypto-label-v1
tg-CoinCoachSignals-38979,telegram,call,not_covered,,,,,,,,,,,,,,crypto-label-v1
tg-CoinCoachSignals-38980,telegram,call,not_covered,,,,,,,,,,,,,,crypto-label-v1
tg-CoinCoachSignals-38981,telegram,call,not_covered,,,,,,,,,,,,,,crypto-label-v1
tg-CoinCoachSignals-38982,telegram,call,not_covered,,,,,,,,,,,,,,crypto-label-v1
tg-CoinCoachSignals-38984,telegram,call,not_covered,,,,,,,,,,,,,,crypto-label-v1
tg-CoinCoachSignals-38987,telegram,call,not_covered,,,,,,,,,,,,,,crypto-label-v1
tg-CoinCoachSignals-38988,telegram,call,not_covered,,,,,,,,,,,,,,crypto-label-v1
tg-CoinCoachSignals-38989,telegram,call,not_covered,,,,,,,,,,,,,,crypto-label-v1
tg-CoinCoachSignals-38990,telegram,call,not_covered,,,,,,,,,,,,,,crypto-label-v1
tg-CoinCoachSignals-38991,telegram,call,pending,,,,,,,,,,,,,,crypto-label-v1
tg-CoinCoachSignals-38992,telegram,call,pending,,,,,,,,,,,,,,crypto-label-v1
tg-CoinCoachSignals-38998,telegram,call,not_covered,,,,,,,,,,,,,,crypto-label-v1
tg-CoinCoachSignals-38999,telegram,call,not_covered,,,,,,,,,,,,,,crypto-label-v1
tg-CoinCoachSignals-39011,telegram,call,pending,,,,,,,,,,,,,,crypto-label-v1
tg-CoinCoachSignals-39013,telegram,call,pending,,,,,,,,,,,,,,crypto-label-v1
tg-CoinCoachSignals-39014,telegram,call,not_covered,,,,,,,,,,,,,,crypto-label-v1
tg-CoinCoachSignals-39015,telegram,call,not_covered,,,,,,,,,,,,,,crypto-label-v1
tg-CoinCoachSignals-39016,telegram,call,not_covered,,,,,,,,,,,,,,crypto-label-v1
tg-CoinCoachSignals-39017,telegram,call,not_covered,,,,,,,,,,,,,,crypto-label-v1
tg-CoinCoachSignals-39022,telegram,call,pending,,,,,,,,,,,,,,crypto-label-v1
tg-CoinCoachSignals-39030,telegram,call,pending,,,,,,,,,,,,,,crypto-label-v1
tg-CoinCoachSignals-39045,telegram,call,not_covered,,,,,,,,,,,,,,crypto-label-v1
tg-CoinCoachSignals-39053,telegram,call,not_covered,,,,,,,,,,,,,,crypto-label-v1
tg-CoinCoachSignals-39056,telegram,call,not_covered,,,,,,,,,,,,,,crypto-label-v1
tg-CoinCoachSignals-39057,telegram,call,not_covered,,,,,,,,,,,,,,crypto-label-v1
tg-CoinCoachSignals-39058,telegram,call,not_covered,,,,,,,,,,,,,,crypto-label-v1
tg-CoinCoachSignals-39062,telegram,call,not_covered,,,,,,,,,,,,,,crypto-label-v1
tg-CoinCoachSignals-39075,telegram,call,pending,,,,,,,,,,,,,,crypto-label-v1
tg-CoinCoachSignals-39076,telegram,call,pending,,,,,,,,,,,,,,crypto-label-v1
tg-CoinCoachSignals-39087,telegram,call,not_covered,,,,,,,,,,,,,,crypto-label-v1
tg-CoinCoachSignals-39088,telegram,call,not_covered,,,,,,,,,,,,,,crypto-label-v1
tg-CoinCoachSignals-39089,telegram,call,not_covered,,,,,,,,,,,,,,crypto-label-v1
tg-CoinCoachSignals-39090,telegram,call,not_covered,,,,,,,,,,,,,,crypto-label-v1
tg-CoinCoachSignals-39091,telegram,call,not_covered,,,,,,,,,,,,,,crypto-label-v1
tg-CoinCoachSignals-39092,telegram,call,not_covered,,,,,,,,,,,,,,crypto-label-v1
tg-CoinCoachSignals-39093,telegram,call,not_covered,,,,,,,,,,,,,,crypto-label-v1
tg-CoinCoachSignals-39094,telegram,call,not_covered,,,,,,,,,,,,,,crypto-label-v1
tg-CoinCoachSignals-39095,telegram,call,not_covered,,,,,,,,,,,,,,crypto-label-v1
tg-CoinCoachSignals-39097,telegram,call,not_covered,,,,,,,,,,,,,,crypto-label-v1
tg-CoinCoachSignals-39100,telegram,call,not_covered,,,,,,,,,,,,,,crypto-label-v1
tg-CoinCoachSignals-39101,telegram,call,not_covered,,,,,,,,,,,,,,crypto-label-v1
tg-CoinCoachSignals-39105,telegram,call,not_covered,,,,,,,,,,,,,,crypto-label-v1
tg-CoinCoachSignals-39109,telegram,call,not_covered,,,,,,,,,,,,,,crypto-label-v1
tg-CoinCoachSignals-39110,telegram,call,not_covered,,,,,,,,,,,,,,crypto-label-v1
tg-CoinCoachSignals-39129,telegram,call,not_covered,,,,,,,,,,,,,,crypto-label-v1
tg-CoinCoachSignals-39137,telegram,call,not_covered,,,,,,,,,,,,,,crypto-label-v1
tg-CoinCoachSignals-39140,telegram,call,not_covered,,,,,,,,,,,,,,crypto-label-v1
tg-CoinCoachSignals-39141,telegram,call,not_covered,,,,,,,,,,,,,,crypto-label-v1
tg-CoinCoachSignals-39142,telegram,call,not_covered,,,,,,,,,,,,,,crypto-label-v1
tg-CoinCoachSignals-39143,telegram,call,not_covered,,,,,,,,,,,,,,crypto-label-v1
tg-CoinCoachSignals-39144,telegram,call,not_covered,,,,,,,,,,,,,,crypto-label-v1
tg-CoinCoachSignals-39145,telegram,call,not_covered,,,,,,,,,,,,,,crypto-label-v1
tg-CoinCoachSignals-39147,telegram,call,not_covered,,,,,,,,,,,,,,crypto-label-v1
tg-CoinCoachSignals-39167,telegram,call,pending,,,,,,,,,,,,,,crypto-label-v1
tg-CoinCoachSignals-39171,telegram,call,pending,,,,,,,,,,,,,,crypto-label-v1
tg-CoinCoachSignals-39175,telegram,call,pending,,,,,,,,,,,,,,crypto-label-v1
tg-CoinCoachSignals-39180,telegram,call,not_covered,,,,,,,,,,,,,,crypto-label-v1
tg-CoinCoachSignals-39214,telegram,call,not_covered,,,,,,,,,,,,,,crypto-label-v1
tg-CoinCoachSignals-39223,telegram,call,not_covered,,,,,,,,,,,,,,crypto-label-v1
tg-CoinCoachSignals-39224,telegram,call,not_covered,,,,,,,,,,,,,,crypto-label-v1
tg-CoinCoachSignals-39231,telegram,call,not_covered,,,,,,,,,,,,,,crypto-label-v1
tg-CoinCoachSignals-39233,telegram,call,not_covered,,,,,,,,,,,,,,crypto-label-v1
tg-CoinCoachSignals-39235,telegram,call,not_covered,,,,,,,,,,,,,,crypto-label-v1
tg-CoinCoachSignals-39237,telegram,call,not_covered,,,,,,,,,,,,,,crypto-label-v1
tg-CoinCoachSignals-39238,telegram,call,not_covered,,,,,,,,,,,,,,crypto-label-v1
tg-CoinCoachSignals-39239,telegram,call,not_covered,,,,,,,,,,,,,,crypto-label-v1
tg-CoinCoachSignals-39240,telegram,call,not_covered,,,,,,,,,,,,,,crypto-label-v1
tg-CoinCoachSignals-39242,telegram,call,not_covered,,,,,,,,,,,,,,crypto-label-v1
tg-CoinCoachSignals-39244,telegram,call,not_covered,,,,,,,,,,,,,,crypto-label-v1
tg-CoinCoachSignals-39249,telegram,call,not_covered,,,,,,,,,,,,,,crypto-label-v1
tg-CoinCoachSignals-39250,telegram,call,not_covered,,,,,,,,,,,,,,crypto-label-v1
tg-CoinCoachSignals-39251,telegram,call,not_covered,,,,,,,,,,,,,,crypto-label-v1
tg-CoinCoachSignals-39252,telegram,call,not_covered,,,,,,,,,,,,,,crypto-label-v1
tg-CoinCoachSignals-39254,telegram,call,not_covered,,,,,,,,,,,,,,crypto-label-v1
tg-CoinCoachSignals-39255,telegram,call,not_covered,,,,,,,,,,,,,,crypto-label-v1
tg-CoinCoachSignals-39256,telegram,call,not_covered,,,,,,,,,,,,,,crypto-label-v1
tg-CoinCoachSignals-39257,telegram,call,not_covered,,,,,,,,,,,,,,crypto-label-v1
tg-CoinCoachSignals-39258,telegram,call,not_covered,,,,,,,,,,,,,,crypto-label-v1
tg-CoinCoachSignals-39259,telegram,call,not_covered,,,,,,,,,,,,,,crypto-label-v1
tg-CoinCoachSignals-39261,telegram,call,not_covered,,,,,,,,,,,,,,crypto-label-v1
tg-CoinCoachSignals-39263,telegram,call,not_covered,,,,,,,,,,,,,,crypto-label-v1
tg-CoinCoachSignals-39264,telegram,call,not_covered,,,,,,,,,,,,,,crypto-label-v1
tg-CoinCoachSignals-39266,telegram,call,not_covered,,,,,,,,,,,,,,crypto-label-v1
tg-CoinCoachSignals-39269,telegram,call,not_covered,,,,,,,,,,,,,,crypto-label-v1
tg-CoinCoachSignals-39270,telegram,call,not_covered,,,,,,,,,,,,,,crypto-label-v1
tg-CoinCoachSignals-39271,telegram,call,not_covered,,,,,,,,,,,,,,crypto-label-v1
tg-CoinCoachSignals-39272,telegram,call,not_covered,,,,,,,,,,,,,,crypto-label-v1
tg-CoinCoachSignals-39273,telegram,call,not_covered,,,,,,,,,,,,,,crypto-label-v1
tg-CoinCoachSignals-39275,telegram,call,not_covered,,,,,,,,,,,,,,crypto-label-v1
tg-CoinCoachSignals-39276,telegram,call,not_covered,,,,,,,,,,,,,,crypto-label-v1
tg-CoinCoachSignals-39278,telegram,call,not_covered,,,,,,,,,,,,,,crypto-label-v1
tg-CoinCoachSignals-39279,telegram,call,not_covered,,,,,,,,,,,,,,crypto-label-v1
tg-CoinCoachSignals-39280,telegram,call,not_covered,,,,,,,,,,,,,,crypto-label-v1
tg-CoinCoachSignals-39282,telegram,call,not_covered,,,,,,,,,,,,,,crypto-label-v1
tg-CoinCoachSignals-39283,telegram,call,not_covered,,,,,,,,,,,,,,crypto-label-v1
tg-CoinCoachSignals-39284,telegram,call,not_covered,,,,,,,,,,,,,,crypto-label-v1
tg-CoinCoachSignals-39286,telegram,call,not_covered,,,,,,,,,,,,,,crypto-label-v1
tg-CoinCoachSignals-39289,telegram,call,not_covered,,,,,,,,,,,,,,crypto-label-v1
tg-CoinCoachSignals-39290,telegram,call,not_covered,,,,,,,,,,,,,,crypto-label-v1
tg-CoinCoachSignals-39293,telegram,call,not_covered,,,,,,,,,,,,,,crypto-label-v1
tg-CoinCoachSignals-39296,telegram,call,not_covered,,,,,,,,,,,,,,crypto-label-v1
tg-CoinCoachSignals-39300,telegram,call,not_covered,,,,,,,,,,,,,,crypto-label-v1
tg-CoinCoachSignals-39301,telegram,call,not_covered,,,,,,,,,,,,,,crypto-label-v1
tg-CoinCoachSignals-39302,telegram,call,not_covered,,,,,,,,,,,,,,crypto-label-v1
tg-CoinCoachSignals-39303,telegram,call,not_covered,,,,,,,,,,,,,,crypto-label-v1
tg-CoinCoachSignals-39304,telegram,call,not_covered,,,,,,,,,,,,,,crypto-label-v1
tg-CoinCoachSignals-39305,telegram,call,not_covered,,,,,,,,,,,,,,crypto-label-v1
tg-CoinCoachSignals-39306,telegram,call,not_covered,,,,,,,,,,,,,,crypto-label-v1
tg-CoinCoachSignals-39307,telegram,call,not_covered,,,,,,,,,,,,,,crypto-label-v1
tg-CoinCoachSignals-39308,telegram,call,not_covered,,,,,,,,,,,,,,crypto-label-v1
tg-CoinCoachSignals-39309,telegram,call,not_covered,,,,,,,,,,,,,,crypto-label-v1
tg-CoinCoachSignals-39311,telegram,call,not_covered,,,,,,,,,,,,,,crypto-label-v1
tg-CoinCoachSignals-39312,telegram,call,not_covered,,,,,,,,,,,,,,crypto-label-v1
tg-CoinCoachSignals-39313,telegram,call,not_covered,,,,,,,,,,,,,,crypto-label-v1
tg-CoinCoachSignals-39314,telegram,call,not_covered,,,,,,,,,,,,,,crypto-label-v1
tg-CoinCoachSignals-39315,telegram,call,not_covered,,,,,,,,,,,,,,crypto-label-v1
tg-CoinCoachSignals-39316,telegram,call,not_covered,,,,,,,,,,,,,,crypto-label-v1
tg-CoinCoachSignals-39317,telegram,call,not_covered,,,,,,,,,,,,,,crypto-label-v1
tg-CoinCoachSignals-39318,telegram,call,not_covered,,,,,,,,,,,,,,crypto-label-v1
tg-CoinCoachSignals-39319,telegram,call,not_covered,,,,,,,,,,,,,,crypto-label-v1
tg-CoinCoachSignals-39320,telegram,call,not_covered,,,,,,,,,,,,,,crypto-label-v1
tg-CoinCoachSignals-39322,telegram,call,not_covered,,,,,,,,,,,,,,crypto-label-v1
tg-CoinCoachSignals-39323,telegram,call,not_covered,,,,,,,,,,,,,,crypto-label-v1
tg-CoinCoachSignals-39324,telegram,call,not_covered,,,,,,,,,,,,,,crypto-label-v1
tg-CoinCoachSignals-39330,telegram,call,not_covered,,,,,,,,,,,,,,crypto-label-v1
tg-CoinCoachSignals-39331,telegram,call,not_covered,,,,,,,,,,,,,,crypto-label-v1
tg-CoinCoachSignals-39332,telegram,call,not_covered,,,,,,,,,,,,,,crypto-label-v1
tg-CoinCoachSignals-39333,telegram,call,not_covered,,,,,,,,,,,,,,crypto-label-v1
tg-CoinCoachSignals-39334,telegram,call,not_covered,,,,,,,,,,,,,,crypto-label-v1
tg-CoinCoachSignals-39335,telegram,call,not_covered,,,,,,,,,,,,,,crypto-label-v1
tg-CoinCoachSignals-39336,telegram,call,not_covered,,,,,,,,,,,,,,crypto-label-v1
tg-CoinCoachSignals-39337,telegram,call,not_covered,,,,,,,,,,,,,,crypto-label-v1
tg-CoinCoachSignals-39340,telegram,call,not_covered,,,,,,,,,,,,,,crypto-label-v1
tg-CoinCoachSignals-39341,telegram,call,not_covered,,,,,,,,,,,,,,crypto-label-v1
tg-CoinCoachSignals-39342,telegram,call,not_covered,,,,,,,,,,,,,,crypto-label-v1
tg-CoinCoachSignals-39343,telegram,call,not_covered,,,,,,,,,,,,,,crypto-label-v1
tg-CoinCoachSignals-39344,telegram,call,not_covered,,,,,,,,,,,,,,crypto-label-v1
tg-CoinCoachSignals-39345,telegram,call,not_covered,,,,,,,,,,,,,,crypto-label-v1
tg-CoinCoachSignals-39346,telegram,call,not_covered,,,,,,,,,,,,,,crypto-label-v1
tg-CoinCoachSignals-39347,telegram,call,not_covered,,,,,,,,,,,,,,crypto-label-v1
tg-CoinCoachSignals-39348,telegram,call,not_covered,,,,,,,,,,,,,,crypto-label-v1
tg-CoinCoachSignals-39349,telegram,call,not_covered,,,,,,,,,,,,,,crypto-label-v1
tg-CoinCoachSignals-39350,telegram,call,not_covered,,,,,,,,,,,,,,crypto-label-v1
tg-CoinCoachSignals-39351,telegram,call,not_covered,,,,,,,,,,,,,,crypto-label-v1
tg-CoinCoachSignals-39352,telegram,call,not_covered,,,,,,,,,,,,,,crypto-label-v1
tg-CoinCoachSignals-39353,telegram,call,not_covered,,,,,,,,,,,,,,crypto-label-v1
tg-CoinCoachSignals-39356,telegram,call,not_covered,,,,,,,,,,,,,,crypto-label-v1
tg-CoinCoachSignals-39357,telegram,call,not_covered,,,,,,,,,,,,,,crypto-label-v1
tg-CoinCoachSignals-39358,telegram,call,not_covered,,,,,,,,,,,,,,crypto-label-v1
tg-CoinCoachSignals-39359,telegram,call,not_covered,,,,,,,,,,,,,,crypto-label-v1
tg-CoinCoachSignals-39360,telegram,call,not_covered,,,,,,,,,,,,,,crypto-label-v1
tg-CoinCoachSignals-39361,telegram,call,not_covered,,,,,,,,,,,,,,crypto-label-v1
tg-CoinCoachSignals-39362,telegram,call,not_covered,,,,,,,,,,,,,,crypto-label-v1
tg-CoinCoachSignals-39363,telegram,call,not_covered,,,,,,,,,,,,,,crypto-label-v1
tg-CoinCoachSignals-39364,telegram,call,not_covered,,,,,,,,,,,,,,crypto-label-v1
tg-CoinCoachSignals-39365,telegram,call,not_covered,,,,,,,,,,,,,,crypto-label-v1
tg-CoinCoachSignals-39366,telegram,call,not_covered,,,,,,,,,,,,,,crypto-label-v1
tg-CoinCoachSignals-39368,telegram,call,not_covered,,,,,,,,,,,,,,crypto-label-v1
tg-CoinCoachSignals-39369,telegram,call,not_covered,,,,,,,,,,,,,,crypto-label-v1
tg-CoinCoachSignals-39373,telegram,call,not_covered,,,,,,,,,,,,,,crypto-label-v1
tg-CoinCoachSignals-39374,telegram,call,not_covered,,,,,,,,,,,,,,crypto-label-v1
tg-CoinCoachSignals-39375,telegram,call,not_covered,,,,,,,,,,,,,,crypto-label-v1
tg-CoinCoachSignals-39376,telegram,call,not_covered,,,,,,,,,,,,,,crypto-label-v1
tg-CoinCoachSignals-39377,telegram,call,not_covered,,,,,,,,,,,,,,crypto-label-v1
tg-CoinCoachSignals-39378,telegram,call,not_covered,,,,,,,,,,,,,,crypto-label-v1
tg-CoinCoachSignals-39379,telegram,call,not_covered,,,,,,,,,,,,,,crypto-label-v1
tg-CoinCoachSignals-39380,telegram,call,not_covered,,,,,,,,,,,,,,crypto-label-v1
tg-CoinCoachSignals-39381,telegram,call,not_covered,,,,,,,,,,,,,,crypto-label-v1
tg-CoinCoachSignals-39384,telegram,call,not_covered,,,,,,,,,,,,,,crypto-label-v1
tg-CoinCoachSignals-39385,telegram,call,not_covered,,,,,,,,,,,,,,crypto-label-v1
tg-CoinCoachSignals-39386,telegram,call,not_covered,,,,,,,,,,,,,,crypto-label-v1
tg-CoinCoachSignals-39387,telegram,call,not_covered,,,,,,,,,,,,,,crypto-label-v1
tg-CoinCoachSignals-39388,telegram,call,not_covered,,,,,,,,,,,,,,crypto-label-v1
tg-CoinCoachSignals-39389,telegram,call,not_covered,,,,,,,,,,,,,,crypto-label-v1
tg-CoinCoachSignals-39390,telegram,call,not_covered,,,,,,,,,,,,,,crypto-label-v1
tg-CoinCoachSignals-39391,telegram,call,not_covered,,,,,,,,,,,,,,crypto-label-v1
tg-CoinCoachSignals-39392,telegram,call,not_covered,,,,,,,,,,,,,,crypto-label-v1
tg-CoinCoachSignals-39393,telegram,call,not_covered,,,,,,,,,,,,,,crypto-label-v1
tg-CoinCoachSignals-39396,telegram,call,not_covered,,,,,,,,,,,,,,crypto-label-v1
tg-cryptoprofitcoach-8628,telegram,call,pending,,,,,,,,,,,,,,crypto-label-v1
tg-cryptoprofitcoach-8631,telegram,call,pending,,,,,,,,,,,,,,crypto-label-v1
tg-cryptoprofitcoach-8632,telegram,call,pending,,,,,,,,,,,,,,crypto-label-v1
tg-cryptoprofitcoach-8634,telegram,call,pending,,,,,,,,,,,,,,crypto-label-v1
tg-cryptoprofitcoach-8637,telegram,call,pending,,,,,,,,,,,,,,crypto-label-v1
tg-cryptoprofitcoach-8638,telegram,call,pending,,,,,,,,,,,,,,crypto-label-v1
tg-cryptoprofitcoach-8640,telegram,call,pending,,,,,,,,,,,,,,crypto-label-v1
tg-cryptoprofitcoach-8641,telegram,call,pending,,,,,,,,,,,,,,crypto-label-v1
tg-cryptoprofitcoach-8642,telegram,call,pending,,,,,,,,,,,,,,crypto-label-v1
tg-cryptoprofitcoach-8644,telegram,call,pending,,,,,,,,,,,,,,crypto-label-v1
tg-cryptoprofitcoach-8645,telegram,call,pending,,,,,,,,,,,,,,crypto-label-v1
tg-cryptoprofitcoach-8646,telegram,call,pending,,,,,,,,,,,,,,crypto-label-v1
tg-cryptoprofitcoach-8649,telegram,call,pending,,,,,,,,,,,,,,crypto-label-v1
tg-cryptoprofitcoach-8650,telegram,call,pending,,,,,,,,,,,,,,crypto-label-v1
tg-cryptoprofitcoach-8652,telegram,call,pending,,,,,,,,,,,,,,crypto-label-v1
tg-cryptoprofitcoach-8654,telegram,call,pending,,,,,,,,,,,,,,crypto-label-v1
tg-cryptoprofitcoach-8655,telegram,call,pending,,,,,,,,,,,,,,crypto-label-v1
tg-cryptoprofitcoach-8656,telegram,call,pending,,,,,,,,,,,,,,crypto-label-v1
tg-cryptoprofitcoach-8657,telegram,call,pending,,,,,,,,,,,,,,crypto-label-v1
tg-cryptoprofitcoach-8658,telegram,call,pending,,,,,,,,,,,,,,crypto-label-v1
tg-cryptoprofitcoach-8659,telegram,call,pending,,,,,,,,,,,,,,crypto-label-v1
tg-cryptoprofitcoach-8660,telegram,call,pending,,,,,,,,,,,,,,crypto-label-v1
tg-cryptoprofitcoach-8663,telegram,call,pending,,,,,,,,,,,,,,crypto-label-v1
tg-cryptoprofitcoach-8666,telegram,call,pending,,,,,,,,,,,,,,crypto-label-v1
tg-cryptoprofitcoach-8668,telegram,call,pending,,,,,,,,,,,,,,crypto-label-v1
tg-cryptoprofitcoach-8670,telegram,call,pending,,,,,,,,,,,,,,crypto-label-v1
tg-cryptoprofitcoach-8671,telegram,call,pending,,,,,,,,,,,,,,crypto-label-v1
tg-cryptoprofitcoach-8677,telegram,call,pending,,,,,,,,,,,,,,crypto-label-v1
tg-cryptoprofitcoach-8678,telegram,call,pending,,,,,,,,,,,,,,crypto-label-v1
tg-cryptoprofitcoach-8679,telegram,call,pending,,,,,,,,,,,,,,crypto-label-v1
tg-cryptoprofitcoach-8681,telegram,call,pending,,,,,,,,,,,,,,crypto-label-v1
tg-cryptoprofitcoach-8683,telegram,call,pending,,,,,,,,,,,,,,crypto-label-v1
tg-cryptoprofitcoach-8686,telegram,call,pending,,,,,,,,,,,,,,crypto-label-v1
tg-cryptoprofitcoach-8687,telegram,call,pending,,,,,,,,,,,,,,crypto-label-v1
tg-cryptoprofitcoach-8689,telegram,call,pending,,,,,,,,,,,,,,crypto-label-v1
tg-cryptoprofitcoach-8690,telegram,call,pending,,,,,,,,,,,,,,crypto-label-v1
tg-cryptoprofitcoach-8691,telegram,call,pending,,,,,,,,,,,,,,crypto-label-v1
tg-cryptoprofitcoach-8692,telegram,call,pending,,,,,,,,,,,,,,crypto-label-v1
tg-cryptoprofitcoach-8694,telegram,call,pending,,,,,,,,,,,,,,crypto-label-v1
tg-cryptoprofitcoach-8699,telegram,call,pending,,,,,,,,,,,,,,crypto-label-v1
tg-cryptoprofitcoach-8701,telegram,call,pending,,,,,,,,,,,,,,crypto-label-v1
tg-cryptoprofitcoach-8702,telegram,call,pending,,,,,,,,,,,,,,crypto-label-v1
tg-cryptoprofitcoach-8703,telegram,call,pending,,,,,,,,,,,,,,crypto-label-v1
tg-cryptoprofitcoach-8708,telegram,call,pending,,,,,,,,,,,,,,crypto-label-v1
tg-cryptoprofitcoach-8709,telegram,call,pending,,,,,,,,,,,,,,crypto-label-v1
tg-cryptoprofitcoach-8710,telegram,call,pending,,,,,,,,,,,,,,crypto-label-v1
tg-cryptoprofitcoach-8711,telegram,call,pending,,,,,,,,,,,,,,crypto-label-v1
tg-cryptoprofitcoach-8714,telegram,call,pending,,,,,,,,,,,,,,crypto-label-v1
tg-cryptoprofitcoach-8718,telegram,call,pending,,,,,,,,,,,,,,crypto-label-v1
tg-cryptoprofitcoach-8719,telegram,call,pending,,,,,,,,,,,,,,crypto-label-v1
tg-cryptoprofitcoach-8720,telegram,call,pending,,,,,,,,,,,,,,crypto-label-v1
tg-cryptoprofitcoach-8723,telegram,call,pending,,,,,,,,,,,,,,crypto-label-v1
tg-cryptoprofitcoach-8725,telegram,call,pending,,,,,,,,,,,,,,crypto-label-v1
tg-cryptoprofitcoach-8726,telegram,call,pending,,,,,,,,,,,,,,crypto-label-v1
tg-cryptoprofitcoach-8728,telegram,call,pending,,,,,,,,,,,,,,crypto-label-v1
tg-cryptoprofitcoach-8731,telegram,call,pending,,,,,,,,,,,,,,crypto-label-v1
tg-cryptoprofitcoach-8737,telegram,call,pending,,,,,,,,,,,,,,crypto-label-v1
tg-cryptoprofitcoach-8740,telegram,call,pending,,,,,,,,,,,,,,crypto-label-v1
tg-cryptoprofitcoach-8744,telegram,call,pending,,,,,,,,,,,,,,crypto-label-v1
tg-cryptoprofitcoach-8745,telegram,call,pending,,,,,,,,,,,,,,crypto-label-v1
tg-cryptoprofitcoach-8746,telegram,call,pending,,,,,,,,,,,,,,crypto-label-v1
tg-cryptoprofitcoach-8748,telegram,call,pending,,,,,,,,,,,,,,crypto-label-v1
tg-cryptoprofitcoach-8749,telegram,call,pending,,,,,,,,,,,,,,crypto-label-v1
tg-cryptoprofitcoach-8750,telegram,call,pending,,,,,,,,,,,,,,crypto-label-v1
tg-cryptoprofitcoach-8752,telegram,call,pending,,,,,,,,,,,,,,crypto-label-v1
tg-cryptoprofitcoach-8753,telegram,call,pending,,,,,,,,,,,,,,crypto-label-v1
tg-cryptoprofitcoach-8755,telegram,call,pending,,,,,,,,,,,,,,crypto-label-v1
tg-cryptoprofitcoach-8756,telegram,call,pending,,,,,,,,,,,,,,crypto-label-v1
tg-cryptoprofitcoach-8758,telegram,call,pending,,,,,,,,,,,,,,crypto-label-v1
tg-cryptoprofitcoach-8759,telegram,call,pending,,,,,,,,,,,,,,crypto-label-v1
tg-cryptoprofitcoach-8760,telegram,call,pending,,,,,,,,,,,,,,crypto-label-v1
tg-cryptoprofitcoach-8761,telegram,call,pending,,,,,,,,,,,,,,crypto-label-v1
tg-cryptoprofitcoach-8764,telegram,call,pending,,,,,,,,,,,,,,crypto-label-v1
tg-cryptoprofitcoach-8768,telegram,call,pending,,,,,,,,,,,,,,crypto-label-v1
tg-cryptoprofitcoach-8770,telegram,call,pending,,,,,,,,,,,,,,crypto-label-v1
tg-cryptoprofitcoach-8771,telegram,call,pending,,,,,,,,,,,,,,crypto-label-v1
tg-cryptoprofitcoach-8772,telegram,call,pending,,,,,,,,,,,,,,crypto-label-v1
tg-cryptoprofitcoach-8773,telegram,call,pending,,,,,,,,,,,,,,crypto-label-v1
tg-cryptoprofitcoach-8774,telegram,call,pending,,,,,,,,,,,,,,crypto-label-v1
tg-cryptoprofitcoach-8776,telegram,call,pending,,,,,,,,,,,,,,crypto-label-v1
tg-cryptoprofitcoach-8781,telegram,call,pending,,,,,,,,,,,,,,crypto-label-v1
tg-cryptoprofitcoach-8782,telegram,call,pending,,,,,,,,,,,,,,crypto-label-v1
tg-cryptoprofitcoach-8783,telegram,call,pending,,,,,,,,,,,,,,crypto-label-v1
tg-cryptoprofitcoach-8784,telegram,call,pending,,,,,,,,,,,,,,crypto-label-v1
tg-cryptoprofitcoach-8785,telegram,call,pending,,,,,,,,,,,,,,crypto-label-v1
tg-cryptoprofitcoach-8786,telegram,call,pending,,,,,,,,,,,,,,crypto-label-v1
tg-cryptoprofitcoach-8787,telegram,call,pending,,,,,,,,,,,,,,crypto-label-v1
tg-cryptoprofitcoach-8788,telegram,call,pending,,,,,,,,,,,,,,crypto-label-v1
tg-cryptoprofitcoach-8790,telegram,call,pending,,,,,,,,,,,,,,crypto-label-v1
tg-cryptoprofitcoach-8791,telegram,call,pending,,,,,,,,,,,,,,crypto-label-v1
tg-cryptoprofitcoach-8792,telegram,call,pending,,,,,,,,,,,,,,crypto-label-v1
tg-cryptoprofitcoach-8793,telegram,call,pending,,,,,,,,,,,,,,crypto-label-v1
tg-cryptoprofitcoach-8794,telegram,call,pending,,,,,,,,,,,,,,crypto-label-v1
tg-cryptoprofitcoach-8795,telegram,call,pending,,,,,,,,,,,,,,crypto-label-v1
tg-cryptoprofitcoach-8796,telegram,call,pending,,,,,,,,,,,,,,crypto-label-v1
tg-cryptoprofitcoach-8797,telegram,call,pending,,,,,,,,,,,,,,crypto-label-v1
tg-cryptoprofitcoach-8798,telegram,call,pending,,,,,,,,,,,,,,crypto-label-v1
tg-cryptoprofitcoach-8801,telegram,call,pending,,,,,,,,,,,,,,crypto-label-v1
tg-cryptoprofitcoach-8808,telegram,call,pending,,,,,,,,,,,,,,crypto-label-v1
tg-cryptoprofitcoach-8809,telegram,call,pending,,,,,,,,,,,,,,crypto-label-v1
tg-cryptoprofitcoach-8811,telegram,call,pending,,,,,,,,,,,,,,crypto-label-v1
tg-cryptoprofitcoach-8812,telegram,call,pending,,,,,,,,,,,,,,crypto-label-v1
tg-cryptoprofitcoach-8813,telegram,call,pending,,,,,,,,,,,,,,crypto-label-v1
tg-cryptoprofitcoach-8814,telegram,call,pending,,,,,,,,,,,,,,crypto-label-v1
tg-cryptoprofitcoach-8815,telegram,call,pending,,,,,,,,,,,,,,crypto-label-v1
tg-cryptoprofitcoach-8816,telegram,call,pending,,,,,,,,,,,,,,crypto-label-v1
tg-cryptoprofitcoach-8817,telegram,call,pending,,,,,,,,,,,,,,crypto-label-v1
tg-cryptoprofitcoach-8818,telegram,call,pending,,,,,,,,,,,,,,crypto-label-v1
tg-cryptoprofitcoach-8819,telegram,call,pending,,,,,,,,,,,,,,crypto-label-v1
tg-cryptoprofitcoach-8820,telegram,call,pending,,,,,,,,,,,,,,crypto-label-v1
tg-cryptoprofitcoach-8822,telegram,call,pending,,,,,,,,,,,,,,crypto-label-v1
tg-cryptoprofitcoach-8831,telegram,call,pending,,,,,,,,,,,,,,crypto-label-v1
tg-cryptoprofitcoach-8833,telegram,call,pending,,,,,,,,,,,,,,crypto-label-v1
tg-cryptoprofitcoach-8842,telegram,call,pending,,,,,,,,,,,,,,crypto-label-v1
tg-cryptoprofitcoach-8843,telegram,call,pending,,,,,,,,,,,,,,crypto-label-v1
tg-cryptoprofitcoach-8846,telegram,call,pending,,,,,,,,,,,,,,crypto-label-v1
tg-cryptoprofitcoach-8847,telegram,call,pending,,,,,,,,,,,,,,crypto-label-v1
tg-cryptoprofitcoach-8850,telegram,call,pending,,,,,,,,,,,,,,crypto-label-v1
tg-cryptoprofitcoach-8854,telegram,call,pending,,,,,,,,,,,,,,crypto-label-v1
tg-cryptoprofitcoach-8855,telegram,call,pending,,,,,,,,,,,,,,crypto-label-v1
tg-cryptoprofitcoach-8856,telegram,call,pending,,,,,,,,,,,,,,crypto-label-v1
tg-cryptoprofitcoach-8857,telegram,call,pending,,,,,,,,,,,,,,crypto-label-v1
tg-cryptoprofitcoach-8858,telegram,call,pending,,,,,,,,,,,,,,crypto-label-v1
tg-cryptoprofitcoach-8859,telegram,call,pending,,,,,,,,,,,,,,crypto-label-v1
tg-cryptoprofitcoach-8860,telegram,call,pending,,,,,,,,,,,,,,crypto-label-v1
tg-cryptoprofitcoach-8861,telegram,call,pending,,,,,,,,,,,,,,crypto-label-v1
tg-cryptoprofitcoach-8862,telegram,call,pending,,,,,,,,,,,,,,crypto-label-v1
tg-cryptoprofitcoach-8867,telegram,call,pending,,,,,,,,,,,,,,crypto-label-v1
tg-cryptoprofitcoach-8876,telegram,call,pending,,,,,,,,,,,,,,crypto-label-v1
tg-cryptoprofitcoach-8877,telegram,call,pending,,,,,,,,,,,,,,crypto-label-v1
tg-cryptoprofitcoach-8878,telegram,call,not_covered,,,,,,,,,,,,,,crypto-label-v1
tg-cryptoprofitcoach-8881,telegram,call,pending,,,,,,,,,,,,,,crypto-label-v1
tg-cryptoprofitcoach-8882,telegram,call,pending,,,,,,,,,,,,,,crypto-label-v1
tg-cryptoprofitcoach-8883,telegram,call,pending,,,,,,,,,,,,,,crypto-label-v1
tg-cryptoprofitcoach-8884,telegram,call,pending,,,,,,,,,,,,,,crypto-label-v1
tg-cryptoprofitcoach-8887,telegram,call,pending,,,,,,,,,,,,,,crypto-label-v1
tg-cryptoprofitcoach-8888,telegram,call,pending,,,,,,,,,,,,,,crypto-label-v1
tg-cryptoprofitcoach-8889,telegram,call,pending,,,,,,,,,,,,,,crypto-label-v1
tg-cryptoprofitcoach-8891,telegram,call,pending,,,,,,,,,,,,,,crypto-label-v1
tg-cryptoprofitcoach-8905,telegram,call,pending,,,,,,,,,,,,,,crypto-label-v1
tg-cryptoprofitcoach-8907,telegram,call,pending,,,,,,,,,,,,,,crypto-label-v1
tg-cryptoprofitcoach-8909,telegram,call,pending,,,,,,,,,,,,,,crypto-label-v1
tg-cryptoprofitcoach-8910,telegram,call,pending,,,,,,,,,,,,,,crypto-label-v1
tg-cryptoprofitcoach-8911,telegram,call,pending,,,,,,,,,,,,,,crypto-label-v1
tg-cryptoprofitcoach-8913,telegram,call,pending,,,,,,,,,,,,,,crypto-label-v1
tg-cryptoprofitcoach-8914,telegram,call,pending,,,,,,,,,,,,,,crypto-label-v1
tg-cryptoprofitcoach-8915,telegram,call,pending,,,,,,,,,,,,,,crypto-label-v1
tg-cryptoprofitcoach-8916,telegram,call,pending,,,,,,,,,,,,,,crypto-label-v1
tg-cryptoprofitcoach-8926,telegram,call,pending,,,,,,,,,,,,,,crypto-label-v1
tg-cryptoprofitcoach-8930,telegram,call,pending,,,,,,,,,,,,,,crypto-label-v1
tg-cryptoprofitcoach-8931,telegram,call,pending,,,,,,,,,,,,,,crypto-label-v1
tg-cryptoprofitcoach-8936,telegram,call,pending,,,,,,,,,,,,,,crypto-label-v1
tg-cryptoprofitcoach-8937,telegram,call,pending,,,,,,,,,,,,,,crypto-label-v1
tg-cryptoprofitcoach-8938,telegram,call,pending,,,,,,,,,,,,,,crypto-label-v1
tg-cryptoprofitcoach-8939,telegram,call,pending,,,,,,,,,,,,,,crypto-label-v1
tg-cryptoprofitcoach-8940,telegram,call,pending,,,,,,,,,,,,,,crypto-label-v1
tg-cryptoprofitcoach-8944,telegram,call,pending,,,,,,,,,,,,,,crypto-label-v1
tg-cryptoprofitcoach-8946,telegram,call,pending,,,,,,,,,,,,,,crypto-label-v1
tg-cryptoprofitcoach-8951,telegram,call,pending,,,,,,,,,,,,,,crypto-label-v1
tg-cryptoprofitcoach-8958,telegram,call,pending,,,,,,,,,,,,,,crypto-label-v1
tg-cryptoprofitcoach-8963,telegram,call,pending,,,,,,,,,,,,,,crypto-label-v1
tg-cryptoprofitcoach-8978,telegram,call,pending,,,,,,,,,,,,,,crypto-label-v1
tg-cryptoprofitcoach-8979,telegram,call,pending,,,,,,,,,,,,,,crypto-label-v1
tg-cryptoprofitcoach-8980,telegram,call,pending,,,,,,,,,,,,,,crypto-label-v1
tg-cryptoprofitcoach-8981,telegram,call,pending,,,,,,,,,,,,,,crypto-label-v1
tg-cryptoprofitcoach-8984,telegram,call,pending,,,,,,,,,,,,,,crypto-label-v1
tg-cryptoprofitcoach-8985,telegram,call,pending,,,,,,,,,,,,,,crypto-label-v1
tg-cryptoprofitcoach-8986,telegram,call,pending,,,,,,,,,,,,,,crypto-label-v1
tg-cryptoprofitcoach-8987,telegram,call,pending,,,,,,,,,,,,,,crypto-label-v1
tg-cryptoprofitcoach-8988,telegram,call,pending,,,,,,,,,,,,,,crypto-label-v1
tg-cryptoprofitcoach-8989,telegram,call,pending,,,,,,,,,,,,,,crypto-label-v1
tg-cryptoprofitcoach-8990,telegram,call,pending,,,,,,,,,,,,,,crypto-label-v1
tg-cryptoprofitcoach-8992,telegram,call,pending,,,,,,,,,,,,,,crypto-label-v1
tg-cryptoprofitcoach-8994,telegram,call,pending,,,,,,,,,,,,,,crypto-label-v1
tg-cryptoprofitcoach-8995,telegram,call,pending,,,,,,,,,,,,,,crypto-label-v1
tg-cryptoprofitcoach-8996,telegram,call,pending,,,,,,,,,,,,,,crypto-label-v1
tg-cryptoprofitcoach-8997,telegram,call,pending,,,,,,,,,,,,,,crypto-label-v1
tg-cryptoprofitcoach-8998,telegram,call,pending,,,,,,,,,,,,,,crypto-label-v1
tg-cryptoprofitcoach-8999,telegram,call,pending,,,,,,,,,,,,,,crypto-label-v1
tg-cryptoprofitcoach-9002,telegram,call,pending,,,,,,,,,,,,,,crypto-label-v1
tg-cryptoprofitcoach-9003,telegram,call,pending,,,,,,,,,,,,,,crypto-label-v1
tg-cryptoprofitcoach-9006,telegram,call,pending,,,,,,,,,,,,,,crypto-label-v1
tg-cryptoprofitcoach-9008,telegram,call,pending,,,,,,,,,,,,,,crypto-label-v1
tg-cryptoprofitcoach-9009,telegram,call,pending,,,,,,,,,,,,,,crypto-label-v1
tg-cryptoprofitcoach-9010,telegram,call,pending,,,,,,,,,,,,,,crypto-label-v1
tg-cryptoprofitcoach-9011,telegram,call,pending,,,,,,,,,,,,,,crypto-label-v1
tg-cryptoprofitcoach-9012,telegram,call,pending,,,,,,,,,,,,,,crypto-label-v1
tg-cryptoprofitcoach-9013,telegram,call,pending,,,,,,,,,,,,,,crypto-label-v1
tg-cryptoprofitcoach-9014,telegram,call,pending,,,,,,,,,,,,,,crypto-label-v1
tg-cryptoprofitcoach-9015,telegram,call,pending,,,,,,,,,,,,,,crypto-label-v1
tg-cryptoprofitcoach-9016,telegram,call,pending,,,,,,,,,,,,,,crypto-label-v1
tg-cryptoprofitcoach-9017,telegram,call,pending,,,,,,,,,,,,,,crypto-label-v1
tg-cryptoprofitcoach-9018,telegram,call,pending,,,,,,,,,,,,,,crypto-label-v1
tg-cryptoprofitcoach-9019,telegram,call,pending,,,,,,,,,,,,,,crypto-label-v1
tg-cryptoprofitcoach-9020,telegram,call,pending,,,,,,,,,,,,,,crypto-label-v1
tg-cryptoprofitcoach-9021,telegram,call,pending,,,,,,,,,,,,,,crypto-label-v1
tg-cryptoprofitcoach-9022,telegram,call,pending,,,,,,,,,,,,,,crypto-label-v1
tg-cryptoprofitcoach-9023,telegram,call,pending,,,,,,,,,,,,,,crypto-label-v1
tg-cryptoprofitcoach-9024,telegram,call,pending,,,,,,,,,,,,,,crypto-label-v1
tg-cryptoprofitcoach-9025,telegram,call,pending,,,,,,,,,,,,,,crypto-label-v1
tg-cryptoprofitcoach-9026,telegram,call,pending,,,,,,,,,,,,,,crypto-label-v1
tg-cryptoprofitcoach-9029,telegram,call,pending,,,,,,,,,,,,,,crypto-label-v1
tg-cryptoprofitcoach-9030,telegram,call,pending,,,,,,,,,,,,,,crypto-label-v1
tg-cryptoprofitcoach-9032,telegram,call,pending,,,,,,,,,,,,,,crypto-label-v1
tg-cryptoprofitcoach-9033,telegram,call,pending,,,,,,,,,,,,,,crypto-label-v1
tg-cryptoprofitcoach-9034,telegram,call,pending,,,,,,,,,,,,,,crypto-label-v1
tg-cryptoprofitcoach-9035,telegram,call,pending,,,,,,,,,,,,,,crypto-label-v1
tg-cryptoprofitcoach-9036,telegram,call,pending,,,,,,,,,,,,,,crypto-label-v1
tg-cryptoprofitcoach-9037,telegram,call,pending,,,,,,,,,,,,,,crypto-label-v1
tg-cryptoprofitcoach-9038,telegram,call,pending,,,,,,,,,,,,,,crypto-label-v1
tg-cryptoprofitcoach-9039,telegram,call,pending,,,,,,,,,,,,,,crypto-label-v1
tg-cryptoprofitcoach-9040,telegram,call,pending,,,,,,,,,,,,,,crypto-label-v1
tg-cryptoprofitcoach-9043,telegram,call,pending,,,,,,,,,,,,,,crypto-label-v1
tg-cryptoprofitcoach-9044,telegram,call,pending,,,,,,,,,,,,,,crypto-label-v1
tg-cryptoprofitcoach-9047,telegram,call,pending,,,,,,,,,,,,,,crypto-label-v1
tg-cryptoprofitcoach-9048,telegram,call,pending,,,,,,,,,,,,,,crypto-label-v1
tg-cryptoprofitcoach-9049,telegram,call,pending,,,,,,,,,,,,,,crypto-label-v1
tg-cryptoprofitcoach-9053,telegram,call,pending,,,,,,,,,,,,,,crypto-label-v1
tg-cryptoprofitcoach-9055,telegram,call,pending,,,,,,,,,,,,,,crypto-label-v1
tg-cryptoprofitcoach-9060,telegram,call,pending,,,,,,,,,,,,,,crypto-label-v1
tg-cryptoprofitcoach-9061,telegram,call,pending,,,,,,,,,,,,,,crypto-label-v1
tg-cryptoprofitcoach-9062,telegram,call,pending,,,,,,,,,,,,,,crypto-label-v1
tg-cryptoprofitcoach-9066,telegram,call,pending,,,,,,,,,,,,,,crypto-label-v1
tg-cryptoprofitcoach-9071,telegram,call,pending,,,,,,,,,,,,,,crypto-label-v1
tg-cryptoprofitcoach-9074,telegram,call,pending,,,,,,,,,,,,,,crypto-label-v1
tg-cryptoprofitcoach-9076,telegram,call,pending,,,,,,,,,,,,,,crypto-label-v1
tg-cryptoprofitcoach-9083,telegram,call,pending,,,,,,,,,,,,,,crypto-label-v1
tg-cryptoprofitcoach-9086,telegram,call,pending,,,,,,,,,,,,,,crypto-label-v1
tg-cryptoprofitcoach-9087,telegram,call,pending,,,,,,,,,,,,,,crypto-label-v1
tg-cryptoprofitcoach-9088,telegram,call,pending,,,,,,,,,,,,,,crypto-label-v1
tg-cryptoprofitcoach-9107,telegram,call,pending,,,,,,,,,,,,,,crypto-label-v1
tg-cryptoprofitcoach-9119,telegram,call,pending,,,,,,,,,,,,,,crypto-label-v1
tg-cryptoprofitcoach-9121,telegram,call,pending,,,,,,,,,,,,,,crypto-label-v1
tg-cryptoprofitcoach-9134,telegram,call,pending,,,,,,,,,,,,,,crypto-label-v1
tg-cryptoprofitcoach-9135,telegram,call,pending,,,,,,,,,,,,,,crypto-label-v1
tg-cryptoprofitcoach-9136,telegram,call,pending,,,,,,,,,,,,,,crypto-label-v1
tg-cryptoprofitcoach-9138,telegram,call,pending,,,,,,,,,,,,,,crypto-label-v1
tg-cryptoprofitcoach-9141,telegram,call,pending,,,,,,,,,,,,,,crypto-label-v1
tg-cryptoprofitcoach-9142,telegram,call,pending,,,,,,,,,,,,,,crypto-label-v1
tg-cryptoprofitcoach-9143,telegram,call,pending,,,,,,,,,,,,,,crypto-label-v1
tg-cryptoprofitcoach-9144,telegram,call,pending,,,,,,,,,,,,,,crypto-label-v1
tg-cryptoprofitcoach-9145,telegram,call,pending,,,,,,,,,,,,,,crypto-label-v1
tg-cryptoprofitcoach-9146,telegram,call,pending,,,,,,,,,,,,,,crypto-label-v1
tg-cryptoprofitcoach-9147,telegram,call,pending,,,,,,,,,,,,,,crypto-label-v1
tg-cryptoprofitcoach-9148,telegram,call,pending,,,,,,,,,,,,,,crypto-label-v1
tg-cryptoprofitcoach-9149,telegram,call,pending,,,,,,,,,,,,,,crypto-label-v1
tg-cryptoprofitcoach-9151,telegram,call,pending,,,,,,,,,,,,,,crypto-label-v1
tg-cryptoprofitcoach-9155,telegram,call,pending,,,,,,,,,,,,,,crypto-label-v1
tg-cryptoprofitcoach-9156,telegram,call,pending,,,,,,,,,,,,,,crypto-label-v1
tg-cryptoprofitcoach-9162,telegram,call,pending,,,,,,,,,,,,,,crypto-label-v1
tg-cryptoprofitcoach-9163,telegram,call,pending,,,,,,,,,,,,,,crypto-label-v1
tg-cryptoprofitcoach-9164,telegram,call,pending,,,,,,,,,,,,,,crypto-label-v1
tg-cryptoprofitcoach-9165,telegram,call,pending,,,,,,,,,,,,,,crypto-label-v1
tg-cryptoprofitcoach-9166,telegram,call,pending,,,,,,,,,,,,,,crypto-label-v1
tg-cryptoprofitcoach-9167,telegram,call,pending,,,,,,,,,,,,,,crypto-label-v1
tg-cryptoprofitcoach-9168,telegram,call,pending,,,,,,,,,,,,,,crypto-label-v1
tg-cryptoprofitcoach-9169,telegram,call,pending,,,,,,,,,,,,,,crypto-label-v1
tg-cryptoprofitcoach-9172,telegram,call,pending,,,,,,,,,,,,,,crypto-label-v1
tg-cryptoprofitcoach-9173,telegram,call,pending,,,,,,,,,,,,,,crypto-label-v1
tg-cryptoprofitcoach-9174,telegram,call,pending,,,,,,,,,,,,,,crypto-label-v1
tg-cryptoprofitcoach-9175,telegram,call,pending,,,,,,,,,,,,,,crypto-label-v1
tg-cryptoprofitcoach-9176,telegram,call,pending,,,,,,,,,,,,,,crypto-label-v1
tg-cryptoprofitcoach-9177,telegram,call,pending,,,,,,,,,,,,,,crypto-label-v1
tg-cryptoprofitcoach-9185,telegram,call,pending,,,,,,,,,,,,,,crypto-label-v1
tg-cryptoprofitcoach-9186,telegram,call,pending,,,,,,,,,,,,,,crypto-label-v1
tg-cryptoprofitcoach-9188,telegram,call,pending,,,,,,,,,,,,,,crypto-label-v1
tg-cryptoprofitcoach-9189,telegram,call,pending,,,,,,,,,,,,,,crypto-label-v1
tg-cryptoprofitcoach-9191,telegram,call,pending,,,,,,,,,,,,,,crypto-label-v1
tg-cryptoprofitcoach-9192,telegram,call,pending,,,,,,,,,,,,,,crypto-label-v1
tg-cryptoprofitcoach-9194,telegram,call,pending,,,,,,,,,,,,,,crypto-label-v1
tg-cryptoprofitcoach-9195,telegram,call,pending,,,,,,,,,,,,,,crypto-label-v1
tg-cryptoprofitcoach-9196,telegram,call,pending,,,,,,,,,,,,,,crypto-label-v1
tg-cryptoprofitcoach-9197,telegram,call,pending,,,,,,,,,,,,,,crypto-label-v1
tg-cryptoprofitcoach-9198,telegram,call,pending,,,,,,,,,,,,,,crypto-label-v1
tg-cryptoprofitcoach-9200,telegram,call,pending,,,,,,,,,,,,,,crypto-label-v1
tg-cryptoprofitcoach-9202,telegram,call,pending,,,,,,,,,,,,,,crypto-label-v1
tg-cryptoprofitcoach-9203,telegram,call,pending,,,,,,,,,,,,,,crypto-label-v1
tg-cryptoprofitcoach-9204,telegram,call,pending,,,,,,,,,,,,,,crypto-label-v1
tg-cryptoprofitcoach-9205,telegram,call,pending,,,,,,,,,,,,,,crypto-label-v1
tg-cryptoprofitcoach-9206,telegram,call,pending,,,,,,,,,,,,,,crypto-label-v1
tg-cryptoprofitcoach-9207,telegram,call,pending,,,,,,,,,,,,,,crypto-label-v1
tg-cryptoprofitcoach-9209,telegram,call,pending,,,,,,,,,,,,,,crypto-label-v1
tg-cryptoprofitcoach-9210,telegram,call,pending,,,,,,,,,,,,,,crypto-label-v1
tg-cryptoprofitcoach-9211,telegram,call,pending,,,,,,,,,,,,,,crypto-label-v1
tg-cryptoprofitcoach-9213,telegram,call,pending,,,,,,,,,,,,,,crypto-label-v1
tg-Whalesguide-18992,telegram,call,pending,,,,,,,,,,,,,,crypto-label-v1
tg-Whalesguide-18994,telegram,call,pending,,,,,,,,,,,,,,crypto-label-v1
tg-Whalesguide-18999,telegram,call,pending,,,,,,,,,,,,,,crypto-label-v1
tg-Whalesguide-19005,telegram,call,pending,,,,,,,,,,,,,,crypto-label-v1
tg-Whalesguide-19007,telegram,call,pending,,,,,,,,,,,,,,crypto-label-v1
tg-Whalesguide-19010,telegram,call,pending,,,,,,,,,,,,,,crypto-label-v1
tg-Whalesguide-19012,telegram,call,pending,,,,,,,,,,,,,,crypto-label-v1
tg-Whalesguide-19014,telegram,call,pending,,,,,,,,,,,,,,crypto-label-v1
tg-Whalesguide-19015,telegram,call,pending,,,,,,,,,,,,,,crypto-label-v1
tg-Whalesguide-19019,telegram,call,pending,,,,,,,,,,,,,,crypto-label-v1
tg-Whalesguide-19020,telegram,call,pending,,,,,,,,,,,,,,crypto-label-v1
tg-Whalesguide-19021,telegram,call,pending,,,,,,,,,,,,,,crypto-label-v1
tg-Whalesguide-19024,telegram,call,pending,,,,,,,,,,,,,,crypto-label-v1
tg-Whalesguide-19026,telegram,call,pending,,,,,,,,,,,,,,crypto-label-v1
tg-Whalesguide-19027,telegram,call,pending,,,,,,,,,,,,,,crypto-label-v1
tg-Whalesguide-19029,telegram,call,pending,,,,,,,,,,,,,,crypto-label-v1
tg-Whalesguide-19031,telegram,call,pending,,,,,,,,,,,,,,crypto-label-v1
tg-Whalesguide-19032,telegram,call,pending,,,,,,,,,,,,,,crypto-label-v1
tg-Whalesguide-19033,telegram,call,pending,,,,,,,,,,,,,,crypto-label-v1
tg-Whalesguide-19035,telegram,call,pending,,,,,,,,,,,,,,crypto-label-v1
tg-Whalesguide-19036,telegram,call,pending,,,,,,,,,,,,,,crypto-label-v1
tg-Whalesguide-19037,telegram,call,pending,,,,,,,,,,,,,,crypto-label-v1
tg-Whalesguide-19038,telegram,call,pending,,,,,,,,,,,,,,crypto-label-v1
tg-Whalesguide-19040,telegram,call,pending,,,,,,,,,,,,,,crypto-label-v1
tg-Whalesguide-19042,telegram,call,pending,,,,,,,,,,,,,,crypto-label-v1
tg-Whalesguide-19043,telegram,call,pending,,,,,,,,,,,,,,crypto-label-v1
tg-Whalesguide-19045,telegram,call,pending,,,,,,,,,,,,,,crypto-label-v1
tg-Whalesguide-19046,telegram,call,pending,,,,,,,,,,,,,,crypto-label-v1
tg-Whalesguide-19048,telegram,call,pending,,,,,,,,,,,,,,crypto-label-v1
tg-Whalesguide-19049,telegram,call,pending,,,,,,,,,,,,,,crypto-label-v1
tg-Whalesguide-19053,telegram,call,pending,,,,,,,,,,,,,,crypto-label-v1
tg-Whalesguide-19056,telegram,call,pending,,,,,,,,,,,,,,crypto-label-v1
tg-Whalesguide-19058,telegram,call,pending,,,,,,,,,,,,,,crypto-label-v1
tg-Whalesguide-19060,telegram,call,pending,,,,,,,,,,,,,,crypto-label-v1
tg-Whalesguide-19061,telegram,call,pending,,,,,,,,,,,,,,crypto-label-v1
tg-Whalesguide-19062,telegram,call,pending,,,,,,,,,,,,,,crypto-label-v1
tg-Whalesguide-19063,telegram,call,pending,,,,,,,,,,,,,,crypto-label-v1
tg-Whalesguide-19065,telegram,call,pending,,,,,,,,,,,,,,crypto-label-v1
tg-Whalesguide-19067,telegram,call,pending,,,,,,,,,,,,,,crypto-label-v1
tg-Whalesguide-19069,telegram,call,pending,,,,,,,,,,,,,,crypto-label-v1
tg-Whalesguide-19070,telegram,call,pending,,,,,,,,,,,,,,crypto-label-v1
tg-Whalesguide-19072,telegram,call,pending,,,,,,,,,,,,,,crypto-label-v1
tg-Whalesguide-19074,telegram,call,pending,,,,,,,,,,,,,,crypto-label-v1
tg-Whalesguide-19075,telegram,call,pending,,,,,,,,,,,,,,crypto-label-v1
tg-Whalesguide-19076,telegram,call,pending,,,,,,,,,,,,,,crypto-label-v1
tg-Whalesguide-19077,telegram,call,pending,,,,,,,,,,,,,,crypto-label-v1
tg-Whalesguide-19079,telegram,call,pending,,,,,,,,,,,,,,crypto-label-v1
tg-Whalesguide-19080,telegram,call,pending,,,,,,,,,,,,,,crypto-label-v1
tg-Whalesguide-19082,telegram,call,pending,,,,,,,,,,,,,,crypto-label-v1
tg-Whalesguide-19084,telegram,call,pending,,,,,,,,,,,,,,crypto-label-v1
tg-Whalesguide-19085,telegram,call,pending,,,,,,,,,,,,,,crypto-label-v1
tg-Whalesguide-19086,telegram,call,pending,,,,,,,,,,,,,,crypto-label-v1
tg-Whalesguide-19087,telegram,call,pending,,,,,,,,,,,,,,crypto-label-v1
tg-Whalesguide-19090,telegram,call,pending,,,,,,,,,,,,,,crypto-label-v1
tg-Whalesguide-19092,telegram,call,not_covered,,,,,,,,,,,,,,crypto-label-v1
tg-Whalesguide-19094,telegram,call,pending,,,,,,,,,,,,,,crypto-label-v1
tg-Whalesguide-19095,telegram,call,pending,,,,,,,,,,,,,,crypto-label-v1
tg-Whalesguide-19096,telegram,call,pending,,,,,,,,,,,,,,crypto-label-v1
tg-Whalesguide-19098,telegram,call,pending,,,,,,,,,,,,,,crypto-label-v1
tg-Whalesguide-19100,telegram,call,not_covered,,,,,,,,,,,,,,crypto-label-v1
tg-Whalesguide-19102,telegram,call,pending,,,,,,,,,,,,,,crypto-label-v1
tg-Whalesguide-19104,telegram,call,pending,,,,,,,,,,,,,,crypto-label-v1
tg-Whalesguide-19109,telegram,call,pending,,,,,,,,,,,,,,crypto-label-v1
tg-Whalesguide-19110,telegram,call,pending,,,,,,,,,,,,,,crypto-label-v1
tg-Whalesguide-19111,telegram,call,pending,,,,,,,,,,,,,,crypto-label-v1
tg-Whalesguide-19112,telegram,call,pending,,,,,,,,,,,,,,crypto-label-v1
tg-Whalesguide-19121,telegram,call,pending,,,,,,,,,,,,,,crypto-label-v1
tg-Whalesguide-19124,telegram,call,pending,,,,,,,,,,,,,,crypto-label-v1
tg-Whalesguide-19125,telegram,call,pending,,,,,,,,,,,,,,crypto-label-v1
tg-Whalesguide-19129,telegram,call,pending,,,,,,,,,,,,,,crypto-label-v1
tg-Whalesguide-19131,telegram,call,pending,,,,,,,,,,,,,,crypto-label-v1
tg-Whalesguide-19134,telegram,call,pending,,,,,,,,,,,,,,crypto-label-v1
tg-Whalesguide-19136,telegram,call,pending,,,,,,,,,,,,,,crypto-label-v1
tg-Whalesguide-19138,telegram,call,pending,,,,,,,,,,,,,,crypto-label-v1
tg-Whalesguide-19140,telegram,call,pending,,,,,,,,,,,,,,crypto-label-v1
tg-Whalesguide-19142,telegram,call,pending,,,,,,,,,,,,,,crypto-label-v1
tg-Whalesguide-19143,telegram,call,pending,,,,,,,,,,,,,,crypto-label-v1
tg-Whalesguide-19144,telegram,call,pending,,,,,,,,,,,,,,crypto-label-v1
tg-Whalesguide-19145,telegram,call,pending,,,,,,,,,,,,,,crypto-label-v1
tg-Whalesguide-19146,telegram,call,pending,,,,,,,,,,,,,,crypto-label-v1
tg-Whalesguide-19147,telegram,call,pending,,,,,,,,,,,,,,crypto-label-v1
tg-Whalesguide-19149,telegram,call,pending,,,,,,,,,,,,,,crypto-label-v1
tg-Whalesguide-19150,telegram,call,pending,,,,,,,,,,,,,,crypto-label-v1
tg-Whalesguide-19152,telegram,call,pending,,,,,,,,,,,,,,crypto-label-v1
tg-Whalesguide-19154,telegram,call,pending,,,,,,,,,,,,,,crypto-label-v1
tg-Whalesguide-19156,telegram,call,pending,,,,,,,,,,,,,,crypto-label-v1
tg-Whalesguide-19158,telegram,call,pending,,,,,,,,,,,,,,crypto-label-v1
tg-Whalesguide-19159,telegram,call,pending,,,,,,,,,,,,,,crypto-label-v1
tg-Whalesguide-19161,telegram,call,pending,,,,,,,,,,,,,,crypto-label-v1
tg-Whalesguide-19163,telegram,call,pending,,,,,,,,,,,,,,crypto-label-v1
tg-Whalesguide-19164,telegram,call,pending,,,,,,,,,,,,,,crypto-label-v1
tg-Whalesguide-19166,telegram,call,pending,,,,,,,,,,,,,,crypto-label-v1
tg-Whalesguide-19168,telegram,call,pending,,,,,,,,,,,,,,crypto-label-v1
tg-Whalesguide-19169,telegram,call,pending,,,,,,,,,,,,,,crypto-label-v1
tg-Whalesguide-19171,telegram,call,pending,,,,,,,,,,,,,,crypto-label-v1
tg-Whalesguide-19173,telegram,call,pending,,,,,,,,,,,,,,crypto-label-v1
tg-Whalesguide-19174,telegram,call,pending,,,,,,,,,,,,,,crypto-label-v1
tg-Whalesguide-19176,telegram,call,pending,,,,,,,,,,,,,,crypto-label-v1
tg-Whalesguide-19177,telegram,call,pending,,,,,,,,,,,,,,crypto-label-v1
tg-Whalesguide-19178,telegram,call,pending,,,,,,,,,,,,,,crypto-label-v1
tg-Whalesguide-19179,telegram,call,pending,,,,,,,,,,,,,,crypto-label-v1
tg-Whalesguide-19180,telegram,call,pending,,,,,,,,,,,,,,crypto-label-v1
tg-Whalesguide-19182,telegram,call,pending,,,,,,,,,,,,,,crypto-label-v1
tg-Whalesguide-19183,telegram,call,pending,,,,,,,,,,,,,,crypto-label-v1
tg-Whalesguide-19185,telegram,call,pending,,,,,,,,,,,,,,crypto-label-v1
tg-Whalesguide-19187,telegram,call,pending,,,,,,,,,,,,,,crypto-label-v1
tg-Whalesguide-19188,telegram,call,pending,,,,,,,,,,,,,,crypto-label-v1
tg-Whalesguide-19189,telegram,call,pending,,,,,,,,,,,,,,crypto-label-v1
tg-Whalesguide-19190,telegram,call,pending,,,,,,,,,,,,,,crypto-label-v1
tg-Whalesguide-19192,telegram,call,pending,,,,,,,,,,,,,,crypto-label-v1
tg-Whalesguide-19193,telegram,call,pending,,,,,,,,,,,,,,crypto-label-v1
tg-Whalesguide-19199,telegram,call,pending,,,,,,,,,,,,,,crypto-label-v1
tg-Whalesguide-19201,telegram,call,pending,,,,,,,,,,,,,,crypto-label-v1
tg-Whalesguide-19202,telegram,call,pending,,,,,,,,,,,,,,crypto-label-v1
tg-Whalesguide-19203,telegram,call,pending,,,,,,,,,,,,,,crypto-label-v1
tg-Whalesguide-19205,telegram,call,pending,,,,,,,,,,,,,,crypto-label-v1
tg-Whalesguide-19207,telegram,call,pending,,,,,,,,,,,,,,crypto-label-v1
tg-Whalesguide-19209,telegram,call,pending,,,,,,,,,,,,,,crypto-label-v1
tg-Whalesguide-19210,telegram,call,pending,,,,,,,,,,,,,,crypto-label-v1
tg-Whalesguide-19211,telegram,call,pending,,,,,,,,,,,,,,crypto-label-v1
tg-Whalesguide-19213,telegram,call,pending,,,,,,,,,,,,,,crypto-label-v1
tg-Whalesguide-19215,telegram,call,pending,,,,,,,,,,,,,,crypto-label-v1
tg-Whalesguide-19216,telegram,call,pending,,,,,,,,,,,,,,crypto-label-v1
tg-Whalesguide-19217,telegram,call,pending,,,,,,,,,,,,,,crypto-label-v1
tg-Whalesguide-19218,telegram,call,pending,,,,,,,,,,,,,,crypto-label-v1
tg-Whalesguide-19219,telegram,call,pending,,,,,,,,,,,,,,crypto-label-v1
tg-Whalesguide-19221,telegram,call,pending,,,,,,,,,,,,,,crypto-label-v1
tg-Whalesguide-19223,telegram,call,pending,,,,,,,,,,,,,,crypto-label-v1
tg-Whalesguide-19225,telegram,call,pending,,,,,,,,,,,,,,crypto-label-v1
tg-Whalesguide-19226,telegram,call,pending,,,,,,,,,,,,,,crypto-label-v1
tg-Whalesguide-19227,telegram,call,pending,,,,,,,,,,,,,,crypto-label-v1
tg-Whalesguide-19229,telegram,call,pending,,,,,,,,,,,,,,crypto-label-v1
tg-Whalesguide-19231,telegram,call,pending,,,,,,,,,,,,,,crypto-label-v1
tg-Whalesguide-19233,telegram,call,pending,,,,,,,,,,,,,,crypto-label-v1
tg-Whalesguide-19234,telegram,call,pending,,,,,,,,,,,,,,crypto-label-v1
tg-Whalesguide-19236,telegram,call,pending,,,,,,,,,,,,,,crypto-label-v1
tg-Whalesguide-19237,telegram,call,pending,,,,,,,,,,,,,,crypto-label-v1
tg-Whalesguide-19241,telegram,call,pending,,,,,,,,,,,,,,crypto-label-v1
tg-Whalesguide-19242,telegram,call,pending,,,,,,,,,,,,,,crypto-label-v1
tg-Whalesguide-19244,telegram,call,pending,,,,,,,,,,,,,,crypto-label-v1
tg-Whalesguide-19245,telegram,call,pending,,,,,,,,,,,,,,crypto-label-v1
tg-Whalesguide-19246,telegram,call,pending,,,,,,,,,,,,,,crypto-label-v1
tg-Whalesguide-19247,telegram,call,pending,,,,,,,,,,,,,,crypto-label-v1
tg-Whalesguide-19250,telegram,call,pending,,,,,,,,,,,,,,crypto-label-v1
tg-Whalesguide-19252,telegram,call,pending,,,,,,,,,,,,,,crypto-label-v1
tg-Whalesguide-19253,telegram,call,pending,,,,,,,,,,,,,,crypto-label-v1
tg-Whalesguide-19254,telegram,call,pending,,,,,,,,,,,,,,crypto-label-v1
tg-Whalesguide-19255,telegram,call,pending,,,,,,,,,,,,,,crypto-label-v1
tg-Whalesguide-19256,telegram,call,pending,,,,,,,,,,,,,,crypto-label-v1
tg-Whalesguide-19257,telegram,call,pending,,,,,,,,,,,,,,crypto-label-v1
tg-Whalesguide-19258,telegram,call,pending,,,,,,,,,,,,,,crypto-label-v1
tg-Whalesguide-19259,telegram,call,pending,,,,,,,,,,,,,,crypto-label-v1
tg-Whalesguide-19261,telegram,call,pending,,,,,,,,,,,,,,crypto-label-v1
tg-Whalesguide-19262,telegram,call,pending,,,,,,,,,,,,,,crypto-label-v1
tg-Whalesguide-19263,telegram,call,pending,,,,,,,,,,,,,,crypto-label-v1
tg-Whalesguide-19264,telegram,call,pending,,,,,,,,,,,,,,crypto-label-v1
tg-Whalesguide-19265,telegram,call,pending,,,,,,,,,,,,,,crypto-label-v1
tg-Whalesguide-19266,telegram,call,pending,,,,,,,,,,,,,,crypto-label-v1
tg-Whalesguide-19270,telegram,call,pending,,,,,,,,,,,,,,crypto-label-v1
tg-Whalesguide-19273,telegram,call,pending,,,,,,,,,,,,,,crypto-label-v1
tg-Whalesguide-19274,telegram,call,pending,,,,,,,,,,,,,,crypto-label-v1
tg-Whalesguide-19276,telegram,call,pending,,,,,,,,,,,,,,crypto-label-v1
tg-Whalesguide-19278,telegram,call,pending,,,,,,,,,,,,,,crypto-label-v1
tg-Whalesguide-19283,telegram,call,pending,,,,,,,,,,,,,,crypto-label-v1
tg-Whalesguide-19286,telegram,call,pending,,,,,,,,,,,,,,crypto-label-v1
tg-Whalesguide-19287,telegram,call,pending,,,,,,,,,,,,,,crypto-label-v1
tg-Whalesguide-19289,telegram,call,pending,,,,,,,,,,,,,,crypto-label-v1
tg-Whalesguide-19291,telegram,call,pending,,,,,,,,,,,,,,crypto-label-v1
tg-Whalesguide-19293,telegram,call,pending,,,,,,,,,,,,,,crypto-label-v1
tg-Whalesguide-19295,telegram,call,pending,,,,,,,,,,,,,,crypto-label-v1
tg-Whalesguide-19298,telegram,call,pending,,,,,,,,,,,,,,crypto-label-v1
tg-Whalesguide-19300,telegram,call,pending,,,,,,,,,,,,,,crypto-label-v1
tg-Whalesguide-19303,telegram,call,pending,,,,,,,,,,,,,,crypto-label-v1
tg-Whalesguide-19305,telegram,call,pending,,,,,,,,,,,,,,crypto-label-v1
tg-Whalesguide-19308,telegram,call,pending,,,,,,,,,,,,,,crypto-label-v1
tg-Whalesguide-19320,telegram,call,pending,,,,,,,,,,,,,,crypto-label-v1
tg-Whalesguide-19322,telegram,call,pending,,,,,,,,,,,,,,crypto-label-v1
tg-Whalesguide-19324,telegram,call,pending,,,,,,,,,,,,,,crypto-label-v1
tg-Whalesguide-19327,telegram,call,pending,,,,,,,,,,,,,,crypto-label-v1
tg-Whalesguide-19328,telegram,call,pending,,,,,,,,,,,,,,crypto-label-v1
tg-Whalesguide-19329,telegram,call,pending,,,,,,,,,,,,,,crypto-label-v1
tg-Whalesguide-19330,telegram,call,pending,,,,,,,,,,,,,,crypto-label-v1
tg-Whalesguide-19331,telegram,call,pending,,,,,,,,,,,,,,crypto-label-v1
tg-Whalesguide-19332,telegram,call,pending,,,,,,,,,,,,,,crypto-label-v1
tg-Whalesguide-19335,telegram,call,pending,,,,,,,,,,,,,,crypto-label-v1
tg-Whalesguide-19336,telegram,call,pending,,,,,,,,,,,,,,crypto-label-v1
tg-Whalesguide-19337,telegram,call,pending,,,,,,,,,,,,,,crypto-label-v1
tg-Whalesguide-19338,telegram,call,pending,,,,,,,,,,,,,,crypto-label-v1
tg-Whalesguide-19342,telegram,call,pending,,,,,,,,,,,,,,crypto-label-v1
tg-Whalesguide-19347,telegram,call,pending,,,,,,,,,,,,,,crypto-label-v1
tg-Whalesguide-19348,telegram,call,pending,,,,,,,,,,,,,,crypto-label-v1
tg-Whalesguide-19351,telegram,call,pending,,,,,,,,,,,,,,crypto-label-v1
tg-Whalesguide-19357,telegram,call,pending,,,,,,,,,,,,,,crypto-label-v1
tg-Whalesguide-19358,telegram,call,pending,,,,,,,,,,,,,,crypto-label-v1
tg-Whalesguide-19359,telegram,call,pending,,,,,,,,,,,,,,crypto-label-v1
tg-Whalesguide-19360,telegram,call,pending,,,,,,,,,,,,,,crypto-label-v1
tg-Whalesguide-19361,telegram,call,pending,,,,,,,,,,,,,,crypto-label-v1
tg-Whalesguide-19366,telegram,call,pending,,,,,,,,,,,,,,crypto-label-v1
tg-Whalesguide-19370,telegram,call,pending,,,,,,,,,,,,,,crypto-label-v1
tg-Whalesguide-19371,telegram,call,pending,,,,,,,,,,,,,,crypto-label-v1
tg-Whalesguide-19372,telegram,call,pending,,,,,,,,,,,,,,crypto-label-v1
tg-Whalesguide-19379,telegram,call,pending,,,,,,,,,,,,,,crypto-label-v1
tg-Whalesguide-19383,telegram,call,pending,,,,,,,,,,,,,,crypto-label-v1
tg-Whalesguide-19384,telegram,call,pending,,,,,,,,,,,,,,crypto-label-v1
tg-Whalesguide-19385,telegram,call,pending,,,,,,,,,,,,,,crypto-label-v1
tg-Whalesguide-19386,telegram,call,pending,,,,,,,,,,,,,,crypto-label-v1
tg-Whalesguide-19387,telegram,call,pending,,,,,,,,,,,,,,crypto-label-v1
tg-Whalesguide-19392,telegram,call,pending,,,,,,,,,,,,,,crypto-label-v1
tg-Whalesguide-19393,telegram,call,pending,,,,,,,,,,,,,,crypto-label-v1
tg-Whalesguide-19406,telegram,call,pending,,,,,,,,,,,,,,crypto-label-v1
tg-Whalesguide-19407,telegram,call,pending,,,,,,,,,,,,,,crypto-label-v1
tg-Whalesguide-19408,telegram,call,pending,,,,,,,,,,,,,,crypto-label-v1
tg-Whalesguide-19409,telegram,call,pending,,,,,,,,,,,,,,crypto-label-v1
tg-Whalesguide-19413,telegram,call,pending,,,,,,,,,,,,,,crypto-label-v1
tg-Whalesguide-19447,telegram,call,pending,,,,,,,,,,,,,,crypto-label-v1
tg-Whalesguide-19453,telegram,call,pending,,,,,,,,,,,,,,crypto-label-v1
tg-Whalesguide-19454,telegram,call,pending,,,,,,,,,,,,,,crypto-label-v1
tg-Whalesguide-19456,telegram,call,pending,,,,,,,,,,,,,,crypto-label-v1
tg-Whalesguide-19458,telegram,call,pending,,,,,,,,,,,,,,crypto-label-v1
tg-Whalesguide-19461,telegram,call,pending,,,,,,,,,,,,,,crypto-label-v1
tg-Whalesguide-19462,telegram,call,pending,,,,,,,,,,,,,,crypto-label-v1
tg-Whalesguide-19464,telegram,call,pending,,,,,,,,,,,,,,crypto-label-v1
tg-Whalesguide-19466,telegram,call,pending,,,,,,,,,,,,,,crypto-label-v1
tg-Whalesguide-19467,telegram,call,pending,,,,,,,,,,,,,,crypto-label-v1
tg-Whalesguide-19470,telegram,call,pending,,,,,,,,,,,,,,crypto-label-v1
tg-Whalesguide-19472,telegram,call,pending,,,,,,,,,,,,,,crypto-label-v1
tg-Whalesguide-19473,telegram,call,pending,,,,,,,,,,,,,,crypto-label-v1
tg-Whalesguide-19475,telegram,call,pending,,,,,,,,,,,,,,crypto-label-v1
tg-Whalesguide-19476,telegram,call,pending,,,,,,,,,,,,,,crypto-label-v1
tg-Whalesguide-19477,telegram,call,pending,,,,,,,,,,,,,,crypto-label-v1
tg-Whalesguide-19478,telegram,call,pending,,,,,,,,,,,,,,crypto-label-v1
tg-Whalesguide-19483,telegram,call,pending,,,,,,,,,,,,,,crypto-label-v1
tg-Whalesguide-19484,telegram,call,pending,,,,,,,,,,,,,,crypto-label-v1
tg-Whalesguide-19491,telegram,call,pending,,,,,,,,,,,,,,crypto-label-v1
tg-Whalesguide-19493,telegram,call,pending,,,,,,,,,,,,,,crypto-label-v1
tg-Whalesguide-19494,telegram,call,pending,,,,,,,,,,,,,,crypto-label-v1
tg-Whalesguide-19495,telegram,call,pending,,,,,,,,,,,,,,crypto-label-v1
tg-Whalesguide-19498,telegram,call,pending,,,,,,,,,,,,,,crypto-label-v1
tg-Whalesguide-19499,telegram,call,pending,,,,,,,,,,,,,,crypto-label-v1
tg-Whalesguide-19501,telegram,call,pending,,,,,,,,,,,,,,crypto-label-v1
tg-Whalesguide-19503,telegram,call,pending,,,,,,,,,,,,,,crypto-label-v1
tg-Whalesguide-19506,telegram,call,pending,,,,,,,,,,,,,,crypto-label-v1
tg-Whalesguide-19509,telegram,call,pending,,,,,,,,,,,,,,crypto-label-v1
tg-TCGFORYOU-34536,telegram,call,pending,,,,,,,,,,,,,,crypto-label-v1
tg-TCGFORYOU-34559,telegram,call,not_covered,,,,,,,,,,,,,,crypto-label-v1
tg-TCGFORYOU-34564,telegram,call,not_covered,,,,,,,,,,,,,,crypto-label-v1
tg-TCGFORYOU-34652,telegram,call,not_covered,,,,,,,,,,,,,,crypto-label-v1
tg-TCGFORYOU-34660,telegram,call,not_covered,,,,,,,,,,,,,,crypto-label-v1
tg-TCGFORYOU-34670,telegram,call,pending,,,,,,,,,,,,,,crypto-label-v1
tg-TCGFORYOU-34701,telegram,call,not_covered,,,,,,,,,,,,,,crypto-label-v1
tg-TCGFORYOU-34848,telegram,call,pending,,,,,,,,,,,,,,crypto-label-v1
tg-TCGFORYOU-34849,telegram,call,pending,,,,,,,,,,,,,,crypto-label-v1
tg-TCGFORYOU-34891,telegram,call,pending,,,,,,,,,,,,,,crypto-label-v1
tg-TCGFORYOU-34897,telegram,call,pending,,,,,,,,,,,,,,crypto-label-v1
tg-TCGFORYOU-34901,telegram,call,pending,,,,,,,,,,,,,,crypto-label-v1
tg-TCGFORYOU-34906,telegram,call,pending,,,,,,,,,,,,,,crypto-label-v1
tg-TCGFORYOU-34922,telegram,call,pending,,,,,,,,,,,,,,crypto-label-v1
tg-TCGFORYOU-34927,telegram,call,pending,,,,,,,,,,,,,,crypto-label-v1
tg-TCGFORYOU-34964,telegram,call,pending,,,,,,,,,,,,,,crypto-label-v1
tg-TCGFORYOU-34965,telegram,call,pending,,,,,,,,,,,,,,crypto-label-v1
tg-TCGFORYOU-34972,telegram,call,pending,,,,,,,,,,,,,,crypto-label-v1
tg-AltTheWay-10785,telegram,announcement,not_covered,,,,,,,,,,,,,,crypto-label-v1
tg-AltTheWay-10787,telegram,announcement,no_data,,,,,,,,,,,,,0,crypto-label-v1
tg-AltTheWay-10789,telegram,announcement,not_covered,,,,,,,,,,,,,,crypto-label-v1
tg-AltTheWay-10805,telegram,announcement,not_covered,,,,,,,,,,,,,,crypto-label-v1
tg-AltTheWay-10807,telegram,announcement,not_covered,,,,,,,,,,,,,,crypto-label-v1
tg-AltTheWay-10809,telegram,announcement,not_covered,,,,,,,,,,,,,,crypto-label-v1
tg-AltTheWay-10825,telegram,announcement,not_covered,,,,,,,,,,,,,,crypto-label-v1
tg-AltTheWay-10827,telegram,announcement,not_covered,,,,,,,,,,,,,,crypto-label-v1
tg-AltTheWay-10829,telegram,announcement,not_covered,,,,,,,,,,,,,,crypto-label-v1
tg-AltTheWay-10846,telegram,announcement,not_covered,,,,,,,,,,,,,,crypto-label-v1
tg-AltTheWay-10848,telegram,announcement,not_covered,,,,,,,,,,,,,,crypto-label-v1
tg-AltTheWay-10849,telegram,announcement,not_covered,,,,,,,,,,,,,,crypto-label-v1
tg-AltTheWay-10867,telegram,announcement,not_covered,,,,,,,,,,,,,,crypto-label-v1
tg-AltTheWay-10869,telegram,announcement,not_covered,,,,,,,,,,,,,,crypto-label-v1
tg-AltTheWay-10870,telegram,announcement,no_data,,,,,,,,,,,,,0,crypto-label-v1
tg-AltTheWay-10888,telegram,announcement,not_covered,,,,,,,,,,,,,,crypto-label-v1
tg-AltTheWay-10890,telegram,announcement,not_covered,,,,,,,,,,,,,,crypto-label-v1
tg-AltTheWay-10891,telegram,announcement,not_covered,,,,,,,,,,,,,,crypto-label-v1
tg-AltTheWay-10908,telegram,announcement,not_covered,,,,,,,,,,,,,,crypto-label-v1
tg-AltTheWay-10910,telegram,announcement,not_covered,,,,,,,,,,,,,,crypto-label-v1
tg-AltTheWay-10911,telegram,announcement,not_covered,,,,,,,,,,,,,,crypto-label-v1
tg-AltTheWay-10930,telegram,announcement,not_covered,,,,,,,,,,,,,,crypto-label-v1
tg-AltTheWay-10932,telegram,announcement,not_covered,,,,,,,,,,,,,,crypto-label-v1
tg-AltTheWay-10933,telegram,announcement,no_data,,,,,,,,,,,,,0,crypto-label-v1
tg-AltTheWay-10951,telegram,announcement,not_covered,,,,,,,,,,,,,,crypto-label-v1
tg-AltTheWay-10952,telegram,announcement,not_covered,,,,,,,,,,,,,,crypto-label-v1
tg-AltTheWay-10999,telegram,announcement,not_covered,,,,,,,,,,,,,,crypto-label-v1
tg-AltTheWay-11001,telegram,announcement,not_covered,,,,,,,,,,,,,,crypto-label-v1
tg-AltTheWay-11003,telegram,announcement,not_covered,,,,,,,,,,,,,,crypto-label-v1
tg-AltTheWay-11023,telegram,announcement,not_covered,,,,,,,,,,,,,,crypto-label-v1
tg-AltTheWay-11026,telegram,announcement,not_covered,,,,,,,,,,,,,,crypto-label-v1
tg-AltTheWay-11027,telegram,announcement,not_covered,,,,,,,,,,,,,,crypto-label-v1
tg-AltTheWay-11050,telegram,announcement,not_covered,,,,,,,,,,,,,,crypto-label-v1
tg-AltTheWay-11056,telegram,call,not_covered,,,,,,,,,,,,,,crypto-label-v1
tg-AltTheWay-11107,telegram,call,pending,,,,,,,,,,,,,,crypto-label-v1
tg-AltTheWay-11108,telegram,call,pending,,,,,,,,,,,,,,crypto-label-v1
tg-AltTheWay-11109,telegram,call,pending,,,,,,,,,,,,,,crypto-label-v1
tg-AltTheWay-11112,telegram,call,pending,,,,,,,,,,,,,,crypto-label-v1
tg-AltTheWay-11119,telegram,call,pending,,,,,,,,,,,,,,crypto-label-v1
tg-AltTheWay-11122,telegram,call,pending,,,,,,,,,,,,,,crypto-label-v1
tg-AltTheWay-11128,telegram,call,pending,,,,,,,,,,,,,,crypto-label-v1
tg-AltTheWay-11130,telegram,call,pending,,,,,,,,,,,,,,crypto-label-v1
tg-AltTheWay-11131,telegram,call,pending,,,,,,,,,,,,,,crypto-label-v1
tg-AltTheWay-11132,telegram,call,pending,,,,,,,,,,,,,,crypto-label-v1
tg-AltTheWay-11136,telegram,call,pending,,,,,,,,,,,,,,crypto-label-v1
tg-AltTheWay-11138,telegram,call,pending,,,,,,,,,,,,,,crypto-label-v1
tg-AltTheWay-11142,telegram,call,pending,,,,,,,,,,,,,,crypto-label-v1
tg-AltTheWay-11147,telegram,call,pending,,,,,,,,,,,,,,crypto-label-v1
tg-AltTheWay-11157,telegram,call,pending,,,,,,,,,,,,,,crypto-label-v1
tg-AltTheWay-11158,telegram,call,pending,,,,,,,,,,,,,,crypto-label-v1
tg-AltTheWay-11159,telegram,call,pending,,,,,,,,,,,,,,crypto-label-v1
tg-AltTheWay-11160,telegram,call,pending,,,,,,,,,,,,,,crypto-label-v1
tg-AltTheWay-11165,telegram,call,pending,,,,,,,,,,,,,,crypto-label-v1
tg-AltTheWay-11166,telegram,call,pending,,,,,,,,,,,,,,crypto-label-v1
tg-AltTheWay-11167,telegram,call,pending,,,,,,,,,,,,,,crypto-label-v1
tg-AltTheWay-11168,telegram,call,pending,,,,,,,,,,,,,,crypto-label-v1
tg-AltTheWay-11170,telegram,call,pending,,,,,,,,,,,,,,crypto-label-v1
tg-AltTheWay-11171,telegram,call,pending,,,,,,,,,,,,,,crypto-label-v1
tg-AltTheWay-11172,telegram,call,pending,,,,,,,,,,,,,,crypto-label-v1
tg-AltTheWay-11173,telegram,call,pending,,,,,,,,,,,,,,crypto-label-v1
tg-AltTheWay-11174,telegram,call,pending,,,,,,,,,,,,,,crypto-label-v1
tg-AltTheWay-11175,telegram,call,pending,,,,,,,,,,,,,,crypto-label-v1
tg-AltTheWay-11176,telegram,call,pending,,,,,,,,,,,,,,crypto-label-v1
tg-AltTheWay-11177,telegram,call,pending,,,,,,,,,,,,,,crypto-label-v1
tg-AltTheWay-11178,telegram,call,pending,,,,,,,,,,,,,,crypto-label-v1
tg-AltTheWay-11179,telegram,call,pending,,,,,,,,,,,,,,crypto-label-v1
tg-AltTheWay-11182,telegram,call,pending,,,,,,,,,,,,,,crypto-label-v1
tg-AltTheWay-11183,telegram,call,pending,,,,,,,,,,,,,,crypto-label-v1
tg-AltTheWay-11184,telegram,call,pending,,,,,,,,,,,,,,crypto-label-v1
tg-AltTheWay-11187,telegram,call,pending,,,,,,,,,,,,,,crypto-label-v1
tg-AltTheWay-11188,telegram,call,pending,,,,,,,,,,,,,,crypto-label-v1
tg-AltTheWay-11190,telegram,call,pending,,,,,,,,,,,,,,crypto-label-v1
tg-AltTheWay-11192,telegram,call,pending,,,,,,,,,,,,,,crypto-label-v1
tg-AltTheWay-11193,telegram,call,pending,,,,,,,,,,,,,,crypto-label-v1
tg-AltTheWay-11194,telegram,call,pending,,,,,,,,,,,,,,crypto-label-v1
tg-AltTheWay-11197,telegram,call,pending,,,,,,,,,,,,,,crypto-label-v1
tg-AltTheWay-11201,telegram,call,pending,,,,,,,,,,,,,,crypto-label-v1
tg-AltTheWay-11203,telegram,call,pending,,,,,,,,,,,,,,crypto-label-v1
tg-AltTheWay-11204,telegram,call,pending,,,,,,,,,,,,,,crypto-label-v1
tg-AltTheWay-11207,telegram,call,pending,,,,,,,,,,,,,,crypto-label-v1
tg-AltTheWay-11208,telegram,call,pending,,,,,,,,,,,,,,crypto-label-v1
tg-AltTheWay-11213,telegram,call,pending,,,,,,,,,,,,,,crypto-label-v1
tg-AltTheWay-11216,telegram,call,pending,,,,,,,,,,,,,,crypto-label-v1
tg-AltTheWay-11230,telegram,call,pending,,,,,,,,,,,,,,crypto-label-v1
tg-AltTheWay-11231,telegram,call,pending,,,,,,,,,,,,,,crypto-label-v1
tg-AltTheWay-11236,telegram,call,pending,,,,,,,,,,,,,,crypto-label-v1
tg-AltTheWay-11239,telegram,call,pending,,,,,,,,,,,,,,crypto-label-v1
tg-AltTheWay-11242,telegram,call,pending,,,,,,,,,,,,,,crypto-label-v1
tg-AltTheWay-11245,telegram,call,pending,,,,,,,,,,,,,,crypto-label-v1
tg-AltTheWay-11246,telegram,call,pending,,,,,,,,,,,,,,crypto-label-v1
tg-AltTheWay-11247,telegram,call,pending,,,,,,,,,,,,,,crypto-label-v1
tg-AltTheWay-11251,telegram,call,pending,,,,,,,,,,,,,,crypto-label-v1
tg-AltTheWay-11252,telegram,call,pending,,,,,,,,,,,,,,crypto-label-v1
tg-AltTheWay-11256,telegram,call,pending,,,,,,,,,,,,,,crypto-label-v1
tg-AltTheWay-11259,telegram,call,pending,,,,,,,,,,,,,,crypto-label-v1
tg-AltTheWay-11263,telegram,call,pending,,,,,,,,,,,,,,crypto-label-v1
tg-AltTheWay-11264,telegram,call,pending,,,,,,,,,,,,,,crypto-label-v1
tg-AltTheWay-11265,telegram,call,pending,,,,,,,,,,,,,,crypto-label-v1
tg-AltTheWay-11267,telegram,call,pending,,,,,,,,,,,,,,crypto-label-v1
tg-AltTheWay-11268,telegram,call,pending,,,,,,,,,,,,,,crypto-label-v1
tg-AltTheWay-11270,telegram,call,pending,,,,,,,,,,,,,,crypto-label-v1
tg-AltTheWay-11273,telegram,call,pending,,,,,,,,,,,,,,crypto-label-v1
tg-AltTheWay-11274,telegram,call,pending,,,,,,,,,,,,,,crypto-label-v1
tg-coach-12616,telegram,call,pending,,,,,,,,,,,,,,crypto-label-v1
tg-coach-12676,telegram,call,pending,,,,,,,,,,,,,,crypto-label-v1
tg-coach-12942,telegram,call,pending,,,,,,,,,,,,,,crypto-label-v1
tg-coach-12968,telegram,call,pending,,,,,,,,,,,,,,crypto-label-v1
tg-coach-12989,telegram,call,pending,,,,,,,,,,,,,,crypto-label-v1
tg-coach-13036,telegram,call,pending,,,,,,,,,,,,,,crypto-label-v1
tg-coach-13039,telegram,call,pending,,,,,,,,,,,,,,crypto-label-v1
tg-coach-13040,telegram,call,pending,,,,,,,,,,,,,,crypto-label-v1
tg-coach-13045,telegram,call,pending,,,,,,,,,,,,,,crypto-label-v1
tg-coach-13046,telegram,call,pending,,,,,,,,,,,,,,crypto-label-v1
tg-coach-13047,telegram,call,pending,,,,,,,,,,,,,,crypto-label-v1
tg-coach-13060,telegram,call,pending,,,,,,,,,,,,,,crypto-label-v1
tg-coach-13061,telegram,call,pending,,,,,,,,,,,,,,crypto-label-v1
tg-coach-13062,telegram,call,pending,,,,,,,,,,,,,,crypto-label-v1
tg-coach-13066,telegram,call,pending,,,,,,,,,,,,,,crypto-label-v1
tg-coach-13067,telegram,call,pending,,,,,,,,,,,,,,crypto-label-v1
tg-coach-13110,telegram,call,pending,,,,,,,,,,,,,,crypto-label-v1
tg-coach-13188,telegram,call,pending,,,,,,,,,,,,,,crypto-label-v1
tg-coach-13190,telegram,call,pending,,,,,,,,,,,,,,crypto-label-v1
tg-coach-13241,telegram,call,not_covered,,,,,,,,,,,,,,crypto-label-v1
tg-cryptoninjacoach-3259,telegram,call,pending,,,,,,,,,,,,,,crypto-label-v1
tg-cryptoninjacoach-3260,telegram,call,not_covered,,,,,,,,,,,,,,crypto-label-v1
tg-cryptoninjacoach-3261,telegram,call,not_covered,,,,,,,,,,,,,,crypto-label-v1
tg-cryptoninjacoach-3262,telegram,call,pending,,,,,,,,,,,,,,crypto-label-v1
tg-cryptoninjacoach-3263,telegram,call,pending,,,,,,,,,,,,,,crypto-label-v1
tg-cryptoninjacoach-3264,telegram,call,pending,,,,,,,,,,,,,,crypto-label-v1
tg-cryptoninjacoach-3265,telegram,call,pending,,,,,,,,,,,,,,crypto-label-v1
tg-cryptoninjacoach-3267,telegram,call,not_covered,,,,,,,,,,,,,,crypto-label-v1
tg-cryptoninjacoach-3268,telegram,call,not_covered,,,,,,,,,,,,,,crypto-label-v1
tg-cryptoninjacoach-3269,telegram,call,pending,,,,,,,,,,,,,,crypto-label-v1
tg-cryptoninjacoach-3270,telegram,call,pending,,,,,,,,,,,,,,crypto-label-v1
tg-cryptoninjacoach-3272,telegram,call,pending,,,,,,,,,,,,,,crypto-label-v1
tg-cryptoninjacoach-3275,telegram,call,pending,,,,,,,,,,,,,,crypto-label-v1
tg-cryptoninjacoach-3276,telegram,call,pending,,,,,,,,,,,,,,crypto-label-v1
tg-cryptoninjacoach-3277,telegram,call,not_covered,,,,,,,,,,,,,,crypto-label-v1
tg-cryptoninjacoach-3278,telegram,call,pending,,,,,,,,,,,,,,crypto-label-v1
tg-cryptoninjacoach-3279,telegram,call,not_covered,,,,,,,,,,,,,,crypto-label-v1
tg-cryptoninjacoach-3280,telegram,call,pending,,,,,,,,,,,,,,crypto-label-v1
tg-cryptoninjacoach-3282,telegram,call,pending,,,,,,,,,,,,,,crypto-label-v1
tg-cryptoninjacoach-3283,telegram,call,pending,,,,,,,,,,,,,,crypto-label-v1
tg-cryptoninjacoach-3286,telegram,call,pending,,,,,,,,,,,,,,crypto-label-v1
tg-cryptoninjacoach-3287,telegram,call,pending,,,,,,,,,,,,,,crypto-label-v1
tg-cryptoninjacoach-3289,telegram,call,pending,,,,,,,,,,,,,,crypto-label-v1
tg-cryptoninjacoach-3290,telegram,call,pending,,,,,,,,,,,,,,crypto-label-v1
tg-cryptoninjacoach-3292,telegram,call,pending,,,,,,,,,,,,,,crypto-label-v1
tg-cryptoninjacoach-3293,telegram,call,pending,,,,,,,,,,,,,,crypto-label-v1
tg-cryptoninjacoach-3294,telegram,call,pending,,,,,,,,,,,,,,crypto-label-v1
tg-cryptoninjacoach-3295,telegram,call,pending,,,,,,,,,,,,,,crypto-label-v1
tg-cryptoninjacoach-3298,telegram,call,pending,,,,,,,,,,,,,,crypto-label-v1
tg-cryptoninjacoach-3299,telegram,call,pending,,,,,,,,,,,,,,crypto-label-v1
tg-cryptoninjacoach-3300,telegram,call,pending,,,,,,,,,,,,,,crypto-label-v1
tg-cryptoninjacoach-3301,telegram,call,pending,,,,,,,,,,,,,,crypto-label-v1
tg-cryptoninjacoach-3302,telegram,call,pending,,,,,,,,,,,,,,crypto-label-v1
tg-cryptoninjacoach-3303,telegram,call,pending,,,,,,,,,,,,,,crypto-label-v1
tg-cryptoninjacoach-3304,telegram,call,pending,,,,,,,,,,,,,,crypto-label-v1
tg-cryptoninjacoach-3306,telegram,call,pending,,,,,,,,,,,,,,crypto-label-v1
tg-cryptoninjacoach-3307,telegram,call,pending,,,,,,,,,,,,,,crypto-label-v1
tg-cryptoninjacoach-3308,telegram,call,pending,,,,,,,,,,,,,,crypto-label-v1
tg-cryptoninjacoach-3312,telegram,call,pending,,,,,,,,,,,,,,crypto-label-v1
tg-cryptoninjacoach-3314,telegram,call,pending,,,,,,,,,,,,,,crypto-label-v1
tg-cryptoninjacoach-3316,telegram,call,pending,,,,,,,,,,,,,,crypto-label-v1
tg-cryptoninjacoach-3317,telegram,call,pending,,,,,,,,,,,,,,crypto-label-v1
tg-cryptoninjacoach-3320,telegram,call,pending,,,,,,,,,,,,,,crypto-label-v1
tg-cryptoninjacoach-3322,telegram,call,pending,,,,,,,,,,,,,,crypto-label-v1
tg-cryptoninjacoach-3323,telegram,call,pending,,,,,,,,,,,,,,crypto-label-v1
tg-cryptoninjacoach-3324,telegram,call,pending,,,,,,,,,,,,,,crypto-label-v1
tg-cryptoninjacoach-3327,telegram,call,pending,,,,,,,,,,,,,,crypto-label-v1
tg-cryptoninjacoach-3330,telegram,call,pending,,,,,,,,,,,,,,crypto-label-v1
tg-cryptoninjacoach-3331,telegram,call,pending,,,,,,,,,,,,,,crypto-label-v1
tg-cryptoninjacoach-3333,telegram,call,pending,,,,,,,,,,,,,,crypto-label-v1
tg-cryptoninjacoach-3338,telegram,call,pending,,,,,,,,,,,,,,crypto-label-v1
tg-cryptoninjacoach-3339,telegram,call,pending,,,,,,,,,,,,,,crypto-label-v1
tg-cryptoninjacoach-3342,telegram,call,pending,,,,,,,,,,,,,,crypto-label-v1
tg-cryptoninjacoach-3344,telegram,call,pending,,,,,,,,,,,,,,crypto-label-v1
tg-cryptoninjacoach-3348,telegram,call,not_covered,,,,,,,,,,,,,,crypto-label-v1
tg-cryptoninjacoach-3349,telegram,call,pending,,,,,,,,,,,,,,crypto-label-v1
tg-cryptoninjacoach-3350,telegram,call,pending,,,,,,,,,,,,,,crypto-label-v1
tg-cryptoninjacoach-3351,telegram,call,pending,,,,,,,,,,,,,,crypto-label-v1
tg-cryptoninjacoach-3353,telegram,call,pending,,,,,,,,,,,,,,crypto-label-v1
tg-cryptoninjacoach-3354,telegram,call,pending,,,,,,,,,,,,,,crypto-label-v1
tg-cryptoninjacoach-3357,telegram,call,pending,,,,,,,,,,,,,,crypto-label-v1
tg-cryptoninjacoach-3359,telegram,call,not_covered,,,,,,,,,,,,,,crypto-label-v1
tg-cryptoninjacoach-3363,telegram,call,pending,,,,,,,,,,,,,,crypto-label-v1
tg-cryptoninjacoach-3364,telegram,call,pending,,,,,,,,,,,,,,crypto-label-v1
tg-cryptoninjacoach-3365,telegram,call,pending,,,,,,,,,,,,,,crypto-label-v1
tg-cryptoninjacoach-3366,telegram,call,pending,,,,,,,,,,,,,,crypto-label-v1
tg-cryptoninjacoach-3371,telegram,call,pending,,,,,,,,,,,,,,crypto-label-v1
tg-cryptoninjacoach-3373,telegram,call,pending,,,,,,,,,,,,,,crypto-label-v1
tg-cryptoninjacoach-3375,telegram,call,not_covered,,,,,,,,,,,,,,crypto-label-v1
tg-cryptoninjacoach-3377,telegram,call,pending,,,,,,,,,,,,,,crypto-label-v1
tg-cryptoninjacoach-3378,telegram,call,pending,,,,,,,,,,,,,,crypto-label-v1
tg-cryptoninjacoach-3381,telegram,call,pending,,,,,,,,,,,,,,crypto-label-v1
tg-cryptoninjacoach-3384,telegram,call,pending,,,,,,,,,,,,,,crypto-label-v1
tg-cryptoninjacoach-3387,telegram,call,pending,,,,,,,,,,,,,,crypto-label-v1
tg-cryptoninjacoach-3388,telegram,call,pending,,,,,,,,,,,,,,crypto-label-v1
tg-cryptoninjacoach-3389,telegram,call,not_covered,,,,,,,,,,,,,,crypto-label-v1
tg-cryptoninjacoach-3390,telegram,call,pending,,,,,,,,,,,,,,crypto-label-v1
tg-cryptoninjacoach-3392,telegram,call,pending,,,,,,,,,,,,,,crypto-label-v1
tg-cryptoninjacoach-3395,telegram,call,pending,,,,,,,,,,,,,,crypto-label-v1
tg-cryptoninjacoach-3397,telegram,call,pending,,,,,,,,,,,,,,crypto-label-v1
tg-cryptoninjacoach-3399,telegram,call,pending,,,,,,,,,,,,,,crypto-label-v1
tg-cryptoninjacoach-3400,telegram,call,pending,,,,,,,,,,,,,,crypto-label-v1
tg-cryptoninjacoach-3403,telegram,call,pending,,,,,,,,,,,,,,crypto-label-v1
tg-cryptoninjacoach-3405,telegram,call,not_covered,,,,,,,,,,,,,,crypto-label-v1
tg-cryptoninjacoach-3408,telegram,call,pending,,,,,,,,,,,,,,crypto-label-v1
tg-cryptoninjacoach-3409,telegram,call,pending,,,,,,,,,,,,,,crypto-label-v1
tg-cryptoninjacoach-3410,telegram,call,not_covered,,,,,,,,,,,,,,crypto-label-v1
tg-cryptoninjacoach-3411,telegram,call,pending,,,,,,,,,,,,,,crypto-label-v1
tg-cryptoninjacoach-3412,telegram,call,pending,,,,,,,,,,,,,,crypto-label-v1
tg-cryptoninjacoach-3413,telegram,call,pending,,,,,,,,,,,,,,crypto-label-v1
tg-cryptoninjacoach-3415,telegram,call,pending,,,,,,,,,,,,,,crypto-label-v1
tg-cryptoninjacoach-3416,telegram,call,pending,,,,,,,,,,,,,,crypto-label-v1
tg-cryptoninjacoach-3417,telegram,call,pending,,,,,,,,,,,,,,crypto-label-v1
tg-cryptoninjacoach-3418,telegram,call,pending,,,,,,,,,,,,,,crypto-label-v1
tg-cryptoninjacoach-3419,telegram,call,pending,,,,,,,,,,,,,,crypto-label-v1
tg-cryptoninjacoach-3420,telegram,call,pending,,,,,,,,,,,,,,crypto-label-v1
tg-cryptoninjacoach-3421,telegram,call,pending,,,,,,,,,,,,,,crypto-label-v1
tg-cryptoninjacoach-3424,telegram,call,pending,,,,,,,,,,,,,,crypto-label-v1
tg-cryptoninjacoach-3425,telegram,call,pending,,,,,,,,,,,,,,crypto-label-v1
tg-cryptoninjacoach-3426,telegram,call,pending,,,,,,,,,,,,,,crypto-label-v1
tg-cryptoninjacoach-3428,telegram,call,pending,,,,,,,,,,,,,,crypto-label-v1
tg-cryptoninjacoach-3429,telegram,call,pending,,,,,,,,,,,,,,crypto-label-v1
tg-cryptoninjacoach-3431,telegram,call,pending,,,,,,,,,,,,,,crypto-label-v1
tg-cryptoninjacoach-3432,telegram,call,pending,,,,,,,,,,,,,,crypto-label-v1
tg-cryptoninjacoach-3434,telegram,call,pending,,,,,,,,,,,,,,crypto-label-v1
tg-cryptoninjacoach-3436,telegram,call,pending,,,,,,,,,,,,,,crypto-label-v1
tg-cryptoninjacoach-3437,telegram,call,pending,,,,,,,,,,,,,,crypto-label-v1
tg-cryptoninjacoach-3438,telegram,call,pending,,,,,,,,,,,,,,crypto-label-v1
tg-cryptoninjacoach-3439,telegram,call,pending,,,,,,,,,,,,,,crypto-label-v1
tg-cryptoninjacoach-3440,telegram,call,pending,,,,,,,,,,,,,,crypto-label-v1
tg-cryptoninjacoach-3441,telegram,call,pending,,,,,,,,,,,,,,crypto-label-v1
tg-cryptoninjacoach-3442,telegram,call,pending,,,,,,,,,,,,,,crypto-label-v1
tg-cryptoninjacoach-3443,telegram,call,pending,,,,,,,,,,,,,,crypto-label-v1
tg-cryptoninjacoach-3444,telegram,call,pending,,,,,,,,,,,,,,crypto-label-v1
tg-cryptoninjacoach-3445,telegram,call,pending,,,,,,,,,,,,,,crypto-label-v1
tg-cryptoninjacoach-3447,telegram,call,pending,,,,,,,,,,,,,,crypto-label-v1
tg-cryptoninjacoach-3448,telegram,call,pending,,,,,,,,,,,,,,crypto-label-v1
tg-cryptoninjacoach-3451,telegram,call,pending,,,,,,,,,,,,,,crypto-label-v1
tg-cryptoninjacoach-3453,telegram,call,pending,,,,,,,,,,,,,,crypto-label-v1
tg-cryptoninjacoach-3454,telegram,call,pending,,,,,,,,,,,,,,crypto-label-v1
tg-cryptoninjacoach-3464,telegram,call,pending,,,,,,,,,,,,,,crypto-label-v1
tg-cryptoninjacoach-3465,telegram,call,pending,,,,,,,,,,,,,,crypto-label-v1
tg-cryptoninjacoach-3466,telegram,call,pending,,,,,,,,,,,,,,crypto-label-v1
tg-cryptoninjacoach-3467,telegram,call,pending,,,,,,,,,,,,,,crypto-label-v1
tg-cryptoninjacoach-3469,telegram,call,pending,,,,,,,,,,,,,,crypto-label-v1
tg-cryptoninjacoach-3470,telegram,call,pending,,,,,,,,,,,,,,crypto-label-v1
tg-cryptoninjacoach-3471,telegram,call,pending,,,,,,,,,,,,,,crypto-label-v1
tg-cryptoninjacoach-3472,telegram,call,pending,,,,,,,,,,,,,,crypto-label-v1
tg-cryptoninjacoach-3473,telegram,call,pending,,,,,,,,,,,,,,crypto-label-v1
tg-cryptoninjacoach-3474,telegram,call,pending,,,,,,,,,,,,,,crypto-label-v1
tg-cryptoninjacoach-3476,telegram,call,pending,,,,,,,,,,,,,,crypto-label-v1
tg-cryptoninjacoach-3477,telegram,call,pending,,,,,,,,,,,,,,crypto-label-v1
tg-cryptoninjacoach-3479,telegram,call,pending,,,,,,,,,,,,,,crypto-label-v1
tg-cryptoninjacoach-3480,telegram,call,pending,,,,,,,,,,,,,,crypto-label-v1
tg-cryptoninjacoach-3482,telegram,call,pending,,,,,,,,,,,,,,crypto-label-v1
tg-cryptoninjacoach-3483,telegram,call,pending,,,,,,,,,,,,,,crypto-label-v1
tg-cryptoninjacoach-3484,telegram,call,pending,,,,,,,,,,,,,,crypto-label-v1
tg-cryptoninjacoach-3485,telegram,call,pending,,,,,,,,,,,,,,crypto-label-v1
tg-cryptoninjacoach-3486,telegram,call,pending,,,,,,,,,,,,,,crypto-label-v1
tg-cryptoninjacoach-3487,telegram,call,pending,,,,,,,,,,,,,,crypto-label-v1
tg-cryptoninjacoach-3488,telegram,call,pending,,,,,,,,,,,,,,crypto-label-v1
tg-cryptoninjacoach-3489,telegram,call,pending,,,,,,,,,,,,,,crypto-label-v1
tg-cryptoninjacoach-3490,telegram,call,pending,,,,,,,,,,,,,,crypto-label-v1
tg-cryptoninjacoach-3491,telegram,call,pending,,,,,,,,,,,,,,crypto-label-v1
tg-cryptoninjacoach-3492,telegram,call,pending,,,,,,,,,,,,,,crypto-label-v1
tg-cryptoninjacoach-3493,telegram,call,pending,,,,,,,,,,,,,,crypto-label-v1
tg-cryptoninjacoach-3494,telegram,call,pending,,,,,,,,,,,,,,crypto-label-v1
tg-cryptoninjacoach-3495,telegram,call,not_covered,,,,,,,,,,,,,,crypto-label-v1
tg-cryptoninjacoach-3496,telegram,call,pending,,,,,,,,,,,,,,crypto-label-v1
tg-cryptoninjacoach-3498,telegram,call,pending,,,,,,,,,,,,,,crypto-label-v1
tg-cryptoninjacoach-3499,telegram,call,pending,,,,,,,,,,,,,,crypto-label-v1
tg-cryptoninjacoach-3500,telegram,call,pending,,,,,,,,,,,,,,crypto-label-v1
tg-cryptoninjacoach-3501,telegram,call,pending,,,,,,,,,,,,,,crypto-label-v1
tg-cryptoninjacoach-3502,telegram,call,pending,,,,,,,,,,,,,,crypto-label-v1
tg-cryptoninjacoach-3504,telegram,call,pending,,,,,,,,,,,,,,crypto-label-v1
tg-cryptoninjacoach-3505,telegram,call,pending,,,,,,,,,,,,,,crypto-label-v1
tg-cryptoninjacoach-3506,telegram,call,pending,,,,,,,,,,,,,,crypto-label-v1
tg-cryptoninjacoach-3508,telegram,call,pending,,,,,,,,,,,,,,crypto-label-v1
tg-cryptoninjacoach-3510,telegram,call,pending,,,,,,,,,,,,,,crypto-label-v1
tg-cryptoninjacoach-3511,telegram,call,pending,,,,,,,,,,,,,,crypto-label-v1
tg-cryptoninjacoach-3512,telegram,call,pending,,,,,,,,,,,,,,crypto-label-v1
tg-cryptoninjacoach-3513,telegram,call,pending,,,,,,,,,,,,,,crypto-label-v1
tg-cryptoninjacoach-3514,telegram,call,pending,,,,,,,,,,,,,,crypto-label-v1
tg-cryptoninjacoach-3515,telegram,call,pending,,,,,,,,,,,,,,crypto-label-v1
tg-cryptoninjacoach-3516,telegram,call,pending,,,,,,,,,,,,,,crypto-label-v1
tg-cryptoninjacoach-3518,telegram,call,pending,,,,,,,,,,,,,,crypto-label-v1
tg-cryptoninjacoach-3519,telegram,call,pending,,,,,,,,,,,,,,crypto-label-v1
tg-cryptoninjacoach-3520,telegram,call,pending,,,,,,,,,,,,,,crypto-label-v1
tg-cryptoninjacoach-3521,telegram,call,pending,,,,,,,,,,,,,,crypto-label-v1
tg-cryptoninjacoach-3523,telegram,call,pending,,,,,,,,,,,,,,crypto-label-v1
tg-cryptoninjacoach-3524,telegram,call,pending,,,,,,,,,,,,,,crypto-label-v1
tg-cryptoninjacoach-3525,telegram,call,pending,,,,,,,,,,,,,,crypto-label-v1
tg-cryptoninjacoach-3526,telegram,call,pending,,,,,,,,,,,,,,crypto-label-v1
tg-cryptoninjacoach-3530,telegram,call,pending,,,,,,,,,,,,,,crypto-label-v1
tg-cryptoninjacoach-3532,telegram,call,not_covered,,,,,,,,,,,,,,crypto-label-v1
tg-cryptoninjacoach-3533,telegram,call,not_covered,,,,,,,,,,,,,,crypto-label-v1
tg-cryptoninjacoach-3537,telegram,call,pending,,,,,,,,,,,,,,crypto-label-v1
tg-cryptoninjacoach-3538,telegram,call,pending,,,,,,,,,,,,,,crypto-label-v1
tg-cryptoninjacoach-3539,telegram,call,pending,,,,,,,,,,,,,,crypto-label-v1
tg-cryptoninjacoach-3540,telegram,call,pending,,,,,,,,,,,,,,crypto-label-v1
tg-cryptoninjacoach-3541,telegram,call,pending,,,,,,,,,,,,,,crypto-label-v1
tg-cryptoninjacoach-3542,telegram,call,pending,,,,,,,,,,,,,,crypto-label-v1
tg-cryptoninjacoach-3543,telegram,call,not_covered,,,,,,,,,,,,,,crypto-label-v1
tg-cryptoninjacoach-3544,telegram,call,pending,,,,,,,,,,,,,,crypto-label-v1
tg-cryptoninjacoach-3545,telegram,call,pending,,,,,,,,,,,,,,crypto-label-v1
tg-cryptoninjacoach-3546,telegram,call,pending,,,,,,,,,,,,,,crypto-label-v1
tg-cryptoninjacoach-3548,telegram,call,pending,,,,,,,,,,,,,,crypto-label-v1
tg-cryptoninjacoach-3549,telegram,call,pending,,,,,,,,,,,,,,crypto-label-v1
tg-cryptoninjacoach-3551,telegram,call,not_covered,,,,,,,,,,,,,,crypto-label-v1
tg-cryptoninjacoach-3553,telegram,call,pending,,,,,,,,,,,,,,crypto-label-v1
tg-cryptoninjacoach-3554,telegram,call,pending,,,,,,,,,,,,,,crypto-label-v1
tg-cryptoninjacoach-3555,telegram,call,pending,,,,,,,,,,,,,,crypto-label-v1
tg-cryptoninjacoach-3556,telegram,call,pending,,,,,,,,,,,,,,crypto-label-v1
tg-cryptoninjacoach-3559,telegram,call,pending,,,,,,,,,,,,,,crypto-label-v1
tg-cryptoninjacoach-3560,telegram,call,pending,,,,,,,,,,,,,,crypto-label-v1
tg-cryptoninjacoach-3562,telegram,call,pending,,,,,,,,,,,,,,crypto-label-v1
tg-cryptoninjacoach-3563,telegram,call,pending,,,,,,,,,,,,,,crypto-label-v1
tg-cryptoninjacoach-3564,telegram,call,pending,,,,,,,,,,,,,,crypto-label-v1
tg-cryptoninjacoach-3565,telegram,call,pending,,,,,,,,,,,,,,crypto-label-v1
tg-cryptoninjacoach-3567,telegram,call,pending,,,,,,,,,,,,,,crypto-label-v1
tg-cryptoninjacoach-3568,telegram,call,pending,,,,,,,,,,,,,,crypto-label-v1
tg-cryptoninjacoach-3569,telegram,call,pending,,,,,,,,,,,,,,crypto-label-v1
tg-cryptoninjacoach-3570,telegram,call,pending,,,,,,,,,,,,,,crypto-label-v1
tg-cryptoninjacoach-3571,telegram,call,pending,,,,,,,,,,,,,,crypto-label-v1
tg-cryptoninjacoach-3572,telegram,call,pending,,,,,,,,,,,,,,crypto-label-v1
tg-cryptoninjacoach-3573,telegram,call,pending,,,,,,,,,,,,,,crypto-label-v1
tg-cryptoninjacoach-3574,telegram,call,pending,,,,,,,,,,,,,,crypto-label-v1
tg-cryptoninjacoach-3575,telegram,call,pending,,,,,,,,,,,,,,crypto-label-v1
tg-cryptoninjacoach-3576,telegram,call,pending,,,,,,,,,,,,,,crypto-label-v1
tg-cryptoninjacoach-3577,telegram,call,pending,,,,,,,,,,,,,,crypto-label-v1
tg-cryptoninjacoach-3578,telegram,call,pending,,,,,,,,,,,,,,crypto-label-v1
tg-cryptoninjacoach-3579,telegram,call,pending,,,,,,,,,,,,,,crypto-label-v1
tg-cryptoninjacoach-3580,telegram,call,pending,,,,,,,,,,,,,,crypto-label-v1
tg-cryptoninjacoach-3581,telegram,call,pending,,,,,,,,,,,,,,crypto-label-v1
tg-cryptoninjacoach-3582,telegram,call,pending,,,,,,,,,,,,,,crypto-label-v1
tg-cryptoninjacoach-3583,telegram,call,pending,,,,,,,,,,,,,,crypto-label-v1
tg-cryptoninjacoach-3584,telegram,call,pending,,,,,,,,,,,,,,crypto-label-v1
tg-cryptoninjacoach-3585,telegram,call,pending,,,,,,,,,,,,,,crypto-label-v1
tg-cryptoninjacoach-3586,telegram,call,pending,,,,,,,,,,,,,,crypto-label-v1
tg-cryptoninjacoach-3587,telegram,call,pending,,,,,,,,,,,,,,crypto-label-v1
tg-cryptoninjacoach-3589,telegram,call,pending,,,,,,,,,,,,,,crypto-label-v1
tg-cryptoninjacoach-3590,telegram,call,pending,,,,,,,,,,,,,,crypto-label-v1
tg-cryptoninjacoach-3591,telegram,call,pending,,,,,,,,,,,,,,crypto-label-v1
tg-cryptoninjacoach-3593,telegram,call,pending,,,,,,,,,,,,,,crypto-label-v1
tg-cryptoninjacoach-3596,telegram,call,pending,,,,,,,,,,,,,,crypto-label-v1
tg-cryptoninjacoach-3597,telegram,call,pending,,,,,,,,,,,,,,crypto-label-v1
tg-cryptoninjacoach-3598,telegram,call,pending,,,,,,,,,,,,,,crypto-label-v1
tg-cryptoninjacoach-3599,telegram,call,pending,,,,,,,,,,,,,,crypto-label-v1
tg-cryptoninjacoach-3600,telegram,call,pending,,,,,,,,,,,,,,crypto-label-v1
tg-cryptoninjacoach-3602,telegram,call,pending,,,,,,,,,,,,,,crypto-label-v1
tg-cryptoninjacoach-3604,telegram,call,pending,,,,,,,,,,,,,,crypto-label-v1
tg-cryptoninjacoach-3605,telegram,call,pending,,,,,,,,,,,,,,crypto-label-v1
tg-cryptoninjacoach-3607,telegram,call,pending,,,,,,,,,,,,,,crypto-label-v1
tg-cryptoninjacoach-3608,telegram,call,pending,,,,,,,,,,,,,,crypto-label-v1
tg-cryptoninjacoach-3609,telegram,call,pending,,,,,,,,,,,,,,crypto-label-v1
tg-cryptoninjacoach-3610,telegram,call,pending,,,,,,,,,,,,,,crypto-label-v1
tg-cryptoninjacoach-3611,telegram,call,pending,,,,,,,,,,,,,,crypto-label-v1
tg-cryptoninjacoach-3612,telegram,call,pending,,,,,,,,,,,,,,crypto-label-v1
tg-cryptoninjacoach-3613,telegram,call,pending,,,,,,,,,,,,,,crypto-label-v1
tg-cryptoninjacoach-3614,telegram,call,pending,,,,,,,,,,,,,,crypto-label-v1
tg-cryptoninjacoach-3615,telegram,call,pending,,,,,,,,,,,,,,crypto-label-v1
tg-cryptoninjacoach-3617,telegram,call,pending,,,,,,,,,,,,,,crypto-label-v1
tg-cryptoninjacoach-3618,telegram,call,pending,,,,,,,,,,,,,,crypto-label-v1
tg-cryptoninjacoach-3619,telegram,call,pending,,,,,,,,,,,,,,crypto-label-v1
tg-cryptoninjacoach-3621,telegram,call,pending,,,,,,,,,,,,,,crypto-label-v1
tg-cryptoninjacoach-3622,telegram,call,pending,,,,,,,,,,,,,,crypto-label-v1
tg-cryptoninjacoach-3623,telegram,call,pending,,,,,,,,,,,,,,crypto-label-v1
tg-cryptoninjacoach-3624,telegram,call,pending,,,,,,,,,,,,,,crypto-label-v1
tg-cryptoninjacoach-3625,telegram,call,pending,,,,,,,,,,,,,,crypto-label-v1
tg-cryptoninjacoach-3627,telegram,call,pending,,,,,,,,,,,,,,crypto-label-v1
tg-cryptoninjacoach-3628,telegram,call,pending,,,,,,,,,,,,,,crypto-label-v1
tg-cryptoninjacoach-3629,telegram,call,pending,,,,,,,,,,,,,,crypto-label-v1
tg-cryptoninjacoach-3630,telegram,call,pending,,,,,,,,,,,,,,crypto-label-v1
tg-cryptoninjacoach-3631,telegram,call,pending,,,,,,,,,,,,,,crypto-label-v1
tg-cryptoninjacoach-3633,telegram,call,pending,,,,,,,,,,,,,,crypto-label-v1
tg-cryptoninjacoach-3634,telegram,call,pending,,,,,,,,,,,,,,crypto-label-v1
tg-cryptoninjacoach-3635,telegram,call,pending,,,,,,,,,,,,,,crypto-label-v1
tg-cryptoninjacoach-3636,telegram,call,pending,,,,,,,,,,,,,,crypto-label-v1
tg-cryptoninjacoach-3637,telegram,call,pending,,,,,,,,,,,,,,crypto-label-v1
tg-cryptoninjacoach-3638,telegram,call,pending,,,,,,,,,,,,,,crypto-label-v1
tg-cryptoninjacoach-3639,telegram,call,pending,,,,,,,,,,,,,,crypto-label-v1
tg-cryptoninjacoach-3640,telegram,call,pending,,,,,,,,,,,,,,crypto-label-v1
tg-cryptoninjacoach-3642,telegram,call,pending,,,,,,,,,,,,,,crypto-label-v1
tg-cryptoninjacoach-3643,telegram,call,pending,,,,,,,,,,,,,,crypto-label-v1
tg-cryptoninjacoach-3644,telegram,call,pending,,,,,,,,,,,,,,crypto-label-v1
tg-cryptoninjacoach-3645,telegram,call,pending,,,,,,,,,,,,,,crypto-label-v1
tg-cryptoninjacoach-3646,telegram,call,pending,,,,,,,,,,,,,,crypto-label-v1
tg-cryptoninjacoach-3647,telegram,call,pending,,,,,,,,,,,,,,crypto-label-v1
tg-cryptoninjacoach-3648,telegram,call,pending,,,,,,,,,,,,,,crypto-label-v1
tg-cryptoninjacoach-3649,telegram,call,pending,,,,,,,,,,,,,,crypto-label-v1
tg-cryptoninjacoach-3650,telegram,call,pending,,,,,,,,,,,,,,crypto-label-v1
tg-cryptoninjacoach-3651,telegram,call,pending,,,,,,,,,,,,,,crypto-label-v1
tg-cryptoninjacoach-3653,telegram,call,pending,,,,,,,,,,,,,,crypto-label-v1
tg-cryptoninjacoach-3654,telegram,call,pending,,,,,,,,,,,,,,crypto-label-v1
tg-cryptoninjacoach-3655,telegram,call,pending,,,,,,,,,,,,,,crypto-label-v1
tg-cryptoninjacoach-3656,telegram,call,pending,,,,,,,,,,,,,,crypto-label-v1
tg-cryptoninjacoach-3657,telegram,call,pending,,,,,,,,,,,,,,crypto-label-v1
tg-cryptoninjacoach-3658,telegram,call,pending,,,,,,,,,,,,,,crypto-label-v1
tg-cryptoninjacoach-3659,telegram,call,pending,,,,,,,,,,,,,,crypto-label-v1
tg-cryptoninjacoach-3660,telegram,call,pending,,,,,,,,,,,,,,crypto-label-v1
tg-cryptoninjacoach-3661,telegram,call,pending,,,,,,,,,,,,,,crypto-label-v1
tg-cryptoninjacoach-3662,telegram,call,pending,,,,,,,,,,,,,,crypto-label-v1
tg-cryptoninjacoach-3663,telegram,call,pending,,,,,,,,,,,,,,crypto-label-v1
tg-cryptoninjacoach-3664,telegram,call,pending,,,,,,,,,,,,,,crypto-label-v1
tg-cryptoninjacoach-3665,telegram,call,pending,,,,,,,,,,,,,,crypto-label-v1
tg-cryptoninjacoach-3666,telegram,call,pending,,,,,,,,,,,,,,crypto-label-v1
tg-cryptoninjacoach-3668,telegram,call,pending,,,,,,,,,,,,,,crypto-label-v1
tg-cryptoninjacoach-3669,telegram,call,pending,,,,,,,,,,,,,,crypto-label-v1
tg-cryptoninjacoach-3670,telegram,call,pending,,,,,,,,,,,,,,crypto-label-v1
tg-cryptoninjacoach-3671,telegram,call,pending,,,,,,,,,,,,,,crypto-label-v1
tg-cryptoninjacoach-3672,telegram,call,pending,,,,,,,,,,,,,,crypto-label-v1
tg-cryptoninjacoach-3676,telegram,call,pending,,,,,,,,,,,,,,crypto-label-v1
tg-cryptoninjacoach-3677,telegram,call,pending,,,,,,,,,,,,,,crypto-label-v1
tg-cryptoninjacoach-3678,telegram,call,pending,,,,,,,,,,,,,,crypto-label-v1
tg-cryptoninjacoach-3679,telegram,call,pending,,,,,,,,,,,,,,crypto-label-v1
tg-cryptoninjacoach-3681,telegram,call,pending,,,,,,,,,,,,,,crypto-label-v1
tg-cryptoninjacoach-3682,telegram,call,pending,,,,,,,,,,,,,,crypto-label-v1
tg-cryptoninjacoach-3683,telegram,call,pending,,,,,,,,,,,,,,crypto-label-v1
tg-cryptoninjacoach-3685,telegram,call,pending,,,,,,,,,,,,,,crypto-label-v1
tg-cryptoninjacoach-3688,telegram,call,pending,,,,,,,,,,,,,,crypto-label-v1
tg-cryptoninjacoach-3689,telegram,call,pending,,,,,,,,,,,,,,crypto-label-v1
tg-cryptoninjacoach-3690,telegram,call,pending,,,,,,,,,,,,,,crypto-label-v1
tg-cryptoninjacoach-3691,telegram,call,pending,,,,,,,,,,,,,,crypto-label-v1
tg-cryptoninjacoach-3692,telegram,call,pending,,,,,,,,,,,,,,crypto-label-v1
tg-cryptoninjacoach-3693,telegram,call,pending,,,,,,,,,,,,,,crypto-label-v1
tg-cryptoninjacoach-3694,telegram,call,pending,,,,,,,,,,,,,,crypto-label-v1
tg-cryptoninjacoach-3695,telegram,call,pending,,,,,,,,,,,,,,crypto-label-v1
tg-cryptoninjacoach-3696,telegram,call,pending,,,,,,,,,,,,,,crypto-label-v1
tg-cryptoninjacoach-3697,telegram,call,pending,,,,,,,,,,,,,,crypto-label-v1
tg-cryptoninjacoach-3698,telegram,call,pending,,,,,,,,,,,,,,crypto-label-v1
tg-cryptoninjacoach-3700,telegram,call,pending,,,,,,,,,,,,,,crypto-label-v1
tg-cryptoninjacoach-3701,telegram,call,pending,,,,,,,,,,,,,,crypto-label-v1
tg-cryptoninjacoach-3702,telegram,call,pending,,,,,,,,,,,,,,crypto-label-v1
tg-cryptoninjacoach-3703,telegram,call,pending,,,,,,,,,,,,,,crypto-label-v1
tg-cryptoninjacoach-3704,telegram,call,pending,,,,,,,,,,,,,,crypto-label-v1
tg-cryptoninjacoach-3705,telegram,call,pending,,,,,,,,,,,,,,crypto-label-v1
tg-cryptoninjacoach-3706,telegram,call,pending,,,,,,,,,,,,,,crypto-label-v1
tg-cryptoninjacoach-3707,telegram,call,pending,,,,,,,,,,,,,,crypto-label-v1
tg-cryptoninjacoach-3708,telegram,call,pending,,,,,,,,,,,,,,crypto-label-v1
tg-cryptoninjacoach-3709,telegram,call,pending,,,,,,,,,,,,,,crypto-label-v1
tg-cryptoninjacoach-3711,telegram,call,pending,,,,,,,,,,,,,,crypto-label-v1
tg-cryptoninjacoach-3712,telegram,call,pending,,,,,,,,,,,,,,crypto-label-v1
tg-cryptoninjacoach-3713,telegram,call,pending,,,,,,,,,,,,,,crypto-label-v1
tg-cryptoninjacoach-3714,telegram,call,pending,,,,,,,,,,,,,,crypto-label-v1
tg-cryptoninjacoach-3715,telegram,call,pending,,,,,,,,,,,,,,crypto-label-v1
tg-cryptoninjacoach-3716,telegram,call,pending,,,,,,,,,,,,,,crypto-label-v1
tg-cryptoninjacoach-3717,telegram,call,pending,,,,,,,,,,,,,,crypto-label-v1
tg-cryptoninjacoach-3718,telegram,call,pending,,,,,,,,,,,,,,crypto-label-v1
tg-cryptoninjacoach-3719,telegram,call,pending,,,,,,,,,,,,,,crypto-label-v1
tg-cryptoninjacoach-3720,telegram,call,pending,,,,,,,,,,,,,,crypto-label-v1
tg-cryptoninjacoach-3721,telegram,call,pending,,,,,,,,,,,,,,crypto-label-v1
tg-cryptoninjacoach-3723,telegram,call,pending,,,,,,,,,,,,,,crypto-label-v1
tg-cryptoninjacoach-3724,telegram,call,pending,,,,,,,,,,,,,,crypto-label-v1
tg-cryptoninjacoach-3725,telegram,call,pending,,,,,,,,,,,,,,crypto-label-v1
tg-cryptoninjacoach-3727,telegram,call,pending,,,,,,,,,,,,,,crypto-label-v1
tg-cryptoninjacoach-3728,telegram,call,pending,,,,,,,,,,,,,,crypto-label-v1
tg-cryptoninjacoach-3730,telegram,call,pending,,,,,,,,,,,,,,crypto-label-v1
tg-cryptoninjacoach-3733,telegram,call,pending,,,,,,,,,,,,,,crypto-label-v1
tg-cryptoninjacoach-3734,telegram,call,pending,,,,,,,,,,,,,,crypto-label-v1
tg-cryptoninjacoach-3736,telegram,call,pending,,,,,,,,,,,,,,crypto-label-v1
tg-cryptoninjacoach-3737,telegram,call,pending,,,,,,,,,,,,,,crypto-label-v1
tg-cryptoninjacoach-3741,telegram,call,pending,,,,,,,,,,,,,,crypto-label-v1
tg-cryptoninjacoach-3742,telegram,call,pending,,,,,,,,,,,,,,crypto-label-v1
tg-cryptoninjacoach-3745,telegram,call,pending,,,,,,,,,,,,,,crypto-label-v1
tg-cryptoninjacoach-3746,telegram,call,pending,,,,,,,,,,,,,,crypto-label-v1
tg-cryptoninjacoach-3747,telegram,call,pending,,,,,,,,,,,,,,crypto-label-v1
tg-cryptoninjacoach-3750,telegram,call,pending,,,,,,,,,,,,,,crypto-label-v1
tg-cryptoninjacoach-3751,telegram,call,pending,,,,,,,,,,,,,,crypto-label-v1
tg-cryptoninjacoach-3752,telegram,call,pending,,,,,,,,,,,,,,crypto-label-v1
tg-cryptoninjacoach-3753,telegram,call,pending,,,,,,,,,,,,,,crypto-label-v1
tg-cryptoninjacoach-3754,telegram,call,pending,,,,,,,,,,,,,,crypto-label-v1
tg-cryptoninjacoach-3755,telegram,call,pending,,,,,,,,,,,,,,crypto-label-v1
tg-cryptoninjacoach-3756,telegram,call,pending,,,,,,,,,,,,,,crypto-label-v1
tg-cryptoninjacoach-3757,telegram,call,pending,,,,,,,,,,,,,,crypto-label-v1
tg-cryptoninjacoach-3758,telegram,call,pending,,,,,,,,,,,,,,crypto-label-v1
tg-cryptoninjacoach-3759,telegram,call,pending,,,,,,,,,,,,,,crypto-label-v1
tg-cryptoninjacoach-3760,telegram,call,pending,,,,,,,,,,,,,,crypto-label-v1
tg-cryptoninjacoach-3762,telegram,call,pending,,,,,,,,,,,,,,crypto-label-v1
tg-cryptoninjacoach-3763,telegram,call,pending,,,,,,,,,,,,,,crypto-label-v1
tg-CryptoGuruSignal-18072,telegram,call,not_covered,,,,,,,,,,,,,,crypto-label-v1
tg-CryptoGuruSignal-18073,telegram,call,not_covered,,,,,,,,,,,,,,crypto-label-v1
tg-CryptoGuruSignal-18075,telegram,call,not_covered,,,,,,,,,,,,,,crypto-label-v1
tg-CryptoGuruSignal-18076,telegram,call,not_covered,,,,,,,,,,,,,,crypto-label-v1
tg-CryptoGuruSignal-18079,telegram,call,not_covered,,,,,,,,,,,,,,crypto-label-v1
tg-CryptoGuruSignal-18081,telegram,call,not_covered,,,,,,,,,,,,,,crypto-label-v1
tg-CryptoGuruSignal-18083,telegram,call,not_covered,,,,,,,,,,,,,,crypto-label-v1
tg-CryptoGuruSignal-18086,telegram,call,not_covered,,,,,,,,,,,,,,crypto-label-v1
tg-CryptoGuruSignal-18088,telegram,call,not_covered,,,,,,,,,,,,,,crypto-label-v1
tg-CryptoGuruSignal-18089,telegram,call,not_covered,,,,,,,,,,,,,,crypto-label-v1
tg-CryptoGuruSignal-18091,telegram,call,not_covered,,,,,,,,,,,,,,crypto-label-v1
tg-CryptoGuruSignal-18092,telegram,call,not_covered,,,,,,,,,,,,,,crypto-label-v1
tg-CryptoGuruSignal-18094,telegram,call,not_covered,,,,,,,,,,,,,,crypto-label-v1
tg-CryptoGuruSignal-18095,telegram,call,not_covered,,,,,,,,,,,,,,crypto-label-v1
tg-CryptoGuruSignal-18097,telegram,call,not_covered,,,,,,,,,,,,,,crypto-label-v1
tg-CryptoGuruSignal-18099,telegram,call,not_covered,,,,,,,,,,,,,,crypto-label-v1
tg-CryptoGuruSignal-18102,telegram,call,not_covered,,,,,,,,,,,,,,crypto-label-v1
tg-CryptoGuruSignal-18103,telegram,call,not_covered,,,,,,,,,,,,,,crypto-label-v1
tg-CryptoGuruSignal-18104,telegram,call,not_covered,,,,,,,,,,,,,,crypto-label-v1
tg-CryptoGuruSignal-18106,telegram,call,not_covered,,,,,,,,,,,,,,crypto-label-v1
tg-CryptoGuruSignal-18107,telegram,call,not_covered,,,,,,,,,,,,,,crypto-label-v1
tg-CryptoGuruSignal-18108,telegram,call,not_covered,,,,,,,,,,,,,,crypto-label-v1
tg-CryptoGuruSignal-18110,telegram,call,not_covered,,,,,,,,,,,,,,crypto-label-v1
tg-CryptoGuruSignal-18112,telegram,call,not_covered,,,,,,,,,,,,,,crypto-label-v1
tg-CryptoGuruSignal-18114,telegram,call,not_covered,,,,,,,,,,,,,,crypto-label-v1
tg-CryptoGuruSignal-18115,telegram,call,not_covered,,,,,,,,,,,,,,crypto-label-v1
tg-CryptoGuruSignal-18116,telegram,call,not_covered,,,,,,,,,,,,,,crypto-label-v1
tg-CryptoGuruSignal-18121,telegram,call,not_covered,,,,,,,,,,,,,,crypto-label-v1
tg-CryptoGuruSignal-18122,telegram,call,not_covered,,,,,,,,,,,,,,crypto-label-v1
tg-CryptoGuruSignal-18128,telegram,call,not_covered,,,,,,,,,,,,,,crypto-label-v1
tg-CryptoGuruSignal-18130,telegram,call,not_covered,,,,,,,,,,,,,,crypto-label-v1
tg-CryptoGuruSignal-18132,telegram,call,not_covered,,,,,,,,,,,,,,crypto-label-v1
tg-CryptoGuruSignal-18133,telegram,call,not_covered,,,,,,,,,,,,,,crypto-label-v1
tg-CryptoGuruSignal-18142,telegram,call,not_covered,,,,,,,,,,,,,,crypto-label-v1
tg-CryptoGuruSignal-18144,telegram,call,not_covered,,,,,,,,,,,,,,crypto-label-v1
tg-CryptoGuruSignal-18148,telegram,call,not_covered,,,,,,,,,,,,,,crypto-label-v1
tg-CryptoGuruSignal-18149,telegram,call,not_covered,,,,,,,,,,,,,,crypto-label-v1
tg-CryptoGuruSignal-18151,telegram,call,not_covered,,,,,,,,,,,,,,crypto-label-v1
tg-CryptoGuruSignal-18152,telegram,call,not_covered,,,,,,,,,,,,,,crypto-label-v1
tg-CryptoGuruSignal-18153,telegram,call,not_covered,,,,,,,,,,,,,,crypto-label-v1
tg-CryptoGuruSignal-18155,telegram,call,not_covered,,,,,,,,,,,,,,crypto-label-v1
tg-CryptoGuruSignal-18156,telegram,call,not_covered,,,,,,,,,,,,,,crypto-label-v1
tg-CryptoGuruSignal-18157,telegram,call,not_covered,,,,,,,,,,,,,,crypto-label-v1
tg-CryptoGuruSignal-18165,telegram,call,not_covered,,,,,,,,,,,,,,crypto-label-v1
tg-CryptoGuruSignal-18167,telegram,call,not_covered,,,,,,,,,,,,,,crypto-label-v1
tg-CryptoGuruSignal-18170,telegram,call,not_covered,,,,,,,,,,,,,,crypto-label-v1
tg-CryptoGuruSignal-18171,telegram,call,not_covered,,,,,,,,,,,,,,crypto-label-v1
tg-CryptoGuruSignal-18174,telegram,call,not_covered,,,,,,,,,,,,,,crypto-label-v1
tg-CryptoGuruSignal-18178,telegram,call,not_covered,,,,,,,,,,,,,,crypto-label-v1
tg-CryptoGuruSignal-18180,telegram,call,not_covered,,,,,,,,,,,,,,crypto-label-v1
tg-CryptoGuruSignal-18181,telegram,call,not_covered,,,,,,,,,,,,,,crypto-label-v1
tg-CryptoGuruSignal-18183,telegram,call,not_covered,,,,,,,,,,,,,,crypto-label-v1
tg-CryptoGuruSignal-18184,telegram,call,not_covered,,,,,,,,,,,,,,crypto-label-v1
tg-CryptoGuruSignal-18189,telegram,call,not_covered,,,,,,,,,,,,,,crypto-label-v1
tg-CryptoGuruSignal-18194,telegram,call,not_covered,,,,,,,,,,,,,,crypto-label-v1
tg-CryptoGuruSignal-18195,telegram,call,not_covered,,,,,,,,,,,,,,crypto-label-v1
tg-CryptoGuruSignal-18196,telegram,call,not_covered,,,,,,,,,,,,,,crypto-label-v1
tg-CryptoGuruSignal-18197,telegram,call,pending,,,,,,,,,,,,,,crypto-label-v1
tg-CryptoGuruSignal-18200,telegram,call,not_covered,,,,,,,,,,,,,,crypto-label-v1
tg-CryptoGuruSignal-18201,telegram,call,not_covered,,,,,,,,,,,,,,crypto-label-v1
tg-CryptoGuruSignal-18202,telegram,call,not_covered,,,,,,,,,,,,,,crypto-label-v1
tg-CryptoGuruSignal-18205,telegram,call,not_covered,,,,,,,,,,,,,,crypto-label-v1
tg-CryptoGuruSignal-18206,telegram,call,not_covered,,,,,,,,,,,,,,crypto-label-v1
tg-CryptoGuruSignal-18208,telegram,call,not_covered,,,,,,,,,,,,,,crypto-label-v1
tg-CryptoGuruSignal-18214,telegram,call,not_covered,,,,,,,,,,,,,,crypto-label-v1
tg-CryptoGuruSignal-18215,telegram,call,not_covered,,,,,,,,,,,,,,crypto-label-v1
tg-CryptoGuruSignal-18218,telegram,call,not_covered,,,,,,,,,,,,,,crypto-label-v1
tg-CryptoGuruSignal-18220,telegram,call,not_covered,,,,,,,,,,,,,,crypto-label-v1
tg-CryptoGuruSignal-18221,telegram,call,not_covered,,,,,,,,,,,,,,crypto-label-v1
tg-CryptoGuruSignal-18229,telegram,call,not_covered,,,,,,,,,,,,,,crypto-label-v1
tg-CryptoGuruSignal-18230,telegram,call,not_covered,,,,,,,,,,,,,,crypto-label-v1
tg-CryptoGuruSignal-18231,telegram,call,not_covered,,,,,,,,,,,,,,crypto-label-v1
tg-CryptoGuruSignal-18232,telegram,call,pending,,,,,,,,,,,,,,crypto-label-v1
tg-CryptoGuruSignal-18236,telegram,call,not_covered,,,,,,,,,,,,,,crypto-label-v1
tg-CryptoGuruSignal-18243,telegram,call,not_covered,,,,,,,,,,,,,,crypto-label-v1
tg-CryptoGuruSignal-18244,telegram,call,not_covered,,,,,,,,,,,,,,crypto-label-v1
tg-CryptoGuruSignal-18245,telegram,call,not_covered,,,,,,,,,,,,,,crypto-label-v1
tg-CryptoGuruSignal-18248,telegram,call,not_covered,,,,,,,,,,,,,,crypto-label-v1
tg-CryptoGuruSignal-18254,telegram,call,pending,,,,,,,,,,,,,,crypto-label-v1
tg-CryptoGuruSignal-18258,telegram,call,not_covered,,,,,,,,,,,,,,crypto-label-v1
tg-CryptoGuruSignal-18259,telegram,call,not_covered,,,,,,,,,,,,,,crypto-label-v1
tg-CryptoGuruSignal-18260,telegram,call,not_covered,,,,,,,,,,,,,,crypto-label-v1
tg-CryptoGuruSignal-18263,telegram,call,not_covered,,,,,,,,,,,,,,crypto-label-v1
tg-CryptoGuruSignal-18264,telegram,call,not_covered,,,,,,,,,,,,,,crypto-label-v1
tg-CryptoGuruSignal-18265,telegram,call,not_covered,,,,,,,,,,,,,,crypto-label-v1
tg-CryptoGuruSignal-18269,telegram,call,not_covered,,,,,,,,,,,,,,crypto-label-v1
tg-CryptoGuruSignal-18270,telegram,call,not_covered,,,,,,,,,,,,,,crypto-label-v1
tg-CryptoGuruSignal-18271,telegram,call,not_covered,,,,,,,,,,,,,,crypto-label-v1
tg-CryptoGuruSignal-18272,telegram,call,not_covered,,,,,,,,,,,,,,crypto-label-v1
tg-CryptoGuruSignal-18273,telegram,call,not_covered,,,,,,,,,,,,,,crypto-label-v1
tg-CryptoGuruSignal-18274,telegram,call,not_covered,,,,,,,,,,,,,,crypto-label-v1
tg-CryptoGuruSignal-18275,telegram,call,not_covered,,,,,,,,,,,,,,crypto-label-v1
tg-CryptoGuruSignal-18278,telegram,call,not_covered,,,,,,,,,,,,,,crypto-label-v1
tg-CryptoGuruSignal-18282,telegram,call,not_covered,,,,,,,,,,,,,,crypto-label-v1
tg-CryptoGuruSignal-18283,telegram,call,not_covered,,,,,,,,,,,,,,crypto-label-v1
tg-CryptoGuruSignal-18285,telegram,call,not_covered,,,,,,,,,,,,,,crypto-label-v1
tg-CryptoGuruSignal-18286,telegram,call,not_covered,,,,,,,,,,,,,,crypto-label-v1
tg-CryptoGuruSignal-18291,telegram,call,not_covered,,,,,,,,,,,,,,crypto-label-v1
tg-CryptoGuruSignal-18292,telegram,call,not_covered,,,,,,,,,,,,,,crypto-label-v1
tg-CryptoGuruSignal-18293,telegram,call,not_covered,,,,,,,,,,,,,,crypto-label-v1
tg-CryptoGuruSignal-18294,telegram,call,not_covered,,,,,,,,,,,,,,crypto-label-v1
tg-CryptoGuruSignal-18296,telegram,call,not_covered,,,,,,,,,,,,,,crypto-label-v1
tg-CryptoGuruSignal-18298,telegram,call,not_covered,,,,,,,,,,,,,,crypto-label-v1
tg-CryptoGuruSignal-18300,telegram,call,not_covered,,,,,,,,,,,,,,crypto-label-v1
tg-CryptoGuruSignal-18301,telegram,call,not_covered,,,,,,,,,,,,,,crypto-label-v1
tg-CryptoGuruSignal-18302,telegram,call,not_covered,,,,,,,,,,,,,,crypto-label-v1
tg-CryptoGuruSignal-18303,telegram,call,not_covered,,,,,,,,,,,,,,crypto-label-v1
tg-CryptoGuruSignal-18313,telegram,call,not_covered,,,,,,,,,,,,,,crypto-label-v1
tg-CryptoGuruSignal-18314,telegram,call,not_covered,,,,,,,,,,,,,,crypto-label-v1
tg-CryptoGuruSignal-18316,telegram,call,not_covered,,,,,,,,,,,,,,crypto-label-v1
tg-CryptoGuruSignal-18320,telegram,call,not_covered,,,,,,,,,,,,,,crypto-label-v1
tg-CryptoGuruSignal-18321,telegram,call,not_covered,,,,,,,,,,,,,,crypto-label-v1
tg-CryptoGuruSignal-18322,telegram,call,not_covered,,,,,,,,,,,,,,crypto-label-v1
tg-CryptoGuruSignal-18328,telegram,call,pending,,,,,,,,,,,,,,crypto-label-v1
tg-CryptoGuruSignal-18329,telegram,call,pending,,,,,,,,,,,,,,crypto-label-v1
tg-CryptoGuruSignal-18332,telegram,call,not_covered,,,,,,,,,,,,,,crypto-label-v1
tg-CryptoGuruSignal-18333,telegram,call,not_covered,,,,,,,,,,,,,,crypto-label-v1
tg-CryptoGuruSignal-18334,telegram,call,not_covered,,,,,,,,,,,,,,crypto-label-v1
tg-CryptoGuruSignal-18342,telegram,call,pending,,,,,,,,,,,,,,crypto-label-v1
tg-CryptoGuruSignal-18343,telegram,call,not_covered,,,,,,,,,,,,,,crypto-label-v1
tg-CryptoGuruSignal-18345,telegram,call,not_covered,,,,,,,,,,,,,,crypto-label-v1
tg-CryptoGuruSignal-18346,telegram,call,not_covered,,,,,,,,,,,,,,crypto-label-v1
tg-CryptoGuruSignal-18347,telegram,call,not_covered,,,,,,,,,,,,,,crypto-label-v1
tg-CryptoGuruSignal-18348,telegram,call,not_covered,,,,,,,,,,,,,,crypto-label-v1
tg-CryptoGuruSignal-18349,telegram,call,not_covered,,,,,,,,,,,,,,crypto-label-v1
tg-CryptoGuruSignal-18350,telegram,call,not_covered,,,,,,,,,,,,,,crypto-label-v1
tg-CryptoGuruSignal-18353,telegram,call,not_covered,,,,,,,,,,,,,,crypto-label-v1
tg-CryptoGuruSignal-18354,telegram,call,not_covered,,,,,,,,,,,,,,crypto-label-v1
tg-CryptoGuruSignal-18355,telegram,call,not_covered,,,,,,,,,,,,,,crypto-label-v1
tg-CryptoGuruSignal-18356,telegram,call,not_covered,,,,,,,,,,,,,,crypto-label-v1
tg-CryptoGuruSignal-18357,telegram,call,pending,,,,,,,,,,,,,,crypto-label-v1
tg-CryptoGuruSignal-18358,telegram,call,pending,,,,,,,,,,,,,,crypto-label-v1
tg-CryptoGuruSignal-18363,telegram,call,not_covered,,,,,,,,,,,,,,crypto-label-v1
tg-CryptoGuruSignal-18364,telegram,call,not_covered,,,,,,,,,,,,,,crypto-label-v1
tg-CryptoGuruSignal-18375,telegram,call,pending,,,,,,,,,,,,,,crypto-label-v1
tg-CryptoGuruSignal-18377,telegram,call,not_covered,,,,,,,,,,,,,,crypto-label-v1
tg-CryptoGuruSignal-18378,telegram,call,not_covered,,,,,,,,,,,,,,crypto-label-v1
tg-CryptoGuruSignal-18379,telegram,call,not_covered,,,,,,,,,,,,,,crypto-label-v1
tg-CryptoGuruSignal-18380,telegram,call,not_covered,,,,,,,,,,,,,,crypto-label-v1
tg-CryptoGuruSignal-18387,telegram,call,pending,,,,,,,,,,,,,,crypto-label-v1
tg-CryptoGuruSignal-18394,telegram,call,not_covered,,,,,,,,,,,,,,crypto-label-v1
tg-CryptoGuruSignal-18402,telegram,call,not_covered,,,,,,,,,,,,,,crypto-label-v1
tg-CryptoGuruSignal-18405,telegram,call,not_covered,,,,,,,,,,,,,,crypto-label-v1
tg-CryptoGuruSignal-18406,telegram,call,not_covered,,,,,,,,,,,,,,crypto-label-v1
tg-CryptoGuruSignal-18407,telegram,call,not_covered,,,,,,,,,,,,,,crypto-label-v1
tg-CryptoGuruSignal-18408,telegram,call,not_covered,,,,,,,,,,,,,,crypto-label-v1
tg-CryptoGuruSignal-18419,telegram,call,pending,,,,,,,,,,,,,,crypto-label-v1
tg-CryptoGuruSignal-18420,telegram,call,pending,,,,,,,,,,,,,,crypto-label-v1
tg-CryptoGuruSignal-18428,telegram,call,not_covered,,,,,,,,,,,,,,crypto-label-v1
tg-CryptoGuruSignal-18429,telegram,call,not_covered,,,,,,,,,,,,,,crypto-label-v1
tg-CryptoGuruSignal-18430,telegram,call,not_covered,,,,,,,,,,,,,,crypto-label-v1
tg-CryptoGuruSignal-18431,telegram,call,not_covered,,,,,,,,,,,,,,crypto-label-v1
tg-CryptoGuruSignal-18432,telegram,call,not_covered,,,,,,,,,,,,,,crypto-label-v1
tg-CryptoGuruSignal-18433,telegram,call,not_covered,,,,,,,,,,,,,,crypto-label-v1
tg-CryptoGuruSignal-18434,telegram,call,not_covered,,,,,,,,,,,,,,crypto-label-v1
tg-CryptoGuruSignal-18435,telegram,call,not_covered,,,,,,,,,,,,,,crypto-label-v1
tg-CryptoGuruSignal-18436,telegram,call,not_covered,,,,,,,,,,,,,,crypto-label-v1
tg-CryptoGuruSignal-18437,telegram,call,not_covered,,,,,,,,,,,,,,crypto-label-v1
tg-CryptoGuruSignal-18438,telegram,call,not_covered,,,,,,,,,,,,,,crypto-label-v1
tg-CryptoGuruSignal-18439,telegram,call,not_covered,,,,,,,,,,,,,,crypto-label-v1
tg-CryptoGuruSignal-18443,telegram,call,not_covered,,,,,,,,,,,,,,crypto-label-v1
tg-CryptoGuruSignal-18447,telegram,call,not_covered,,,,,,,,,,,,,,crypto-label-v1
tg-CryptoGuruSignal-18448,telegram,call,not_covered,,,,,,,,,,,,,,crypto-label-v1
tg-CryptoGuruSignal-18450,telegram,call,not_covered,,,,,,,,,,,,,,crypto-label-v1
tg-CryptoGuruSignal-18454,telegram,call,not_covered,,,,,,,,,,,,,,crypto-label-v1
tg-CryptoGuruSignal-18455,telegram,call,not_covered,,,,,,,,,,,,,,crypto-label-v1
tg-CryptoGuruSignal-18456,telegram,call,not_covered,,,,,,,,,,,,,,crypto-label-v1
tg-CryptoGuruSignal-18457,telegram,call,not_covered,,,,,,,,,,,,,,crypto-label-v1
tg-CryptoGuruSignal-18458,telegram,call,not_covered,,,,,,,,,,,,,,crypto-label-v1
tg-CryptoGuruSignal-18459,telegram,call,not_covered,,,,,,,,,,,,,,crypto-label-v1
tg-CryptoGuruSignal-18460,telegram,call,not_covered,,,,,,,,,,,,,,crypto-label-v1
tg-CryptoGuruSignal-18461,telegram,call,not_covered,,,,,,,,,,,,,,crypto-label-v1
tg-CryptoGuruSignal-18479,telegram,call,pending,,,,,,,,,,,,,,crypto-label-v1
tg-CryptoGuruSignal-18483,telegram,call,pending,,,,,,,,,,,,,,crypto-label-v1
tg-CryptoGuruSignal-18487,telegram,call,pending,,,,,,,,,,,,,,crypto-label-v1
tg-CryptoGuruSignal-18492,telegram,call,not_covered,,,,,,,,,,,,,,crypto-label-v1
tg-CryptoGuruSignal-18525,telegram,call,not_covered,,,,,,,,,,,,,,crypto-label-v1
tg-CryptoGuruSignal-18532,telegram,call,not_covered,,,,,,,,,,,,,,crypto-label-v1
tg-CryptoGuruSignal-18533,telegram,call,not_covered,,,,,,,,,,,,,,crypto-label-v1
tg-CryptoGuruSignal-18536,telegram,call,not_covered,,,,,,,,,,,,,,crypto-label-v1
tg-CryptoGuruSignal-18537,telegram,call,not_covered,,,,,,,,,,,,,,crypto-label-v1
tg-CryptoGuruSignal-18539,telegram,call,not_covered,,,,,,,,,,,,,,crypto-label-v1
tg-CryptoGuruSignal-18540,telegram,call,not_covered,,,,,,,,,,,,,,crypto-label-v1
tg-CryptoGuruSignal-18542,telegram,call,not_covered,,,,,,,,,,,,,,crypto-label-v1
tg-CryptoGuruSignal-18543,telegram,call,not_covered,,,,,,,,,,,,,,crypto-label-v1
tg-CryptoGuruSignal-18544,telegram,call,not_covered,,,,,,,,,,,,,,crypto-label-v1
tg-CryptoGuruSignal-18546,telegram,call,not_covered,,,,,,,,,,,,,,crypto-label-v1
tg-CryptoGuruSignal-18551,telegram,call,not_covered,,,,,,,,,,,,,,crypto-label-v1
tg-CryptoGuruSignal-18553,telegram,call,not_covered,,,,,,,,,,,,,,crypto-label-v1
tg-CryptoGuruSignal-18554,telegram,call,not_covered,,,,,,,,,,,,,,crypto-label-v1
tg-CryptoGuruSignal-18556,telegram,call,not_covered,,,,,,,,,,,,,,crypto-label-v1
tg-CryptoGuruSignal-18557,telegram,call,not_covered,,,,,,,,,,,,,,crypto-label-v1
tg-CryptoGuruSignal-18559,telegram,call,not_covered,,,,,,,,,,,,,,crypto-label-v1
tg-CryptoGuruSignal-18560,telegram,call,not_covered,,,,,,,,,,,,,,crypto-label-v1
tg-CryptoGuruSignal-18561,telegram,call,not_covered,,,,,,,,,,,,,,crypto-label-v1
tg-CryptoGuruSignal-18562,telegram,call,not_covered,,,,,,,,,,,,,,crypto-label-v1
tg-CryptoGuruSignal-18565,telegram,call,not_covered,,,,,,,,,,,,,,crypto-label-v1
tg-CryptoGuruSignal-18566,telegram,call,not_covered,,,,,,,,,,,,,,crypto-label-v1
tg-CryptoGuruSignal-18567,telegram,call,not_covered,,,,,,,,,,,,,,crypto-label-v1
tg-CryptoGuruSignal-18568,telegram,call,not_covered,,,,,,,,,,,,,,crypto-label-v1
tg-CryptoGuruSignal-18570,telegram,call,not_covered,,,,,,,,,,,,,,crypto-label-v1
tg-CryptoGuruSignal-18572,telegram,call,not_covered,,,,,,,,,,,,,,crypto-label-v1
tg-CryptoGuruSignal-18574,telegram,call,not_covered,,,,,,,,,,,,,,crypto-label-v1
tg-Mega_Cryptoo-8699,telegram,call,pending,,,,,,,,,,,,,,crypto-label-v1
tg-Mega_Cryptoo-9031,telegram,call,pending,,,,,,,,,,,,,,crypto-label-v1
tg-cryptoflashsignals-9656,telegram,call,pending,,,,,,,,,,,,,,crypto-label-v1
tg-cryptoflashsignals-9702,telegram,announcement,not_covered,,,,,,,,,,,,,,crypto-label-v1
tg-cryptoflashsignals-9704,telegram,announcement,not_covered,,,,,,,,,,,,,,crypto-label-v1
tg-cryptoflashsignals-9728,telegram,announcement,not_covered,,,,,,,,,,,,,,crypto-label-v1
tg-cryptoflashsignals-9768,telegram,announcement,not_covered,,,,,,,,,,,,,,crypto-label-v1
tg-cryptoflashsignals-9849,telegram,announcement,not_covered,,,,,,,,,,,,,,crypto-label-v1
tg-cryptoflashsignals-9866,telegram,announcement,pending,,,,,,,,,,,,,,crypto-label-v1
tg-cryptoflashsignals-9895,telegram,announcement,not_covered,,,,,,,,,,,,,,crypto-label-v1
tg-cryptoflashsignals-9917,telegram,announcement,pending,,,,,,,,,,,,,,crypto-label-v1
tg-cryptoflashsignals-9930,telegram,announcement,not_covered,,,,,,,,,,,,,,crypto-label-v1
tg-cryptoflashsignals-9948,telegram,announcement,not_covered,,,,,,,,,,,,,,crypto-label-v1
tg-cryptoflashsignals-9981,telegram,announcement,not_covered,,,,,,,,,,,,,,crypto-label-v1
tg-cryptoflashsignals-9994,telegram,announcement,pending,,,,,,,,,,,,,,crypto-label-v1
tg-cryptoflashsignals-10015,telegram,announcement,pending,,,,,,,,,,,,,,crypto-label-v1
tg-cryptoflashsignals-10041,telegram,announcement,not_covered,,,,,,,,,,,,,,crypto-label-v1
tg-cryptoflashsignals-10062,telegram,announcement,pending,,,,,,,,,,,,,,crypto-label-v1
tg-cryptoflashsignals-10080,telegram,announcement,not_covered,,,,,,,,,,,,,,crypto-label-v1
tg-cryptoflashsignals-10095,telegram,announcement,not_covered,,,,,,,,,,,,,,crypto-label-v1
tg-cryptoflashsignals-10111,telegram,announcement,not_covered,,,,,,,,,,,,,,crypto-label-v1
tg-cryptoflashsignals-10118,telegram,announcement,not_covered,,,,,,,,,,,,,,crypto-label-v1
tg-cryptoflashsignals-10125,telegram,announcement,pending,,,,,,,,,,,,,,crypto-label-v1
tg-cryptoflashsignals-10145,telegram,announcement,not_covered,,,,,,,,,,,,,,crypto-label-v1
tg-cryptoflashsignals-10151,telegram,announcement,not_covered,,,,,,,,,,,,,,crypto-label-v1
tg-cryptoflashsignals-10158,telegram,announcement,not_covered,,,,,,,,,,,,,,crypto-label-v1
tg-BinanceProfitSignal-1328,telegram,call,no_data,,,,,,,,,,,,,0,crypto-label-v1
tg-BinanceProfitSignal-1329,telegram,call,no_data,,,,,,,,,,,,,0,crypto-label-v1
tg-BinanceProfitSignal-1338,telegram,call,no_data,,,,,,,,,,,,,0,crypto-label-v1
tg-BinanceProfitSignal-1347,telegram,call,settled,2.7016,2.702,0.002813,16.7,0,0,0,-0.009437,-0.033938,-0.063397,0.002665,-0.052332,0,crypto-label-v1
tg-BinanceProfitSignal-1350,telegram,call,no_data,,,,,,,,,,,,,0,crypto-label-v1
tg-BinanceProfitSignal-1352,telegram,call,no_data,,,,,,,,,,,,,0,crypto-label-v1
tg-BinanceProfitSignal-1361,telegram,call,not_covered,,,,,,,,,,,,,,crypto-label-v1
tg-BinanceProfitSignal-1362,telegram,call,no_data,,,,,,,,,,,,,0,crypto-label-v1
tg-BinanceProfitSignal-1363,telegram,call,no_data,,,,,,,,,,,,,0,crypto-label-v1
tg-BinanceProfitSignal-1364,telegram,call,no_data,,,,,,,,,,,,,0,crypto-label-v1
tg-BinanceProfitSignal-1365,telegram,call,no_data,,,,,,,,,,,,,0,crypto-label-v1
tg-BinanceProfitSignal-1366,telegram,call,no_data,,,,,,,,,,,,,0,crypto-label-v1
tg-BinanceProfitSignal-1369,telegram,call,no_data,,,,,,,,,,,,,0,crypto-label-v1
tg-BinanceProfitSignal-1375,telegram,call,no_data,,,,,,,,,,,,,0,crypto-label-v1
tg-BinanceProfitSignal-1377,telegram,call,no_data,,,,,,,,,,,,,0,crypto-label-v1
tg-BinanceProfitSignal-1380,telegram,call,not_covered,,,,,,,,,,,,,,crypto-label-v1
tg-BinanceProfitSignal-1381,telegram,call,no_data,,,,,,,,,,,,,0,crypto-label-v1
tg-BinanceProfitSignal-1382,telegram,call,no_data,,,,,,,,,,,,,0,crypto-label-v1
tg-BinanceProfitSignal-1383,telegram,call,no_data,,,,,,,,,,,,,0,crypto-label-v1
tg-BinanceProfitSignal-1384,telegram,call,not_covered,,,,,,,,,,,,,,crypto-label-v1
tg-BinanceProfitSignal-1390,telegram,call,no_data,,,,,,,,,,,,,0,crypto-label-v1
tg-BinanceProfitSignal-1393,telegram,call,not_covered,,,,,,,,,,,,,,crypto-label-v1
tg-BinanceProfitSignal-1398,telegram,call,no_data,,,,,,,,,,,,,0,crypto-label-v1
tg-BinanceProfitSignal-1400,telegram,call,no_data,,,,,,,,,,,,,0,crypto-label-v1
tg-BinanceProfitSignal-1401,telegram,call,settled,0.002893,0.002888,0.001037,-0.1,0,0,0,-0.007964,-0.014197,0.111842,0.004155,-0.030471,0,crypto-label-v1
tg-BinanceProfitSignal-1409,telegram,call,no_data,,,,,,,,,,,,,0,crypto-label-v1
tg-BinanceProfitSignal-1410,telegram,call,no_data,,,,,,,,,,,,,0,crypto-label-v1
tg-BinanceProfitSignal-1413,telegram,call,no_data,,,,,,,,,,,,,0,crypto-label-v1
tg-BinanceProfitSignal-1416,telegram,call,settled,1.6946,1.7067,0.012451,4.5,0,0,0,-0.021503,-0.104178,0.58786,0.005273,-0.173844,0,crypto-label-v1
tg-BinanceProfitSignal-1418,telegram,call,settled,3.012,3.031,0.024236,23.1,0,0,0,-0.00165,-0.064995,-0.242824,0.017816,-0.156384,0,crypto-label-v1
tg-BinanceProfitSignal-1424,telegram,call,no_data,,,,,,,,,,,,,0,crypto-label-v1
tg-BinanceProfitSignal-1432,telegram,call,pending,,,,,,,,,,,,,,crypto-label-v1
tg-BinanceProfitSignal-1435,telegram,call,pending,,,,,,,,,,,,,,crypto-label-v1
tg-BinanceProfitSignal-1443,telegram,call,pending,,,,,,,,,,,,,,crypto-label-v1
tg-BinanceProfitSignal-1444,telegram,call,pending,,,,,,,,,,,,,,crypto-label-v1
tg-BinanceProfitSignal-1448,telegram,call,pending,,,,,,,,,,,,,,crypto-label-v1
tg-BinanceProfitSignal-1451,telegram,call,pending,,,,,,,,,,,,,,crypto-label-v1
tg-BinanceProfitSignal-1452,telegram,call,pending,,,,,,,,,,,,,,crypto-label-v1
tg-BinanceProfitSignal-1455,telegram,call,pending,,,,,,,,,,,,,,crypto-label-v1
tg-BinanceProfitSignal-1458,telegram,call,pending,,,,,,,,,,,,,,crypto-label-v1
tg-BinanceProfitSignal-1463,telegram,call,pending,,,,,,,,,,,,,,crypto-label-v1
tg-BinanceProfitSignal-1466,telegram,call,pending,,,,,,,,,,,,,,crypto-label-v1
tg-BinanceProfitSignal-1468,telegram,call,pending,,,,,,,,,,,,,,crypto-label-v1
tg-BinanceProfitSignal-1471,telegram,call,pending,,,,,,,,,,,,,,crypto-label-v1
tg-BinanceProfitSignal-1473,telegram,call,pending,,,,,,,,,,,,,,crypto-label-v1
tg-BinanceProfitSignal-1474,telegram,call,pending,,,,,,,,,,,,,,crypto-label-v1
tg-BinanceProfitSignal-1479,telegram,call,pending,,,,,,,,,,,,,,crypto-label-v1
tg-BinanceProfitSignal-1484,telegram,call,pending,,,,,,,,,,,,,,crypto-label-v1
tg-BinanceProfitSignal-1488,telegram,call,pending,,,,,,,,,,,,,,crypto-label-v1
tg-BinanceProfitSignal-1490,telegram,call,pending,,,,,,,,,,,,,,crypto-label-v1
tg-BinanceProfitSignal-1497,telegram,call,pending,,,,,,,,,,,,,,crypto-label-v1
tg-BinanceProfitSignal-1498,telegram,call,pending,,,,,,,,,,,,,,crypto-label-v1
tg-BinanceProfitSignal-1506,telegram,call,pending,,,,,,,,,,,,,,crypto-label-v1
tg-BinanceProfitSignal-1513,telegram,call,pending,,,,,,,,,,,,,,crypto-label-v1
tg-BinanceProfitSignal-1517,telegram,call,pending,,,,,,,,,,,,,,crypto-label-v1
tg-BinanceProfitSignal-1527,telegram,call,pending,,,,,,,,,,,,,,crypto-label-v1
tg-BinanceProfitSignal-1531,telegram,call,pending,,,,,,,,,,,,,,crypto-label-v1
tg-BinanceProfitSignal-1533,telegram,call,pending,,,,,,,,,,,,,,crypto-label-v1
tg-BinanceProfitSignal-1535,telegram,call,pending,,,,,,,,,,,,,,crypto-label-v1
tg-BinanceProfitSignal-1539,telegram,call,pending,,,,,,,,,,,,,,crypto-label-v1
tg-BinanceProfitSignal-1546,telegram,call,pending,,,,,,,,,,,,,,crypto-label-v1
tg-BinanceProfitSignal-1566,telegram,call,pending,,,,,,,,,,,,,,crypto-label-v1
tg-BinanceProfitSignal-1574,telegram,call,pending,,,,,,,,,,,,,,crypto-label-v1
tg-BinanceProfitSignal-1577,telegram,call,pending,,,,,,,,,,,,,,crypto-label-v1
tg-BinanceProfitSignal-1582,telegram,call,pending,,,,,,,,,,,,,,crypto-label-v1
tg-BinanceProfitSignal-1590,telegram,call,pending,,,,,,,,,,,,,,crypto-label-v1
tg-BinanceProfitSignal-1591,telegram,call,pending,,,,,,,,,,,,,,crypto-label-v1
tg-BinanceProfitSignal-1594,telegram,call,pending,,,,,,,,,,,,,,crypto-label-v1
tg-BinanceProfitSignal-1601,telegram,call,pending,,,,,,,,,,,,,,crypto-label-v1
tg-BinanceProfitSignal-1603,telegram,call,pending,,,,,,,,,,,,,,crypto-label-v1
tg-BinanceProfitSignal-1605,telegram,call,not_covered,,,,,,,,,,,,,,crypto-label-v1
tg-BinanceProfitSignal-1607,telegram,call,pending,,,,,,,,,,,,,,crypto-label-v1
tg-BinanceProfitSignal-1608,telegram,call,pending,,,,,,,,,,,,,,crypto-label-v1
tg-BinanceProfitSignal-1609,telegram,call,pending,,,,,,,,,,,,,,crypto-label-v1
tg-BinanceProfitSignal-1610,telegram,call,pending,,,,,,,,,,,,,,crypto-label-v1
tg-BinanceProfitSignal-1614,telegram,call,pending,,,,,,,,,,,,,,crypto-label-v1
tg-BinanceProfitSignal-1621,telegram,call,pending,,,,,,,,,,,,,,crypto-label-v1
tg-BinanceProfitSignal-1629,telegram,call,pending,,,,,,,,,,,,,,crypto-label-v1
tg-BinanceProfitSignal-1630,telegram,call,pending,,,,,,,,,,,,,,crypto-label-v1
tg-BinanceProfitSignal-1633,telegram,call,pending,,,,,,,,,,,,,,crypto-label-v1
tg-BinanceProfitSignal-1636,telegram,call,pending,,,,,,,,,,,,,,crypto-label-v1
tg-BinanceProfitSignal-1638,telegram,call,pending,,,,,,,,,,,,,,crypto-label-v1
tg-BinanceProfitSignal-1639,telegram,call,pending,,,,,,,,,,,,,,crypto-label-v1
tg-BinanceProfitSignal-1642,telegram,call,pending,,,,,,,,,,,,,,crypto-label-v1
tg-BinanceProfitSignal-1644,telegram,call,pending,,,,,,,,,,,,,,crypto-label-v1
tg-BinanceProfitSignal-1645,telegram,call,pending,,,,,,,,,,,,,,crypto-label-v1
tg-BinanceProfitSignal-1654,telegram,call,pending,,,,,,,,,,,,,,crypto-label-v1
tg-BinanceProfitSignal-1656,telegram,call,pending,,,,,,,,,,,,,,crypto-label-v1
tg-BinanceProfitSignal-1659,telegram,call,pending,,,,,,,,,,,,,,crypto-label-v1
tg-BinanceProfitSignal-1660,telegram,call,pending,,,,,,,,,,,,,,crypto-label-v1
tg-BinanceProfitSignal-1661,telegram,call,pending,,,,,,,,,,,,,,crypto-label-v1
tg-BinanceProfitSignal-1662,telegram,call,pending,,,,,,,,,,,,,,crypto-label-v1
tg-BinanceProfitSignal-1667,telegram,call,pending,,,,,,,,,,,,,,crypto-label-v1
tg-BinanceProfitSignal-1668,telegram,call,pending,,,,,,,,,,,,,,crypto-label-v1
tg-BinanceProfitSignal-1676,telegram,call,pending,,,,,,,,,,,,,,crypto-label-v1
tg-BinanceProfitSignal-1681,telegram,call,pending,,,,,,,,,,,,,,crypto-label-v1
tg-BinanceProfitSignal-1690,telegram,call,pending,,,,,,,,,,,,,,crypto-label-v1
tg-CryptoFamilyPumps-662,telegram,announcement,not_covered,,,,,,,,,,,,,,crypto-label-v1
tg-backstreetbets-13944,telegram,call,pending,,,,,,,,,,,,,,crypto-label-v1
tg-backstreetbets-13945,telegram,call,pending,,,,,,,,,,,,,,crypto-label-v1
tg-backstreetbets-13949,telegram,call,pending,,,,,,,,,,,,,,crypto-label-v1
tg-backstreetbets-13955,telegram,call,pending,,,,,,,,,,,,,,crypto-label-v1
tg-backstreetbets-14017,telegram,call,pending,,,,,,,,,,,,,,crypto-label-v1
tg-backstreetbets-14026,telegram,call,pending,,,,,,,,,,,,,,crypto-label-v1
tg-backstreetbets-14028,telegram,call,pending,,,,,,,,,,,,,,crypto-label-v1
tg-backstreetbets-14065,telegram,call,pending,,,,,,,,,,,,,,crypto-label-v1
tg-backstreetbets-14073,telegram,call,pending,,,,,,,,,,,,,,crypto-label-v1
tg-backstreetbets-14075,telegram,call,pending,,,,,,,,,,,,,,crypto-label-v1
tg-backstreetbets-14088,telegram,call,pending,,,,,,,,,,,,,,crypto-label-v1
tg-backstreetbets-14152,telegram,call,pending,,,,,,,,,,,,,,crypto-label-v1
tg-backstreetbets-14154,telegram,call,pending,,,,,,,,,,,,,,crypto-label-v1
tg-backstreetbets-14155,telegram,call,pending,,,,,,,,,,,,,,crypto-label-v1
tg-backstreetbets-14157,telegram,call,pending,,,,,,,,,,,,,,crypto-label-v1
tg-backstreetbets-14159,telegram,call,pending,,,,,,,,,,,,,,crypto-label-v1
tg-backstreetbets-14161,telegram,call,pending,,,,,,,,,,,,,,crypto-label-v1
tg-backstreetbets-14165,telegram,call,pending,,,,,,,,,,,,,,crypto-label-v1
tg-backstreetbets-14167,telegram,call,pending,,,,,,,,,,,,,,crypto-label-v1
tg-backstreetbets-14182,telegram,call,pending,,,,,,,,,,,,,,crypto-label-v1
tg-backstreetbets-14186,telegram,call,pending,,,,,,,,,,,,,,crypto-label-v1
tg-backstreetbets-14188,telegram,call,pending,,,,,,,,,,,,,,crypto-label-v1
tg-backstreetbets-14190,telegram,call,pending,,,,,,,,,,,,,,crypto-label-v1
tg-backstreetbets-14191,telegram,call,pending,,,,,,,,,,,,,,crypto-label-v1
tg-backstreetbets-14211,telegram,call,pending,,,,,,,,,,,,,,crypto-label-v1
tg-backstreetbets-14232,telegram,call,pending,,,,,,,,,,,,,,crypto-label-v1
tg-backstreetbets-14271,telegram,call,pending,,,,,,,,,,,,,,crypto-label-v1
tg-backstreetbets-14273,telegram,call,pending,,,,,,,,,,,,,,crypto-label-v1
tg-backstreetbets-14275,telegram,call,pending,,,,,,,,,,,,,,crypto-label-v1
tg-backstreetbets-14362,telegram,call,pending,,,,,,,,,,,,,,crypto-label-v1
tg-backstreetbets-14363,telegram,call,pending,,,,,,,,,,,,,,crypto-label-v1
tg-backstreetbets-14365,telegram,call,pending,,,,,,,,,,,,,,crypto-label-v1
tg-backstreetbets-14430,telegram,call,pending,,,,,,,,,,,,,,crypto-label-v1
tg-backstreetbets-14433,telegram,call,pending,,,,,,,,,,,,,,crypto-label-v1
tg-backstreetbets-14436,telegram,call,pending,,,,,,,,,,,,,,crypto-label-v1
tg-backstreetbets-14438,telegram,call,pending,,,,,,,,,,,,,,crypto-label-v1
scan-mexc-ANVL-2026100619,scan,spike,pending,0.0007321,0.000881,0.240131,,1,,,0.0,,,,,0,crypto-label-v1
scan-mexc-GLMR-2026100709,scan,spike,pending,0.011009,0.013195,0.226088,,1,1,,0.0,,,,,0,crypto-label-v1
scan-mexc-GRIFFAIN-2026100614,scan,spike,pending,0.01995,0.022053,0.253133,,1,1,,0.0,,,,,0,crypto-label-v1
scan-mexc-GTT-2026100616,scan,spike,pending,0.17,0.15999,0.447059,,1,1,,0.0,,,,,0,crypto-label-v1
scan-mexc-KRAFT-2026100616,scan,spike,pending,0.2,0.2792,0.45,,1,1,,0.0,,,,,0,crypto-label-v1
scan-mexc-MBK-2026100616,scan,spike,pending,0.068,0.1,0.632353,,1,1,,0.0,,,,,0,crypto-label-v1
scan-mexc-MODA-2026100616,scan,spike,pending,0.0005,9.7e-05,0.216,,1,1,1,0.0,,,,,0,crypto-label-v1
scan-mexc-NATIX-2026100618,scan,spike,pending,0.00024411,0.00030613,0.35185,,1,1,,0.0,,,,,0,crypto-label-v1
scan-mexc-OKAI-2026100616,scan,spike,pending,3.01e-06,3.575e-06,0.328904,,1,1,,0.0,,,,,0,crypto-label-v1
scan-mexc-ORCA-2026100617,scan,spike,pending,2.5902,3.153,0.253764,,1,1,,0.0,,,,,0,crypto-label-v1
scan-mexc-PAID-2026100618,scan,spike,pending,0.004201,0.00504,0.427755,,1,1,,0.0,,,,,0,crypto-label-v1
scan-mexc-SHARE-2026100709,scan,spike,pending,0.6816,0.8446,0.250147,,1,,,0.0,,,,,0,crypto-label-v1
scan-mexc-STAMP-2026100621,scan,spike,pending,0.0003307,0.0003722,0.571213,,1,1,,0.0,,,,,0,crypto-label-v1
scan-mexc-TICS-2026100614,scan,spike,pending,0.00265,0.00157,0.203774,,1,1,1,0.0,,,,,0,crypto-label-v1
scan-gate-ELIZAOS-2026100711,scan,spike,pending,0.00080444,0.00109416,0.412225,,1,,,0.0,,,,,0,crypto-label-v1
scan-gate-FARM-2026100618,scan,spike,pending,8.435,9.754,0.301245,,1,1,,0.0,,,,,0,crypto-label-v1
scan-gate-FORT-2026100621,scan,spike,pending,0.01788,0.02435,0.47651,,1,1,,0.0,,,,,0,crypto-label-v1
scan-gate-GLMR-2026100709,scan,spike,pending,0.011212,0.013163,0.202372,,1,1,,0.0,,,,,0,crypto-label-v1
scan-gate-GRIFFAIN-2026100614,scan,spike,pending,0.019905,0.022063,0.220648,,1,1,,0.0,,,,,0,crypto-label-v1
scan-gate-HONEY-2026100619,scan,spike,pending,0.0023762,0.002728,0.250905,,1,1,,0.0,,,,,0,crypto-label-v1
scan-gate-MVLLG-2026100613,scan,spike,pending,37.82,43.49,0.211793,,1,1,,0.0,,,,,0,crypto-label-v1
scan-gate-NATIX-2026100618,scan,spike,pending,0.00024612,0.00030064,0.340809,,1,1,,0.0,,,,,0,crypto-label-v1
scan-gate-ORCA-2026100617,scan,spike,pending,2.5918,3.1548,0.247164,,1,1,,0.0,,,,,0,crypto-label-v1
scan-gate-POND-2026100700,scan,spike,pending,0.0016386,0.002045,0.257293,,1,1,,0.0,,,,,0,crypto-label-v1
scan-gate-RDNT-2026100705,scan,spike,pending,0.0004739,0.000503,0.392699,,1,1,,0.0,,,,,0,crypto-label-v1
scan-gate-SUNDOG-2026100706,scan,spike,pending,0.001547,0.001778,0.292178,,1,1,,0.0,,,,,0,crypto-label-v1
scan-gate-TOWN-2026100618,scan,spike,pending,0.0001002,0.0001071,1.593812,,1,1,,0.0,,,,,0,crypto-label-v1
scan-gate-ZEUS-2026100617,scan,spike,pending,0.00557,0.006127,0.256014,,1,1,,0.0,,,,,0,crypto-label-v1
scan-kucoin-2U2-2026100614,scan,spike,pending,0.0199,0.02611,0.436181,,1,,,0.0,,,,,0,crypto-label-v1
scan-kucoin-ELIZAOS-2026100711,scan,spike,pending,0.000798,0.001096,0.525063,,1,,,0.0,,,,,0,crypto-label-v1
scan-kucoin-GAIA-2026100709,scan,spike,pending,0.00284,0.0037,1.112676,,1,1,,0.0,,,,,0,crypto-label-v1
scan-kucoin-GLMR-2026100709,scan,spike,pending,0.01106,0.01313,0.220615,,1,1,,0.0,,,,,0,crypto-label-v1
scan-kucoin-GRIFFAIN-2026100614,scan,spike,pending,0.01994,0.02196,0.214142,,1,1,,0.0,,,,,0,crypto-label-v1
scan-kucoin-HAI-2026100705,scan,spike,pending,0.001491,0.001631,0.207243,,1,1,,0.0,,,,,0,crypto-label-v1
scan-kucoin-NATIX-2026100618,scan,spike,pending,0.00024483,0.00030811,0.606421,,1,1,,0.0,,,,,0,crypto-label-v1
scan-kucoin-ORCA-2026100617,scan,spike,pending,2.6111,3.1575,0.235341,,1,1,,0.0,,,,,0,crypto-label-v1
scan-kucoin-POND-2026100700,scan,spike,pending,0.001646,0.00203,0.261847,,1,1,,0.0,,,,,0,crypto-label-v1
scan-kucoin-SIREN-2026100613,scan,spike,pending,0.04479,0.04886,0.213441,,1,1,,0.0,,,,,0,crypto-label-v1
scan-kucoin-SUNDOG-2026100706,scan,spike,pending,0.00157,0.00177,0.305732,,1,1,,0.0,,,,,0,crypto-label-v1
scan-kucoin-UOS-2026100616,scan,spike,pending,0.005405,0.004946,0.475486,,1,1,,0.0,,,,,0,crypto-label-v1
scan-kucoin-ZEUS-2026100709,scan,spike,pending,0.00854,0.01042,0.298595,,1,1,,0.0,,,,,0,crypto-label-v1
scan-binance-GLMR-2026100709,scan,spike,pending,0.011089,0.013187,0.217423,,1,1,,0.0,,,,,0,crypto-label-v1
scan-binance-LAZIO-2026100619,scan,spike,pending,0.401,0.445,0.234414,,1,1,,0.0,,,,,0,crypto-label-v1
scan-binance-MVLLB-2026100613,scan,spike,pending,37.77,43.45,0.216309,,1,1,,0.0,,,,,0,crypto-label-v1
scan-binance-ORCA-2026100617,scan,spike,pending,2.593,3.154,0.246818,,1,1,,0.0,,,,,0,crypto-label-v1
